idx_original|situacao|flag_efisco_vermelho|flag_catmat_vermelho|match_parcial|classe_efisco|classe_catmat|codigo_efisco|codigo_catmat|item_efisco|item_catmat
1|OK_SEM_FLAGS|False|False|False|MATERIAIS DE USO TECNICO HOSPITALAR|INSTRUMENTOS, EQUIPAMENTOS E SUPRIMENTOS MÉDICOS  E  CIRÚRGICOS|2926881|605292|AGULHA DE MIELOGRAMA - ACO INOXIDAVEL, (ASPIRATIVA - ESTERNO E CRISTA ILIACA),COM LIMITADOR DE PROFUNDIDADE, SILICONIZADA,,USO UNICO, DESCARTAVEL E ESTERIL,PARA BIOPSIA OSSEA ( MIELOGRAMA ),15G X 10 CM,BISEL CORTANTE DE 45º, CONEXAO LUER LOCK,INDIVIDUAL EM PAPEL GRAU CIRURGICO,TRAVA DE SEGURANCA, PLUG ANTI-REFLUXO, CABO ANATOMICO. O PRODUTO DEVERA OBEDECER A O PRODUTO DEVERA ESTAR DE ACORDO COM O ART.31 LEI 8.078/90|AGULHA PUNÇÃO ÓSSEA, MODELO: P/ INFUSÃO , APLICAÇÃO: INTRAÓSSEA / MEDULA ÓSSEA , DIMENSÕES: CERCA DE 16 G X 0,5 A 1,5 CM, AJUSTÁVEL , MATERIAL AGULHA: AÇO INOXIDÁVEL , PEÇA DE MÃO: C/ EMPUNHADURA , COMPONENTE 2: C/ AJUSTE DE PROFUNDIDADE , COMPONENTE 3: CONECTOR LUER , COMPONENTE ADICIONAL: C/ APLICADOR , ESTERILIDADE: ESTÉRIL, USO ÚNICO , EMBALAGEM: INDIVIDUAL 
2|CATMAT_ALTERNATIVO; MAPEAMENTO_INCERTO|False|False|True|MATERIAIS DE USO TECNICO HOSPITALAR|INSTRUMENTOS, EQUIPAMENTOS E SUPRIMENTOS MÉDICOS  E  CIRÚRGICOS|2926342|605291|AGULHA DE MIELOGRAMA - ACO INOXIDAVEL, (ASPIRATIVA - ESTERNO E CRISTA ILIACA),COM LIMITADOR DE PROFUNDIDADE, SILICONIZADA,,USO UNICO, DESCARTAVEL E ESTERIL,PARA BIOPSIA OSSEA ( MIELOGRAMA ),15G X 5 CM,BISEL CORTANTE DE 45º, CONEXAO LUER LOCK,INDIVIDUAL EM PAPEL GRAU CIRURGICO,TRAVA DE SEGURANCA, PLUG ANTI-REFLUXO, CABO ANATOMICO. O PRODUTO DEVERA OBEDECER A O PRODUTO DEVERA ESTAR DE ACORDO COM O ART.31 L.80 78/90|AGULHA PUNÇÃO ÓSSEA, MODELO: P/ INFUSÃO , APLICAÇÃO: INTRAÓSSEA / MEDULA ÓSSEA , DIMENSÕES: CERCA DE 16 G X 5 CM , MATERIAL AGULHA: AÇO INOXIDÁVEL , COMPONENTE 2: C/ MARCADOR DE PROFUNDIDADE , COMPONENTE 3: CONECTOR LUER , COMPONENTE ADICIONAL: P/ USO COM APLICADOR , ESTERILIDADE: ESTÉRIL, USO ÚNICO , EMBALAGEM: INDIVIDUAL 
2|CATMAT_ALTERNATIVO; MAPEAMENTO_INCERTO|False|False|True|MATERIAIS DE USO TECNICO HOSPITALAR|INSTRUMENTOS, EQUIPAMENTOS E SUPRIMENTOS MÉDICOS  E  CIRÚRGICOS|2926342|605313|AGULHA DE MIELOGRAMA - ACO INOXIDAVEL, (ASPIRATIVA - ESTERNO E CRISTA ILIACA),COM LIMITADOR DE PROFUNDIDADE, SILICONIZADA,,USO UNICO, DESCARTAVEL E ESTERIL,PARA BIOPSIA OSSEA ( MIELOGRAMA ),15G X 5 CM,BISEL CORTANTE DE 45º, CONEXAO LUER LOCK,INDIVIDUAL EM PAPEL GRAU CIRURGICO,TRAVA DE SEGURANCA, PLUG ANTI-REFLUXO, CABO ANATOMICO. O PRODUTO DEVERA OBEDECER A O PRODUTO DEVERA ESTAR DE ACORDO COM O ART.31 L.80 78/90|AGULHA PUNÇÃO ÓSSEA, MODELO: P/ ASPIRAÇÃO, BIÓPSIA , APLICAÇÃO: INTRAÓSSEA / MEDULA ÓSSEA , DIMENSÕES: CERCA DE 14 G X 2,5 A 5 CM, AJUSTÁVEL , MATERIAL AGULHA: AÇO INOXIDÁVEL , PEÇA DE MÃO: ROSQUEÁVEL , COMPONENTE 2: C/ AJUSTE DE PROFUNDIDADE , COMPONENTE 3: CONECTOR LUER , ESTERILIDADE: ESTÉRIL, USO ÚNICO , EMBALAGEM: INDIVIDUAL 
3|OK_SEM_FLAGS|False|False|False|MATERIAIS DE USO TECNICO HOSPITALAR|INSTRUMENTOS, EQUIPAMENTOS E SUPRIMENTOS MÉDICOS  E  CIRÚRGICOS|2960311|627036|AGULHA DE MIELOGRAMA - ACO INOXIDAVEL, (ASPIRATIVA - ESTERNO E CRISTA ILIACA),COM LIMITADOR DE PROFUNDIDADE, SILICONIZADA,,USO UNICO, DESCARTAVEL E ESTERIL,PARA BIOPSIA OSSEA (MIELOGRAMA),16GA X 10 CM,BISEL CORTANTE DE 45º, CONEXAO LUER LOCK,INDIVIDUAL EM PAPEL GRAU CIRURGICO,TRAVA DE SEGURANCA, PLUG ANTI-REFLUXO, CABO ANATOMICO.O PRODUTO DEVERA ESTAR DE ACORDO COM O ARTIGO 31 LEI 8.078/1990|AGULHA PUNÇÃO ÓSSEA, MODELO: P/ ASPIRAÇÃO, BIÓPSIA , APLICAÇÃO: INTRAÓSSEA / MEDULA ÓSSEA , DIMENSÕES: Cerca De 16 G X 7,5 A 10 Cm, Ajustável , MATERIAL AGULHA: AÇO INOXIDÁVEL , PEÇA DE MÃO: C/ EMPUNHADURA E ROSQUEÁVEL , COMPONENTE 1: C/ MANDRIL , COMPONENTE 2: C/ AJUSTE DE PROFUNDIDADE , COMPONENTE 3: CONECTOR LUER , ESTERILIDADE: ESTÉRIL, USO ÚNICO , EMBALAGEM: INDIVIDUAL 
4|CATMAT_ALTERNATIVO|False|False|False|MATERIAIS DE USO TECNICO HOSPITALAR|INSTRUMENTOS, EQUIPAMENTOS E SUPRIMENTOS MÉDICOS  E  CIRÚRGICOS|959910|605293|AGULHA DE MIELOGRAMA - ILLINOIS, 18 GA, DESCARTAVEL, PARA BIOPSIA E ASPIRACAO DE MEDULA, 0,16CM A 3,65CM, BORDAS AFIADAS, INDIVIDUAL EM PAPEL GRAU CIRURGICO, O PRODUTO DEVERA OBEDECER A COMBINADO COM O ART.31 L.8078/90|AGULHA PUNÇÃO ÓSSEA, MODELO: P/ INFUSÃO , APLICAÇÃO: INTRAÓSSEA / MEDULA ÓSSEA , DIMENSÕES: CERCA DE 18 G X 1,5 A 2,5 CM, AJUSTÁVEL , MATERIAL AGULHA: AÇO INOXIDÁVEL , PEÇA DE MÃO: C/ EMPUNHADURA , COMPONENTE 2: C/ AJUSTE DE PROFUNDIDADE , COMPONENTE 3: CONECTOR LUER , COMPONENTE ADICIONAL: C/ APLICADOR , ESTERILIDADE: ESTÉRIL, USO ÚNICO , EMBALAGEM: INDIVIDUAL 
5|COM_COMENTARIO; CATMAT_ALTERNATIVO|False|False|False|MATERIAIS DE USO TECNICO HOSPITALAR|INSTRUMENTOS, EQUIPAMENTOS E SUPRIMENTOS MÉDICOS  E  CIRÚRGICOS|1201859|627034|AGULHA PARA PUNCAO DESCARTAVEL - EM MATERIAL ATOXICO, APIROGENICO ACO INOX, HASTE MEDINDO 7CM DE COMPRIMENTO, CALIBRE CAL. 18G, ESTERIL A OXIDO DE ETILENO,EMBALADO EM PAPEL GRAU CIRURGICO, EMBALADO EM ART.31 L.8078/90 PORT.CONJ.N.1 DE 23/1/96-M.SAUDE, O PRODUTO DEVERA OBEDECER A COMBINADO COM O ART.31 L.8078/90|AGULHA PUNÇÃO ÓSSEA, MODELO: P/ ASPIRAÇÃO, BIÓPSIA , APLICAÇÃO: INTRAÓSSEA / MEDULA ÓSSEA , DIMENSÕES: Cerca De 18 G X 7,5 A 10 Cm, Ajustável , MATERIAL AGULHA: AÇO INOXIDÁVEL , PEÇA DE MÃO: C/ EMPUNHADURA E ROSQUEÁVEL , COMPONENTE 1: C/ MANDRIL , COMPONENTE 2: C/ AJUSTE DE PROFUNDIDADE , COMPONENTE 3: CONECTOR LUER , ESTERILIDADE: ESTÉRIL, USO ÚNICO , EMBALAGEM: INDIVIDUAL 
6|OK_SEM_FLAGS|False|False|False|MATERIAIS DE USO TECNICO HOSPITALAR|INSTRUMENTOS, EQUIPAMENTOS E SUPRIMENTOS MÉDICOS  E  CIRÚRGICOS|157554|626631|"AGULHA PERIDURAL COM CONEXAO LUER-LOCK DESCARTAVEL - EM ACO INOXIDAVEL DE TUOHY, TIPO CANHAO LUER LOCK, COM PONTA HUER, COM MANDRIL METALICO AJUSTADO, TAMANHO G16 X 3 1/4"" OU 80 X 16, O PRODUTO DEVERA OBEDECER A COMB.C/ART.31 LEI 8078/90, CONTENDO DADOS DE IDENTIFICACAO E PROCEDENCIA, VALIDADE, LOTE E REG. MS"|"DISPOSITIVO P/ ANESTESIA REGIONAL, TIPO ANESTESIA: PERIDURAL , MODELO AGULHA: AGULHA PONTA TUOHY , DIÂMETRO AGULHA: 16 G , COMPRIMENTO AGULHA: CERCA DE 3"" - 80 MM , CARACTERÍSTICA AGULHA: GRADUADA , MATERIAL AGULHA: AÇO INOXIDÁVEL , TIPO CONECTOR: LUER TRANSPARENTE , COMPONENTE: C/ MANDRIL , ESTERILIDADE: ESTÉRIL, USO ÚNICO "
7|OK_SEM_FLAGS|False|False|False|MATERIAIS DE USO TECNICO HOSPITALAR|INSTRUMENTOS, EQUIPAMENTOS E SUPRIMENTOS MÉDICOS  E  CIRÚRGICOS|321036|626632|"AGULHA PERIDURAL COM CONEXAO LUER-LOCK DESCARTAVEL - EM BISEL TOUHY, PONTA CURVA, CANULA DEMARCADA E CANHAO LUER-LOCK, TIPO PARA PERIDURAL SIMPLES E CONTINUA, TAMANHO G16 X 3 1/2"", O PRODUTO DEVERA OBEDECER A COMB. COM ART.31 DA LEI 8078/90, CONTENDO DADOS DE IDENTIFICACAO,PROCEDENCIA,VAL,LOTE E REG. NO MS"|"DISPOSITIVO P/ ANESTESIA REGIONAL, TIPO ANESTESIA: PERIDURAL , MODELO AGULHA: AGULHA PONTA TUOHY , DIÂMETRO AGULHA: 16 G , COMPRIMENTO AGULHA: CERCA DE 3 1/2"" - 90 MM , CARACTERÍSTICA AGULHA: GRADUADA , MATERIAL AGULHA: AÇO INOXIDÁVEL , TIPO CONECTOR: LUER TRANSPARENTE , COMPONENTE: C/ MANDRIL , ESTERILIDADE: ESTÉRIL, USO ÚNICO "
8|OK_SEM_FLAGS|False|False|False|MATERIAIS DE USO TECNICO HOSPITALAR|INSTRUMENTOS, EQUIPAMENTOS E SUPRIMENTOS MÉDICOS  E  CIRÚRGICOS|1818260|626634|AGULHA PERIDURAL COM CONEXAO LUER-LOCK DESCARTAVEL - EM ACO INOXIDAVEL DE TUOHY, TIPO CANHAO LUER LOCK, COM PONTA HUER, COM MANDRIL METALICO AJUSTADO, ESTERIL, TAMANHO 17G X 3 1/4, O PRODUTO DEVERA OBEDECER A LEGISLACAO VIGENTE, EMBALAGEM INDIVIDUAL EM PAPELGRAU CIRURGICO E/OU COM FILME TERMOPLASTICO.|"DISPOSITIVO P/ ANESTESIA REGIONAL, TIPO ANESTESIA: PERIDURAL , MODELO AGULHA: AGULHA PONTA TUOHY , DIÂMETRO AGULHA: 17 G , COMPRIMENTO AGULHA: CERCA DE 3"" - 80 MM , CARACTERÍSTICA AGULHA: GRADUADA , MATERIAL AGULHA: AÇO INOXIDÁVEL , TIPO CONECTOR: LUER TRANSPARENTE , COMPONENTE: C/ MANDRIL , ESTERILIDADE: ESTÉRIL, USO ÚNICO "
9|OK_SEM_FLAGS|False|False|False|MATERIAIS DE USO TECNICO HOSPITALAR|INSTRUMENTOS, EQUIPAMENTOS E SUPRIMENTOS MÉDICOS  E  CIRÚRGICOS|1709550|626635|AGULHA PERIDURAL COM CONEXAO LUER-LOCK DESCARTAVEL - EM ACO INOX, TIPO TUOHY, TAMANHO G17 3 1/2, O PRODUTO DEVERA OBEDECER A DE ACORDO COM A LEGISLACAO VIGENTE|"DISPOSITIVO P/ ANESTESIA REGIONAL, TIPO ANESTESIA: PERIDURAL , MODELO AGULHA: AGULHA PONTA TUOHY , DIÂMETRO AGULHA: 17 G , COMPRIMENTO AGULHA: CERCA DE 3 1/2"" - 90 MM , CARACTERÍSTICA AGULHA: GRADUADA , MATERIAL AGULHA: AÇO INOXIDÁVEL , TIPO CONECTOR: LUER TRANSPARENTE , COMPONENTE: C/ MANDRIL , ESTERILIDADE: ESTÉRIL, USO ÚNICO "
10|OK_SEM_FLAGS|False|False|False|MATERIAIS DE USO TECNICO HOSPITALAR|INSTRUMENTOS, EQUIPAMENTOS E SUPRIMENTOS MÉDICOS  E  CIRÚRGICOS|157562|626639|"AGULHA PERIDURAL COM CONEXAO LUER-LOCK DESCARTAVEL - EM BISEL TOUHY, PONTA CURVA, CANULA DEMARCADA E CANHAO LUER-LOCK, TIPO PARA PERIDURAL SIMPLES E CONTINUA, TAMANHO G18 X 3 1/4"", O PRODUTO DEVERA OBEDECER A COMB. COM ART.31 DA LEI 8078/90, CONTENDO DADOS DE IDENTIFICACAO,PROCEDENCIA,VAL,LOTE E REG. NO MS"|"DISPOSITIVO P/ ANESTESIA REGIONAL, TIPO ANESTESIA: PERIDURAL , MODELO AGULHA: AGULHA PONTA TUOHY , DIÂMETRO AGULHA: 18 G , COMPRIMENTO AGULHA: CERCA DE 3"" - 80 MM , CARACTERÍSTICA AGULHA: GRADUADA , MATERIAL AGULHA: AÇO INOXIDÁVEL , TIPO CONECTOR: LUER TRANSPARENTE , COMPONENTE: C/ MANDRIL , ESTERILIDADE: ESTÉRIL, USO ÚNICO "
11|OK_SEM_FLAGS|False|False|False|MATERIAIS DE USO TECNICO HOSPITALAR|INSTRUMENTOS, EQUIPAMENTOS E SUPRIMENTOS MÉDICOS  E  CIRÚRGICOS|3460606|626643|AGULHA PERIDURAL COM CONEXAO LUER-LOCK DESCARTAVEL - EM BISEL TOUHY, PONTA CURVA, CANULA DEMARCADA E CANHAO LUER-LOCK,TIPO PERIDURAL PARA OBESO,TAMANHO 18G X 1,3X150MM,O PRODUTO DEVERA OBEDECER A LEGISLACAO VIGENTE, EMBALAGEM INDIVIDUAL EM PAPELGRAU CIRURGICO OU COM FILME TERMOPLASTICO.|"DISPOSITIVO P/ ANESTESIA REGIONAL, TIPO ANESTESIA: PERIDURAL , MODELO AGULHA: AGULHA PONTA TUOHY , DIÂMETRO AGULHA: 18 G , COMPRIMENTO AGULHA: CERCA DE 6"" - 150 MM , CARACTERÍSTICA AGULHA: GRADUADA , MATERIAL AGULHA: AÇO INOXIDÁVEL , TIPO CONECTOR: LUER TRANSPARENTE , COMPONENTE: C/ MANDRIL , ESTERILIDADE: ESTÉRIL, USO ÚNICO "
12|OK_SEM_FLAGS|False|False|False|MATERIAIS DE USO TECNICO HOSPITALAR|INSTRUMENTOS, EQUIPAMENTOS E SUPRIMENTOS MÉDICOS  E  CIRÚRGICOS|690562|626640|"AGULHA PERIDURAL COM CONEXAO LUER-LOCK DESCARTAVEL - EM BISEL TOUHY, PONTA CURVA, CANULA DEMARCADA E CANHAO LUER-LOCK, TIPO PARA PERIDURAL SIMPLES E CONTINUA, TAMANHO G18 X 3 1/2"", O PRODUTO DEVERA OBEDECER A COMB. COM ART.31 DA LEI 8078/90, CONTENDO DADOS DE IDENTIFICACAO,PROCEDENCIA,VAL,LOTE E REG. NO MS"|"DISPOSITIVO P/ ANESTESIA REGIONAL, TIPO ANESTESIA: PERIDURAL , MODELO AGULHA: AGULHA PONTA TUOHY , DIÂMETRO AGULHA: 18 G , COMPRIMENTO AGULHA: CERCA DE 3 1/2"" - 90 MM , CARACTERÍSTICA AGULHA: GRADUADA , MATERIAL AGULHA: AÇO INOXIDÁVEL , TIPO CONECTOR: LUER TRANSPARENTE , COMPONENTE: C/ MANDRIL , ESTERILIDADE: ESTÉRIL, USO ÚNICO "
13|OK_SEM_FLAGS|False|False|False|MATERIAIS DE USO TECNICO HOSPITALAR|INSTRUMENTOS, EQUIPAMENTOS E SUPRIMENTOS MÉDICOS  E  CIRÚRGICOS|3461874|626647|AGULHA PERIDURAL COM CONEXAO LUER-LOCK DESCARTAVEL - EM ACO INOX,TIPO TUOHY, PEDIATRICO,TAMANHO 20G X 0,9 X 50,0MM,EMBALAGEM INDIVIDUAL EM PAPEL GRAU CIRURGICO OU FILME TERMOPLASTICO. ROTULO COM NUMERO DO LOTE, DATA FABRICACAO/VALIDADE E PROCEDENCIA.|"DISPOSITIVO P/ ANESTESIA REGIONAL, TIPO ANESTESIA: PERIDURAL , MODELO AGULHA: AGULHA PONTA TUOHY , DIÂMETRO AGULHA: 20 G , COMPRIMENTO AGULHA: CERCA DE 2"" - 50 MM , CARACTERÍSTICA AGULHA: GRADUADA , MATERIAL AGULHA: AÇO INOXIDÁVEL , TIPO CONECTOR: LUER TRANSPARENTE , COMPONENTE: C/ MANDRIL , ESTERILIDADE: ESTÉRIL, USO ÚNICO "
14|OK_SEM_FLAGS|False|False|False|MATERIAIS DE USO TECNICO HOSPITALAR|INSTRUMENTOS, EQUIPAMENTOS E SUPRIMENTOS MÉDICOS  E  CIRÚRGICOS|204641|626577|AGULHA PARA ANESTESIA RAQUIDIANA DESCARTAVEL - EM ACO INOX, COM MANDRIL DE ENCAIXE ANATOMICO, TIPO BISEL TIPO QUINCKE, EMPUNHADURA ANATOMICA COM DEPRESSOES DIGITAIS, 22GX3 1/2, ESTERIL, ., EMBALAGEM INDIVIDUAL, CONTENDO DADOS DE IDENTIFICACAO E PROCEDENCIA, A APRESENTACAO DO PRODUTO DEVERA OBEDECER A ART.31 L.8078/90 PORT.CONJ.N.1 DE 23/1/96-M.SAUDE, CONTENDO DADOS DE VALIDADE, LOTE E REGISTRO NO MS|"DISPOSITIVO P/ ANESTESIA REGIONAL, TIPO ANESTESIA: RAQUIDIANA , MODELO AGULHA: AGULHA PONTA QUINCKE , DIÂMETRO AGULHA: 22 G , COMPRIMENTO AGULHA: CERCA DE 3 1/2"" - 90 MM , MATERIAL AGULHA: AÇO INOXIDÁVEL , TIPO CONECTOR: LUER TRANSPARENTE , COMPONENTE: C/ MANDRIL , ESTERILIDADE: ESTÉRIL, USO ÚNICO "
15|CATMAT_ALTERNATIVO|False|False|False|MATERIAIS DE USO TECNICO HOSPITALAR|INSTRUMENTOS, EQUIPAMENTOS E SUPRIMENTOS MÉDICOS  E  CIRÚRGICOS|1331027|626585|"AGULHA PARA ANESTESIA RAQUIDIANA DESCARTAVEL - EM BISEL TIPO QUICKLE, MANDRIL DE ENCAIXE ANATOMICO, TIPO QUINCKER, EMPUNHADURA ANATOMICA COM DEPRESSOES DIGITAIS, 25G X 3 1/2"" OU N-. 5,0, TRANSLUCIDO, EMBALAGEM INDIVIDUAL, ESTERIL, CONTENDO DADOS DE IDENTIFICACAO, PROCEDENCIA, VALIDADE, LOTE E REGISTRO NO MS, A APRESENTACAO DO PRODUTO DEVERA OBEDECER A ART.31 LEI 8078/90 PORT CONJ N1 DE 23/1/96 - M.SAUDE."|"DISPOSITIVO P/ ANESTESIA REGIONAL, TIPO ANESTESIA: RAQUIDIANA , MODELO AGULHA: AGULHA PONTA QUINCKE , DIÂMETRO AGULHA: 25 G , COMPRIMENTO AGULHA: CERCA DE 3 1/2"" - 90 MM , MATERIAL AGULHA: AÇO INOXIDÁVEL , TIPO CONECTOR: LUER TRANSPARENTE , COMPONENTE: C/ MANDRIL , ESTERILIDADE: ESTÉRIL, USO ÚNICO "
16|CATMAT_ALTERNATIVO|False|False|False|MATERIAIS DE USO TECNICO HOSPITALAR|INSTRUMENTOS, EQUIPAMENTOS E SUPRIMENTOS MÉDICOS  E  CIRÚRGICOS|3421910|626586|"AGULHA PARA RAQUIANESTESIA - MEDINDO 25G X 4 3/4"" (OBESO) , DIAMETRO ( 0,53 X 120,0MM ), COM BICEL DO TIPO QUINCKE PONTIAGUDO PARA ESFORCO REDUZIDO NA PUNCAO,CANHAO TRANSPARENTE QUE PERMITE A VISUALIZACAO DO LIQUOR, EMPENHADURA ANATOMICA COM  DEPRESSOES DIGITAIS  DURANTE A PUNCAO DA DURAMATER, BAIXA TAXAS DE PHDH, INTEGRACAO ENTRE O MANDRIL E A LUZ DA AGULHA, EVITANDO O RISCO DE FORMACAO DE TUMORES EPIDERMOIDES.,EM PAPEL GRAU CIRURGICO E OU COM FILMETERMOPLASTICO, COM ABERTURA EM PETALA,EMBALAGEM APROPRIADA COM DATA DA ESTERILIZACAO,ROTULO COM NUMERO DO LOTE, DATA VALIDADE FABRICACAO, PROCEDENCIA. REGISTRO NO MS."|"DISPOSITIVO P/ ANESTESIA REGIONAL, TIPO ANESTESIA: RAQUIDIANA , MODELO AGULHA: AGULHA PONTA QUINCKE , DIÂMETRO AGULHA: 25 G , COMPRIMENTO AGULHA: CERCA DE 3 3/4"" - 120 MM , MATERIAL AGULHA: AÇO INOXIDÁVEL , TIPO CONECTOR: LUER TRANSPARENTE , COMPONENTE: C/ MANDRIL , ESTERILIDADE: ESTÉRIL, USO ÚNICO "
17|CATMAT_ALTERNATIVO|False|False|False|MATERIAIS DE USO TECNICO HOSPITALAR|INSTRUMENTOS, EQUIPAMENTOS E SUPRIMENTOS MÉDICOS  E  CIRÚRGICOS|1818236|626589|AGULHA PARA ANESTESIA RAQUIDIANA DESCARTAVEL - EM ACO INOX, EM BISEL DO TIPO QUICKLE, MANDRIL DE ENCAIXE ANATOMICO, TIPO QUINCKER, 27G X 3 1/2, TRANSLUCIDO, EMBALAGEM INDIVIDUAL, ESTERIL, CONTENDO DADOS DE IDENTIFICACAO, PROCEDENCIA, VALIDADE, LOTE E REGISTRO NO MS, A APRESENTACAO DO PRODUTO DEVERA OBEDECER A ART.31 L.8780/90 PORT.CONJ.N.1 DE 23/1/96-M.SAUDE|"DISPOSITIVO P/ ANESTESIA REGIONAL, TIPO ANESTESIA: RAQUIDIANA , MODELO AGULHA: AGULHA PONTA QUINCKE , DIÂMETRO AGULHA: 27 G , COMPRIMENTO AGULHA: CERCA DE 3 1/2"" - 90 MM , MATERIAL AGULHA: AÇO INOXIDÁVEL , TIPO CONECTOR: LUER TRANSPARENTE , COMPONENTE: C/ MANDRIL , ESTERILIDADE: ESTÉRIL, USO ÚNICO "
18|CATMAT_ALTERNATIVO|False|False|False|MATERIAIS DE USO TECNICO HOSPITALAR|INSTRUMENTOS, EQUIPAMENTOS E SUPRIMENTOS MÉDICOS  E  CIRÚRGICOS|3674770|626590|"AGULHA PARA RAQUIANESTESIA - MEDINDO 27G X 4 3/4"" (OBESO), DIAMETRO ( 0,42 X 120,0MM ), COM BICEL DO TIPO QUINCKE PONTIAGUDO PARA ESFORCO REDUZIDO NA PUNCAO,CANHAO TRANSPARENTE QUE PERMITE A VISUALIZACAO DO LIQUOR, EMPENHADURA ANATOMICA COM  DEPRESSOES DIGITAIS  DURANTE A PUNCAO DA DURAMATER, BAIXA TAXAS DE PHDH, INTEGRACAO ENTRE O MANDRIL E A LUZ DA AGULHA, EVITANDO O RISCO DE FORMACAO DE TUMORES EPIDERMOIDES.,EM PAPEL GRAU CIRURGICO E OU FILMETERMOPLASTICO, COM ABERTURA EM PETALA,EMBALAGEM APROPRIADA COM DATA DA ESTERILIZACAO,ROTULO COM NUMERO DO LOTE, DATA VALIDADE FABRICACAO, PROCEDENCIA. REGISTRO NO MS."|"DISPOSITIVO P/ ANESTESIA REGIONAL, TIPO ANESTESIA: RAQUIDIANA , MODELO AGULHA: AGULHA PONTA QUINCKE , DIÂMETRO AGULHA: 27 G , COMPRIMENTO AGULHA: CERCA DE 3 3/4"" - 120 MM , MATERIAL AGULHA: AÇO INOXIDÁVEL , TIPO CONECTOR: LUER TRANSPARENTE , COMPONENTE: C/ MANDRIL , ESTERILIDADE: ESTÉRIL, USO ÚNICO "
19|OK_SEM_FLAGS|False|False|False|INSTRUMENTAIS DE USO MEDICO, CIRURGICO OU HOSPITALAR|INSTRUMENTOS, EQUIPAMENTOS E SUPRIMENTOS MÉDICOS  E  CIRÚRGICOS|3942368|605317|AGULHA PARA BIOPSIA OSSEA - EM ACO INOXDAVEL, PONTA DE DUPLO DIAMANTE,DIMENSOES DE (11,00 G X 10,00 CM), ACOMPANHANDO A CANULA T-LOK, OBTURADOR MARCADO E DISPOSITIVO DE DESCARTE,COM PUNHO EM ACRILICO|AGULHA PUNÇÃO ÓSSEA, MODELO: P/ ASPIRAÇÃO, BIÓPSIA , APLICAÇÃO: INTRAÓSSEA / MEDULA ÓSSEA , DIMENSÕES: CERCA DE 12 G X 10 CM , MATERIAL AGULHA: AÇO INOXIDÁVEL , PEÇA DE MÃO: C/ EMPUNHADURA , COMPONENTE 1: C/ MANDRIL , COMPONENTE 2: C/ AJUSTE DE PROFUNDIDADE , COMPONENTE 3: CONECTOR LUER , ESTERILIDADE: ESTÉRIL, USO ÚNICO , EMBALAGEM: INDIVIDUAL 
20|OK_SEM_FLAGS|False|False|False|INSTRUMENTAIS DE USO MEDICO, CIRURGICO OU HOSPITALAR|INSTRUMENTOS, EQUIPAMENTOS E SUPRIMENTOS MÉDICOS  E  CIRÚRGICOS|3831302|605318|AGULHA PARA BIOPSIA OSSEA - EM ACO INOXDAVEL, PONTA DE DUPLO DIAMANTE,DIMENSOES DE 11,00GX15,00CM, ACOMPANHANDO A CANULA T-LOK, OBTURADOR MARCADO E DISPOSITIVO DE DESCARTE,COM PUNHO EM ACRILICO|AGULHA PUNÇÃO ÓSSEA, MODELO: P/ ASPIRAÇÃO, BIÓPSIA , APLICAÇÃO: INTRAÓSSEA / MEDULA ÓSSEA , DIMENSÕES: CERCA DE 12 G X 15 CM , MATERIAL AGULHA: AÇO INOXIDÁVEL , PEÇA DE MÃO: C/ EMPUNHADURA , COMPONENTE 1: C/ MANDRIL , COMPONENTE 2: C/ AJUSTE DE PROFUNDIDADE , COMPONENTE 3: CONECTOR LUER , ESTERILIDADE: ESTÉRIL, USO ÚNICO , EMBALAGEM: INDIVIDUAL 
21|OK_SEM_FLAGS|False|False|False|INSTRUMENTAIS DE USO MEDICO, CIRURGICO OU HOSPITALAR|INSTRUMENTOS, EQUIPAMENTOS E SUPRIMENTOS MÉDICOS  E  CIRÚRGICOS|3970035|605316|AGULHA PARA BIOPSIA OSSEA - EM ACO INOXDAVEL, PONTA DE DUPLO DIAMANTE,DIMENSOES DE (8,00 G X 15,00 CM), ACOMPANHANDO A CANULA T-LOK, OBTURADOR MARCADO E DISPOSITIVO DE DESCARTE,COM PUNHO EM ACRILICO|AGULHA PUNÇÃO ÓSSEA, MODELO: P/ ASPIRAÇÃO, BIÓPSIA , APLICAÇÃO: INTRAÓSSEA / MEDULA ÓSSEA , DIMENSÕES: CERCA DE 8 G X 15 CM , MATERIAL AGULHA: AÇO INOXIDÁVEL , PEÇA DE MÃO: C/ EMPUNHADURA , COMPONENTE 1: C/ MANDRIL , COMPONENTE 2: C/ AJUSTE DE PROFUNDIDADE , COMPONENTE 3: CONECTOR LUER , ESTERILIDADE: ESTÉRIL, USO ÚNICO , EMBALAGEM: INDIVIDUAL 
22|COM_COMENTARIO; MAPEAMENTO_INCERTO|False|False|True|MATERIAIS DE USO TECNICO HOSPITALAR|INSTRUMENTOS, EQUIPAMENTOS E SUPRIMENTOS MÉDICOS  E  CIRÚRGICOS|747092|603047|AGULHA PARA BIOPSIA - MAMA, COMPOSTA DE CONDUTOR DA AGULHA EXTERNA E AGULHA INTERNA COM GAVETA, AGULHA EXTERNA CONDUTOR GRADUADO E COM FIXADOR DE PLASTICO P/PISTOLA C/TIRO DE 2CM, AGULHA INTERNA COM GAVETA PARA RETIRADA DE MATERIAL, DESCARTAVEL,COMPATIVEL COM PISTOLA COM TIRO DE 2 CM,ESTERIL, CALIBRE/TAMANHO 14G X 10 CM, EMBALADO EM COMBINADO COM O ART 31 DA LEI 8078/90, ART.31 L.8078/90 PORT.CONJ.N.1 DE 23/1/96-M.SAUDE|AGULHA BIÓPSIA, VIA DE ACESSO: PERCUTÂNEA , MODELO: C/ GAVETA P/ AMOSTRA , APLICAçãO: P/ TECIDOS MOLES , DIMENSÃO AGULHA: CERCA DE 14 G X 10 CM , MATERIAL AGULHA: AÇO INOXIDÁVEL , IMAGEM: ECOGÊNICA / RADIOPACA, GRADUADA , COMPONENTE 1: C/ MANDRIL , COMPATIBILIDADE: USO C/ PISTOLA  AUTOMÁTICA , ESTERILIDADE: ESTÉRIL, USO ÚNICO , EMBALAGEM: INDIVIDUAL 
23|COM_COMENTARIO; CATMAT_ALTERNATIVO; MAPEAMENTO_INCERTO|False|False|False|MATERIAIS DE USO TECNICO HOSPITALAR|INSTRUMENTOS, EQUIPAMENTOS E SUPRIMENTOS MÉDICOS  E  CIRÚRGICOS|5161223|610819|AGULHA PARA BIOPSIA - CORE DE MAMA,CANULA EXTERNA SILICONIZADA COM MARCACAO EM CENTIMETROS, CONECTOR LUER LOCK,LIMITADOR DE PROFUNDIDADE, PONTA ECOGENICA,MANDRIL COM GAVETA PARA ARMAZENAMENTO DO FRAGMENTO (GUILHOTINA),OPCAO DE USO COM DISPARADOR PARA SISTEMA AUTOMATICO, COM AVANCO DE 22,00MM, CEDIDO EM COMODATO,TAMANHO 14G X 10,00CM,EMBALAGEM EM PAPEL GRAU CIRURGICO,ESTERIL, DESCARTAVEL|AGULHA BIÓPSIA, VIA DE ACESSO: PERCUTÂNEA , MODELO: C/ GAVETA P/ AMOSTRA , APLICAçãO: P/ TECIDOS MOLES , DIMENSÃO AGULHA: CERCA DE 14 G X 10 CM , MATERIAL AGULHA: AÇO INOXIDÁVEL , IMAGEM: ECOGÊNICA / RADIOPACA, GRADUADA , PEÇA DE MÃO: MANOPLA C/ DISPARO SEMI / AUTOMÁTICO , COMPONENTE 1: C/ MANDRIL , ESTERILIDADE: ESTÉRIL, USO ÚNICO , EMBALAGEM: INDIVIDUAL 
24|OK_SEM_FLAGS|False|False|False|MATERIAIS DE USO TECNICO HOSPITALAR|INSTRUMENTOS, EQUIPAMENTOS E SUPRIMENTOS MÉDICOS  E  CIRÚRGICOS|1829564|611078|AGULHA PARA BIOPSIA - FIGADO, COMPOSTA DE AGULHA EXTERNA PARA PUNCAO, DESCARTAVEL, CALIBRE/TAMANHO 1,6MM/16G, EMBALADO EM CAIXA, PADROES CONFORME LEGISLACAO EM VIGOR MS.|AGULHA BIÓPSIA, VIA DE ACESSO: PERCUTÂNEA , MODELO: ASPIRATIVA , APLICAçãO: HEPÁTICA , TIPO: MENGHINI , DIMENSÃO AGULHA: CERCA DE 16 G X 15 CM , MATERIAL AGULHA: AÇO INOXIDÁVEL , IMAGEM: ECOGÊNICA / RADIOPACA, GRADUADA , COMPONENTE 2: C/ AJUSTE PROFUNDIDADE , COMPONENTE 3: C/ SERINGA  P/ PRESSÃO NEGATIVA , COMPONENTE 4: SISTEMA SEGURANÇA NR/32 , ESTERILIDADE: ESTÉRIL, USO ÚNICO , EMBALAGEM: INDIVIDUAL 
25|COM_COMENTARIO; CATMAT_ALTERNATIVO|False|False|False|MATERIAIS DE USO TECNICO HOSPITALAR|INSTRUMENTOS, EQUIPAMENTOS E SUPRIMENTOS MÉDICOS  E  CIRÚRGICOS|747033|603055|AGULHA PARA BIOPSIA - PROSTATA, COMPOSTA DE CONDUTOR DA AGULHA EXTERNA E AGULHA INTERNA COM GAVETA, AGULHA EXTERNA CONDUTOR GRADUADO E FIXADOR DE PLASTICO PARA PISTOLA C/TIRO DE 2CM, AGULHA INTERNA COM GAVETA PARA RETIRADA DE MATERIAL, DESCARTAVEL, COMPATIVEL COM PISTOLA COM TIRO DE 2CM,ESTERIL, CALIBRE/TAMANHO 18G X 25 CM, EMBALADO EM COMBINADO COM O ART 31 DA LEI 8078/90, ART.31 L.8078/90 PORT.CONJ.N.1 DE 23/1/96-M.SAUDE|AGULHA BIÓPSIA, VIA DE ACESSO: PERCUTÂNEA , MODELO: C/ GAVETA P/ AMOSTRA , APLICAçãO: P/ TECIDOS MOLES , DIMENSÃO AGULHA: CERCA DE 18G X 25 CM , MATERIAL AGULHA: AÇO INOXIDÁVEL , IMAGEM: ECOGÊNICA / RADIOPACA, GRADUADA , COMPONENTE 1: C/ MANDRIL , COMPATIBILIDADE: USO C/ PISTOLA  AUTOMÁTICA , ESTERILIDADE: ESTÉRIL, USO ÚNICO , EMBALAGEM: INDIVIDUAL 
27|MAPEAMENTO_INCERTO|False|False|True|MATERIAIS DE USO TECNICO HOSPITALAR|INSTRUMENTOS, EQUIPAMENTOS E SUPRIMENTOS MÉDICOS  E  CIRÚRGICOS|3452875|603029|AGULHA PARA BIOPSIA - PARA TECIDOS MOLES, DO TIPO SPINAL,,EM ACO INOX, EXTREMIDADE EM BISEL,COM AGULHA EXTERNA,DESCARTAVEL,CALIBRE 20G X 20,00CM,EMBALADO INDIVIDUALMENTE,ROTULO COM NUMERO DO LOTE, DATA FABRICACAO/VALIDADE E PROCEDENCIA. REGISTRO MINISTERIO DA SAUDE|AGULHA BIÓPSIA, VIA DE ACESSO: PERCUTÂNEA , MODELO: ASPIRATIVA / INFUSÃO , APLICAçãO: P/ TECIDOS MOLES , TIPO: CHIBA , DIMENSÃO AGULHA: CERCA DE 20 G X 20 CM , MATERIAL AGULHA: AÇO INOXIDÁVEL , IMAGEM: ECOGÊNICA / RADIOPACA, GRADUADA , COMPONENTE 2: C/ AJUSTE PROFUNDIDADE , COMPONENTE 3: CONECTOR LUER , ESTERILIDADE: ESTÉRIL, USO ÚNICO , EMBALAGEM: INDIVIDUAL 
28|OK_SEM_FLAGS|False|False|False|MATERIAIS DE USO TECNICO HOSPITALAR|INSTRUMENTOS, EQUIPAMENTOS E SUPRIMENTOS MÉDICOS  E  CIRÚRGICOS|2467909|603043|AGULHA PARA BIOPSIA - RETIRADA DE TECIDOS TIPO TRU CUT, DISPARO SEMI AUTOMATICO, COMPOSTA DE COMPOSTO DE AGULHA DESCARTAVEL, UNICO, ESTERIL, EMBALAGEM INDIVIDUAL, CALIBRE/TAMANHO 16 GAUGE X 15 A 18 CM, EMBALADO EM COMBINADO COM O ART. 31 L. 8078/90, ART. 31 L. 8078/90 POT. CONJ. N. 1 DE 23/1/96 - M. SAUDE|AGULHA BIÓPSIA, VIA DE ACESSO: PERCUTÂNEA , MODELO: C/ GAVETA P/ AMOSTRA , APLICAçãO: P/ TECIDOS MOLES , DIMENSÃO AGULHA: CERCA DE 16 G X 15 CM , MATERIAL AGULHA: AÇO INOXIDÁVEL , IMAGEM: ECOGÊNICA / RADIOPACA, GRADUADA , PEÇA DE MÃO: MANOPLA C/ DISPARO SEMI / AUTOMÁTICO , COMPONENTE 1: C/ MANDRIL , COMPONENTE 2: C/ AJUSTE PROFUNDIDADE , ESTERILIDADE: ESTÉRIL, USO ÚNICO , EMBALAGEM: INDIVIDUAL 
29|OK_SEM_FLAGS|False|False|False|MATERIAIS DE USO TECNICO HOSPITALAR|INSTRUMENTOS, EQUIPAMENTOS E SUPRIMENTOS MÉDICOS  E  CIRÚRGICOS|1407856|603043|AGULHA PARA BIOPSIA - RETIRADA DE TECIDOS,TIPO TRU CUT,DISPARO AUTOMATICO, COMPOSTA DE AGULHA DESCARTAVEL CANULA,20MM DE PONTA ESTILETE, UNICO,ESTERIL,EMBALAGEM INDIVIDUAL, CALIBRE/TAMANHO 16G.X 15CM, EMBALADO EM COMBINADO COM O ART.31 L.8078/90, ART.31 L.8078/90 PORT.CONJ.N.1 DE 23/1/96-M.SAUDE|AGULHA BIÓPSIA, VIA DE ACESSO: PERCUTÂNEA , MODELO: C/ GAVETA P/ AMOSTRA , APLICAçãO: P/ TECIDOS MOLES , DIMENSÃO AGULHA: CERCA DE 16 G X 15 CM , MATERIAL AGULHA: AÇO INOXIDÁVEL , IMAGEM: ECOGÊNICA / RADIOPACA, GRADUADA , PEÇA DE MÃO: MANOPLA C/ DISPARO SEMI / AUTOMÁTICO , COMPONENTE 1: C/ MANDRIL , COMPONENTE 2: C/ AJUSTE PROFUNDIDADE , ESTERILIDADE: ESTÉRIL, USO ÚNICO , EMBALAGEM: INDIVIDUAL 
30|OK_SEM_FLAGS|False|False|False|MATERIAIS DE USO TECNICO HOSPITALAR|INSTRUMENTOS, EQUIPAMENTOS E SUPRIMENTOS MÉDICOS  E  CIRÚRGICOS|5542715|603038|AGULHA PARA BIOPSIA - PARA RETIRADA DE TECIDOS MOLES, TRU CUT, SISTEMA SEMI-AUTOMATICO,COM AGULHA INDEPENDENTE EM ACO INOX, ACOMPANHA AGULHA GUIA CO-AXIAL DE TAMANHO CORRESPONDENTE,AGULHA EXTERNA TIPO GUILHOTINA,COM MANDRIL INTERNO,DESCARTAVEL,CALIBRE 16G X 20,00CM,,,,|AGULHA BIÓPSIA, VIA DE ACESSO: PERCUTÂNEA , MODELO: C/ GAVETA P/ AMOSTRA , APLICAçãO: P/ TECIDOS MOLES , DIMENSÃO AGULHA: CERCA DE 16 G X 20 CM , MATERIAL AGULHA: AÇO INOXIDÁVEL , IMAGEM: ECOGÊNICA / RADIOPACA, GRADUADA , PEÇA DE MÃO: MANOPLA C/ DISPARO SEMI / AUTOMÁTICO , COMPONENTE 1: C/ MANDRIL , ESTERILIDADE: ESTÉRIL, USO ÚNICO , EMBALAGEM: INDIVIDUAL 
31|OK_SEM_FLAGS|False|False|False|MATERIAIS DE USO TECNICO HOSPITALAR|INSTRUMENTOS, EQUIPAMENTOS E SUPRIMENTOS MÉDICOS  E  CIRÚRGICOS|4994400|603045|AGULHA PARA BIOPSIA - PARA RETIRADA DE TECIDOS MOLES, TRU CUT, SISTEMA SEMI-AUTOMATICO,COM AGULHA INDEPENDENTE EM ACO INOX, ACOMPANHA AGULHA GUIA CO-AXIAL DE TAMANHO CORRESPONDENTE,AGULHA EXTERNA TIPO GUILHOTINA COM CONE LUER,E COM MANDRIL INTERNO,DESCARTAVEL,CALIBRE 18G X 15,00CM E AJUSTE DE CORTE DE 20,00MM,EMBALAGEM INDIVIDUAL,.|AGULHA BIÓPSIA, VIA DE ACESSO: PERCUTÂNEA , MODELO: C/ GAVETA P/ AMOSTRA , APLICAçãO: P/ TECIDOS MOLES , DIMENSÃO AGULHA: CERCA DE 18 G X 15 CM , MATERIAL AGULHA: AÇO INOXIDÁVEL , IMAGEM: ECOGÊNICA / RADIOPACA, GRADUADA , PEÇA DE MÃO: MANOPLA C/ DISPARO SEMI / AUTOMÁTICO , COMPONENTE 1: C/ MANDRIL , COMPONENTE 2: C/ AJUSTE PROFUNDIDADE , ESTERILIDADE: ESTÉRIL, USO ÚNICO , EMBALAGEM: INDIVIDUAL 
32|OK_SEM_FLAGS|False|False|False|MATERIAIS DE USO TECNICO HOSPITALAR|INSTRUMENTOS, EQUIPAMENTOS E SUPRIMENTOS MÉDICOS  E  CIRÚRGICOS|3753298|603024|AGULHA PARA BIOPSIA - PARA RETIRADA DE TECIDOS, TIPO CORE (TRU CUT), SISTEMA SEMI AUTOMATICO,COMPOSTA DE AGULHA INDEPENDENTE, ACOPLAVEL A BICO DE SERINGA PARA INFUSAO, EM ACO INOX,COM AGULHA EXTERNA TIPO GUILHOTINA, COM CONE LUER,AGULHA EXTERNA COM MANDRIL INTERNO,DESCARTAVEL,CALIBRE DE 18 GAUGE, COMPRIMENTO DE 15,00CM, 10,00MM DE CORTE,EMBALADO INDIVIDUALMENTE,ROTULAGEM DE ACORDO COM O ART. 31, LEI 8078/90 APRESENTANDO LOTE E VALIDADE, ROTULAGEM DE ACORDO COM O MINISTERIO DA SAUDE|AGULHA BIÓPSIA, VIA DE ACESSO: PERCUTÂNEA , MODELO: ASPIRATIVA / INFUSÃO , APLICAçãO: P/ TECIDOS MOLES , TIPO: CHIBA , DIMENSÃO AGULHA: CERCA DE 18 G X 15 CM , MATERIAL AGULHA: AÇO INOXIDÁVEL , IMAGEM: ECOGÊNICA / RADIOPACA, GRADUADA , COMPONENTE 2: C/ AJUSTE PROFUNDIDADE , COMPONENTE 3: CONECTOR LUER , ESTERILIDADE: ESTÉRIL, USO ÚNICO , EMBALAGEM: INDIVIDUAL 
33|CATMAT_ALTERNATIVO; MAPEAMENTO_INCERTO|False|False|False|MATERIAIS DE USO TECNICO HOSPITALAR|INSTRUMENTOS, EQUIPAMENTOS E SUPRIMENTOS MÉDICOS  E  CIRÚRGICOS|5542685|604168|AGULHA PARA BIOPSIA - PARA RETIRADA DE TECIDOS MOLES, TRU CUT, SISTEMA SEMI-AUTOMATICO,COM AGULHA INDEPENDENTE EM ACO INOX, ACOMPANHA AGULHA GUIA CO-AXIAL DE TAMANHO CORRESPONDENTE,AGULHA EXTERNA TIPO GUILHOTINA,COM MANDRIL INTERNO,DESCARTAVEL,CALIBRE 18G X 20,00CM,,,,|AGULHA BIÓPSIA, VIA DE ACESSO: PERCUTÂNEA , MODELO: ASPIRATIVA , APLICAçãO: P/ TECIDOS MOLES , DIMENSÃO AGULHA: CERCA DE 18 G X 20 CM , MATERIAL AGULHA: AÇO INOXIDÁVEL , IMAGEM: ECOGÊNICA / RADIOPACA , PEÇA DE MÃO: MANOPLA C/ DISPARO SEMI / AUTOMÁTICO , COMPONENTE 1: C/ MANDRIL , COMPONENTE 2: C/ AJUSTE PROFUNDIDADE , ESTERILIDADE: ESTÉRIL, USO ÚNICO , EMBALAGEM: INDIVIDUAL 
34|CATMAT_ALTERNATIVO; MAPEAMENTO_INCERTO|False|False|False|MATERIAIS DE USO TECNICO HOSPITALAR|INSTRUMENTOS, EQUIPAMENTOS E SUPRIMENTOS MÉDICOS  E  CIRÚRGICOS|3751465|605574|AGULHA PARA BIOPSIA - PARA RETIRADA DE TECIDOS, TIPO CORE (TRU CUT), SISTEMA SEMI AUTOMATICO,COMPOSTA DE AGULHA INDEPENDENTE, ACOPLAVEL A BICO DE SERINGA PARA INFUSAO, EM ACO INOX,COM AGULHA EXTERNA TIPO GUILHOTINA, COM CONE LUER,AGULHA EXTERNA COM MANDRIL INTERNO, ESTERIL,DESCARTAVEL,CALIBRE DE 20 GAUGE, COMPRIMENTO DE 15,00CM, 10,00MM DE CORTE,EMBALADO INDIVIDUALMENTE,ROTULAGEM DE ACORDO COM O ART. 31, LEI 8078/90 APRESENTANDO LOTE E VALIDADE, ROTULAGEM DE ACORDO COM O MINISTERIO DA SAUDE|AGULHA BIÓPSIA, VIA DE ACESSO: PERCUTÂNEA , MODELO: C/ GAVETA P/ AMOSTRA , APLICAçãO: P/ TECIDOS MOLES , DIMENSÃO AGULHA: CERCA DE 20 G X 15 CM , MATERIAL AGULHA: AÇO INOXIDÁVEL , IMAGEM: ECOGÊNICA / RADIOPACA, GRADUADA , PEÇA DE MÃO: MANOPLA C/ DISPARO SEMI / AUTOMÁTICO , COMPONENTE 1: C/ MANDRIL , ESTERILIDADE: ESTÉRIL, USO ÚNICO , EMBALAGEM: INDIVIDUAL 
37|MAPEAMENTO_INCERTO|False|False|True|MATERIAIS DE USO TECNICO HOSPITALAR|INSTRUMENTOS, EQUIPAMENTOS E SUPRIMENTOS MÉDICOS  E  CIRÚRGICOS|3040763|603055|AGULHA PARA BIOPSIA - PARA PROPOCIONAR AMOSTRA HISTOLOGICA E CARACTERIZACAO DE LESAO SUSPEITA,COMPOSTA DE AGULHA EXTERNA BISELADA COM MANDRIL,E AGULHA INTERNA COM GAVETA PARA  RETIRADA DE AMOSTRA,POSSIBILIDADE DE USO COM AGULHA CO-AXIAL, MARCACAO DE PROFUNDIDADE EM CENTIMETROS, IDENTIFICACAO DO CALIBRE POR COR,CALIBRE DE 18GA, COMPRIMENTO DE 25,00CM, PARA AVANCO DE APROXIMADAMENTE  2,5CM. DEVERA SER ENTREGUE PISTOLA EM COMODATO COMPATIVEIS COM AS AGULHAS,LOTE E VALIDADE,REGISTRO NO  M. DA SAUDE, EMBALADA CONFORME ART. 31 L. 8078/90|AGULHA BIÓPSIA, VIA DE ACESSO: PERCUTÂNEA , MODELO: C/ GAVETA P/ AMOSTRA , APLICAçãO: P/ TECIDOS MOLES , DIMENSÃO AGULHA: CERCA DE 18G X 25 CM , MATERIAL AGULHA: AÇO INOXIDÁVEL , IMAGEM: ECOGÊNICA / RADIOPACA, GRADUADA , COMPONENTE 1: C/ MANDRIL , COMPATIBILIDADE: USO C/ PISTOLA  AUTOMÁTICA , ESTERILIDADE: ESTÉRIL, USO ÚNICO , EMBALAGEM: INDIVIDUAL 
38|MAPEAMENTO_INCERTO|False|False|True|MATERIAIS DE USO TECNICO HOSPITALAR|INSTRUMENTOS, EQUIPAMENTOS E SUPRIMENTOS MÉDICOS  E  CIRÚRGICOS|1922548|604144|AGULHA PARA MASTOLOGIA - AGULHA PARA MASTOLOGIA COM FIO LOCALIZADOR DE LESAO,, PARA AGULHAMENTO PRE- CIRURGICO., TAMANHO: 20 G X 10 CM.|MARCADOR DE BIÓPSIA TECIDUAL, APLICAÇÃO: REGIÃO MAMÁRIA / AXILAR , MODELO: FIO C/ PONTA DISTAL DE FORMATO VARIADO P/ FIXAÇÃO , TIPO: IMPLANTÁVEL, TEMPORÁRIO, USO PRÉ CIRÚRGICO , MATERIAL: LIGA METÁLICA , SISTEMA INTRODUTOR: CÂNULA TIPO AGULHA GRADUADA , DIMENSÃO AGULHA: CERCA DE 19 G X 10 CM , COMPONENTE: C/ AJUSTE DE PROFUNDIDADE , IMAGEM: ECOGÊNICA / RADIOPACA , ESTERILIDADE: ESTÉRIL, USO ÚNICO 
39|COM_COMENTARIO; MAPEAMENTO_INCERTO|False|False|True|MATERIAIS DE USO TECNICO HOSPITALAR|INSTRUMENTOS, EQUIPAMENTOS E SUPRIMENTOS MÉDICOS  E  CIRÚRGICOS|6046924|603452|AGULHA PARA SUTURA - EM ACO, TIPO TRANSOBTURATORIA (SLING), DIREITA,TAMANHO 20,00CM,AUTOCLAVAVEL, NAO ARTICULAVEL, NAO CORTANTE. PARA CIRURGIA UROLOGICA|INSTRUMENTAL CIRÚRGICO, MODELO: AGULHA , TIPO: DESCHAMPS , TIPO PONTA: DIREITA , COMPRIMENTO TOTAL: CERCA DE 22 CM, APLICAÇÃO: P/ SUTURA , MATERIAL: AÇO INOXIDÁVEL E POLÍMERO , ESTERILIDADE: ESTERILIZÁVEL 
40|COM_COMENTARIO; MAPEAMENTO_INCERTO|False|False|True|MATERIAIS DE USO TECNICO HOSPITALAR|INSTRUMENTOS, EQUIPAMENTOS E SUPRIMENTOS MÉDICOS  E  CIRÚRGICOS|6046932|603453|AGULHA PARA SUTURA - EM ACO, TIPO TRANSOBTURATORIA (SLING), ESQUERDA,TAMANHO 20,00CM,AUTOCLAVAVEL, NAO ARTICULAVEL, NAO CORTANTE. PARA CIRURGIA UROLOGICA|INSTRUMENTAL CIRÚRGICO, MODELO: AGULHA , TIPO: DESCHAMPS , TIPO PONTA: ESQUERDA , COMPRIMENTO TOTAL: CERCA DE 22 CM, APLICAÇÃO: P/ SUTURA , MATERIAL: AÇO INOXIDÁVEL E POLÍMERO , ESTERILIDADE: ESTERILIZÁVEL 
41|OK_SEM_FLAGS|False|False|False|MATERIAIS DE USO TECNICO HOSPITALAR|INSTRUMENTOS, EQUIPAMENTOS E SUPRIMENTOS MÉDICOS  E  CIRÚRGICOS|3212378|603024|AGULHA DE CHIBA - AGULHA DE BIOPSIA, EM ACO INOX, DESCARTAVEL, ESTERIL,18G X 15CM|AGULHA BIÓPSIA, VIA DE ACESSO: PERCUTÂNEA , MODELO: ASPIRATIVA / INFUSÃO , APLICAçãO: P/ TECIDOS MOLES , TIPO: CHIBA , DIMENSÃO AGULHA: CERCA DE 18 G X 15 CM , MATERIAL AGULHA: AÇO INOXIDÁVEL , IMAGEM: ECOGÊNICA / RADIOPACA, GRADUADA , COMPONENTE 2: C/ AJUSTE PROFUNDIDADE , COMPONENTE 3: CONECTOR LUER , ESTERILIDADE: ESTÉRIL, USO ÚNICO , EMBALAGEM: INDIVIDUAL 
42|OK_SEM_FLAGS|False|False|False|MATERIAIS DE USO TECNICO HOSPITALAR|INSTRUMENTOS, EQUIPAMENTOS E SUPRIMENTOS MÉDICOS  E  CIRÚRGICOS|3578682|604168|AGULHA DE CHIBA - AGULHA DE PUNCAO ASPIRATIVA, EM ACO INOX, DESCARTAVEL, ESTERIL,MEDINDO 18G X 20CM.|AGULHA BIÓPSIA, VIA DE ACESSO: PERCUTÂNEA , MODELO: ASPIRATIVA , APLICAçãO: P/ TECIDOS MOLES , DIMENSÃO AGULHA: CERCA DE 18 G X 20 CM , MATERIAL AGULHA: AÇO INOXIDÁVEL , IMAGEM: ECOGÊNICA / RADIOPACA , PEÇA DE MÃO: MANOPLA C/ DISPARO SEMI / AUTOMÁTICO , COMPONENTE 1: C/ MANDRIL , COMPONENTE 2: C/ AJUSTE PROFUNDIDADE , ESTERILIDADE: ESTÉRIL, USO ÚNICO , EMBALAGEM: INDIVIDUAL 
43|COM_COMENTARIO; CATMAT_ALTERNATIVO|False|False|False|MATERIAIS DE USO TECNICO HOSPITALAR|INSTRUMENTOS, EQUIPAMENTOS E SUPRIMENTOS MÉDICOS  E  CIRÚRGICOS|2755041|603055|AGULHA DE CHIBA - AGULHA ESTERELIZADA A OXIDO DE ETILENO, PARA  ASPIRACAO,18G X 25CM|AGULHA BIÓPSIA, VIA DE ACESSO: PERCUTÂNEA , MODELO: C/ GAVETA P/ AMOSTRA , APLICAçãO: P/ TECIDOS MOLES , DIMENSÃO AGULHA: CERCA DE 18G X 25 CM , MATERIAL AGULHA: AÇO INOXIDÁVEL , IMAGEM: ECOGÊNICA / RADIOPACA, GRADUADA , COMPONENTE 1: C/ MANDRIL , COMPATIBILIDADE: USO C/ PISTOLA  AUTOMÁTICA , ESTERILIDADE: ESTÉRIL, USO ÚNICO , EMBALAGEM: INDIVIDUAL 
44|OK_SEM_FLAGS|False|False|False|MATERIAIS DE USO TECNICO HOSPITALAR|INSTRUMENTOS, EQUIPAMENTOS E SUPRIMENTOS MÉDICOS  E  CIRÚRGICOS|3212521|603028|AGULHA DE CHIBA - AGULHA DE BIOPSIA, EM ACO INOX, DESCARTAVEL, ESTERIL, ESTREMIDADE EM  BISEL,20G X 15CM|AGULHA BIÓPSIA, VIA DE ACESSO: PERCUTÂNEA , MODELO: ASPIRATIVA / INFUSÃO , APLICAçãO: P/ TECIDOS MOLES , TIPO: CHIBA , DIMENSÃO AGULHA: CERCA DE 20 G X 15 CM , MATERIAL AGULHA: AÇO INOXIDÁVEL , IMAGEM: ECOGÊNICA / RADIOPACA, GRADUADA , COMPONENTE 2: C/ AJUSTE PROFUNDIDADE , COMPONENTE 3: CONECTOR LUER , ESTERILIDADE: ESTÉRIL, USO ÚNICO , EMBALAGEM: INDIVIDUAL 
45|MAPEAMENTO_INCERTO|False|False|True|MATERIAIS DE USO TECNICO HOSPITALAR|INSTRUMENTOS, EQUIPAMENTOS E SUPRIMENTOS MÉDICOS  E  CIRÚRGICOS|3212548|603031|AGULHA DE CHIBA - AGULHA DE BIOPSIA, EM ACO INOX, DESCARTAVEL, ESTERIL,21G X 15CM|AGULHA BIÓPSIA, VIA DE ACESSO: PERCUTÂNEA , MODELO: ASPIRATIVA / INFUSÃO , APLICAçãO: P/ TECIDOS MOLES , TIPO: CHIBA , DIMENSÃO AGULHA: CERCA DE 22 G X 15 CM , MATERIAL AGULHA: AÇO INOXIDÁVEL , IMAGEM: ECOGÊNICA / RADIOPACA, GRADUADA , COMPONENTE 2: C/ AJUSTE PROFUNDIDADE , COMPONENTE 3: CONECTOR LUER , ESTERILIDADE: ESTÉRIL, USO ÚNICO , EMBALAGEM: INDIVIDUAL 
46|MAPEAMENTO_INCERTO|False|False|True|MATERIAIS DE USO TECNICO HOSPITALAR|INSTRUMENTOS, EQUIPAMENTOS E SUPRIMENTOS MÉDICOS  E  CIRÚRGICOS|3212556|603032|AGULHA DE CHIBA - AGULHA DE BIOPSIA, EM ACO INOX, DESCARTAVEL, ESTERIL,21G X 20CM|AGULHA BIÓPSIA, VIA DE ACESSO: PERCUTÂNEA , MODELO: ASPIRATIVA / INFUSÃO , APLICAçãO: P/ TECIDOS MOLES , TIPO: CHIBA , DIMENSÃO AGULHA: CERCA DE 22 G X 20 CM , MATERIAL AGULHA: AÇO INOXIDÁVEL , IMAGEM: ECOGÊNICA / RADIOPACA, GRADUADA , COMPONENTE 2: C/ AJUSTE PROFUNDIDADE , COMPONENTE 3: CONECTOR LUER , ESTERILIDADE: ESTÉRIL, USO ÚNICO , EMBALAGEM: INDIVIDUAL 
47|MAPEAMENTO_INCERTO|False|False|True|MATERIAIS DE USO TECNICO HOSPITALAR|INSTRUMENTOS, EQUIPAMENTOS E SUPRIMENTOS MÉDICOS  E  CIRÚRGICOS|2567393|603030|AGULHA DE CHIBA - AGULHA DESCARTAVEL PARA  ASPIRACAO,21G X 25CM X 0,6MM.|AGULHA BIÓPSIA, VIA DE ACESSO: PERCUTÂNEA , MODELO: ASPIRATIVA / INFUSÃO , APLICAçãO: P/ TECIDOS MOLES , TIPO: CHIBA , DIMENSÃO AGULHA: CERCA DE 20G X 25 CM , MATERIAL AGULHA: AÇO INOXIDÁVEL , IMAGEM: ECOGÊNICA / RADIOPACA, GRADUADA , COMPONENTE 2: C/ AJUSTE PROFUNDIDADE , COMPONENTE 3: CONECTOR LUER , ESTERILIDADE: ESTÉRIL, USO ÚNICO , EMBALAGEM: INDIVIDUAL 
48|OK_SEM_FLAGS|False|False|False|MATERIAIS DE USO TECNICO HOSPITALAR|INSTRUMENTOS, EQUIPAMENTOS E SUPRIMENTOS MÉDICOS  E  CIRÚRGICOS|3780490|603032|AGULHA DE CHIBA - PARA ASPIRACAO,MEDINDO 22G X 20,0CM, EM ACO INOX, AGULHA ESTERELIZADA A OXIDO DE ETILENO|AGULHA BIÓPSIA, VIA DE ACESSO: PERCUTÂNEA , MODELO: ASPIRATIVA / INFUSÃO , APLICAçãO: P/ TECIDOS MOLES , TIPO: CHIBA , DIMENSÃO AGULHA: CERCA DE 22 G X 20 CM , MATERIAL AGULHA: AÇO INOXIDÁVEL , IMAGEM: ECOGÊNICA / RADIOPACA, GRADUADA , COMPONENTE 2: C/ AJUSTE PROFUNDIDADE , COMPONENTE 3: CONECTOR LUER , ESTERILIDADE: ESTÉRIL, USO ÚNICO , EMBALAGEM: INDIVIDUAL 
49|OK_SEM_FLAGS|False|False|False|MATERIAIS DE USO TECNICO HOSPITALAR|INSTRUMENTOS, EQUIPAMENTOS E SUPRIMENTOS MÉDICOS  E  CIRÚRGICOS|4124081|603031|AGULHA DE CHIBA - AGULHA DESCARTAVEL,22G X15CM|AGULHA BIÓPSIA, VIA DE ACESSO: PERCUTÂNEA , MODELO: ASPIRATIVA / INFUSÃO , APLICAçãO: P/ TECIDOS MOLES , TIPO: CHIBA , DIMENSÃO AGULHA: CERCA DE 22 G X 15 CM , MATERIAL AGULHA: AÇO INOXIDÁVEL , IMAGEM: ECOGÊNICA / RADIOPACA, GRADUADA , COMPONENTE 2: C/ AJUSTE PROFUNDIDADE , COMPONENTE 3: CONECTOR LUER , ESTERILIDADE: ESTÉRIL, USO ÚNICO , EMBALAGEM: INDIVIDUAL 
50|OK_SEM_FLAGS|False|False|False|MATERIAIS DE USO TECNICO HOSPITALAR|INSTRUMENTOS, EQUIPAMENTOS E SUPRIMENTOS MÉDICOS  E  CIRÚRGICOS|3481913|626583|AGULHA PARA BIOPSIA POR ASPIRACAO - TIPO SPINAL,COMPRIMENTO DE 0,5CM E 25G,EM ACO, ESTERIL, COM CANULA E MANDRIL. REGISTRO DA ANVISA E VALIDADE DE 02 ANOS.|"DISPOSITIVO P/ ANESTESIA REGIONAL, TIPO ANESTESIA: RAQUIDIANA , MODELO AGULHA: AGULHA PONTA QUINCKE , DIÂMETRO AGULHA: 25 G , COMPRIMENTO AGULHA: CERCA DE 2"" - 50 MM , MATERIAL AGULHA: AÇO INOXIDÁVEL , TIPO CONECTOR: LUER TRANSPARENTE , COMPONENTE: C/ MANDRIL , ESTERILIDADE: ESTÉRIL, USO ÚNICO "
51|OK_SEM_FLAGS|False|False|False|MATERIAIS DE USO TECNICO HOSPITALAR|INSTRUMENTOS, EQUIPAMENTOS E SUPRIMENTOS MÉDICOS  E  CIRÚRGICOS|3667243|626687|"AGULHA PARA BLOQUEIO DE PLEXO - 22GX2"" (0,70X50MM),STIMUPLEX DIG,BISEL  ESPECIAL A 30º, CANHAO TRANSLUCIDO E COM RANHURAS, TUBO DE INJECAO E ASPIRACAO, COM 40 CM E PRIMMING DE 0,3 ML,AGULHA COMPLETAMENTE REVESTIDA E ISOLADA ELETRICAMENTE, ESTERIL, PARA USO EM APARELHO DE NEURO-ESTIMULACAO"|"DISPOSITIVO P/ ANESTESIA REGIONAL - BLOQUEIO DE PLEXO, TIPO DE ANESTESIA: DOSE ÚNICA , MODELO AGULHA: AGULHA C/ BISEL CURTO 30° , DIÂMETRO AGULHA: 22 G , COMPRIMENTO AGULHA: CERCA DE 2"" - 50 MM , CARACTERÍSTICA AGULHA: GRADUADA, ECOGÊNICA , MATERIAL AGULHA: AÇO INOXIDÁVEL, C/ ISOLAMENTO , TIPO CONECTOR: LUER , COMPONENTE ADICIONAL: EXTENSOR P/ INFUSÃO , COMPATIBILIDADE ESPECÍFICA: P/ NEUROESTIMULADOR , ESTERILIDADE: ESTÉRIL, USO ÚNICO "
52|OK_SEM_FLAGS|False|False|False|MATERIAIS DE USO TECNICO HOSPITALAR|INSTRUMENTOS, EQUIPAMENTOS E SUPRIMENTOS MÉDICOS  E  CIRÚRGICOS|2012561|626674|AGULHA PARA BLOQUEIO DE PLEXO - 0,80 X 100MM - 21X4, PARA ESTIMULADOR DE NERVOS PERIFERICOS, BISEL ESPECIAL A 30 GRAUS, CANHAO TRANSLUCIDO COM RANHURAS, TUBO PARA INJECAO COM 40CM E PRIMMING DE 0,3ML,C/CABO DE ELETRODO ISOLADO P/ADAPTACAO AO ESTIMULADOR|"DISPOSITIVO P/ ANESTESIA REGIONAL - BLOQUEIO DE PLEXO, TIPO DE ANESTESIA: DOSE CONTÍNUA C/ CATETER , MODELO AGULHA: AGULHA C/ BISEL CURTO 30° , DIÂMETRO AGULHA: 21 G , COMPRIMENTO AGULHA: CERCA DE 4"" - 100 MM , CARACTERÍSTICA AGULHA: GRADUADA, ECOGÊNICA , MATERIAL AGULHA: AÇO INOXIDÁVEL, C/ ISOLAMENTO , TIPO CONECTOR: LUER , COMPONENTE ADICIONAL: CATETER P/ INFUSÃO CONTÍNUA , FILTRO: C/ FILTRO MICROBIOLÓGICO , COMPATIBILIDADE ESPECÍFICA: P/ NEUROESTIMULADOR , ESTERILIDADE: ESTÉRIL, USO ÚNICO "
53|OK_SEM_FLAGS|False|False|False|MATERIAIS DE USO TECNICO HOSPITALAR|INSTRUMENTOS, EQUIPAMENTOS E SUPRIMENTOS MÉDICOS  E  CIRÚRGICOS|355968|439879|AGULHA PARA PUNCAO DESCARTAVEL - EM MATERIAL ATOXICO, APIROGENICO ACO INOX, HASTE COM PONTA TIPO HUBER, CALIBRE G20X15MM, PINCA CORTA FLUXO, BORBOLETA DE FIXACAO, TUBO PVC, LONGA PERMANENCIA, ESTERIL DESCARTAVEL, EMBALADO EM ART.31 LEI 8078/90 PORT CONJ N1 DE 23/1/96 - M.SAU, O PRODUTO DEVERA OBEDECER A COMBINADO COM O ART.31 LEI 8078/90|AGULHA, MATERIAL: AÇO INOXIDÁVEL , APLICAÇÃO: P/ PUNÇÃO CATETER IMPLANTÁVEL , TIPO PONTA AGULHA: C/ BISEL NÃO CORTANTE , DIMENSÕES: CERCA DE 20 G X 15 MM, TIPO FIXAÇÃO: C/ ASA DE FIXAÇÃO , ADICIONAL: TUBO EXTENSOR C/ CLAMP , CONECTOR: CONECTOR LUER LOCK OU SLIP, PROTETOR , TIPO USO: DESCARTÁVEL, ESTÉRIL, EMBALAGEM INDIVIDUAL 
54|CATMAT_ALTERNATIVO|False|False|False|MATERIAIS DE USO TECNICO HOSPITALAR|INSTRUMENTOS, EQUIPAMENTOS E SUPRIMENTOS MÉDICOS  E  CIRÚRGICOS|1146343|429284|AGULHA PARA ACUPUNTURA TILIFORME - ACO INOXIDAVEL, ACO INOXIDAVEL, DESCARTAVEL, MEDINDO 40MM DE COMP. X 0.25DE DIAMETRO, ESTERIL, GUIA PLASTICO, DESCARTAVEL,ACONDICIONADAS EM CAIXA C/ 100 UNIDADES, EMBALAGEM COMBINADO COM O ART.31 L.8078/90, A APRESENTACAO DO PRODUTO DEVERA OBEDECER A ART.31 L.8078/90 PORT.CONJ.N.1 DE 23/1/96-M.SAUDE|AGULHA ACUPUNTURA, MATERIAL: AÇO INOXIDÁVEL , TIPO: CAPILAR CILÍNDRICA (FILIFORME) , ESTERILIDADE: ESTÉRIL, DESCARTÁVEL , TAMANHO: 0,25 X 40 MM, TIPO DE CABO: COM CABO, EM ESPIRAL , CARACTERÍSTICA ADICIONAL: 1 MANDRIL PARA CADA 10 AGULHAS , BAINHA: COM BAINHA PROTETORA, INDIVIDUAL 
54|CATMAT_ALTERNATIVO|False|False|False|MATERIAIS DE USO TECNICO HOSPITALAR|INSTRUMENTOS, EQUIPAMENTOS E SUPRIMENTOS MÉDICOS  E  CIRÚRGICOS|1146343|406032|AGULHA PARA ACUPUNTURA TILIFORME - ACO INOXIDAVEL, ACO INOXIDAVEL, DESCARTAVEL, MEDINDO 40MM DE COMP. X 0.25DE DIAMETRO, ESTERIL, GUIA PLASTICO, DESCARTAVEL,ACONDICIONADAS EM CAIXA C/ 100 UNIDADES, EMBALAGEM COMBINADO COM O ART.31 L.8078/90, A APRESENTACAO DO PRODUTO DEVERA OBEDECER A ART.31 L.8078/90 PORT.CONJ.N.1 DE 23/1/96-M.SAUDE|AGULHA ACUPUNTURA, MATERIAL: AÇO INOXIDÁVEL , TIPO: CAPILAR CILÍNDRICA (FILIFORME) , ESTERILIDADE: ESTÉRIL, DESCARTÁVEL , TAMANHO: 0,25 X 40 MM, TIPO DE CABO: COM CABO, EM ESPIRAL , CARACTERÍSTICA ADICIONAL: CABO EM AÇO INÓX , BAINHA: COM BAINHA PROTETORA, INDIVIDUAL 
55|CATMAT_ALTERNATIVO|False|False|False|MATERIAIS DE USO TECNICO HOSPITALAR|INSTRUMENTOS, EQUIPAMENTOS E SUPRIMENTOS MÉDICOS  E  CIRÚRGICOS|1493949|429285|AGULHA PARA ACUPUNTURA TILIFORME - ACO INOXIDAVEL, ACO INOXIDAVEL, DESCARTAVEL, MEDINDO 75MM COMP X 0,3 DIAMETRO, ESTERIL, GUIA PLASTICO, DESCARTAVEL, EMBALAGEM CAIXA C/ 100 UNIDADES, A APRESENTACAO DO PRODUTO DEVERA OBEDECER A DE ACORDO PORTARIA N1 DE 23/01/96 MINIST. SAUDE|AGULHA ACUPUNTURA, MATERIAL: AÇO INOXIDÁVEL , TIPO: CAPILAR CILÍNDRICA (FILIFORME) , ESTERILIDADE: ESTÉRIL, DESCARTÁVEL , TAMANHO: 0,30 X 75 MM, TIPO DE CABO: COM CABO, EM ESPIRAL , CARACTERÍSTICA ADICIONAL: 1 MANDRIL PARA CADA 10 AGULHAS , BAINHA: COM BAINHA PROTETORA, INDIVIDUAL 
55|CATMAT_ALTERNATIVO|False|False|False|MATERIAIS DE USO TECNICO HOSPITALAR|INSTRUMENTOS, EQUIPAMENTOS E SUPRIMENTOS MÉDICOS  E  CIRÚRGICOS|1493949|406034|AGULHA PARA ACUPUNTURA TILIFORME - ACO INOXIDAVEL, ACO INOXIDAVEL, DESCARTAVEL, MEDINDO 75MM COMP X 0,3 DIAMETRO, ESTERIL, GUIA PLASTICO, DESCARTAVEL, EMBALAGEM CAIXA C/ 100 UNIDADES, A APRESENTACAO DO PRODUTO DEVERA OBEDECER A DE ACORDO PORTARIA N1 DE 23/01/96 MINIST. SAUDE|AGULHA ACUPUNTURA, MATERIAL: AÇO INOXIDÁVEL , TIPO: CAPILAR CILÍNDRICA (FILIFORME) , ESTERILIDADE: ESTÉRIL, DESCARTÁVEL , TAMANHO: 0,30 X 75 MM, TIPO DE CABO: COM CABO, EM ESPIRAL , CARACTERÍSTICA ADICIONAL: CABO EM AÇO INÓX , BAINHA: COM BAINHA PROTETORA, INDIVIDUAL 
57|COM_COMENTARIO|False|False|False|MATERIAIS DE USO TECNICO HOSPITALAR|INSTRUMENTOS, EQUIPAMENTOS E SUPRIMENTOS MÉDICOS  E  CIRÚRGICOS|5638518|397495|AGULHA HIPODERMICA DESCARTAVEL - CANHAO PLASTICO ATOXICO,HASTE EM ACO INOX,COM BISEL TRIFACETADO,ADAPTAVEL A SERINGAS LUER SLIP OU LUER LOCK,COM DISPOSITIVO DE SEGURANCA,NAS DIMENSOES DE 20,00X0,55MM,EMBALAGEM INDIVIDUAL E ESTERIL,.|"AGULHA HIPODÉRMICA, MATERIAL: AÇO INOXIDÁVEL SILICONIZADO , DIMENSÃO: 24 G X 1"" , TIPO PONTA: BISEL CURTO TRIFACETADO , TIPO CONEXÃO: CONECTOR LUER LOCK EM PLÁSTICO , TIPO FIXAÇÃO: PROTETOR PLÁSTICO , CARACTERÍSTICA ADICIONAL: COM SISTEMA SEGURANÇA SEGUNDO NR/32 , TIPO USO: ESTÉRIL, DESCARTÁVEL, EMBALAGEM INDIVIDUAL "
58|OK_SEM_FLAGS|False|False|False|MATERIAIS DE USO TECNICO HOSPITALAR|INSTRUMENTOS, EQUIPAMENTOS E SUPRIMENTOS MÉDICOS  E  CIRÚRGICOS|3666344|397503|"AGULHA HIPODERMICA DESCARTAVEL - CANHAO EM PLASTICO ATOXICO NA COR VIOLETA, PAREDE FINA, CANULA SILICONIZADA,EM ACO INOXIDAVEL,BISEL TRIFACETADO COM PONTA AFIADA,COM PERFEITA ADAPTACAO AO CANHAO,PROTETOR EM POLIPROPILENO ATOXICO,DIMENSOES: 30,0 X 0,8MM OU 21G X 1 1/4"",EMBALAGEM INDIVIDUAL, ESTERIL, COM DISPOSITIVO DE SEGURANCA QUE ATENDA A NR32.,ROTULO COM Nº LOTE, DATA FABRICACAO/VALIDADE E PROCEDENCIA. REGISTRO NO MS/ANVISA"|"AGULHA HIPODÉRMICA, MATERIAL: AÇO INOXIDÁVEL SILICONIZADO , DIMENSÃO: 21 G X 1 1/4"" , TIPO PONTA: BISEL CURTO TRIFACETADO , TIPO CONEXÃO: CONECTOR LUER LOCK EM PLÁSTICO , TIPO FIXAÇÃO: PROTETOR PLÁSTICO , CARACTERÍSTICA ADICIONAL: COM SISTEMA SEGURANÇA SEGUNDO NR/32 , TIPO USO: ESTÉRIL, DESCARTÁVEL, EMBALAGEM INDIVIDUAL "
59|COM_COMENTARIO|False|False|False|MATERIAIS DE USO TECNICO HOSPITALAR|INSTRUMENTOS, EQUIPAMENTOS E SUPRIMENTOS MÉDICOS  E  CIRÚRGICOS|202061|397496|AGULHA HIPODERMICA DESCARTAVEL - CANHAO PLASTICO ATOXICO EM ACO INOXIDAVEL, PAREDE FINA, SILICONIZADO,, HASTE EM ACO INOX, COM BISEL TRIFACETADO E PONTA AFIADA COM PROTETOR DE ENCAIXE FIRME, COM PERFEITA ADAPTACAO AO CANHAO, PROTETOR PLASTICO, ATOXICO EM POLIPROPILENO, NAS DIMENSOES DE 40 X 16MM, EMBALADO EM MATERIAL QUE GARANTA ESTERILIDADE INDIVIDUAL, ESTERIL, CONTENDO DADOS DE IDENTIFICACAO E PROCEDENCIA, O PRODUTO DEVERA SER ENTREGUE COM LAUDO ANALITICO QUE COMPROVE CUMPRIMENTO DA NBR 09259, CONTENDO DADOS DE VALIDADE, LOTE E REGISTRO NO MS|"AGULHA HIPODÉRMICA, MATERIAL: AÇO INOXIDÁVEL SILICONIZADO , DIMENSÃO: 16 G X 1 1/2"" , TIPO PONTA: BISEL CURTO TRIFACETADO , TIPO CONEXÃO: CONECTOR LUER LOCK EM PLÁSTICO , TIPO FIXAÇÃO: PROTETOR PLÁSTICO , CARACTERÍSTICA ADICIONAL: COM SISTEMA SEGURANÇA SEGUNDO NR/32 , TIPO USO: ESTÉRIL, DESCARTÁVEL, EMBALAGEM INDIVIDUAL "
61|OK_SEM_FLAGS|False|False|False|MATERIAIS DE USO TECNICO HOSPITALAR|INSTRUMENTOS, EQUIPAMENTOS E SUPRIMENTOS MÉDICOS  E  CIRÚRGICOS|3666336|397509|"AGULHA HIPODERMICA DESCARTAVEL - EM ACO INOXIDAVEL, PAREDE FINA, CANULA SILICONIZADA,CANHAO PLASTICO ATOXICO NA COR VIOLETA,BISEL TRIFACETADO COM PONTA AFIADA,COM PERFEITA ADAPTACAO AO CANHAO,PROTETOR EM POLIPROPILENO ATOXICO,DIMENSOES: 25,0 X 6,0MM OU 23G X 1"",EMBALAGEM INDIVIDUAL, ESTERIL, COM DISPOSITIVO DE SEGURANCA QUE ATENDA A NR32,ROTULO COM Nº LOTE, DATA FABRICACAO/VALIDADE E PROCEDENCIA. REGISTRO NO MS/ANVISA"|"AGULHA HIPODÉRMICA, MATERIAL: AÇO INOXIDÁVEL SILICONIZADO , DIMENSÃO: 23 G X 1 1/2"" , TIPO PONTA: BISEL CURTO TRIFACETADO , TIPO CONEXÃO: CONECTOR LUER LOCK EM PLÁSTICO , TIPO FIXAÇÃO: PROTETOR PLÁSTICO , CARACTERÍSTICA ADICIONAL: COM SISTEMA SEGURANÇA SEGUNDO NR/32 , TIPO USO: ESTÉRIL, DESCARTÁVEL, EMBALAGEM INDIVIDUAL "
62|COM_COMENTARIO|False|False|False|MATERIAIS DE USO TECNICO HOSPITALAR|INSTRUMENTOS, EQUIPAMENTOS E SUPRIMENTOS MÉDICOS  E  CIRÚRGICOS|4386329|439807|AGULHA HIPODERMICA DESCARTAVEL - CANHAO TRANSLUCIDO,POLIPROPILENO ATOXICO,COM BISEL TRIFACETADO E PONTA AFIADA DE INOX COM TRAVA DUPLA E AUDIVEL,COM ADAPTACAO PARA  SERINGAS COM BICO LUER SLIP OU LUER LOCK, OU QUALQUER TAMANHO DE SERINGA CONVENCIONAL,COM SISTEMA DE SEGURANCA IGUAL A COR DO CANHAO,TAMANHO 25X0,7MM E O DISPOSITIVO DE SEGURANCA COM TAMANHO CORRESPONDENTE A AGULHA,EMBALAGEM INDIVIDUAL COM  BARREIRA BACTERIANA E ABERTURA ASSEPTICA,ROTULO COM NUMERO DE LOTE, DATA DE FABRICACAO/VALIDADE, PROCEDENCIA, ESTERILIZACAO E REGISTRO DA ANVISA|"AGULHA HIPODÉRMICA, MATERIAL: AÇO INOXIDÁVEL SILICONIZADO , DIMENSÃO: 22 G X 1"" , TIPO PONTA: BISEL CURTO TRIFACETADO , TIPO CONEXÃO: CONECTOR LUER LOCK OU SLIP EM PLÁSTICO , TIPO FIXAÇÃO: PROTETOR PLÁSTICO , TIPO USO: ESTÉRIL, DESCARTÁVEL, EMBALAGEM INDIVIDUAL "
64|OK_SEM_FLAGS|False|False|False|MATERIAIS DE USO TECNICO HOSPITALAR|INSTRUMENTOS, EQUIPAMENTOS E SUPRIMENTOS MÉDICOS  E  CIRÚRGICOS|3064310|397494|"AGULHA HIPODERMICA DESCARTAVEL - CANHAO PLASTICO ATOXICO EM ACO INOXIDAVEL, PAREDE FINA, SILICONIZADO,HASTE EM ACO INOXIDAVEL,COM BISEL TRIFACETADO E PONTA AFIADA COM PROTETOR DE ENCAIXE FIRME,COM PERFEITA ADAPTACAO AO CANHAO,PROTETOR PLASTICO ATOXICO EM POLIPROPILENO,NAS DIMENSOES DE 40 X 12MM OU 18G X 1 1/2"",EMBALADO EM MATERIAL QUE GARANTA ESTERILIDADE COM DISPOSITIVO DE SEGURANCA QUE ATENDA A NR32, INDIVIDUAL, ESTERIL, CONTENDO DADOS DE IDENTIFICACAO E PROCEDENCIA,O PRODUTO DEVERA SER ENTREGUE COM LAUDO ANALITICO QUE COMPROVE COMPRIMENTO DA NBR09259"|"AGULHA HIPODÉRMICA, MATERIAL: AÇO INOXIDÁVEL SILICONIZADO , DIMENSÃO: 18 G X 1 1/2"" , TIPO PONTA: BISEL CURTO TRIFACETADO , TIPO CONEXÃO: CONECTOR LUER LOCK EM PLÁSTICO , TIPO FIXAÇÃO: PROTETOR PLÁSTICO , CARACTERÍSTICA ADICIONAL: COM SISTEMA SEGURANÇA SEGUNDO NR/32 , TIPO USO: ESTÉRIL, DESCARTÁVEL, EMBALAGEM INDIVIDUAL "
65|COM_COMENTARIO; CATMAT_ALTERNATIVO|False|False|False|MATERIAIS DE USO TECNICO HOSPITALAR|INSTRUMENTOS, EQUIPAMENTOS E SUPRIMENTOS MÉDICOS  E  CIRÚRGICOS|4990897|442278|SERINGA DESCARTAVEL - EM PLASTICO ATOXICO E APIROGENICO,CAPACIDADE DE 0,5ML,BICO LUER SLIP,CORPO COM GRADUACAO MILIMETRADA E ALTO GRAU DE TRANSPARENCIA,ESTERIL,COM EMBOLO DE BORRACHA SILICONIZADA,E AGULHA ACOPLADA,DE CALIBRE  30,00X0,80MM,COM TRAVA DE SEGURANCA|"SERINGA, MATERIAL: POLIPROPILENO , CAPACIDADE: 0,5 ML, TIPO BICO: BICO CENTRAL LUER LOCK OU SLIP , TIPO VEDAÇÃO: ÊMBOLO DE BORRACHA , ADICIONAL: GRADUADA (ESCALA UI), NUMERADA , TIPO AGULHA: C/ AGULHA 30 G X 5/16"" , ESTERILIDADE: ESTÉRIL, DESCARTÁVEL , APRESENTAÇÃO: EMBALAGEM INDIVIDUAL "
66|OK_SEM_FLAGS|False|False|False|MATERIAIS DE USO TECNICO HOSPITALAR|INSTRUMENTOS, EQUIPAMENTOS E SUPRIMENTOS MÉDICOS  E  CIRÚRGICOS|4931815|459880|SERINGA DESCARTAVEL - EM PLASTICO ATOXICO E APIROGENICO,CAPACIDADE DE 1ML,BICO LUER LOCK,CORPO COM GRADUACAO MILIMETRADA E ALTO GRAU DE TRANSPARENCIA,ESTERIL,COM EMBOLO DE BORRACHA SILICONIZADA,SEM AGULHA|SERINGA, MATERIAL: POLICARBONATO , CAPACIDADE: 1 ML, TIPO BICO: BICO CENTRAL LUER LOCK , ADICIONAL: GRADUADA (ESCALA ML), NUMERADA , ESTERILIDADE: ESTÉRIL, DESCARTÁVEL , APRESENTAÇÃO: EMBALAGEM INDIVIDUAL 
68|OK_SEM_FLAGS|False|False|False|MATERIAIS DE USO TECNICO HOSPITALAR|INSTRUMENTOS, EQUIPAMENTOS E SUPRIMENTOS MÉDICOS  E  CIRÚRGICOS|4942108|439625|SERINGA DESCARTAVEL - EM PLASTICO ATOXICO E APIROGENICO,CAPACIDADE DE 3ML,BICO LUER SLIP,CORPO COM GRADUACAO MILIMETRADA E ALTO GRAU DE TRANSPARENCIA,ESTERIL,COM EMBOLO DE BORRACHA SILICONIZADA,SEM AGULHA|SERINGA, MATERIAL: POLIPROPILENO , CAPACIDADE: 3 ML, TIPO BICO: BICO CENTRAL LUER LOCK OU SLIP , TIPO VEDAÇÃO: ÊMBOLO DE BORRACHA , ADICIONAL: GRADUADA, NUMERADA , ESTERILIDADE: ESTÉRIL, DESCARTÁVEL , APRESENTAÇÃO: EMBALAGEM INDIVIDUAL 
69|OK_SEM_FLAGS|False|False|False|MATERIAIS DE USO TECNICO HOSPITALAR|INSTRUMENTOS, EQUIPAMENTOS E SUPRIMENTOS MÉDICOS  E  CIRÚRGICOS|4952758|439625|SERINGA DESCARTAVEL - EM PLASTICO ATOXICO E APIROGENICO, TRANSPARENTE,CAPACIDADE 3,0ML,BICO LUER LOCK,CORPO COM GRADUACAO MILIMETRADA,ESTERIL,EMBOLO DE BORRACHA SILICONIZADA,SEM AGULHA|SERINGA, MATERIAL: POLIPROPILENO , CAPACIDADE: 3 ML, TIPO BICO: BICO CENTRAL LUER LOCK OU SLIP , TIPO VEDAÇÃO: ÊMBOLO DE BORRACHA , ADICIONAL: GRADUADA, NUMERADA , ESTERILIDADE: ESTÉRIL, DESCARTÁVEL , APRESENTAÇÃO: EMBALAGEM INDIVIDUAL 
70|COM_COMENTARIO; CATMAT_ALTERNATIVO|False|False|False|MATERIAIS DE USO TECNICO HOSPITALAR|INSTRUMENTOS, EQUIPAMENTOS E SUPRIMENTOS MÉDICOS  E  CIRÚRGICOS|4931769|439625|SERINGA DESCARTAVEL - EM PLASTICO ATOXICO E APIROGENICO,CAPACIDADE DE 3ML,BICO LUER LOCK,CORPO COM GRADUACAO MILIMETRADA E ALTO GRAU DE TRANSPARENCIA,ESTERIL,COM EMBOLO DE BORRACHA SILICONIZADA,E AGULHA ACOPLADA,DE CALIBRE 20,00X0,55MM|SERINGA, MATERIAL: POLIPROPILENO , CAPACIDADE: 3 ML, TIPO BICO: BICO CENTRAL LUER LOCK OU SLIP , TIPO VEDAÇÃO: ÊMBOLO DE BORRACHA , ADICIONAL: GRADUADA, NUMERADA , ESTERILIDADE: ESTÉRIL, DESCARTÁVEL , APRESENTAÇÃO: EMBALAGEM INDIVIDUAL 
71|COM_COMENTARIO|False|False|False|MATERIAIS DE USO TECNICO HOSPITALAR|INSTRUMENTOS, EQUIPAMENTOS E SUPRIMENTOS MÉDICOS  E  CIRÚRGICOS|4942116|439624|SERINGA DESCARTAVEL - EM PLASTICO ATOXICO E APIROGENICO,CAPACIDADE DE 5ML,BICO LUER SLIP,CORPO COM GRADUACAO MILIMETRADA E ALTO GRAU DE TRANSPARENCIA,ESTERIL,COM EMBOLO DE BORRACHA SILICONIZADA,SEM AGULHA|SERINGA, MATERIAL: POLIPROPILENO , CAPACIDADE: 5 ML, TIPO BICO: BICO CENTRAL LUER LOCK OU SLIP , TIPO VEDAÇÃO: ÊMBOLO DE BORRACHA , ADICIONAL: GRADUADA, NUMERADA , ESTERILIDADE: ESTÉRIL, DESCARTÁVEL , APRESENTAÇÃO: EMBALAGEM INDIVIDUAL 
71|COM_COMENTARIO|False|False|False|MATERIAIS DE USO TECNICO HOSPITALAR|INSTRUMENTOS, EQUIPAMENTOS E SUPRIMENTOS MÉDICOS  E  CIRÚRGICOS|4942116|439639|SERINGA DESCARTAVEL - EM PLASTICO ATOXICO E APIROGENICO,CAPACIDADE DE 5ML,BICO LUER SLIP,CORPO COM GRADUACAO MILIMETRADA E ALTO GRAU DE TRANSPARENCIA,ESTERIL,COM EMBOLO DE BORRACHA SILICONIZADA,SEM AGULHA|SERINGA, MATERIAL: POLIPROPILENO , CAPACIDADE: 5 ML, TIPO BICO: BICO CENTRAL LUER LOCK OU SLIP , TIPO VEDAÇÃO: ÊMBOLO DE BORRACHA , ADICIONAL: GRADUADA, NUMERADA , COMPONENTE ADICIONAL: C/ SISTEMA SEGURANÇA SEGUNDO NR/32 , ESTERILIDADE: ESTÉRIL, DESCARTÁVEL , APRESENTAÇÃO: EMBALAGEM INDIVIDUAL 
72|OK_SEM_FLAGS|False|False|False|MATERIAIS DE USO TECNICO HOSPITALAR|INSTRUMENTOS, EQUIPAMENTOS E SUPRIMENTOS MÉDICOS  E  CIRÚRGICOS|4931947|439624|SERINGA DESCARTAVEL - EM PLASTICO ATOXICO E APIROGENICO,CAPACIDADE DE 5ML,BICO LUER LOCK,CORPO COM GRADUACAO MILIMETRADA E ALTO GRAU DE TRANSPARENCIA,ESTERIL,COM EMBOLO DE BORRACHA SILICONIZADA,SEM AGULHA|SERINGA, MATERIAL: POLIPROPILENO , CAPACIDADE: 5 ML, TIPO BICO: BICO CENTRAL LUER LOCK OU SLIP , TIPO VEDAÇÃO: ÊMBOLO DE BORRACHA , ADICIONAL: GRADUADA, NUMERADA , ESTERILIDADE: ESTÉRIL, DESCARTÁVEL , APRESENTAÇÃO: EMBALAGEM INDIVIDUAL 
73|OK_SEM_FLAGS|False|False|False|MATERIAIS DE USO TECNICO HOSPITALAR|INSTRUMENTOS, EQUIPAMENTOS E SUPRIMENTOS MÉDICOS  E  CIRÚRGICOS|4955137|439688|SERINGA DESCARTAVEL - EM PLASTICO ATOXICO E APIROGENICO,CAPACIDADE DE 5ML,BICO LUER SLIP,CORPO COM  GRADUACAO MILIMETRADA E ALTO GRAU DE TRANSPARENCIA,ESTERIL,COM EMBOLO DE BORRACHA SILICONIZADA,E AGULHA ACOPLADA,DE CALIBRE 25,00X0,70MM|"SERINGA, MATERIAL: POLIPROPILENO , CAPACIDADE: 5 ML, TIPO BICO: BICO CENTRAL LUER LOCK OU SLIP , TIPO VEDAÇÃO: ÊMBOLO DE BORRACHA , ADICIONAL: GRADUADA, NUMERADA , TIPO AGULHA: C/ AGULHA 22 G X 1"" , ESTERILIDADE: ESTÉRIL, DESCARTÁVEL , APRESENTAÇÃO: EMBALAGEM INDIVIDUAL "
75|COM_COMENTARIO|False|False|False|MATERIAIS DE USO TECNICO HOSPITALAR|INSTRUMENTOS, EQUIPAMENTOS E SUPRIMENTOS MÉDICOS  E  CIRÚRGICOS|4942124|439641|SERINGA DESCARTAVEL - EM PLASTICO ATOXICO E APIROGENICO,CAPACIDADE DE 10ML,BICO LUER SLIP,CORPO COM GRADUACAO MILIMETRADA E ALTO GRAU DE TRANSPARENCIA,ESTERIL,COM EMBOLO DE BORRACHA SILICONIZADA,SEM AGULHA|SERINGA, MATERIAL: POLIPROPILENO , CAPACIDADE: 10 ML, TIPO BICO: BICO CENTRAL LUER LOCK OU SLIP , TIPO VEDAÇÃO: ÊMBOLO DE BORRACHA , ADICIONAL: GRADUADA, NUMERADA , COMPONENTE ADICIONAL: C/ SISTEMA SEGURANÇA SEGUNDO NR/32 , ESTERILIDADE: ESTÉRIL, DESCARTÁVEL , APRESENTAÇÃO: EMBALAGEM INDIVIDUAL 
75|COM_COMENTARIO|False|False|False|MATERIAIS DE USO TECNICO HOSPITALAR|INSTRUMENTOS, EQUIPAMENTOS E SUPRIMENTOS MÉDICOS  E  CIRÚRGICOS|4942124|439620|SERINGA DESCARTAVEL - EM PLASTICO ATOXICO E APIROGENICO,CAPACIDADE DE 10ML,BICO LUER SLIP,CORPO COM GRADUACAO MILIMETRADA E ALTO GRAU DE TRANSPARENCIA,ESTERIL,COM EMBOLO DE BORRACHA SILICONIZADA,SEM AGULHA|SERINGA, MATERIAL: POLIPROPILENO, ISENTO DE LÁTEX , CAPACIDADE: 10 ML, TIPO BICO: BICO CENTRAL LUER LOCK OU SLIP , ADICIONAL: GRADUADA, NUMERADA , MODELO: PERDA DE RESISTÊNCIA , ESTERILIDADE: ESTÉRIL, DESCARTÁVEL , APRESENTAÇÃO: EMBALAGEM INDIVIDUAL 
76|OK_SEM_FLAGS|False|False|False|MATERIAIS DE USO TECNICO HOSPITALAR|INSTRUMENTOS, EQUIPAMENTOS E SUPRIMENTOS MÉDICOS  E  CIRÚRGICOS|5639549|439707|SERINGA DESCARTAVEL - EM PLASTICO ATOXICO E APIROGENICO,CAPACIDADE DE 10ML,BICO LUER SLIP,CORPO COM GRADUACAO MILIMETRADA E ALTO GRAU DE TRANSPARENCIA,ESTERIL,COM EMBOLO DE BORRACHA SILICONIZADA,E AGULHA ACOPLADA,DE CALIBRE 25,00X0,70MM|"SERINGA, MATERIAL: POLIPROPILENO , CAPACIDADE: 10 ML, TIPO BICO: BICO CENTRAL LUER LOCK OU SLIP , TIPO VEDAÇÃO: ÊMBOLO DE BORRACHA , ADICIONAL: GRADUADA, NUMERADA , TIPO AGULHA: C/ AGULHA 22 G X 1"" , COMPONENTE ADICIONAL: C/ SISTEMA SEGURANÇA SEGUNDO NR/32 , ESTERILIDADE: ESTÉRIL, DESCARTÁVEL , APRESENTAÇÃO: EMBALAGEM INDIVIDUAL "
77|OK_SEM_FLAGS|False|False|False|MATERIAIS DE USO TECNICO HOSPITALAR|INSTRUMENTOS, EQUIPAMENTOS E SUPRIMENTOS MÉDICOS  E  CIRÚRGICOS|4942132|439630|SERINGA DESCARTAVEL - EM PLASTICO ATOXICO E APIROGENICO,CAPACIDADE DE 20ML,BICO LUER SLIP,CORPO COM GRADUACAO MILIMETRADA E ALTO GRAU DE TRANSPARENCIA,ESTERIL,COM EMBOLO DE BORRACHA SILICONIZADA,SEM AGULHA|SERINGA, MATERIAL: POLIPROPILENO , CAPACIDADE: 20 ML, TIPO BICO: BICO LATERAL LUER SLIP , TIPO VEDAÇÃO: ÊMBOLO DE BORRACHA , ADICIONAL: GRADUADA, NUMERADA , ESTERILIDADE: ESTÉRIL, DESCARTÁVEL , APRESENTAÇÃO: EMBALAGEM INDIVIDUAL 
78|OK_SEM_FLAGS|False|False|False|MATERIAIS DE USO TECNICO HOSPITALAR|INSTRUMENTOS, EQUIPAMENTOS E SUPRIMENTOS MÉDICOS  E  CIRÚRGICOS|4931912|439630|SERINGA DESCARTAVEL - EM PLASTICO ATOXICO E APIROGENICO,CAPACIDADE DE 20ML,BICO LUER LOCK,CORPO COM GRADUACAO MILIMETRADA E ALTO GRAU DE TRANSPARENCIA,ESTERIL,COM EMBOLO DE BORRACHA SILICONIZADA,SEM AGULHA|SERINGA, MATERIAL: POLIPROPILENO , CAPACIDADE: 20 ML, TIPO BICO: BICO LATERAL LUER SLIP , TIPO VEDAÇÃO: ÊMBOLO DE BORRACHA , ADICIONAL: GRADUADA, NUMERADA , ESTERILIDADE: ESTÉRIL, DESCARTÁVEL , APRESENTAÇÃO: EMBALAGEM INDIVIDUAL 
79|COM_COMENTARIO|False|False|False|MATERIAIS DE USO TECNICO HOSPITALAR|INSTRUMENTOS, EQUIPAMENTOS E SUPRIMENTOS MÉDICOS  E  CIRÚRGICOS|4955170|439712|SERINGA DESCARTAVEL - EM PLASTICO ATOXICO E APIROGENICO,CAPACIDADE DE 20ML,BICO LUER SLIP,COM GRADUACAO MILIMETRADA E ALTO GRAU DE TRANSPARENCIA,ESTERIL,COM EMBOLO DE BORRACHA SILICONIZADA,E AGULHA ACOPLADA,DE CALIBRE 25,00X0,80MM|"SERINGA, MATERIAL: POLIPROPILENO , CAPACIDADE: 20 ML, TIPO BICO: BICO CENTRAL LUER LOCK OU SLIP , TIPO VEDAÇÃO: ÊMBOLO DE BORRACHA , ADICIONAL: GRADUADA, NUMERADA , TIPO AGULHA: C/ AGULHA 21 G X 1"" , COMPONENTE ADICIONAL: C/ SISTEMA SEGURANÇA SEGUNDO NR/32 , ESTERILIDADE: ESTÉRIL, DESCARTÁVEL , APRESENTAÇÃO: EMBALAGEM INDIVIDUAL "
80|CATMAT_ALTERNATIVO|False|False|False|MATERIAIS DE USO TECNICO HOSPITALAR|INSTRUMENTOS, EQUIPAMENTOS E SUPRIMENTOS MÉDICOS  E  CIRÚRGICOS|4931998|439629|SERINGA DESCARTAVEL - EM PLASTICO ATOXICO E APIROGENICO,CAPACIDADE DE 60ML,BICO CATETER,CORPO COM GRADUACAO MILIMETRADA E ALTO GRAU DE TRANSPARENCIA,ESTERIL,COM EMBOLO DE BORRACHA SILICONIZADA,SEM AGULHA|SERINGA, MATERIAL: POLIPROPILENO , CAPACIDADE: 60 ML, TIPO BICO: BICO CENTRAL LUER LOCK OU SLIP , TIPO VEDAÇÃO: ÊMBOLO DE BORRACHA , ADICIONAL: GRADUADA, NUMERADA , ESTERILIDADE: ESTÉRIL, DESCARTÁVEL , APRESENTAÇÃO: EMBALAGEM INDIVIDUAL 
80|CATMAT_ALTERNATIVO|False|False|False|MATERIAIS DE USO TECNICO HOSPITALAR|INSTRUMENTOS, EQUIPAMENTOS E SUPRIMENTOS MÉDICOS  E  CIRÚRGICOS|4931998|439636|SERINGA DESCARTAVEL - EM PLASTICO ATOXICO E APIROGENICO,CAPACIDADE DE 60ML,BICO CATETER,CORPO COM GRADUACAO MILIMETRADA E ALTO GRAU DE TRANSPARENCIA,ESTERIL,COM EMBOLO DE BORRACHA SILICONIZADA,SEM AGULHA|SERINGA, MATERIAL: POLIPROPILENO , CAPACIDADE: 60 ML, TIPO BICO: BICO TIPO CATETER , TIPO VEDAÇÃO: ÊMBOLO DE BORRACHA , ADICIONAL: GRADUADA, NUMERADA , ESTERILIDADE: ESTÉRIL, DESCARTÁVEL , APRESENTAÇÃO: EMBALAGEM INDIVIDUAL 
81|OK_SEM_FLAGS|False|False|False|MATERIAIS DE USO TECNICO HOSPITALAR|INSTRUMENTOS, EQUIPAMENTOS E SUPRIMENTOS MÉDICOS  E  CIRÚRGICOS|4931980|439629|SERINGA DESCARTAVEL - EM PLASTICO ATOXICO E APIROGENICO,CAPACIDADE DE 60ML,BICO LUER LOCK,CORPO COM GRADUACAO MILIMETRADA E ALTO GRAU DE TRANSPARENCIA,ESTERIL,COM EMBOLO DE BORRACHA SILICONIZADA,SEM AGULHA|SERINGA, MATERIAL: POLIPROPILENO , CAPACIDADE: 60 ML, TIPO BICO: BICO CENTRAL LUER LOCK OU SLIP , TIPO VEDAÇÃO: ÊMBOLO DE BORRACHA , ADICIONAL: GRADUADA, NUMERADA , ESTERILIDADE: ESTÉRIL, DESCARTÁVEL , APRESENTAÇÃO: EMBALAGEM INDIVIDUAL 
82|COMODATO|False|False|False|INSUMOS PARA EQUIPAMENTOS MEDICO HOSPITALARES|INSTRUMENTOS, EQUIPAMENTOS E SUPRIMENTOS MÉDICOS  E  CIRÚRGICOS|5338476|617319|SERINGA DESCARTAVEL PARA BOMBA INJETORA - TIPO CRISTAL, EM POLIPROPILENO, BICO LUER LOCK, CILINDRO TRANSLUCIDO,  LUBRIFICACAO INTERNA COM SILICONE, PISTAO EM BORRACHA SINTETICA DE ISOPRENO, HASTE BRANCA EM POLIPROPILENO,CAPACIDADE 10ML, COM ESCALA DE GRADUACAO MILIMETRADA NA COLORACAO AZUL,COMPATIVEL COM BOMBA DE SERINGA,ESTERIL, HIPODERMICA, APIROGENICA, ATOXICA, USO UNICO,PRODUTO ISENTO DE DEHP E DE BORRACHA NATURAL LATEX,EMBALAGEM APROPRIADA PARA O PRODUTO|SERINGA PARA BOMBA, APLICAçãO: COMPATÍVEL C/ BOMBA INFUSORA , MATERIAL: POLIPROPILENO , CAPACIDADE: CERCA 10 ML, CARACTERÍSTICA ADICIONAL: GRADUADA , ESTERILIDADE: ESTéRIL , APRESENTAÇÃO: EMBALAGEM INDIVIDUAL 
83|COMODATO|False|False|False|INSUMOS PARA EQUIPAMENTOS MEDICO HOSPITALARES|INSTRUMENTOS, EQUIPAMENTOS E SUPRIMENTOS MÉDICOS  E  CIRÚRGICOS|4242580|617320|SERINGA DESCARTAVEL PARA BOMBA INJETORA - CONFECCIONADO EM POLIPROPILENO,20,00ML,COMPATIVEL COM BOMBA A SER ADQUIRIDA POR COMODATO/CONSIGNADO,ESTERIL,EMBALAGEM: INDIVIDUAL EM BLISTER,COM DADOS DE IDENTIFICACAO E VALIDADE DE ESTERILIZACAO|SERINGA PARA BOMBA, APLICAçãO: COMPATÍVEL C/ BOMBA INFUSORA , MATERIAL: POLIPROPILENO , CAPACIDADE: CERCA 20 ML, CARACTERÍSTICA ADICIONAL: GRADUADA , ESTERILIDADE: ESTéRIL , APRESENTAÇÃO: EMBALAGEM INDIVIDUAL 
84|COMODATO|False|False|False|INSUMOS PARA EQUIPAMENTOS MEDICO HOSPITALARES|INSTRUMENTOS, EQUIPAMENTOS E SUPRIMENTOS MÉDICOS  E  CIRÚRGICOS|3701352|617321|SERINGA DESCARTAVEL PARA BOMBA INJETORA - CONFECCIONADO EM POLIPROPILENO,50,00 ML,COMPATIVEL COM BOMBA A SER ADQUIRIDA POR COMODATO,ESTERIL,EMBALAGEM INDIVIDUAL EM BLISTER,COM DADOS DE IDENTIFICACAO E VALIDADE DE ESTERILIZACAO|SERINGA PARA BOMBA, APLICAçãO: COMPATÍVEL C/ BOMBA INFUSORA , MATERIAL: POLIPROPILENO , CAPACIDADE: CERCA 50 ML, CARACTERÍSTICA ADICIONAL: GRADUADA , ESTERILIDADE: ESTéRIL , APRESENTAÇÃO: EMBALAGEM INDIVIDUAL 
85|OK_SEM_FLAGS|False|False|False|INSUMOS PARA EQUIPAMENTOS MEDICO HOSPITALARES|INSTRUMENTOS, EQUIPAMENTOS E SUPRIMENTOS MÉDICOS  E  CIRÚRGICOS|4025806|617333|SERINGA DESCARTAVEL PARA BOMBA INJETORA - CONFECCIONADO EM POLIPROPILENO,60,00 ML,COMPATIVEL COM LF LIEBEL-FLARSHEIM MALLINCKRODT COMPANY - REF.801800,ESTERIL,EMBALAGEM COM 2 UNIDADES,COM DADOS DE IDENTIFICACAO E VALIDADE DE ESTERILIZACAO|SERINGA PARA BOMBA, APLICAçãO: COMPATÍVEL C/ INJETORA CONTRASTE, ATÉ 300 PSI , MATERIAL: POLIPROPILENO , CAPACIDADE: 2 UNIDADES X CERCA 60 ML, ESTERILIDADE: ESTéRIL , APRESENTAÇÃO: EMBALAGEM INDIVIDUAL 
86|COMODATO; COM_COMENTARIO|False|False|False|INSUMOS PARA EQUIPAMENTOS MEDICO HOSPITALARES|INSTRUMENTOS, EQUIPAMENTOS E SUPRIMENTOS MÉDICOS  E  CIRÚRGICOS|2532166|617338|SERINGA DESCARTAVEL PARA BOMBA INJETORA - CONFECCIONADO EM PVC, 150ML, COMPATIVEL COM SERINGA INJETORA DE CONTRASTE, ESTERIL, EMBALAGEM: INDIVIDUAL, COM DADOS DE IDENTIFICACAO E VALIDADE|SERINGA PARA BOMBA, APLICAçãO: COMPATÍVEL C/ INJETORA CONTRASTE, ATÉ 1200 PSI , MATERIAL: POLIPROPILENO , CAPACIDADE: CERCA 150 ML, ESTERILIDADE: ESTéRIL , APRESENTAÇÃO: EMBALAGEM INDIVIDUAL 
87|COM_COMENTARIO|False|False|False|INSUMOS PARA EQUIPAMENTOS MEDICO HOSPITALARES|INSTRUMENTOS, EQUIPAMENTOS E SUPRIMENTOS MÉDICOS  E  CIRÚRGICOS|1134655|617338|SERINGA DESCARTAVEL PARA BOMBA INJETORA - CONFECCIONADO EM PLASTICO DURO, 150 ML, COMPATIVEL COM LF LIEBEL-FLARSHEIM MALLINCKRODT COMPANY - SYRINGEWITH HANDI-FIL FOR ANGIOMAT II LUMENA REF.9001001, ESTERIL, EMBALAGEM: INDIVIDUAL, COM DADOS DE COM DATA DE FABRICACAO/VALIDADE IMPRESSO NA EMBALAGEM|SERINGA PARA BOMBA, APLICAçãO: COMPATÍVEL C/ INJETORA CONTRASTE, ATÉ 1200 PSI , MATERIAL: POLIPROPILENO , CAPACIDADE: CERCA 150 ML, ESTERILIDADE: ESTéRIL , APRESENTAÇÃO: EMBALAGEM INDIVIDUAL 
88|COM_COMENTARIO; CATMAT_ALTERNATIVO|False|False|False|INSUMOS PARA EQUIPAMENTOS MEDICO HOSPITALARES|INSTRUMENTOS, EQUIPAMENTOS E SUPRIMENTOS MÉDICOS  E  CIRÚRGICOS|2003783|617332|SERINGA DESCARTAVEL PARA BOMBA INJETORA - CONFECCIONADO EM PVC, 200ML, COMPATIVEL COM SERINGA INJETORA DE CONTRASTE, COMPATIVEL COM BOMBA INJETORA LFCT 9000 / CT 9000 ADU E TUBO EM J, P/ENCHIMENTO DA SERINGA, PARA O TOMOGRAFO PHILIPSBRILLIANCE MULT SLICE DE 10 CANAIS, EMBALAGEM: INDIVIDUAL EM PAPEL GRAU CIRURGICO, COM DADOS DE IDENTIFICACAO E VALIDADE DE ESTERILIZACAO|SERINGA PARA BOMBA, APLICAçãO: COMPATÍVEL C/ INJETORA CONTRASTE, ATÉ 300 PSI , MATERIAL: POLIPROPILENO , CAPACIDADE: CERCA 200 ML, ESTERILIDADE: ESTéRIL , APRESENTAÇÃO: EMBALAGEM INDIVIDUAL 
88|COM_COMENTARIO; CATMAT_ALTERNATIVO|False|False|False|INSUMOS PARA EQUIPAMENTOS MEDICO HOSPITALARES|INSTRUMENTOS, EQUIPAMENTOS E SUPRIMENTOS MÉDICOS  E  CIRÚRGICOS|2003783|617336|SERINGA DESCARTAVEL PARA BOMBA INJETORA - CONFECCIONADO EM PVC, 200ML, COMPATIVEL COM SERINGA INJETORA DE CONTRASTE, COMPATIVEL COM BOMBA INJETORA LFCT 9000 / CT 9000 ADU E TUBO EM J, P/ENCHIMENTO DA SERINGA, PARA O TOMOGRAFO PHILIPSBRILLIANCE MULT SLICE DE 10 CANAIS, EMBALAGEM: INDIVIDUAL EM PAPEL GRAU CIRURGICO, COM DADOS DE IDENTIFICACAO E VALIDADE DE ESTERILIZACAO|SERINGA PARA BOMBA, APLICAçãO: COMPATÍVEL C/ INJETORA CONTRASTE, ATÉ 1200 PSI , MATERIAL: POLIPROPILENO , CAPACIDADE: CERCA 200 ML, ESTERILIDADE: ESTéRIL , APRESENTAÇÃO: EMBALAGEM INDIVIDUAL 
89|COM_COMENTARIO; CATMAT_ALTERNATIVO|False|False|False|INSUMOS PARA EQUIPAMENTOS MEDICO HOSPITALARES|INSTRUMENTOS, EQUIPAMENTOS E SUPRIMENTOS MÉDICOS  E  CIRÚRGICOS|5559952|617336|SERINGA DESCARTAVEL PARA BOMBA INJETORA - EM PVC ATOXICO E LIVRE DE LATEX,CAPACIDADE 200 ML,COMPATIVEL COM BOMBA INJETORA DE CONTRASTE ACCUTRON CT-D, COM TUBO EM J PARA ENCHIMENTO RAPIDO,ESTERIL E APIROGENA,EMBALAGEM EM BLISTER,COM DADOS DE IDENTIFICACAO E VALIDADE DE ESTERILIZACAO|SERINGA PARA BOMBA, APLICAçãO: COMPATÍVEL C/ INJETORA CONTRASTE, ATÉ 1200 PSI , MATERIAL: POLIPROPILENO , CAPACIDADE: CERCA 200 ML, ESTERILIDADE: ESTéRIL , APRESENTAÇÃO: EMBALAGEM INDIVIDUAL 
89|COM_COMENTARIO; CATMAT_ALTERNATIVO|False|False|False|INSUMOS PARA EQUIPAMENTOS MEDICO HOSPITALARES|INSTRUMENTOS, EQUIPAMENTOS E SUPRIMENTOS MÉDICOS  E  CIRÚRGICOS|5559952|617326|SERINGA DESCARTAVEL PARA BOMBA INJETORA - EM PVC ATOXICO E LIVRE DE LATEX,CAPACIDADE 200 ML,COMPATIVEL COM BOMBA INJETORA DE CONTRASTE ACCUTRON CT-D, COM TUBO EM J PARA ENCHIMENTO RAPIDO,ESTERIL E APIROGENA,EMBALAGEM EM BLISTER,COM DADOS DE IDENTIFICACAO E VALIDADE DE ESTERILIZACAO|SERINGA PARA BOMBA, APLICAçãO: COMPATÍVEL C/ BOMBA INFUSORA , MATERIAL: POLIPROPILENO , CAPACIDADE: CERCA 200 ML, CARACTERÍSTICA ADICIONAL: GRADUADA , ESTERILIDADE: ESTéRIL , APRESENTAÇÃO: EMBALAGEM INDIVIDUAL 
90|COMODATO|False|False|False|INSUMOS PARA EQUIPAMENTOS MEDICO HOSPITALARES|INSTRUMENTOS, EQUIPAMENTOS E SUPRIMENTOS MÉDICOS  E  CIRÚRGICOS|4296192|617326|SERINGA DESCARTAVEL PARA BOMBA INJETORA - CONFECCIONADO EM PVC,200 ML,COMPATIVEL COM SERINGA INJETORA DE CONTRASTE,ESTERIL,EMBALAGEM: INDIVIDUAL,COM DADOS DE IDENTIFICACAO E VALIDADE|SERINGA PARA BOMBA, APLICAçãO: COMPATÍVEL C/ BOMBA INFUSORA , MATERIAL: POLIPROPILENO , CAPACIDADE: CERCA 200 ML, CARACTERÍSTICA ADICIONAL: GRADUADA , ESTERILIDADE: ESTéRIL , APRESENTAÇÃO: EMBALAGEM INDIVIDUAL 
91|COM_COMENTARIO; CATMAT_ALTERNATIVO|False|False|False|INSUMOS PARA EQUIPAMENTOS MEDICO HOSPITALARES|INSTRUMENTOS, EQUIPAMENTOS E SUPRIMENTOS MÉDICOS  E  CIRÚRGICOS|5262933|617336|SERINGA DESCARTAVEL PARA BOMBA INJETORA - EM POLIPROPILENO,CAPACIDADE 200 ML,COMPATIVEL COM A BOMBA DE SERINGA DE CONTRASTE OPTVANTAGE DUAL AL HEAD (FABRICANTE GUERBET) E COM O CONECTOR ESPIRALADO,ESTERIL,EMBALAGEM INDIVIDUAL,.|SERINGA PARA BOMBA, APLICAçãO: COMPATÍVEL C/ INJETORA CONTRASTE, ATÉ 1200 PSI , MATERIAL: POLIPROPILENO , CAPACIDADE: CERCA 200 ML, ESTERILIDADE: ESTéRIL , APRESENTAÇÃO: EMBALAGEM INDIVIDUAL 
91|COM_COMENTARIO; CATMAT_ALTERNATIVO|False|False|False|INSUMOS PARA EQUIPAMENTOS MEDICO HOSPITALARES|INSTRUMENTOS, EQUIPAMENTOS E SUPRIMENTOS MÉDICOS  E  CIRÚRGICOS|5262933|617326|SERINGA DESCARTAVEL PARA BOMBA INJETORA - EM POLIPROPILENO,CAPACIDADE 200 ML,COMPATIVEL COM A BOMBA DE SERINGA DE CONTRASTE OPTVANTAGE DUAL AL HEAD (FABRICANTE GUERBET) E COM O CONECTOR ESPIRALADO,ESTERIL,EMBALAGEM INDIVIDUAL,.|SERINGA PARA BOMBA, APLICAçãO: COMPATÍVEL C/ BOMBA INFUSORA , MATERIAL: POLIPROPILENO , CAPACIDADE: CERCA 200 ML, CARACTERÍSTICA ADICIONAL: GRADUADA , ESTERILIDADE: ESTéRIL , APRESENTAÇÃO: EMBALAGEM INDIVIDUAL 
92|CATMAT_VERMELHO; EFISCO_VERMELHO; COM_COMENTARIO; CATMAT_ALTERNATIVO|True|True|False|INSUMOS PARA EQUIPAMENTOS MEDICO HOSPITALARES|INSTRUMENTOS, EQUIPAMENTOS E SUPRIMENTOS MÉDICOS  E  CIRÚRGICOS|4025806|617337|SERINGA DESCARTAVEL PARA BOMBA INJETORA - CONFECCIONADO EM POLIPROPILENO,60,00 ML,COMPATIVEL COM LF LIEBEL-FLARSHEIM MALLINCKRODT COMPANY - REF.801800,ESTERIL,EMBALAGEM COM 2 UNIDADES,COM DADOS DE IDENTIFICACAO E VALIDADE DE ESTERILIZACAO|SERINGA PARA BOMBA, APLICAçãO: COMPATÍVEL C/ INJETORA CONTRASTE, ATÉ 300 PSI , MATERIAL: POLIPROPILENO , CAPACIDADE: CERCA 60 ML, ESTERILIDADE: ESTéRIL , APRESENTAÇÃO: EMBALAGEM INDIVIDUAL 
92|CATMAT_VERMELHO; EFISCO_VERMELHO; COM_COMENTARIO; CATMAT_ALTERNATIVO|True|True|False|INSUMOS PARA EQUIPAMENTOS MEDICO HOSPITALARES|INSTRUMENTOS, EQUIPAMENTOS E SUPRIMENTOS MÉDICOS  E  CIRÚRGICOS|4025806|617333|SERINGA DESCARTAVEL PARA BOMBA INJETORA - CONFECCIONADO EM POLIPROPILENO,60,00 ML,COMPATIVEL COM LF LIEBEL-FLARSHEIM MALLINCKRODT COMPANY - REF.801800,ESTERIL,EMBALAGEM COM 2 UNIDADES,COM DADOS DE IDENTIFICACAO E VALIDADE DE ESTERILIZACAO|SERINGA PARA BOMBA, APLICAçãO: COMPATÍVEL C/ INJETORA CONTRASTE, ATÉ 300 PSI , MATERIAL: POLIPROPILENO , CAPACIDADE: 2 UNIDADES X CERCA 60 ML, ESTERILIDADE: ESTéRIL , APRESENTAÇÃO: EMBALAGEM INDIVIDUAL 
93|OK_SEM_FLAGS|False|False|False|MATERIAIS DE USO TECNICO HOSPITALAR|INSTRUMENTOS, EQUIPAMENTOS E SUPRIMENTOS MÉDICOS  E  CIRÚRGICOS|1998005|626568|SERINGA PARA PERDA DE RESISTENCIA - EM POLIPROPILENO, PARA PERFEITA LOCALIZACAO DO ESPACO PERIDURAL, EMBOLO EM LATEX FREE, CONEXAO DE ENCAIXE DESCARTAVEL, ESTERILIZADO A OXIDO DE ETILENO, EMBALAGEM EM PAPEL GRAU CIRURGICO|"DISPOSITIVO P/ ANESTESIA REGIONAL, TIPO ANESTESIA: PERIDURAL CONTÍNUA , MODELO AGULHA: AGULHA PONTA TUOHY , DIÂMETRO AGULHA: 18 G , COMPRIMENTO AGULHA: CERCA DE 3"" - 80 MM , CARACTERÍSTICA AGULHA: GRADUADA , MATERIAL AGULHA: AÇO INOXIDÁVEL , TIPO CONECTOR: LUER TRANSPARENTE , COMPONENTE: C/ MANDRIL , COMPONENTE ADICIONAL: C/ CATETER EPIDURAL E CONECTOR , FILTRO: C/ FILTRO MICROBIOLÓGICO , TIPO SERINGA: C/ SERINGA PERDA DE RESISTÊNCIA , ESTERILIDADE: ESTÉRIL, USO ÚNICO "
94|OK_SEM_FLAGS|False|False|False|MATERIAIS DE USO TECNICO HOSPITALAR|VESTUÁRIO HOSPITALAR E CIRÚRGICO E ITENS CORRELATOS DE  FINALIDADES ESPECIAIS|135631|620088|LUVA CIRURGICA - EM LATEX NATURAL, COM TEXTURA UNIFORME SEM FALHAS, LUBRIFICADA, COM ALTA SENSIBILIDADE TATIL BOA ELASTICIDADE E RESISTENCIA, COM ACABAMENTO NO PUNHO DE FORMATO ANATOMICO;PERFEITA ADAPTACAO, NUMERACAO 6,5, ESTERIL, EMBALADA AOS PARES E ENVELOPADA, O PRODUTO DEVERA SER ENTREGUE ACOMPANHADO DO CA E LAUDO ANAL.LABORAT.,DE CUMPRIMENTO DA NBR13391|LUVA CIRÚRGICA, MATERIAL: BORRACHA NATURAL - LÁTEX , SUPERFÍCIE: SUPERFÍCIE TEXTURIZADA , FORMATO: ANATÔMICO , PÓ: SEM PÓ , COR: C/ COR , TAMANHO: Nº 6,5 , APRESENTAçãO: EM PAR , ESTERILIDADE: ESTÉRIL, USO ÚNICO , EMBALAGEM: EMBALAGEM INDIVIDUAL 
95|OK_SEM_FLAGS|False|False|False|MATERIAIS DE USO TECNICO HOSPITALAR|VESTUÁRIO HOSPITALAR E CIRÚRGICO E ITENS CORRELATOS DE  FINALIDADES ESPECIAIS|135682|620089|LUVA CIRURGICA - EM LATEX NATURAL, COMPRIMENTO APROXIMADO DE 28CM, COM TEXTURA UNIFORME SEM FALHAS, LUBRIFICADA, COM ALTA SENSIBILIDADE TATIL BOA ELASTICIDADE E RESISTENCIA, COM ACABAMENTO NO PUNHO DE FORMATO ANATOMICO, PUNHO LONGO AJUSTAVEL AO ANTEBRACO, NUMERACAO 7,0, ESTERIL, EMBALADA EM PAPEL GRAU CIRURGICO OU FILME TERMOPLASTICO QUE PERMITA ABERTURA ASSEPTICA, EMBALADA AOS PARES EM ENVOLUCRO INTERNO, DOBRAS PARA ABERTURA ASSEPTICA CONF. PADRAO HOSPITALAR, COM IND. DIR E ESQ., O PRODUTO DEVERA SER ENTREGUE ACOMPANHADO DO CA E LAUDO ANAL.LABORAT.,EM CUMPRIMENTO A NBR13391, DEACORDO COM O MINISTERIO DA SAUDE.|LUVA CIRÚRGICA, MATERIAL: BORRACHA NATURAL - LÁTEX , SUPERFÍCIE: SUPERFÍCIE TEXTURIZADA , FORMATO: ANATÔMICO , PÓ: SEM PÓ , COR: C/ COR , TAMANHO: Nº 7,0 , APRESENTAçãO: EM PAR , ESTERILIDADE: ESTÉRIL, USO ÚNICO , EMBALAGEM: EMBALAGEM INDIVIDUAL 
96|OK_SEM_FLAGS|False|False|False|MATERIAIS DE USO TECNICO HOSPITALAR|VESTUÁRIO HOSPITALAR E CIRÚRGICO E ITENS CORRELATOS DE  FINALIDADES ESPECIAIS|135690|620090|LUVA CIRURGICA - EM LATEX NATURAL, COMPRIMENTO APROXIMADO DE 28CM, COM TEXTURA UNIFORME SEM FALHAS, LUBRIFICADA, COM ALTA SENSIBILIDADE TATIL BOA ELASTICIDADE E RESISTENCIA, COM ACABAMENTO NO PUNHO DE FORMATO ANATOMICO, PUNHO LONGO AJUSTAVEL AO ANTEBRACO, NUMERACAO 7,5, ESTERIL, EMBALADA EM PAPEL GRAU CIRURGICO OU FILME TERMOPLASTICO QUE PERMITA ABERTURA ASSEPTICA, EMBALADA AOS PARES EM ENVOLUCRO INTERNO, DOBRAS PARA ABERTURA ASSEPTICA CONF. PADRAO HOSPITALAR, COM IND. DIR E ESQ., O PRODUTO DEVERA SER ENTREGUE ACOMPANHADO DO CA E LAUDO ANAL.LABORAT.,DE CUMPRIMENTO DA NBR13391|LUVA CIRÚRGICA, MATERIAL: BORRACHA NATURAL - LÁTEX , SUPERFÍCIE: SUPERFÍCIE TEXTURIZADA , FORMATO: ANATÔMICO , PÓ: SEM PÓ , COR: C/ COR , TAMANHO: Nº 7,5 , APRESENTAçãO: EM PAR , ESTERILIDADE: ESTÉRIL, USO ÚNICO , EMBALAGEM: EMBALAGEM INDIVIDUAL 
97|OK_SEM_FLAGS|False|False|False|MATERIAIS DE USO TECNICO HOSPITALAR|VESTUÁRIO HOSPITALAR E CIRÚRGICO E ITENS CORRELATOS DE  FINALIDADES ESPECIAIS|135704|620091|LUVA CIRURGICA - EM LATEX NATURAL, COMPRIMENTO APROXIMADO DE 28CM, ESPESSURA MINIMA DE 0,20MM, COM TEXTURA UNIFORME SEM FALHAS, LUBRIFICADA, COM ALTA SENSIBILIDADE TATIL BOA ELASTICIDADE E RESISTENCIA, COM ACABAMENTO NO PUNHO DE FORMATO ANATOMICO, PUNHO LONGO AJUSTAVEL AO ANTEBRACO, NUMERACAO 8,0, ESTERIL, EMBALADA EM PAPEL GRAU CIRURGICO OU FILME TERMOPLASTICO QUE PERMITA ABERTURA ASSEPTICA, EMBALADA AOS PARES EM ENVOLUCRO INTERNO, DOBRAS PARA ABERTURA ASSEPTICA CONF. PADRAO HOSPITALAR, COM IND. DIR E ESQ., O PRODUTO DEVERA SER ENTREGUE ACOMPANHADO DO CA E LAUDO ANAL.LABORAT.,DE CUMPRIMENTO DA NBR13391|LUVA CIRÚRGICA, MATERIAL: BORRACHA NATURAL - LÁTEX , SUPERFÍCIE: SUPERFÍCIE TEXTURIZADA , FORMATO: ANATÔMICO , PÓ: SEM PÓ , COR: C/ COR , TAMANHO: Nº 8,0 , APRESENTAçãO: EM PAR , ESTERILIDADE: ESTÉRIL, USO ÚNICO , EMBALAGEM: EMBALAGEM INDIVIDUAL 
98|OK_SEM_FLAGS|False|False|False|MATERIAIS DE USO TECNICO HOSPITALAR|VESTUÁRIO HOSPITALAR E CIRÚRGICO E ITENS CORRELATOS DE  FINALIDADES ESPECIAIS|135658|620092|LUVA CIRURGICA - EM LATEX NATURAL, COMPRIMENTO APROXIMADO DE 28CM, ESPESSURA MINIMA DE 0,20MM, COM TEXTURA UNIFORME SEM FALHAS, LUBRIFICADA, COM ALTA SENSIBILIDADE TATIL BOA ELASTICIDADE E RESISTENCIA, COM ACABAMENTO NO PUNHO DE FORMATO ANATOMICO, PUNHO LONGO AJUSTAVEL AO ANTEBRACO, NUMERACAO 8,5, ESTERIL, EMBALADA EM PAPEL GRAU CIRURGICO OU FILME TERMOPLASTICO QUE PERMITA ABERTURA ASSEPTICA, EMBALADA AOS PARES EM ENVOLUCRO INTERNO, DOBRAS PARA ABERTURA ASSEPTICA CONF. PADRAO HOSPITALAR, COM IND. DIR E ESQ., O PRODUTO DEVERA SER ENTREGUE ACOMPANHADO DO CA E LAUDO ANAL.LABORAT.,DE CUMPRIMENTO DA NBR13391|LUVA CIRÚRGICA, MATERIAL: BORRACHA NATURAL - LÁTEX , SUPERFÍCIE: SUPERFÍCIE TEXTURIZADA , FORMATO: ANATÔMICO , PÓ: SEM PÓ , COR: C/ COR , TAMANHO: Nº 8,5 , APRESENTAçãO: EM PAR , ESTERILIDADE: ESTÉRIL, USO ÚNICO , EMBALAGEM: EMBALAGEM INDIVIDUAL 
99|OK_SEM_FLAGS|False|False|False|MATERIAIS DE USO TECNICO HOSPITALAR|VESTUÁRIO HOSPITALAR E CIRÚRGICO E ITENS CORRELATOS DE  FINALIDADES ESPECIAIS|5165229|619840|"LUVA PARA PROCEDIMENTO - EM BORRACHA DE LATEX NATURAL,LISA, AMBIDESTRA,COM PO,TAMANHO ""P"",PUNHO COM ACABAMENTO,NAO ESTERIL,DESCARTAVEL,."|LUVA P/ PROCEDIMENTO DE SAÚDE NÃO CIRÚRGICO C/ ANVISA, MATERIAL: BORRACHA NATURAL - LÁTEX , SUPERFÍCIE: SUPERFÍCIE LISA , FORMATO: AMBIDESTRA , PÓ: COM PÓ BIOABSORVÍVEL , COR: C/ COR , TAMANHO: PEQUENO - P , ESTERILIDADE: NÃO ESTÉRIL, USO ÚNICO 
100|OK_SEM_FLAGS|False|False|False|MATERIAIS DE USO TECNICO HOSPITALAR|VESTUÁRIO HOSPITALAR E CIRÚRGICO E ITENS CORRELATOS DE  FINALIDADES ESPECIAIS|5165237|619841|"LUVA PARA PROCEDIMENTO - EM BORRACHA DE LATEX NATURAL,LISA, AMBIDESTRA,COM PO,TAMANHO ""M"",PUNHO COM ACABAMENTO,NAO ESTERIL,DESCARTAVEL,."|LUVA P/ PROCEDIMENTO DE SAÚDE NÃO CIRÚRGICO C/ ANVISA, MATERIAL: BORRACHA NATURAL - LÁTEX , SUPERFÍCIE: SUPERFÍCIE LISA , FORMATO: AMBIDESTRA , PÓ: COM PÓ BIOABSORVÍVEL , COR: C/ COR , TAMANHO: MÉDIO - M , ESTERILIDADE: NÃO ESTÉRIL, USO ÚNICO 
101|OK_SEM_FLAGS|False|False|False|MATERIAIS DE USO TECNICO HOSPITALAR|VESTUÁRIO HOSPITALAR E CIRÚRGICO E ITENS CORRELATOS DE  FINALIDADES ESPECIAIS|5165245|619842|"LUVA PARA PROCEDIMENTO - EM BORRACHA DE LATEX NATURAL,LISA, AMBIDESTRA,COM PO,TAMANHO ""G"",PUNHO COM ACABAMENTO,NAO ESTERIL,DESCARTAVEL,."|LUVA P/ PROCEDIMENTO DE SAÚDE NÃO CIRÚRGICO C/ ANVISA, MATERIAL: BORRACHA NATURAL - LÁTEX , SUPERFÍCIE: SUPERFÍCIE LISA , FORMATO: AMBIDESTRA , PÓ: COM PÓ BIOABSORVÍVEL , COR: C/ COR , TAMANHO: GRANDE - G , ESTERILIDADE: NÃO ESTÉRIL, USO ÚNICO 
102|COM_COMENTARIO; CATMAT_ALTERNATIVO|False|False|False|MATERIAIS DE USO TECNICO HOSPITALAR|VESTUÁRIO HOSPITALAR E CIRÚRGICO E ITENS CORRELATOS DE  FINALIDADES ESPECIAIS|5172209|619823|"LUVA PARA PROCEDIMENTO - EM BORRACHA DE LATEX NATURAL,LISA, AMBIDESTRA,COM PO,TAMANHO ""P"",PUNHO COM ACABAMENTO,ESTERIL,EMBALAGEM APROPRIADA,."|LUVA P/ PROCEDIMENTO DE SAÚDE NÃO CIRÚRGICO C/ ANVISA, MATERIAL: BORRACHA SINTÉTICA ? NITRILO , SUPERFÍCIE: SUPERFÍCIE LISA , FORMATO: AMBIDESTRA , PÓ: SEM PÓ , COR: C/ COR , TAMANHO: PEQUENO - P , ESTERILIDADE: NÃO ESTÉRIL, USO ÚNICO 
102|COM_COMENTARIO; CATMAT_ALTERNATIVO|False|False|False|MATERIAIS DE USO TECNICO HOSPITALAR|VESTUÁRIO HOSPITALAR E CIRÚRGICO E ITENS CORRELATOS DE  FINALIDADES ESPECIAIS|5172209|619840|"LUVA PARA PROCEDIMENTO - EM BORRACHA DE LATEX NATURAL,LISA, AMBIDESTRA,COM PO,TAMANHO ""P"",PUNHO COM ACABAMENTO,ESTERIL,EMBALAGEM APROPRIADA,."|LUVA P/ PROCEDIMENTO DE SAÚDE NÃO CIRÚRGICO C/ ANVISA, MATERIAL: BORRACHA NATURAL - LÁTEX , SUPERFÍCIE: SUPERFÍCIE LISA , FORMATO: AMBIDESTRA , PÓ: COM PÓ BIOABSORVÍVEL , COR: C/ COR , TAMANHO: PEQUENO - P , ESTERILIDADE: NÃO ESTÉRIL, USO ÚNICO 
102|COM_COMENTARIO; CATMAT_ALTERNATIVO|False|False|False|MATERIAIS DE USO TECNICO HOSPITALAR|VESTUÁRIO HOSPITALAR E CIRÚRGICO E ITENS CORRELATOS DE  FINALIDADES ESPECIAIS|5172209|620075|"LUVA PARA PROCEDIMENTO - EM BORRACHA DE LATEX NATURAL,LISA, AMBIDESTRA,COM PO,TAMANHO ""P"",PUNHO COM ACABAMENTO,ESTERIL,EMBALAGEM APROPRIADA,."|LUVA CIRÚRGICA, MATERIAL: BORRACHA NATURAL - LÁTEX , SUPERFÍCIE: SUPERFÍCIE LISA , FORMATO: ANATÔMICO , PÓ: COM PÓ BIOABSORVÍVEL , COR: C/ COR , TAMANHO: Nº 6,5 , APRESENTAçãO: EM PAR , ESTERILIDADE: ESTÉRIL, USO ÚNICO , EMBALAGEM: EMBALAGEM INDIVIDUAL 
103|COM_COMENTARIO; CATMAT_ALTERNATIVO|False|False|False|MATERIAIS DE USO TECNICO HOSPITALAR|VESTUÁRIO HOSPITALAR E CIRÚRGICO E ITENS CORRELATOS DE  FINALIDADES ESPECIAIS|5172225|620077|"LUVA PARA PROCEDIMENTO - EM BORRACHA DE LATEX NATURAL,LISA, AMBIDESTRA,COM PO,TAMANHO ""M"",PUNHO COM ACABAMENTO,ESTERIL,EMBALAGEM APROPRIADA,."|LUVA CIRÚRGICA, MATERIAL: BORRACHA NATURAL - LÁTEX , SUPERFÍCIE: SUPERFÍCIE LISA , FORMATO: ANATÔMICO , PÓ: COM PÓ BIOABSORVÍVEL , COR: C/ COR , TAMANHO: Nº 7,5 , APRESENTAçãO: EM PAR , ESTERILIDADE: ESTÉRIL, USO ÚNICO , EMBALAGEM: EMBALAGEM INDIVIDUAL 
104|COM_COMENTARIO; CATMAT_ALTERNATIVO|False|False|False|MATERIAIS DE USO TECNICO HOSPITALAR|VESTUÁRIO HOSPITALAR E CIRÚRGICO E ITENS CORRELATOS DE  FINALIDADES ESPECIAIS|5172233|620078|"LUVA PARA PROCEDIMENTO - EM BORRACHA DE LATEX NATURAL,LISA, AMBIDESTRA,COM PO,TAMANHO ""G"",PUNHO COM ACABAMENTO,ESTERIL,EMBALAGEM APROPRIADA,."|LUVA CIRÚRGICA, MATERIAL: BORRACHA NATURAL - LÁTEX , SUPERFÍCIE: SUPERFÍCIE LISA , FORMATO: ANATÔMICO , PÓ: COM PÓ BIOABSORVÍVEL , COR: C/ COR , TAMANHO: Nº 8,0 , APRESENTAçãO: EM PAR , ESTERILIDADE: ESTÉRIL, USO ÚNICO , EMBALAGEM: EMBALAGEM INDIVIDUAL 
105|COM_COMENTARIO; CATMAT_ALTERNATIVO|False|False|False|MATERIAIS DE USO TECNICO HOSPITALAR|VESTUÁRIO HOSPITALAR E CIRÚRGICO E ITENS CORRELATOS DE  FINALIDADES ESPECIAIS|3816656|620103|LUVA CIRURGICA ESTERIL - TAMANHO 7,5,MATERIAL SINTETICO NEOPRENE, LIVRE DE LATEX E PO,ANTIALERGICA,FORMATO ANATOMICO,PUNHO COM BAINHA REFORCADA,APRESENTACAO EM PAR,EMBALAGEM COM NUMERO , VALIDADE E MARCA COMERCIAL|LUVA CIRÚRGICA, MATERIAL: BORRACHA MISTA - LÁTEX C/ REVESTIMENTO SINTÉTICO , SUPERFÍCIE: SUPERFÍCIE TEXTURIZADA , FORMATO: ANATÔMICO , PÓ: SEM PÓ , COR: C/ COR , TAMANHO: Nº 7,5 , APRESENTAçãO: EM PAR , ESTERILIDADE: ESTÉRIL, USO ÚNICO , EMBALAGEM: EMBALAGEM INDIVIDUAL 
105|COM_COMENTARIO; CATMAT_ALTERNATIVO|False|False|False|MATERIAIS DE USO TECNICO HOSPITALAR|VESTUÁRIO HOSPITALAR E CIRÚRGICO E ITENS CORRELATOS DE  FINALIDADES ESPECIAIS|3816656|620097|LUVA CIRURGICA ESTERIL - TAMANHO 7,5,MATERIAL SINTETICO NEOPRENE, LIVRE DE LATEX E PO,ANTIALERGICA,FORMATO ANATOMICO,PUNHO COM BAINHA REFORCADA,APRESENTACAO EM PAR,EMBALAGEM COM NUMERO , VALIDADE E MARCA COMERCIAL|LUVA CIRÚRGICA, MATERIAL: BORRACHA SINTÉTICA , SUPERFÍCIE: SUPERFÍCIE TEXTURIZADA , FORMATO: ANATÔMICO , PÓ: SEM PÓ , COR: C/ COR , TAMANHO: Nº 7,5 , APRESENTAçãO: EM PAR , ESTERILIDADE: ESTÉRIL, USO ÚNICO , EMBALAGEM: EMBALAGEM INDIVIDUAL 
106|OK_SEM_FLAGS|False|False|False|MATERIAIS DE USO TECNICO HOSPITALAR|VESTUÁRIO HOSPITALAR E CIRÚRGICO E ITENS CORRELATOS DE  FINALIDADES ESPECIAIS|1189808|619818|LUVA DESCARTAVEL PARA PROCEDIMENTO - EM NITRILA,ATOXICA, SEM TALCO, MAS COM LUBRIFICACAO, COM PERFEITA ADAPTACAO ANATOMICO,NO TAMANHO PEQUENO, AMBIDESTRA,NAO ESTERIL, AJUSTE PERFEITO, RESISTENTE A TRACAO, COM BOA SENSIBILIDADE TATIL, UNIFORME, PEQUENO, CONSTANDO EXTERNAMENTE PROCEDENCIA, CONSTANDO EXTERNAMENTE DATA DE FABRICACAO, CONSTANDO EXTERNAMENTE DATA DE VALIDADE|LUVA P/ PROCEDIMENTO DE SAÚDE NÃO CIRÚRGICO C/ ANVISA, MATERIAL: BORRACHA SINTÉTICA ? NITRILO , SUPERFÍCIE: SUPERFÍCIE TEXTURIZADA , FORMATO: AMBIDESTRA , PÓ: SEM PÓ , COR: C/ COR , TAMANHO: PEQUENO - P , ESTERILIDADE: NÃO ESTÉRIL, USO ÚNICO 
107|OK_SEM_FLAGS|False|False|False|MATERIAIS DE USO TECNICO HOSPITALAR|VESTUÁRIO HOSPITALAR E CIRÚRGICO E ITENS CORRELATOS DE  FINALIDADES ESPECIAIS|1189794|619819|LUVA DESCARTAVEL PARA PROCEDIMENTO - EM NITRILA, ATOXICA, SEM TALCO,MAS COM LUBRIFICACAO, COM PERFEITA ADAPTACAO ANATOMICO,NO TAMANHO MEDIO, AMBIDESTRA,NAO ESTERIL, AJUSTE PERFEITO, RESISTENTE A TRACAO, COM BOA SENSIBILIDADE TATIL, UNIFORME, MEDIO, CONSTANDO EXTERNAMENTE PROCEDENCIA, CONSTANDO EXTERNAMENTE DATA DE FABRICACAO, CONSTANDO EXTERNAMENTE DATA DE VALIDADE|LUVA P/ PROCEDIMENTO DE SAÚDE NÃO CIRÚRGICO C/ ANVISA, MATERIAL: BORRACHA SINTÉTICA ? NITRILO , SUPERFÍCIE: SUPERFÍCIE TEXTURIZADA , FORMATO: AMBIDESTRA , PÓ: SEM PÓ , COR: C/ COR , TAMANHO: MÉDIO - M , ESTERILIDADE: NÃO ESTÉRIL, USO ÚNICO 
108|OK_SEM_FLAGS|False|False|False|MATERIAIS DE USO TECNICO HOSPITALAR|VESTUÁRIO HOSPITALAR E CIRÚRGICO E ITENS CORRELATOS DE  FINALIDADES ESPECIAIS|1189816|619820|LUVA DESCARTAVEL PARA PROCEDIMENTO - EM NITRILA,ATOXICA, SEM TALCO, MAS COM LUBRIFICACAO, COM PERFEITA ADAPTACAO ANATOMICO,NO TAMANHO GRANDE, AMBIDESTRA,NAO ESTERIL, AJUSTE PERFEITO, RESISTENTE A TRACAO, COM BOA SENSIBILIDADE TATIL, UNIFORME, GRANDE, CONSTANDO EXTERNAMENTE PROCEDENCIA, CONSTANDO EXTERNAMENTE DATA DE FABRICACAO, CONSTANDO EXTERNAMENTE DATA DE VALIDADE|LUVA P/ PROCEDIMENTO DE SAÚDE NÃO CIRÚRGICO C/ ANVISA, MATERIAL: BORRACHA SINTÉTICA ? NITRILO , SUPERFÍCIE: SUPERFÍCIE TEXTURIZADA , FORMATO: AMBIDESTRA , PÓ: SEM PÓ , COR: C/ COR , TAMANHO: GRANDE - G , ESTERILIDADE: NÃO ESTÉRIL, USO ÚNICO 
109|OK_SEM_FLAGS|False|False|False|MATERIAIS DE USO TECNICO HOSPITALAR|VESTUÁRIO HOSPITALAR E CIRÚRGICO E ITENS CORRELATOS DE  FINALIDADES ESPECIAIS|4337328|619833|"LUVA PARA PROCEDIMENTO - EM VINIL,FORMATO ANATOMICO, AMBIDESTRA,SEM TALCO,TAMANHO: ""M"",COM PUNHO REFORCADO,NAO ESTERIL,EMBALAGEM APROPRIADA,ROTULO N. LOTE DATA FABRICACAO/VALIDADE E PROCEDENCIA. REGISTRO MS."|LUVA P/ PROCEDIMENTO DE SAÚDE NÃO CIRÚRGICO C/ ANVISA, MATERIAL: BORRACHA SINTÉTICA - VINIL / PVC , SUPERFÍCIE: SUPERFÍCIE LISA , FORMATO: AMBIDESTRA , PÓ: SEM PÓ , COR: TRANSPARENTE , TAMANHO: MÉDIO - M , ESTERILIDADE: NÃO ESTÉRIL, USO ÚNICO 
110|OK_SEM_FLAGS|False|False|False|MATERIAIS DE USO TECNICO HOSPITALAR|VESTUÁRIO HOSPITALAR E CIRÚRGICO E ITENS CORRELATOS DE  FINALIDADES ESPECIAIS|4336852|619834|LUVA PARA PROCEDIMENTO - EM VINIL,COM TEXTURA UNIFORME,SEM FALHAS E FORMATO ANATOMICO,SEM LUBRIFICACAO,TAMANHO G,COM PUNHO REFORCADO,NAO ESTERIL,EMBALAGEM APROPRIADA PARA O PRODUTO,O PRODUTO DEVERA SER ENTREGUE ACOMPANHADO DO CERTIFICADO DE APROVACAO DO MINISTERIO DO TRABALHO|LUVA P/ PROCEDIMENTO DE SAÚDE NÃO CIRÚRGICO C/ ANVISA, MATERIAL: BORRACHA SINTÉTICA - VINIL / PVC , SUPERFÍCIE: SUPERFÍCIE LISA , FORMATO: AMBIDESTRA , PÓ: SEM PÓ , COR: TRANSPARENTE , TAMANHO: GRANDE - G , ESTERILIDADE: NÃO ESTÉRIL, USO ÚNICO 
111|COMODATO; COM_COMENTARIO|False|False|False|MATERIAIS DE USO TECNICO HOSPITALAR|INSTRUMENTOS, EQUIPAMENTOS E SUPRIMENTOS MÉDICOS  E  CIRÚRGICOS|5556627|625220|BOLSA - TIPO COLETORA, PARA ARMAZENAR LIQUIDOS CORPOREOS,EM POLIETILENO FLEXIVEL,COM SISTEMA FECHADO, VALVULA DE DIAFRAGMA UNIDIRECIONAL ANTI-REFLUXO, VALVULA HIDROFOBICA ANTITRANSBORDAMENTO, EXTENSAO ESTERIL EM PVC COMPRIMENTO 2,00M, COM CLAMP PARA FECHAMENTO DO FLUXO E SACO VERMELHO PARA DESCARTE DO RESIDUO,TAMANHO COMPATIVEL COM EQUIPAMENTO MECANICO DE ASPIRACAO A VACUO,CAPACIDADE 1.000ML,DESCARTAVEL|Frasco p/ secreção e urina, MODELO: Á Vácuo , MATERIAL: Polímero transparente, graduado , VOLUME: CERCA DE 1000 ML, TIPO TAMPA: Tampa c/ membrana autocicatrizante , ESTERILIDADE: ESTÉRIL, USO ÚNICO 
112|COMODATO; COM_COMENTARIO|False|False|False|MATERIAIS DE USO TECNICO HOSPITALAR|INSTRUMENTOS, EQUIPAMENTOS E SUPRIMENTOS MÉDICOS  E  CIRÚRGICOS|5556139|419379|BOLSA - TIPO COLETORA, PARA ARMAZENAR LIQUIDOS CORPOREOS,EM POLIETILENO,COM SISTEMA FECHADO E ANEL DE VEDACAO, VALVULA DE DIAFRAGMA UNIDIRECIONAL ANTI-REFLUXO, EXTENSAO ESTERIL EM PVC COMPRIMENTO 3,00M COM CLAMP PARA FECHAMENTO DO FLUXO, PARA FORMACAO DE CIRCUITO INTERLIGADO DE 04 BOLSAS, ACOMPANHADO DE SACO PARA DESCARTE DO RESIDUO,TAMANHO COMPATIVEL COM EQUIPAMENTO DO CIRCUITO,CAPACIDADE ENTRE 2.000 A 3.000ML,DESCARTAVEL|COLETOR DE URINA, MATERIAL*: PLÁSTICO , TIPO*: SISTEMA FECHADO , CAPACIDADE*: CERCA DE 3000 ML, GRADUAÇÃO: GRADUAÇÃO DE 100 EM 100 ML, VÁLVULA: VÁLVULA ANTI-REFLUXO , PINÇA: CLAMP CORTA FLUXO , FILTRO: FILTRO HIDROFÓBICO/BACTERIOLÓGICO , COMPONENTES: ALÇA DE SUSTENTAÇÃO , OUTROS COMPONENTES: MEMBRANA AUTOCICATRIZANTE , ESTERILIDADE*: ESTÉRIL, DESCARTÁVEL 
113|COMODATO; COM_COMENTARIO|False|False|False|MATERIAIS DE USO TECNICO HOSPITALAR|INSTRUMENTOS, EQUIPAMENTOS E SUPRIMENTOS MÉDICOS  E  CIRÚRGICOS|5556538|432133|BOLSA - DO TIPO COLETORA FINAL, PARA ARMAZENAR LIQUIDOS CORPOREOS,EM POLIETILENO,COM SISTEMA FECHADO E ANEL DE VEDACAO, VALVULA DE DIAFRAGMA UNIDIRECIONAL ANTI-REFLUXO, VALVULA HIDROFOBICA ANTITRANSBORDAMENTO, PARA FORMACAO DE CIRCUITO INTERLIGADO DE 04 BOLSAS, ACOMPANHADO DE SACO PARA DESCARTE DO RESIDUO,TAMANHO COMPATIVEL COM EQUIPAMENTO DO CIRCUITO,CAPACIDADE ENTRE 2.000 E  3.000 ML,DESCARTAVEL|COLETOR DE URINA, MATERIAL*: PVC , TIPO*: SISTEMA FECHADO , MODELO: DIURESE HORÁRIA 500ML , CAPACIDADE*: CERCA DE 2000 ML, GRADUAÇÃO: GRADUADA , VÁLVULA: VÁLVULA ANTI-REFLUXO , PINÇA: CLAMP CORTA FLUXO , FILTRO: FILTRO HIDROFÓBICO/BACTERIOLÓGICO , CARACTERÍSTICAS ADICIONAIS*: CÂMARA PASTEUR FLEXÍVEL , CONECTOR: CONECTOR UNIVERSAL , COMPONENTES: ALÇA DE SUSTENTAÇÃO , OUTROS COMPONENTES: MEMBRANA AUTOCICATRIZANTE , ESTERILIDADE*: ESTÉRIL, DESCARTÁVEL , EMBALAGEM*: EMBALAGEM INDIVIDUAL 
114|OK_SEM_FLAGS|False|False|False|MATERIAIS DE USO TECNICO HOSPITALAR|INSTRUMENTOS, EQUIPAMENTOS E SUPRIMENTOS MÉDICOS  E  CIRÚRGICOS|3425142|437888|ADESIVO CIRURGICO - PARA USO TOPICO,N-BUTIL-2-CIANOCRILATO, 0,5ML,ATOXICO,APRESENTADO EM AMPOLA COM 0,5ML,PROTEGIDO DA LUZ,EMBALAGEM CAIXA COM 5 AMPOLAS,A APRESENTACAO DO PRODUTO DEVERA OBEDECER A LEGISLACAO VIGENTE.|ADESIVO CIRÚRGICO, PRINCÍPIO ATIVO: DE N-BUTIL-2-CIANOACRILATO , ASPECTO FÍSICO: LÍQUIDO , TIPO USO: USO ÚNICO , ESTERILIDADE*: ESTÉRIL , EMBALAGEM: EMBALAGEM INDIVIDUAL 
115|OK_SEM_FLAGS|False|False|False|CADASTRO PADRONIZADO DE MEDICAMENTOS|DROGAS E MEDICAMENTOS|3278972|272621|COLA CIRURGICA SINTETICA - COMPOSICAO EMBUCRILATO,FORMA DE APRESENTACAO AMPOLA,VIA DE ADMINISTRACAO INTRALESIONAL E DERMATOLOGICA|EMBUCRILATO, DOSAGEM: 1G/ML , APRESENTAÇÃO: SOLUÇÃO INJETÁVEL 
117|OK_SEM_FLAGS|False|False|False|MATERIAIS DE USO TECNICO HOSPITALAR|INSTRUMENTOS, EQUIPAMENTOS E SUPRIMENTOS MÉDICOS  E  CIRÚRGICOS|2238632|431254|HEMOSTATICO ABSORVIVEL - EM CELULOSE OXIDADA REGENERADA, EM FIBRAS DISPOSTO EM CAMADAS PODENDO SER UTILIZADO EM TUFOS, BACTERICIDA, NO TAMANHO (2,5 X 5) CM, CAIXA COM 10 ENVELOPES, ROTULAGEM RESPEITANDO A LEGISLACAO EM VIGOR|HEMOSTÁTICO ABSORVÍVEL, APRESENTAÇÃO: MALHA , PRINCÍPIO ATIVO: CELULOSE OXIDADA REGENERADA , DIMENSÕES: CERCA DE 2 X 5 CM, ESTERILIDADE*: DESCARTÁVEL E ESTÉRIL 
118|OK_SEM_FLAGS|False|False|False|MATERIAIS DE USO TECNICO HOSPITALAR|INSTRUMENTOS, EQUIPAMENTOS E SUPRIMENTOS MÉDICOS  E  CIRÚRGICOS|2724642|431232|HEMOSTATICO ABSORVIVEL - EM CELULOSE OXIDADA REGENERADA, ESTERIL,NO TAMANHO 5 X 7,5CM,COMPATIVEL PARA ARMAZENAGEM EM TEMPERATURA AMBIENTE, HEMOSTASIA COMPLETA, ABSORCAO EM REACAO TISSULAR MINIMA.,CONTENDO DADOS DE IDENTIFICACAO, NUMERO DE LOTE E VALIDADE RESPEITANDO A LEGISLACAO VIGENTE.|HEMOSTÁTICO ABSORVÍVEL, APRESENTAÇÃO: MALHA , PRINCÍPIO ATIVO: CELULOSE OXIDADA REGENERADA , DIMENSÕES: CERCA DE 5 X 7,5 CM, ESTERILIDADE*: DESCARTÁVEL E ESTÉRIL 
119|OK_SEM_FLAGS|False|False|False|MATERIAIS DE USO TECNICO HOSPITALAR|INSTRUMENTOS, EQUIPAMENTOS E SUPRIMENTOS MÉDICOS  E  CIRÚRGICOS|2238640|431248|HEMOSTATICO ABSORVIVEL - EM CELULOSE OXIDADA REGENERADA, EM FIBRAS DISPOSTO EM CAMADAS PODENDO SER UTILIZADO EM TUFOS, BACTERICIDA, NO TAMANHO (5 X 10) CM, CAIXA COM 10 ENVELOPES, ROTULAGEM RESPEITANDO A LEGISLACAO EM VIGOR|HEMOSTÁTICO ABSORVÍVEL, APRESENTAÇÃO: MALHA , PRINCÍPIO ATIVO: CELULOSE OXIDADA REGENERADA , DIMENSÕES: CERCA DE 5 X 10 CM, ESTERILIDADE*: DESCARTÁVEL E ESTÉRIL 
120|MAPEAMENTO_INCERTO|False|False|True|MATERIAIS DE USO TECNICO HOSPITALAR|INSTRUMENTOS, EQUIPAMENTOS E SUPRIMENTOS MÉDICOS  E  CIRÚRGICOS|2238616|431252|HEMOSTATICO ABSORVIVEL - EM CELULOSE OXIDADA REGENERADA, EM MALHA DENSA QUE SUPORTA SUTURA, BACTERICIDA, NO TAMANHO (15 X 22,5) CM, CAIXA COM 10 ENVELOPES, ROTULAGEM RESPEITANDO A LEGISLACAO EM VIGOR|HEMOSTÁTICO ABSORVÍVEL, APRESENTAÇÃO: MALHA , PRINCÍPIO ATIVO: CELULOSE OXIDADA REGENERADA , DIMENSÕES: CERCA DE 15 X 20 CM, ESTERILIDADE*: DESCARTÁVEL E ESTÉRIL 
121|OK_SEM_FLAGS|False|False|False|MATERIAIS DE USO TECNICO HOSPITALAR|INSTRUMENTOS, EQUIPAMENTOS E SUPRIMENTOS MÉDICOS  E  CIRÚRGICOS|2238608|431253|HEMOSTATICO ABSORVIVEL - EM CELULOSE OXIDADA REGENERADA, EM MALHA DENSA QUE SUPORTA SUTURA, BACTERICIDA, NO TAMANHO (7,5 X10)  CM, CAIXA COM 12 ENVELOPES, ROTULAGEM RESPEITANDO A LEGISLACAO EM VIGOR|HEMOSTÁTICO ABSORVÍVEL, APRESENTAÇÃO: MALHA , PRINCÍPIO ATIVO: CELULOSE OXIDADA REGENERADA , DIMENSÕES: CERCA DE 7,5 X 10 CM, ESTERILIDADE*: DESCARTÁVEL E ESTÉRIL 
122|MAPEAMENTO_INCERTO|False|False|True|MATERIAIS DE USO TECNICO HOSPITALAR|INSTRUMENTOS, EQUIPAMENTOS E SUPRIMENTOS MÉDICOS  E  CIRÚRGICOS|3784290|431253|HEMOSTATICO ABSORVIVEL - EM NAO TECIDO ESTRUTURADO COMPOSTO FIBRAS INDIVIDUAIS ENTRELACADAS BACTERECIDA, RAPIDA ABSORCAO,MEDINDO: 10,2 X 10,2CM,CONSTITUIDO OXIDACAO CONTROLADA CELULOSE REGENERADA SUTURAVEL, NAO DESFIA, EMBALAGEM APROPRIADA,ROTULO Nº LOTE, DATA FABRICACAO/ VALIDADE MINIMA DE 2 ANOS E PROCEDENCIA. TEMPERATURA AMBIENTE. REGISTRO ANVISA.|HEMOSTÁTICO ABSORVÍVEL, APRESENTAÇÃO: MALHA , PRINCÍPIO ATIVO: CELULOSE OXIDADA REGENERADA , DIMENSÕES: CERCA DE 7,5 X 10 CM, ESTERILIDADE*: DESCARTÁVEL E ESTÉRIL 
123|OK_SEM_FLAGS|False|False|False|MATERIAIS DE USO TECNICO HOSPITALAR|INSTRUMENTOS, EQUIPAMENTOS E SUPRIMENTOS MÉDICOS  E  CIRÚRGICOS|1548409|614379|HEMOSTATICO ABSORVIVEL - EM MATERIAL A BASE DE GELATINA ABSORVIVEL, NO TAMANHO (8,0 X 12,5 X 1,0)CM, EMBALAGEM INDIVIDUAL, ROTULAGEM CONFORME LEGISLACAO VIGENTE|HEMOSTÁTICO ABSORVÍVEL, APRESENTAÇÃO: ESPONJA , PRINCÍPIO ATIVO: GELATINA PURIFICADA , DIMENSÕES: CERCA DE 8 X 12,5 CM, ESTERILIDADE*: DESCARTÁVEL E ESTÉRIL 
124|OK_SEM_FLAGS|False|False|False|MATERIAIS DE USO TECNICO HOSPITALAR|INSTRUMENTOS, EQUIPAMENTOS E SUPRIMENTOS MÉDICOS  E  CIRÚRGICOS|3523675|432696|HEMOSTATICO ABSORVIVEL - DE ORIGEM SUINA EM FORMA DE ESPUMA QUE PROMOVE A HEMOSTASIA, AGINDO COMO MATRIZ PARA FORMACAO DO COAGULO SANGUINEO, ABSORVIDO PELO ORGANISMO APOS 3 A 5 SEMANAS,APRESNTACAO EM FORMA DE KIT CIRURGICO COMPOSTO  2 SERINGAS , 2 PONTEIRAS ( UMA FLEXIVEL E OUTRA MILIMETRADA ) E VASILHA PARA COLOCACAO DA SOLUCAO FISIOLOGICA OU TROMBINA QUE GERA VOLUME DE 6 A 8 ML.,CONTENDO DADOS DE IDENTIFICACAO, NUMERO DE LOTE E VALIDADE  ROTULAGEM RESPEITANDO A LEGISLACAO VIGENTE|HEMOSTÁTICO ABSORVÍVEL, APRESENTAÇÃO: CONJUNTO COMPLETO , PRINCÍPIO ATIVO: GELATINA DE ORIGEM SUÍNA , COMPONENTES: SERINGA PREENCHIDA , CARACTERÍSTICA ADICIONAL: C/ SISTEMA DE PREPARO E APLICAÇÃO , ESTERILIDADE*: DESCARTÁVEL E ESTÉRIL , EMBALAGEM: EMBALAGEM INDIVIDUAL 
125|OK_SEM_FLAGS|False|False|False|CADASTRO PADRONIZADO DE MEDICAMENTOS|DROGAS E MEDICAMENTOS|3086860|459060|SELANTE DE FIBRINA - COMPONENTE 1 FIBRINOGENIO + FATOR XIII DE COAGULACAO + SOLUCAO DE APROTININA,COMPONENTE 2 TROMBINA + SOLUCAO DE CLORETO DE CALCIO,FORMA DE APRESENTACAO FRASCO-AMPOLA + DISPOSITIVO DE TRANSFERENCIA,EMBALAGEM 1 ML,VIA DE ADMINISTRACAO LOCAL|SELANTE CIRÚRGICO, COMPOSIÇÃO 1: FIBRINOGÊNIO, FATOR XIII, APROTININA, TROMBINA , COMPOSIÇÃO 2: CLORETO DE CÁLCIO , FORMA FARMACÊUTICA 1: PÓ LIÓFILO TÓPICO + DILUENTE , CARACTERÍSTICAS ADICIONAIS: C/ CONJUNTO DE APLICAÇÃO , VOLUME TOTAL: 1 ML
126|COM_COMENTARIO|False|False|False|CADASTRO PADRONIZADO DE MEDICAMENTOS|DROGAS E MEDICAMENTOS|5062640|459061|SELANTE DE FIBRINA - COMPONENTE 1 FIBRINOGENIO + FATOR XIII DE COAGULACAO + SOLUCAO DE APROTININA,COMPONENTE 2 TROMBINA + SOLUCAO DE CLORETO DE CALCIO,FORMA DE APRESENTACAO FRASCO-AMPOLA,EMBALAGEM INCLUINDO KIT DE RECONSTITUICAO E APLICACAO,VIA DE ADMINISTRACAO INTRALESIONAL E TOPICA|SELANTE CIRÚRGICO, COMPOSIÇÃO 1: FIBRINOGÊNIO, FATOR XIII, APROTININA, TROMBINA , COMPOSIÇÃO 2: CLORETO DE CÁLCIO , FORMA FARMACÊUTICA 1: PÓ LIÓFILO TÓPICO + DILUENTE , CARACTERÍSTICAS ADICIONAIS: C/ CONJUNTO DE APLICAÇÃO , VOLUME TOTAL: 3 ML
127|CATMAT_VERMELHO; EFISCO_VERMELHO; COM_COMENTARIO|True|True|False|CADASTRO PADRONIZADO DE MEDICAMENTOS|DROGAS E MEDICAMENTOS|3235823|459060|SELANTE DE FIBRINA - COMPOSICAO 1 APROTININA 1000 A 3000 UIC/ML + FATOR XIII DE COAGULACAO 10 A 40 U/ML,COMPOSICAO 2 FIBRINOGENIO 80 A 120 G/L + TROMBINA 300 A 600 UI/ML,FORMA DE APRESENTACAO FRASCO-AMPOLA + KIT DE RECONSTITUICAO E APLICACAO,VIA DE ADMINISTRACAO INTRALESIONAL E TOPICA|SELANTE CIRÚRGICO, COMPOSIÇÃO 1: FIBRINOGÊNIO, FATOR XIII, APROTININA, TROMBINA , COMPOSIÇÃO 2: CLORETO DE CÁLCIO , FORMA FARMACÊUTICA 1: PÓ LIÓFILO TÓPICO + DILUENTE , CARACTERÍSTICAS ADICIONAIS: C/ CONJUNTO DE APLICAÇÃO , VOLUME TOTAL: 1 ML
128|COM_COMENTARIO|False|False|False|CADASTRO PADRONIZADO DE MEDICAMENTOS|DROGAS E MEDICAMENTOS|3235823|459061|SELANTE DE FIBRINA - COMPOSICAO 1 APROTININA 1000 A 3000 UIC/ML + FATOR XIII DE COAGULACAO 10 A 40 U/ML,COMPOSICAO 2 FIBRINOGENIO 80 A 120 G/L + TROMBINA 300 A 600 UI/ML,FORMA DE APRESENTACAO FRASCO-AMPOLA + KIT DE RECONSTITUICAO E APLICACAO,VIA DE ADMINISTRACAO INTRALESIONAL E TOPICA|SELANTE CIRÚRGICO, COMPOSIÇÃO 1: FIBRINOGÊNIO, FATOR XIII, APROTININA, TROMBINA , COMPOSIÇÃO 2: CLORETO DE CÁLCIO , FORMA FARMACÊUTICA 1: PÓ LIÓFILO TÓPICO + DILUENTE , CARACTERÍSTICAS ADICIONAIS: C/ CONJUNTO DE APLICAÇÃO , VOLUME TOTAL: 3 ML
129|CATMAT_VERMELHO; EFISCO_VERMELHO; COM_COMENTARIO; CATMAT_ALTERNATIVO|True|True|False|INSUMOS PARA AS AREAS HEMATOLOGICAS E HEMOTERAPICAS|DROGAS E MEDICAMENTOS|1544829|459064|COLA DE FIBRINA - EM 3,0 ML, COMPOSTO POR FIBRINOGENIO HUMANO, SOLUCAO DE APRO- FIBRINOGENIO HUMANO,APROTININA BOVINA, TROMBINA HUMANA, PARA RECONSTRUCAO DE LESOES EM NERVOS, VEDACAO,HE- HEMOSTASIA, COM KIT DE APLICACAO|SELANTE CIRÚRGICO, COMPOSIÇÃO 1: FIBRINOGÊNIO, APROTININA, TROMBINA , COMPOSIÇÃO 2: CLORETO DE CÁLCIO , FORMA FARMACÊUTICA 1: PÓ LIÓFILO TÓPICO + DILUENTE , CARACTERÍSTICAS ADICIONAIS: C/ CONJUNTO DE APLICAÇÃO , VOLUME TOTAL: 2 ML
130|OK_SEM_FLAGS|False|False|False|MATERIAIS DE USO TECNICO HOSPITALAR|INSTRUMENTOS, EQUIPAMENTOS E SUPRIMENTOS MÉDICOS  E  CIRÚRGICOS|135461|273052|CERA ESTERILIZADA PARA OSSO - EM CERA DE ORIGEM ANIMAL (ABELHA) E PALMITATO ISOPROPILICO, EM 2.5 GRAMAS, LIGEIRAMENTE AMARELADA, EM ENVELOPE, ESTERILIZADA A COBALTO 60, ROTULAGEM RESPEITANDO O DECRETO LEI 79094/77 ART.31 L.8078/90 PORT.CONJ.N.1 DE 23/1/96-M.SAUDE|CERA PARA OSSO, COMPOSIÇÃO: CERA DE ABELHAS E PALMITATO ISOPROPÍLICO , TIPO USO: HEMOSTÁTICO, ESTÉRIL, DESCARTÁVEL 
131|OK_SEM_FLAGS|False|False|False|MATERIAIS DE USO TECNICO HOSPITALAR|INSTRUMENTOS, EQUIPAMENTOS E SUPRIMENTOS MÉDICOS  E  CIRÚRGICOS|2520230|625223|CATETER INTRAVENOSO RADIOPACO ESTERIL - EM POLIURETANO,RADIOPACO,ESTERIL,ACESSO PERIFERICO ,DESCARTAVEL,COM FILTRO HIDROFOBO,, COM CONECTOR LUER LOCK, E CONECTOR LUER LOCK COM BISEL TRIFACETADO C/CAMARA DE REFLUXO SAGUINEO QUE FACILITE A EMPUNHADURA, COM SISTEMA TRAVA DE SEGURANCA (PROTECAO DA AGULHA), TAMANHO VARIANDO DE ACORDO COM O USO TAMANHO 14G,PADRONIZACAO DE CORES DE ACORDO COM NORMA ABNT10555-2, EMBALADO EM TRANSPARENTE,INDIVIDUAL,ATOXICO, ROTULAGEM RESPEITANDO O DECRETO LEI 79094/77 ROTULAGEM RESPEITANDO ACORDO COM LEGISLACAO VIGENTE|CATETER PERIFÉRICO, MATERIAL CATETER: POLÍMERO RADIOPACO , APLICAÇÃO: VENOSO , MATERIAL AGULHA: AGULHA AÇO INOX , DIAMETRO: 14 GAU, COMPRIMENTO: CERCA 45 MM, CONECTOR: CONECTOR PADRÃO , COMPONENTE 1: CÂMARA REFLUXO C/ FILTRO , COMPONENTE 2: C/ SISTEMA SEGURANÇA SEGUNDO NR/32 , TIPO USO: ESTÉRIL, DESCARTÁVEL, EMBALAGEM INDIVIDUAL 
132|OK_SEM_FLAGS|False|False|False|MATERIAIS DE USO TECNICO HOSPITALAR|INSTRUMENTOS, EQUIPAMENTOS E SUPRIMENTOS MÉDICOS  E  CIRÚRGICOS|2520257|460347|CATETER INTRAVENOSO RADIOPACO ESTERIL - EM POLIURETANO,RADIOPACO,ESTERIL,ACESSO PERIFERICO ,DESCARTAVEL,COM FILTRO HIDROFOBO,, COM CONECTOR LUER LOCK, E CONECTOR LUER LOCK COM BISEL TRIFACETADO C/CAMARA DE REFLUXO SAGUINEO QUE FACILITE A EMPUNHADURA, COM SISTEMA TRAVA DE SEGURANCA (PROTECAO DA AGULHA), TAMANHO VARIANDO DE ACORDO COM O USO TAMANHO 16G,PADRONIZACAO DE CORES DE ACORDO COM NORMA ABNT10555-2, EMBALADO EM TRANSPARENTE,INDIVIDUAL,ATOXICO, ROTULAGEM RESPEITANDO O DECRETO LEI 79094/77 ROTULAGEM RESPEITANDO ACORDO COM LEGISLACAO VIGENTE|CATETER PERIFÉRICO, MATERIAL CATETER: POLÍMERO RADIOPACO , APLICAÇÃO: VENOSO , MATERIAL AGULHA: AGULHA AÇO INOX , DIAMETRO: 16 GAU, COMPRIMENTO: CERCA 30 MM, CONECTOR: CONECTOR PADRÃO , COMPONENTE 1: CÂMARA REFLUXO C/ FILTRO , COMPONENTE 2: C/ SISTEMA SEGURANÇA SEGUNDO NR/32 , TIPO USO: ESTÉRIL, DESCARTÁVEL, EMBALAGEM INDIVIDUAL 
133|OK_SEM_FLAGS|False|False|False|MATERIAIS DE USO TECNICO HOSPITALAR|INSTRUMENTOS, EQUIPAMENTOS E SUPRIMENTOS MÉDICOS  E  CIRÚRGICOS|2520265|625222|CATETER INTRAVENOSO RADIOPACO ESTERIL - EM POLIURETANO,RADIOPACO,ESTERIL,ACESSO PERIFERICO ,DESCARTAVEL,COM FILTRO HIDROFOBO,, COM CONECTOR LUER LOCK, E CONECTOR LUER LOCK COM BISEL TRIFACETADO C/CAMARA DE REFLUXO SAGUINEO QUE FACILITE A EMPUNHADURA, COM SISTEMA TRAVA DE SEGURANCA (PROTECAO DA AGULHA), TAMANHO VARIANDO DE ACORDO COM O USO TAMANHO 18G, PADRONIZACAO DE CORES DE ACORDO COM NORMA ABNT10555-2, EMBALADO EM TRANSPARENTE,INDIVIDUAL,ATOXICO, ROTULAGEM RESPEITANDO O DECRETO LEI 79094/77 ROTULAGEM RESPEITANDO ACORDO COM LEGISLACAO VIGENTE|CATETER PERIFÉRICO, MATERIAL CATETER: POLÍMERO RADIOPACO , APLICAÇÃO: VENOSO , MATERIAL AGULHA: AGULHA AÇO INOX , DIAMETRO: 18 GAU, COMPRIMENTO: CERCA 30 MM, CONECTOR: CONECTOR PADRÃO , COMPONENTE 1: CÂMARA REFLUXO C/ FILTRO , COMPONENTE 2: C/ SISTEMA SEGURANÇA SEGUNDO NR/32 , TIPO USO: ESTÉRIL, DESCARTÁVEL, EMBALAGEM INDIVIDUAL 
134|OK_SEM_FLAGS|False|False|False|MATERIAIS DE USO TECNICO HOSPITALAR|INSTRUMENTOS, EQUIPAMENTOS E SUPRIMENTOS MÉDICOS  E  CIRÚRGICOS|2520290|437178|CATETER INTRAVENOSO RADIOPACO ESTERIL - EM POLIURETANO,RADIOPACO,ESTERIL,ACESSO PERIFERICO ,DESCARTAVEL,COM FILTRO HIDROFOBO,, COM CONECTOR LUER LOCK, E CONECTOR LUER LOCK COM BISEL TRIFACETADO C/CAMARA DE REFLUXO SAGUINEO QUE FACILITE A EMPUNHADURA, COM SISTEMA TRAVA DE SEGURANCA (PROTECAO DA AGULHA), TAMANHO VARIANDO DE ACORDO COM O USO TAMANHO G 20,PADRONIZACAO DE CORES DE ACORDO COM NORMA ABNT10555-2, EMBALADO EM TRANSPARENTE,INDIVIDUAL,ATOXICO, ROTULAGEM RESPEITANDO O DECRETO LEI 79094/77 ROTULAGEM RESPEITANDO ACORDO COM LEGISLACAO VIGENTE|CATETER PERIFÉRICO, MATERIAL CATETER: POLÍMERO RADIOPACO , APLICAÇÃO: VENOSO , MATERIAL AGULHA: AGULHA AÇO INOX , DIAMETRO: 20 GAU, COMPRIMENTO: CERCA 30 MM, CONECTOR: CONECTOR PADRÃO , COMPONENTE 1: CÂMARA REFLUXO C/ FILTRO , COMPONENTE 2: C/ SISTEMA SEGURANÇA SEGUNDO NR/32 , TIPO USO: ESTÉRIL, DESCARTÁVEL, EMBALAGEM INDIVIDUAL 
135|OK_SEM_FLAGS|False|False|False|MATERIAIS DE USO TECNICO HOSPITALAR|INSTRUMENTOS, EQUIPAMENTOS E SUPRIMENTOS MÉDICOS  E  CIRÚRGICOS|2520303|437179|CATETER INTRAVENOSO RADIOPACO ESTERIL - EM POLIURETANO,RADIOPACO,ESTERIL,ACESSO PERIFERICO ,DESCARTAVEL,COM FILTRO HIDROFOBO,, COM CONECTOR LUER LOCK, E CONECTOR LUER LOCK COM BISEL TRIFACETADO C/CAMARA DE REFLUXO SAGUINEO QUE FACILITE A EMPUNHADURA, COM SISTEMA TRAVA DE SEGURANCA (PROTECAO DA AGULHA), TAMANHO VARIANDO DE ACORDO COM O USO TAMANHO G 22,PADRONIZACAO DE CORES DE ACORDO COM NORMA ABNT10555-2, EMBALADO EM TRANSPARENTE,INDIVIDUAL,ATOXICO, ROTULAGEM RESPEITANDO O DECRETO LEI 79094/77 ROTULAGEM RESPEITANDO ACORDO COM LEGISLACAO VIGENTE|CATETER PERIFÉRICO, MATERIAL CATETER: POLÍMERO RADIOPACO , APLICAÇÃO: VENOSO , MATERIAL AGULHA: AGULHA AÇO INOX , DIAMETRO: 22 GAU, COMPRIMENTO: CERCA 25 MM, CONECTOR: CONECTOR PADRÃO , COMPONENTE 1: CÂMARA REFLUXO C/ FILTRO , COMPONENTE 2: C/ SISTEMA SEGURANÇA SEGUNDO NR/32 , TIPO USO: ESTÉRIL, DESCARTÁVEL, EMBALAGEM INDIVIDUAL 
136|OK_SEM_FLAGS|False|False|False|MATERIAIS DE USO TECNICO HOSPITALAR|INSTRUMENTOS, EQUIPAMENTOS E SUPRIMENTOS MÉDICOS  E  CIRÚRGICOS|2520311|437180|CATETER INTRAVENOSO RADIOPACO ESTERIL - EM POLIURETANO,RADIOPACO,ESTERIL,ACESSO PERIFERICO ,DESCARTAVEL,COM FILTRO HIDROFOBO,, COM CONECTOR LUER LOCK, E CONECTOR LUER LOCK COM BISEL TRIFACETADO C/CAMARA DE REFLUXO SAGUINEO QUE FACILITE A EMPUNHADURA, COM SISTEMA TRAVA DE SEGURANCA (PROTECAO DA AGULHA), TAMANHO VARIANDO DE ACORDO COM O USO TAMANHO G 24,PADRONIZACAO DE CORES DE ACORDO COM NORMA ABNT10555-2, EMBALADO EM TRANSPARENTE,INDIVIDUAL,ATOXICO, ROTULAGEM RESPEITANDO O DECRETO LEI 79094/77 ROTULAGEM RESPEITANDO ACORDO COM LEGISLACAO VIGENTE|CATETER PERIFÉRICO, MATERIAL CATETER: POLÍMERO RADIOPACO , APLICAÇÃO: VENOSO , MATERIAL AGULHA: AGULHA AÇO INOX , DIAMETRO: 24 GAU, COMPRIMENTO: CERCA 20 MM, CONECTOR: CONECTOR PADRÃO , COMPONENTE 1: CÂMARA REFLUXO C/ FILTRO , COMPONENTE 2: C/ SISTEMA SEGURANÇA SEGUNDO NR/32 , TIPO USO: ESTÉRIL, DESCARTÁVEL, EMBALAGEM INDIVIDUAL 
137|OK_SEM_FLAGS|False|False|False|INSUMOS PARA EQUIPAMENTOS MEDICO HOSPITALARES|INSTRUMENTOS, EQUIPAMENTOS E SUPRIMENTOS MÉDICOS  E  CIRÚRGICOS|1088653|465679|"CATETER PARA INFUSAO PARENTERAL - EM POLIURETANO RADIOPACO, COMPOSTO DE CATETER DE DUPLO LUMEN,AGULHA INTRODUTORA PAREDE EXTRA FINA,SERINGA 5CC,DILATADOR DE VASOS E GRAMPOS, ESTERIL, ACONDICIONADO DE ACORDO COM AS NORMAS LEGAIS, TAMANHO 7FR X 20CM, FLEXIVEL,1 LUMEN DISTAL 14G E PROXIMAL18G, FIO GUIA FLEXIVEL EM FORMATO ""J"" FIO GUIA C/MARCAS:0,81MM DE DIAMETRO X 60CM(PONTARETA E MOLE NUMA EXTREMIDADE-PONTA EM ""J"" NA OUTRA, INTRODUTOR AGULHA INTRODUTORA MEDINDO 18G X 6,35MM PAREDE EXTRA FINA"|CATETER CENTRAL, APLICAÇÃO: VENOSO , MATÉRIA PRIMA: POLIURETANO RADIOPACO , DIÂMETRO: CERCA 7 FR , VIAS: DUPLO LÚMEN , LÚMEN: 14 A 18 GAU, COMPRIMENTO: CERCA 20 CM, CONECTOR: CONECTORES PADRÃO , COMPONENTE: KIT INTRODUTOR COMPLETO , COMPONENTE II: REVESTIDO C/ ANTIMICROBIANO/ANTIFÚNGICO , TIPO USO: ESTÉRIL, DESCARTÁVEL, EMBALAGEM INDIVIDUAL 
138|OK_SEM_FLAGS|False|False|False|MATERIAIS DE USO TECNICO HOSPITALAR|INSTRUMENTOS, EQUIPAMENTOS E SUPRIMENTOS MÉDICOS  E  CIRÚRGICOS|4934695|465679|"CONJUNTO DE CATETER - CONFECCIONADO EM POLIURETANO, RADIOPACO, PONTA AFUNILADA E ATRAUMATICA,PARTE EXTERNA COM CLOREXIDINA E SULFADIAZINA DE PRATA E PARTE INTERNA COM CLOREXIDINA,CATETER DUPLO LUMEN,DIAMENTRO EXTERNO 7,0FR, COMPRIMENTO 20,00CM,VASO DILATADOR TAMANHO PADRAO,SERINGA DE 5,0ML,FIO DIAMETRO 0,81MM X 60,00CM GUIA METALICO COM 01 PONTA RETA E OUTRA EM ""J"",MEDINDO 18GA X 6,35CM X TW,USO VENOSO CENTRAL - ADULTO,ESTERILIZADO EM OXIDO DE ETILENO,.,."|CATETER CENTRAL, APLICAÇÃO: VENOSO , MATÉRIA PRIMA: POLIURETANO RADIOPACO , DIÂMETRO: CERCA 7 FR , VIAS: DUPLO LÚMEN , LÚMEN: 14 A 18 GAU, COMPRIMENTO: CERCA 20 CM, CONECTOR: CONECTORES PADRÃO , COMPONENTE: KIT INTRODUTOR COMPLETO , COMPONENTE II: REVESTIDO C/ ANTIMICROBIANO/ANTIFÚNGICO , TIPO USO: ESTÉRIL, DESCARTÁVEL, EMBALAGEM INDIVIDUAL 
139|OK_SEM_FLAGS|False|False|False|MATERIAIS DE USO TECNICO HOSPITALAR|INSTRUMENTOS, EQUIPAMENTOS E SUPRIMENTOS MÉDICOS  E  CIRÚRGICOS|2290715|437299|"CATETER VENOSO CENTRAL - CONJ. CATETER EM POLIURETANO,RADIOPACO,DUPLO LUMEN DE 7,0FR, 30CM COMPRIMENTO, C/MARCACOES E DIVISOES EM CM NO CORPO DO CATETER,PONTA ATRAUMATICA,FLEXIVEL, PINCA CORTA-FLUXO NAS EXTENSOES, CONTENDO DILATADOR DE VASOS,GUIA METALICO FLEXIVEL COM PONTA EM ""J"", SERINGA, AGULHA INTRODUTORA01 TAMPA PROTETORA C/MEMBRANA AUTOCICATRIZANTE, CLAMP DE FIXACAO MOVEL PARA O CATETER COM TECNICA DE SELDINGER"|CATETER CENTRAL, APLICAÇÃO: VENOSO , MATÉRIA PRIMA: POLIURETANO RADIOPACO , DIÂMETRO: CERCA 7 FR , VIAS: DUPLO LÚMEN , LÚMEN: 16 GAU, COMPRIMENTO: CERCA 30 CM, TIPO FIXAÇÃO: FIXAÇÃO SUBCUTÂNEA , CONECTOR: CONECTORES PADRÃO, CLAMP EM TODAS VIAS E TAMPAS , COMPONENTE: KIT INTRODUTOR COMPLETO , TIPO USO: ESTÉRIL, DESCARTÁVEL, EMBALAGEM INDIVIDUAL 
140|CATMAT_VERMELHO; EFISCO_VERMELHO; COM_COMENTARIO|True|True|False|INSUMOS PARA EQUIPAMENTOS MEDICO HOSPITALARES|INSTRUMENTOS, EQUIPAMENTOS E SUPRIMENTOS MÉDICOS  E  CIRÚRGICOS|1088653|437298|"CATETER PARA INFUSAO PARENTERAL - EM POLIURETANO RADIOPACO, COMPOSTO DE CATETER DE DUPLO LUMEN,AGULHA INTRODUTORA PAREDE EXTRA FINA,SERINGA 5CC,DILATADOR DE VASOS E GRAMPOS, ESTERIL, ACONDICIONADO DE ACORDO COM AS NORMAS LEGAIS, TAMANHO 7FR X 20CM, FLEXIVEL,1 LUMEN DISTAL 14G E PROXIMAL18G, FIO GUIA FLEXIVEL EM FORMATO ""J"" FIO GUIA C/MARCAS:0,81MM DE DIAMETRO X 60CM(PONTARETA E MOLE NUMA EXTREMIDADE-PONTA EM ""J"" NA OUTRA, INTRODUTOR AGULHA INTRODUTORA MEDINDO 18G X 6,35MM PAREDE EXTRA FINA"|CATETER CENTRAL, APLICAÇÃO: VENOSO , MATÉRIA PRIMA: POLIURETANO RADIOPACO , DIÂMETRO: CERCA 7 FR , VIAS: DUPLO LÚMEN , LÚMEN: 14 A 18 GAU, COMPRIMENTO: CERCA 20 CM, TIPO FIXAÇÃO: FIXAÇÃO SUBCUTÂNEA , CONECTOR: CONECTORES PADRÃO, CLAMP EM TODAS VIAS E TAMPAS , COMPONENTE: KIT INTRODUTOR COMPLETO , TIPO USO: ESTÉRIL, DESCARTÁVEL, EMBALAGEM INDIVIDUAL 
141|CATMAT_VERMELHO; COM_COMENTARIO|False|True|False|MATERIAIS DE USO TECNICO HOSPITALAR|INSTRUMENTOS, EQUIPAMENTOS E SUPRIMENTOS MÉDICOS  E  CIRÚRGICOS|2517922|470179|"CONJUNTO DE CATETER - CONFECCIONADO EM PARA ACESSO VENOSO CENTRAL EM POLIURETANO, RADIOPACO, COMPOSTO POR COMPOSTO DE CATETER MONO LUMEN, CATETER INFANTIL DE 18 A 20G, MEDINDO 20CM DE COMPRIMENTO, COM MARCACOES E DIVISOES EM CENTIMETROS NO CORPO DO CATETER, TAMANHO PONTA ATRAUMATICA E FLEXIVEL E PINCA CORTA FLUXO NAS EXTENSOES, CONTENDO DILATADOR DE VASOS, GUIA METALICO FLEXIVEL COM PONTA ""J"", DE SERINGA, AGULHA INTRODUTORA, UMA TAMPA PROTETORA COM MEMBRANA  AUTO-CICATRIZANTE E CLAMP DE FIXACAO MOVEL PARA O CATETER COM TECNICA DE SELDINGER., COM ., MEDINDO ., USO ., ESTERILIZADO EM ., EMBALAGEM INDIVIDUAL, CONTENDO N DO LOTE, DATA DE FABRICACAO"|CONJUNTO NEFROSTOMIA PERCUTÂNEA, DIÂMETRO DO CATETER: CERCA DE 6 FR , COMPONENTES 1: C/ 1 AGULHA PUNÇÃO CHIBA 22G , COMPONENTES 2: AGULHA PUNÇÃO, BAINHA INTRODUTORA E FIO GUIA , ESTERILIDADE: ESTÉRIL, DESCARTÁVEL , EMBALAGEM: EMBALAGEM INDIVIDUAL 
142|OK_SEM_FLAGS|False|False|False|MATERIAIS DE USO TECNICO HOSPITALAR|INSTRUMENTOS, EQUIPAMENTOS E SUPRIMENTOS MÉDICOS  E  CIRÚRGICOS|2945622|437302|CATETER VENOSO CENTRAL - CATETER LONGA PERMANENCIA EM POLIURETANO,RADIOPACO TRIPLO LUMEN,ESTERIL,7 FR, 20 CM DE COMPRIMENTO, COM MARCACOES E DIVISOES EM CM NO CORPO DO CATETER,01 LUMEN DISTAL 14G E PROXIMAL 18G,PONTA RETA E FLEXIVEL NUMA EXTREMIDADE E PONTA EM J NA OUTRA, PINCA CORTA-FLUXO NAS EXTENSOES CONTENDO DILATADOR DE VASOS E GRAMPOS,FIO GUIA METALICO FLEXIVEL COM PONTA EM J COM MARCAS 0,81MM DE DIAMETRO X 60CM,SERINGA 5CC, AGULHA INTRODUTORA,MEDINDO 18G X 6,35MM,PAREDE EXTRA FINA,EMBALAGEM COM DADOS DE IDENTIFICACAO, PROCEDENCIA VALIDADE E REGISTRO DE ISENCAO NO MINISTERIO DA SAUDE.|CATETER CENTRAL, APLICAÇÃO: VENOSO , MATÉRIA PRIMA: POLIURETANO RADIOPACO , DIÂMETRO: CERCA 7 FR , VIAS: TRIPLO LÚMEN , LÚMEN: 16 A 18 GAU, COMPRIMENTO: CERCA 20 CM, TIPO FIXAÇÃO: FIXAÇÃO SUBCUTÂNEA , CONECTOR: CONECTORES PADRÃO, CLAMP EM TODAS VIAS E TAMPAS , COMPONENTE: KIT INTRODUTOR COMPLETO , TIPO USO: ESTÉRIL, DESCARTÁVEL, EMBALAGEM INDIVIDUAL 
143|OK_SEM_FLAGS|False|False|False|MATERIAIS DE USO TECNICO HOSPITALAR|INSTRUMENTOS, EQUIPAMENTOS E SUPRIMENTOS MÉDICOS  E  CIRÚRGICOS|3019616|461424|CATETER VENOSO CENTRAL - EM POLIURETANO,RADIOPACO DUPLO LUMEN,4,00FR COM MARCACOES E DIVISOES EM CM NO CORPO DO CATETER,13,00CM A 20,00CM DE COMPRIMENTO,PONTA ATRAUMATICA FLEXIVEL, PINCA CORTA-FLUXO NAS EXTENSOES CONTENDO DILATADOR DE VASOS, GUIA METALICO FLEXIVEL COM PONTA EM J,,SERINGA, AGULHA INTRODUTORA, UMA TAMPA PROTETORA COM EMBRANA AUTOCICATRIZANTE, CLAMP DE FIXACAO PARA O CATETER, COM TECNICA DE SELDINGER,EMBALAGEM COM DADOS DE IDENTIFICACAO, PROCEDENCIA VALIDADE E REGISTRO DE ISENCAO NO MINISTERIO DA SAUDE.|CATETER CENTRAL, APLICAÇÃO: VENOSO , MATÉRIA PRIMA: POLIURETANO RADIOPACO , DIÂMETRO: CERCA 4 FR , VIAS: DUPLO LÚMEN , LÚMEN: 20 GAU, COMPRIMENTO: CERCA 15 CM, TIPO FIXAÇÃO: FIXAÇÃO SUBCUTÂNEA , CONECTOR: CONECTORES PADRÃO, CLAMP EM TODAS VIAS E TAMPAS , COMPONENTE: KIT INTRODUTOR COMPLETO , TIPO USO: ESTÉRIL, DESCARTÁVEL, EMBALAGEM INDIVIDUAL 
144|MAPEAMENTO_INCERTO|False|False|True|MATERIAIS DE USO TECNICO HOSPITALAR|INSTRUMENTOS, EQUIPAMENTOS E SUPRIMENTOS MÉDICOS  E  CIRÚRGICOS|2350904|437363|CATETER VENOSO CENTRAL - (PICC)  CATETER PUR 3FR DE UMA VIA, INTRAVENOSO INTRODUZIDO POR VIA PERIFERICA PARA ACESSO CENTRAL DE LONGA PERMANENCIA, COMPRIMENTO APROX  60CM, MARCACAO A CADA 5CM,, PROLONGADOR DE APROX 14 CM, ACOMPANHA INTRODUTOR., .., EMBALADOS EM KIT'S DE PROCEDIMENTO ESTERIL|CATETER CENTRAL, APLICAÇÃO: VENOSO , TIPO IMPLANTE: INSERÇÃO PERIFÉRICA , MATÉRIA PRIMA: POLIURETANO RADIOPACO , DIÂMETRO: CERCA 3 FR , VIAS: DUPLO LÚMEN , COMPRIMENTO: CERCA 55 CM, CONECTOR: CONECTORES PADRÃO, CLAMP EM TODAS VIAS E TAMPAS , COMPONENTE: KIT INTRODUTOR COMPLETO , TIPO USO: ESTÉRIL, DESCARTÁVEL, EMBALAGEM INDIVIDUAL 
145|MAPEAMENTO_INCERTO|False|False|True|MATERIAIS DE USO TECNICO HOSPITALAR|INSTRUMENTOS, EQUIPAMENTOS E SUPRIMENTOS MÉDICOS  E  CIRÚRGICOS|2351161|437291|"CATETER VENOSO CENTRAL - (PICC) CATETER 1.9FR (NEONATAL), DESCARTAVEL, ESTERIL PARA ACESSO VENOSO CENTRAL EM PACIENTES CRITICOS E DE LONGA PERMANENCIA,, CATETER CONSTITUIDO EM SILICONE DEMARCADO DE 1 EM 1CM, (TAMANHO 1.9FR ""24G"" X 50CM),UNICO LUMEN, ,, ,, EMBALADOS EM KIT'S DE PROCEDIMENTO ESTERIL"|CATETER CENTRAL, APLICAÇÃO: VENOSO , MATÉRIA PRIMA: POLIURETANO RADIOPACO , VIAS: MONO LÚMEN , LÚMEN: 24 GAU, COMPRIMENTO: CERCA 15 CM, TIPO FIXAÇÃO: FIXAÇÃO SUBCUTÂNEA , CONECTOR: CONECTORES PADRÃO, CLAMP E TAMPA , COMPONENTE: KIT INTRODUTOR COMPLETO , TIPO USO: ESTÉRIL, DESCARTÁVEL, EMBALAGEM INDIVIDUAL 
147|MAPEAMENTO_INCERTO|False|False|True|MATERIAIS DE USO TECNICO HOSPITALAR|INSTRUMENTOS, EQUIPAMENTOS E SUPRIMENTOS MÉDICOS  E  CIRÚRGICOS|2351048|437316|CATETER VENOSO CENTRAL - (PICC) CATETER PUR 5FR DE UMA VIA, INTRAVENOSO INTRODUZIDO POR VIA PERIFERICA PARA ACESSO VENOSO CENTRAL DE LONGA PERMANENCIA,, COMPRIMENTO APROX 60CM, MARCACAO A CADA 5CM, PROLONGADOR DE APROX 14CM,, ACOMPANHA INTRODUTOR, EMBALADOS EM KIT'S DE PROCEDIMENTOS ESTERIL|CATETER CENTRAL, APLICAÇÃO: VENOSO , TIPO IMPLANTE: INSERÇÃO PERIFÉRICA , MATÉRIA PRIMA: SILICONE RADIOPACO , DIÂMETRO: CERCA 5 FR , VIAS: MONO LÚMEN , COMPRIMENTO: CERCA 55 CM, CONECTOR: CONECTORES PADRÃO, CLAMP E TAMPA , COMPONENTE: KIT INTRODUTOR COMPLETO , TIPO USO: ESTÉRIL, DESCARTÁVEL, EMBALAGEM INDIVIDUAL 
149|MAPEAMENTO_INCERTO|False|False|True|MATERIAIS DE USO TECNICO HOSPITALAR|INSTRUMENTOS, EQUIPAMENTOS E SUPRIMENTOS MÉDICOS  E  CIRÚRGICOS|3359026|437925|CATETER - CONFECCIONADO EM POLIURETANO TERMOPLASTICO,EXTREMIDADES ATRAUMATICAS,RADIOPACO, DUPLO LUMEN,NUMERO 3,5 FR, MEDINDO:30,0 CM DE COMPRIMENTO,PARA ACESSO VASCULAR VIA COTO UMBILICAL DE NEONATOS,ROTULO COM NUMERO DO LOTE, DATA FABRICACAO/VALIDADE E PROCEDENCIA.,EMBALADO EM PAPEL GRAU CIRURGICO TRANSPARENTE. ESTERIL. REGISTRO NO MINISTERIO DA SAUDE|CATETER CENTRAL, APLICAÇÃO: VENOSO / ARTERIAL , TIPO IMPLANTE: UMBILICAL , MATÉRIA PRIMA: POLIURETANO RADIOPACO , DIÂMETRO: CERCA 4 FR , VIAS: DUPLO LÚMEN , COMPRIMENTO: CERCA 30 CM, CONECTOR: CONECTORES PADRÃO, CLAMP EM TODAS VIAS E TAMPAS , TIPO USO: ESTÉRIL, DESCARTÁVEL, EMBALAGEM INDIVIDUAL 
153|OK_SEM_FLAGS|False|False|False|MATERIAIS DE USO TECNICO HOSPITALAR|INSTRUMENTOS, EQUIPAMENTOS E SUPRIMENTOS MÉDICOS  E  CIRÚRGICOS|1989804|437295|"CATETER VENOSO CENTRAL - CONJ. CATETER EM POLIURETANO,RADIOPACO,DUPLO LUMEN DE 5,0FR A 5,5FR, 13CM A 20CM COMPRIMENTO, C/MARCACOES E DIVISOES EM CM NO CORPO DO CATETER,PONTA ATRAUMATICA,FLEXIVEL, PINCA CORTA-FLUXO NAS EXTENSOES, CONTENDO DILATADOR DE VASOS,GUIA METALICO FLEXIVEL COM PONTA EM ""J"", SERINGA, AGULHA INTRODUTORA01 TAMPA PROTETORA C/MEMBRANA AUTOCICATRIZANTE, CLAMP DE FIXACAO MOVEL PARA O CATETER COM TECNICA DE SELDINGER"|CATETER CENTRAL, APLICAÇÃO: VENOSO , MATÉRIA PRIMA: POLIURETANO RADIOPACO , DIÂMETRO: CERCA 5 FR , VIAS: DUPLO LÚMEN , LÚMEN: 18 A 20 GAU, COMPRIMENTO: CERCA 20 CM, TIPO FIXAÇÃO: FIXAÇÃO SUBCUTÂNEA , CONECTOR: CONECTORES PADRÃO, CLAMP EM TODAS VIAS E TAMPAS , COMPONENTE: KIT INTRODUTOR COMPLETO , TIPO USO: ESTÉRIL, DESCARTÁVEL, EMBALAGEM INDIVIDUAL 
154|OK_SEM_FLAGS|False|False|False|MATERIAIS DE USO TECNICO HOSPITALAR|INSTRUMENTOS, EQUIPAMENTOS E SUPRIMENTOS MÉDICOS  E  CIRÚRGICOS|5101298|437318|CATETER VENOSO CENTRAL - DE INSERCAO PERIFERICA (CCIP/PICC), ALTO FLUXO, MONO LUMEM,CALIBRE 3,0FR, EM POLIURETANO, RADIOPACO,COMPRIMENTO 55,00CM COM MARCAS A CADA CENTIMETRO, ESTERIL,KIT DE MICRO INTRODUTOR COM 01 AGULHA HIPODERMICA 21 GAUGE E DISPOSITIVO DE SEGURANCA, BISTURI LAMINA Nº 11, FIO GUIA EM NITINOL ATRAUMATICO, INTRODUTOR/DILATADOR EM POLITETRAFLUORETILENO (PTFE) DESCARTAVEL E LUBRIFICADO, FLUXO DE 1ML/SEG,EMBALAGEM INDIVIDUAL EM PAPEL GRAU CIRURGICO|CATETER CENTRAL, APLICAÇÃO: VENOSO , TIPO IMPLANTE: INSERÇÃO PERIFÉRICA , MATÉRIA PRIMA: POLIURETANO RADIOPACO , DIÂMETRO: CERCA 3 FR , VIAS: MONO LÚMEN , COMPRIMENTO: CERCA 55 CM, CONECTOR: CONECTORES PADRÃO, CLAMP E TAMPA , COMPONENTE: KIT INTRODUTOR COMPLETO , TIPO USO: ESTÉRIL, DESCARTÁVEL, EMBALAGEM INDIVIDUAL 
156|OK_SEM_FLAGS|False|False|False|MATERIAIS DE USO TECNICO HOSPITALAR|INSTRUMENTOS, EQUIPAMENTOS E SUPRIMENTOS MÉDICOS  E  CIRÚRGICOS|5101271|437326|CATETER VENOSO CENTRAL - DE INSERCAO PERIFERICA (CCIP/PICC) - ALTO FLUXO, DUPLO LUMEN,CALIBRE 4,0FR, 100% EM POLIURETANO, RADIOPACO, COMPRIMENTO 55,0CM COM MARCAS A CADA CENTRIMETRO,ESTERIL,KIT DE MICRO INTRODUTOR COM 01 AGULHA HIPODERMICA 21 GAUGE E DISPOSITIVO DE SEGURANCA, BISTURI LAMINA Nº 11, FIO GUIA EM NITINOL ATRAUMATICO, INTRODUTOR/DILATADOR EM POLITETRAFLUORETILENO (PTFE) DESCARTAVEL E LUBRIFICADO, FLUXO DE 2,5ML/S,EMBALAGEM INDIVIDUAL EM PAPEL GRAU CIRURGICO|CATETER CENTRAL, APLICAÇÃO: VENOSO , TIPO IMPLANTE: INSERÇÃO PERIFÉRICA , MATÉRIA PRIMA: POLIURETANO RADIOPACO , DIÂMETRO: CERCA 4 FR , VIAS: DUPLO LÚMEN , COMPRIMENTO: CERCA 55 CM, CONECTOR: CONECTORES PADRÃO, CLAMP EM TODAS VIAS E TAMPAS , COMPONENTE: KIT INTRODUTOR COMPLETO , TIPO USO: ESTÉRIL, DESCARTÁVEL, EMBALAGEM INDIVIDUAL 
158|OK_SEM_FLAGS|False|False|False|MATERIAIS DE USO TECNICO HOSPITALAR|INSTRUMENTOS, EQUIPAMENTOS E SUPRIMENTOS MÉDICOS  E  CIRÚRGICOS|3690903|437327|CATETER VENOSO CENTRAL - DE INSERCAO PERIFERICA (CCIP/PICC) - DE ALTO FLUXO, DUPLO LUMEN,CALIBRE 5,0FR, COMPRIMENTO 55,0CM, 100% EM POLIURETANO, RADIOPACO,MARCAS DE PROFUNDIDADE A CADA CENTIMETRO, ESTERIL,KIT DE MICRO INTRODUTOR CONTENDO UMA AGULHA HIPODERMICA DE 21 GAUGE E DISPOSITIVO DE SEGURANCA, LAMINA DE BISTURI Nº 11, FIO GUIA EM NITINOL ATRAUMATICO, INTRODUTOR/DILATADOR EM POLITETRAFLUORETILENO (PTFE) DESCASCAVEL E LUBRIFICADO QUE SUPORTE PRESSAO DE 300PSI E FLUXO DE 5,0ML/S,EMBALAGEM INDIVIDUAL EM PAPEL GRAU CIRURGICO. ROTULO COM Nº LOTE, DATA FABRICACAO/VALIDADE E PROCEDENCIA. REGISTRO MINISTERIO SAUDE.|CATETER CENTRAL, APLICAÇÃO: VENOSO , TIPO IMPLANTE: INSERÇÃO PERIFÉRICA , MATÉRIA PRIMA: POLIURETANO RADIOPACO , DIÂMETRO: CERCA 5 FR , VIAS: DUPLO LÚMEN , COMPRIMENTO: CERCA 55 CM, CONECTOR: CONECTORES PADRÃO, CLAMP EM TODAS VIAS E TAMPAS , COMPONENTE: KIT INTRODUTOR COMPLETO , TIPO USO: ESTÉRIL, DESCARTÁVEL, EMBALAGEM INDIVIDUAL 
159|OK_SEM_FLAGS|False|False|False|MATERIAIS DE USO TECNICO HOSPITALAR|INSTRUMENTOS, EQUIPAMENTOS E SUPRIMENTOS MÉDICOS  E  CIRÚRGICOS|3690911|437328|CATETER VENOSO CENTRAL - DO TIPO CATETER CENTRAL DE INSERCAO PERIFERICA (CCIP/PICC) - DE ALTO FLUXO COM CALIBRE 6,00FR, DUPLO LUMEN,COMPRIMENTO 55,00CM, 100% EM POLIURETANO, RADIOPACO,COM MARCAS DE PROFUNDIDADE A CADA CENTIMETRO, ESTERIL,COM KIT DE MICRO INTRODUTOR CONTENDO UMA AGULHA HIPODERMICA DE 21 GAUGE COM DISPOSITIVO DE SEGURANCA, LAMINA DE BISTURI Nº 11, FIO GUIA EM NITINOL ATRAUMATICO, INTRODUTOR/DILATADOR EM POLITETRAFLUORETILENO (PTFE) DESCASCAVEL E LUBRIFICADO, QUE SUPORTE PRESSAO DE 300PSI E FLUXO DE 5,00ML/S,EMBALAGEM INDIVIDUAL EM PAPEL GRAU CIRURGICO. ROTULO COM Nº LOTE, DATA FABRICACAO/VALIDADE E  PROCEDENCIA,.REGISTRO NO MINISTERIO DA SAUDE.|CATETER CENTRAL, APLICAÇÃO: VENOSO , TIPO IMPLANTE: INSERÇÃO PERIFÉRICA , MATÉRIA PRIMA: POLIURETANO RADIOPACO , DIÂMETRO: CERCA 6 FR , VIAS: DUPLO LÚMEN , COMPRIMENTO: CERCA 55 CM, CONECTOR: CONECTORES PADRÃO, CLAMP EM TODAS VIAS E TAMPAS , COMPONENTE: KIT INTRODUTOR COMPLETO , TIPO USO: ESTÉRIL, DESCARTÁVEL, EMBALAGEM INDIVIDUAL 
160|OK_SEM_FLAGS|False|False|False|MATERIAIS DE USO TECNICO HOSPITALAR|INSTRUMENTOS, EQUIPAMENTOS E SUPRIMENTOS MÉDICOS  E  CIRÚRGICOS|3428150|437395|CATETER TOTALMENTE IMPLANTAVEL P/QUIMIOTERAPIA - CONFECCIONADO EM SILICONE DE 9.0 FR E 70 CM DE COMPRIMENTO DIAMETRO INTERNO DE 01,50MM, DIAMETRO EXTERNO DE 03,00MM, SIMPLES LUMEN, RADIOPACO, COM MARCAS DE REFERANCIA,RESERVATORIO 100 POR CENTO EM TITANIO GRAU MEDICO MODELO ADULTO, VOLUME INTERNO APX DE 0,7ML, SEPTICO DE SILICONE NA PARTE CENTRAL DIAMETRO 12MM,KIT DE INTRODUCAO COM UM INTRODUTOR 10FR COM DILATADOR, UM FIO GUIA EM J EM ACO INOXIDAVEL, AGULGA DE PUNCAO 18G/7CM,AGULHA DE HUBER 20G/20MM, TUNELIZADOR,MANUAL DO PACIENTE, CARTAO DE PACIENTE PARA REGISTRO DAS HEPARANIZACOES, MANUAL DO MEDICO,ACONDICIONADO EM BANDEJAEMBALADO EM BLISTER E SELADO, ESTERILIZADO POR, OXIDO DE ETILENO, DATA DE FABRICACAO E VALIDADE COM GISTRO NO MS/ANVISA|CATETER CENTRAL, TIPO IMPLANTE: TOTALMENTE IMPLANTÁVEL , MATÉRIA PRIMA: SILICONE, RESERVATÓRIO TITÂNIO , DIÂMETRO: INTRODUTOR CERCA 9 FR , COMPRIMENTO: ATÉ 100 CM, COMPONENTE: KIT INTRODUTOR COMPLETO , COMPONENTE I: C/ VÁLVULA ANTIRREFLUXO , TIPO USO: ESTÉRIL, DESCARTÁVEL, EMBALAGEM INDIVIDUAL 
161|COM_COMENTARIO; MAPEAMENTO_INCERTO|False|False|True|MATERIAIS DE USO TECNICO HOSPITALAR|INSTRUMENTOS, EQUIPAMENTOS E SUPRIMENTOS MÉDICOS  E  CIRÚRGICOS|2801159|457458|CATETER - CONJ. DE CATETERIZACAO ARTERIAL FEMURAL, RADIOPACO, EM POLIURETANO II,COM CONECTOR LUER LOCK,FIO GUIA DE 0,25, COM BISEL CORTANTE EM V, COM INTRODUTOR DE 18GA,20GA X 20CM,PARA MONITORIZACAO DE PRESSAO ARTERIAL FEMURAL,CONFORME REGULAMENTACAO DA ANVISA,EMBALADO EM PAPEL GRAU CIRURGICO TRANSPARENTE, CONTENDO LOTE E VALIDADE, ESTERIL, REGISTRADO NO MINISTERIO DA SAUDE|CATETER MONITORIZAÇÃO, TIPO: ARTERIAL , TAMANHO: CERCA DE 4 FRENCH, COMPRIMENTO: CERCA DE 12 CM, ESTERILIDADE: ESTÉRIL, USO ÚNICO , MATERIAL: POLIURETANO , COMPONENTES: KIT C/ FIO GUIA E AGULHA INTRODUTORA 20 GA , COMPONENTE I: ABA P/ SUTURA E FIXAÇÃO 
161|COM_COMENTARIO; MAPEAMENTO_INCERTO|False|False|True|MATERIAIS DE USO TECNICO HOSPITALAR|INSTRUMENTOS, EQUIPAMENTOS E SUPRIMENTOS MÉDICOS  E  CIRÚRGICOS|2801159|456740|CATETER - CONJ. DE CATETERIZACAO ARTERIAL FEMURAL, RADIOPACO, EM POLIURETANO II,COM CONECTOR LUER LOCK,FIO GUIA DE 0,25, COM BISEL CORTANTE EM V, COM INTRODUTOR DE 18GA,20GA X 20CM,PARA MONITORIZACAO DE PRESSAO ARTERIAL FEMURAL,CONFORME REGULAMENTACAO DA ANVISA,EMBALADO EM PAPEL GRAU CIRURGICO TRANSPARENTE, CONTENDO LOTE E VALIDADE, ESTERIL, REGISTRADO NO MINISTERIO DA SAUDE|CATETER MONITORIZAÇÃO, TIPO: ARTERIAL , TAMANHO: CERCA DE 4 FRENCH, COMPRIMENTO: CERCA DE 12 CM, ESTERILIDADE: ESTÉRIL, USO ÚNICO , MATERIAL: POLIURETANO , COMPONENTES: KIT C/ FIO GUIA E AGULHA INTRODUTORA 18 GA , COMPONENTE I: ABA P/ SUTURA E FIXAÇÃO 
162|MAPEAMENTO_INCERTO|False|False|True|MATERIAIS DE USO TECNICO HOSPITALAR|INSTRUMENTOS, EQUIPAMENTOS E SUPRIMENTOS MÉDICOS  E  CIRÚRGICOS|2801140|457456|CATETER - CONJ. DE CATETERIZACAO ARTERIAL RADIAL, RADIOPACO, EM POLIURETANO II,COM EXTENSOR E CLIP DE SEGURANCA DE 7CM COM GRAMPO REMOVIVEL,COM FIO GUIA DE 0,21 EM J, AGULHA INTRODUTORA DE 20GA COM BISEL CORTANTE EM V, COM CONECTOR LUER LOCK, ASA DE FIXACAO DE BAIXO PERFIL, VERMELHO PARA FACILITAR A IDENTIFICACAO,20GA X 5CM,PARA MONITORIZACAO DE PRESSAO ARTERIAL RADIAL,CONFORME REGULAMENTACAO DA ANVISA,EMBALADO EM PAPEL GRAU CIRURGICO TRANSPARENTE, CONTENDO LOTE E VALIDADE, ESTERIL, REGISTRADO NO MINISTERIO DA SAUDE.|CATETER MONITORIZAÇÃO, TIPO: ARTERIAL , TAMANHO: CERCA DE 4 FRENCH, COMPRIMENTO: CERCA DE 6 CM, ESTERILIDADE: ESTÉRIL, USO ÚNICO , MATERIAL: POLIURETANO , COMPONENTES: KIT C/ FIO GUIA E AGULHA INTRODUTORA 20 GA , COMPONENTE I: ABA P/ SUTURA E FIXAÇÃO 
163|OK_SEM_FLAGS|False|False|False|MATERIAIS DE USO TECNICO HOSPITALAR|INSTRUMENTOS, EQUIPAMENTOS E SUPRIMENTOS MÉDICOS  E  CIRÚRGICOS|1562754|621737|CATETER NASAL - ANATOMICO, FLEXIVEL, ATOXICO, ESTERIL, APIROGENICO E DESCARTAVEL., COM SUSTENTACAO NO PAVILHAO AURICULAR, COM ADAPTADOR NASAL ANATOMICO (CANULA NASAL), ADULTO PARA OXIGENOTERAPIA (TIPO OCULOS), EMBALAGEM INDIVIDUAL COM DADOS DE IDENTIFICACAO EPROCEDENCIA, VALIDADE E LOTE E REGISTRO NO MS.|CATETER NASAL PARA OXIGÊNIO, MODELO: TIPO ÓCULOS , APLICAçãO: P/ OXIGENOTERAPIA , MATERIAL: TUBO E PRONGA DE SILICONE , CONECTOR: COMPATÍVEL C/ FONTE O2 , TAMANHO: ADULTO , COMPRIMENTO: CERCA DE 2,5 M , ESTERILIDADE: ESTÉRIL, USO ÚNICO 
164|OK_SEM_FLAGS|False|False|False|MATERIAIS DE USO TECNICO HOSPITALAR|INSTRUMENTOS, EQUIPAMENTOS E SUPRIMENTOS MÉDICOS  E  CIRÚRGICOS|1562770|621726|CATETER NASAL - ANATOMICO, FLEXIVEL, ATOXICO, ESTERIL, APIROGENICO E DESCARTAVEL., COM SUSTENTACAO NO PAVILHAO AURICULAR, COM ADAPTADOR NASAL ANATOMICO (CANULA NASAL), INFANTIL PARA OXIGENOTERAPIA (TIPO OCULOS), EMBALAGEM INDIVIDUAL COM DADOS DE IDENTIFICACAO EPROCEDENCIA, VALIDADE E LOTE E REGISTRO NO MS.|CATETER NASAL PARA OXIGÊNIO, MODELO: TIPO ÓCULOS , APLICAçãO: P/ OXIGENOTERAPIA , MATERIAL: TUBO E PRONGA DE SILICONE , CONECTOR: COMPATÍVEL C/ FONTE O2 , TAMANHO: INFANTIL , COMPRIMENTO: CERCA DE 1,5 M , ESTERILIDADE: ESTÉRIL, USO ÚNICO 
165|MAPEAMENTO_INCERTO|False|False|True|MATERIAIS DE USO TECNICO HOSPITALAR|INSTRUMENTOS, EQUIPAMENTOS E SUPRIMENTOS MÉDICOS  E  CIRÚRGICOS|4190165|621733|CATETER NASAL - 100% SILICONE, ANATOMICO, FLEXIVEL, ATOXICO, ESTERIL, APIROGENICO E DESCARTAVEL,COM SUSTENTACAO NO PAVILHAO AURICULAR, COM  ADAPTADOR NASAL ANATOMICO (CANULA NASAL),TIPO OCULOS, NEONATAL, COM CALIBRE EXTERNO DE 6 FR DIAMETRO EXTERNO DE 2,00 MM, PROLONGADOR 2100 MM,EMBALAGEM INDIVIDUAL. ROTULO N.LOTE, DATA FABRICACAO/VALIDADE E PROCEDENCIA. REGISTRO NO MS.|CATETER NASAL PARA OXIGÊNIO, MODELO: TIPO ÓCULOS , APLICAçãO: P/ OXIGENOTERAPIA , MATERIAL: TUBO PLÁSTICO C/ PRONGA DE SILICONE , CONECTOR: COMPATÍVEL C/ FONTE O2 , TAMANHO: NEONATAL , COMPRIMENTO: CERCA DE 2,5 M , ESTERILIDADE: ESTÉRIL, USO ÚNICO 
165|MAPEAMENTO_INCERTO|False|False|True|MATERIAIS DE USO TECNICO HOSPITALAR|INSTRUMENTOS, EQUIPAMENTOS E SUPRIMENTOS MÉDICOS  E  CIRÚRGICOS|4190165|621739|CATETER NASAL - 100% SILICONE, ANATOMICO, FLEXIVEL, ATOXICO, ESTERIL, APIROGENICO E DESCARTAVEL,COM SUSTENTACAO NO PAVILHAO AURICULAR, COM  ADAPTADOR NASAL ANATOMICO (CANULA NASAL),TIPO OCULOS, NEONATAL, COM CALIBRE EXTERNO DE 6 FR DIAMETRO EXTERNO DE 2,00 MM, PROLONGADOR 2100 MM,EMBALAGEM INDIVIDUAL. ROTULO N.LOTE, DATA FABRICACAO/VALIDADE E PROCEDENCIA. REGISTRO NO MS.|CATETER NASAL PARA OXIGÊNIO, MODELO: TIPO ÓCULOS , APLICAçãO: P/ OXIGENOTERAPIA , MATERIAL: TUBO E PRONGA DE SILICONE , CONECTOR: COMPATÍVEL C/ FONTE O2 , TAMANHO: NEONATAL , COMPRIMENTO: CERCA DE 2,5 M , ESTERILIDADE: ESTÉRIL, USO ÚNICO 
166|MAPEAMENTO_INCERTO|False|False|True|MATERIAIS DE USO TECNICO HOSPITALAR|INSTRUMENTOS, EQUIPAMENTOS E SUPRIMENTOS MÉDICOS  E  CIRÚRGICOS|4190165|621739|CATETER NASAL - 100% SILICONE, ANATOMICO, FLEXIVEL, ATOXICO, ESTERIL, APIROGENICO E DESCARTAVEL,COM SUSTENTACAO NO PAVILHAO AURICULAR, COM  ADAPTADOR NASAL ANATOMICO (CANULA NASAL),TIPO OCULOS, NEONATAL, COM CALIBRE EXTERNO DE 6 FR DIAMETRO EXTERNO DE 2,00 MM, PROLONGADOR 2100 MM,EMBALAGEM INDIVIDUAL. ROTULO N.LOTE, DATA FABRICACAO/VALIDADE E PROCEDENCIA. REGISTRO NO MS.|CATETER NASAL PARA OXIGÊNIO, MODELO: TIPO ÓCULOS , APLICAçãO: P/ OXIGENOTERAPIA , MATERIAL: TUBO E PRONGA DE SILICONE , CONECTOR: COMPATÍVEL C/ FONTE O2 , TAMANHO: NEONATAL , COMPRIMENTO: CERCA DE 2,5 M , ESTERILIDADE: ESTÉRIL, USO ÚNICO 
168|MAPEAMENTO_INCERTO|False|False|True|MATERIAIS DE USO TECNICO HOSPITALAR|INSTRUMENTOS, EQUIPAMENTOS E SUPRIMENTOS MÉDICOS  E  CIRÚRGICOS|163813|455931|CATETER DE PERIDURAL DESCARTAVEL - EM POLIAMIDA RADIOPACA, COM COMPRIMENTO DE 100 CM, E MARCACAO EM CENTIMETRO, PONTA ROMBA COM 03 ORIFICOS LATERAIS, SEM DISPOSITIVO INTRODUTOR, CALIBRE 16G, APRESENTACAO CONFORME DECRETO LEI 79094/77 COMBINADO COM ART.31 DA LEI 8078/90,CONTENDO DADOSDE IDENTIFICACAO,PROCEDENCIA,VAL,LOTE E REG NO MS|CATETER PARA ANESTESIA, USO: EPIDURAL CONTÍNUA , MATERIAL: POLÍMERO RADIOPACO , CALIBRE: CERCA DE 16 G , ADICIONAIS: MARCAS DE PROFUNDIDADE , ESTERILIDADE: ESTÉRIL, USO ÚNICO 
169|MAPEAMENTO_INCERTO|False|False|True|MATERIAIS DE USO TECNICO HOSPITALAR|INSTRUMENTOS, EQUIPAMENTOS E SUPRIMENTOS MÉDICOS  E  CIRÚRGICOS|1609076|455932|CATETER DE PERIDURAL DESCARTAVEL - EM POLIAMIDA RADIOPACO, COM COMPRIMENTO DE 1 M, E MARCACAO EM CENTIMETROS, PONTA ROMBA COM 3 ORIFICIO LATERAIS, DISPOSITIVO INTRODUTOR E CONEXAO LUER-LOCK, CALIBRE 18 G, APRESENTACAO CONFORME DECRETO LEI 79094/77 EMBALADO INDIVIDUALMENTE, EM PAPEL GRAU CIRURGICO ESTERIL|CATETER PARA ANESTESIA, USO: EPIDURAL CONTÍNUA , MATERIAL: POLÍMERO RADIOPACO , CALIBRE: CERCA DE 18 G , ADICIONAIS: MARCAS DE PROFUNDIDADE , ESTERILIDADE: ESTÉRIL, USO ÚNICO 
173|MAPEAMENTO_INCERTO|False|False|True|MATERIAIS DE USO TECNICO HOSPITALAR|INSTRUMENTOS, EQUIPAMENTOS E SUPRIMENTOS MÉDICOS  E  CIRÚRGICOS|1819046|437290|CATETER PARA SUBCLAVIA - EM POLIURETANO, PARA VIA CENTRAL, MEDINDO 30,5CM, RADIOPACOA UM CANHAO, RADIOPACO, COMPOSTO DE GUIA DE ACO INOXIDAVEL, AGULHA DE CALIBRE 16G, MEDINDO 1,7MM X 30,5CM, ADULTO, ESTERIL, TRIFACETADA E BIANGULADA, COM ORIFICIO PARA SUTURA E FECHO DE SEGURANCA, CONECTOR LUER LOCK|CATETER CENTRAL, APLICAÇÃO: VENOSO , MATÉRIA PRIMA: POLIURETANO RADIOPACO , VIAS: MONO LÚMEN , LÚMEN: 16 GAU, COMPRIMENTO: CERCA 30 CM, TIPO FIXAÇÃO: FIXAÇÃO SUBCUTÂNEA , CONECTOR: CONECTORES PADRÃO, CLAMP E TAMPA , COMPONENTE: KIT INTRODUTOR COMPLETO , TIPO USO: ESTÉRIL, DESCARTÁVEL, EMBALAGEM INDIVIDUAL 
174|MAPEAMENTO_INCERTO|False|False|True|MATERIAIS DE USO TECNICO HOSPITALAR|INSTRUMENTOS, EQUIPAMENTOS E SUPRIMENTOS MÉDICOS  E  CIRÚRGICOS|1792920|437576|"CATETER PARA SUBCLAVIA - EM POLIURETANO,PARA VIA CENTRAL,MEDINDO 30,5CM, RADIOPACO, COMPOSTO DE GUIA DE ACO INOXIDAVEL,AGULHA DE CALIBRE 19GX12""MEDINDO 1,1X30,5CM , INFANTIL, ESTERIL,TRIFACEADO E BIANGULADA, COM ORIFIO PARA S UTURA E FECHO DE SEGURANCA"|CATETER CENTRAL, APLICAÇÃO: VENOSO , MATÉRIA PRIMA: POLIURETANO RADIOPACO , VIAS: MONO LÚMEN , LÚMEN: 19 GAU, COMPRIMENTO: CERCA 30 CM, TIPO FIXAÇÃO: FIXAÇÃO SUBCUTÂNEA , CONECTOR: CONECTORES PADRÃO, CLAMP E TAMPA , COMPONENTE: KIT INTRODUTOR COMPLETO , TIPO USO: ESTÉRIL, DESCARTÁVEL, EMBALAGEM INDIVIDUAL 
176|OK_SEM_FLAGS|False|False|False|MATERIAIS DE USO TECNICO HOSPITALAR|INSTRUMENTOS, EQUIPAMENTOS E SUPRIMENTOS MÉDICOS  E  CIRÚRGICOS|2704358|438519|DRENO PENROSE - DRENO PENROSE  20 TAMANHO N.1,  ESTERIL CONFECCIONADO EM LATEX NATURAL,FORMATO TUBULAR, UNIFORME,EM TODA A SUA EXTENSAO, COM PAREDES FINAS E MALEAVEIS.,EMBALAGEM COM DADOS DE IDENTIFICACAO E PROCEDENCIA,DATA E TIPO DE ESTERILIZACAO E TEMPO DE VALIDADE . REGISTRO NO M.DA SAUDE.|DRENO CIRÚRGICO, MODELO: DE PENROSE , MATERIAL: BORRACHA , DIMENSÕES: CERCA DE 6 MM X 30 CM, TIPO USO: ESTÉRIL, DESCARTÁVEL , EMBALAGEM: EMBALAGEM INDIVIDUAL 
177|OK_SEM_FLAGS|False|False|False|MATERIAIS DE USO TECNICO HOSPITALAR|INSTRUMENTOS, EQUIPAMENTOS E SUPRIMENTOS MÉDICOS  E  CIRÚRGICOS|2704366|438520|DRENO PENROSE - DRENO PENROSE  40 TAMANHO N.2,  ESTERIL CONFECCIONADO EM LATEX NATURAL,FORMATO TUBULAR, UNIFORME,EM TODA A SUA EXTENSAO, COM PAREDES FINAS E MALEAVEIS.,EMBALAGEM COM DADOS DE IDENTIFICACAO E PROCEDENCIA,DATA E TIPO DE ESTERILIZACAO E TEMPO DE VALIDADE . REGISTRO NO M.DA SAUDE.|DRENO CIRÚRGICO, MODELO: DE PENROSE , MATERIAL: BORRACHA , DIMENSÕES: CERCA DE 8 MM X 30 CM, TIPO USO: ESTÉRIL, DESCARTÁVEL , EMBALAGEM: EMBALAGEM INDIVIDUAL 
179|OK_SEM_FLAGS|False|False|False|MATERIAIS DE USO TECNICO HOSPITALAR|INSTRUMENTOS, EQUIPAMENTOS E SUPRIMENTOS MÉDICOS  E  CIRÚRGICOS|2704390|438522|DRENO PENROSE - DRENO PENROSE   80 TAMANHO N.4,  ESTERIL CONFECCIONADO EM LATEX NATURAL,FORMATO TUBULAR, UNIFORME,EM TODA A SUA EXTENSAO, COM PAREDES FINAS E MALEAVEIS.,EMBALAGEM COM DADOS DE IDENTIFICACAO E PROCEDENCIA,DATA E TIPO DE ESTERILIZACAO E TEMPO DE VALIDADE . REGISTRO NO M.DA SAUDE.|DRENO CIRÚRGICO, MODELO: DE PENROSE , MATERIAL: BORRACHA , DIMENSÕES: CERCA DE 12 MM X 30 CM, TIPO USO: ESTÉRIL, DESCARTÁVEL , EMBALAGEM: EMBALAGEM INDIVIDUAL 
180|OK_SEM_FLAGS|False|False|False|ORTESES, PROTESES E MATERIAIS AUXILIARES|INSTRUMENTOS, EQUIPAMENTOS E SUPRIMENTOS MÉDICOS  E  CIRÚRGICOS|2528223|438610|"DRENO DE SUCCAO - DE SILICONE, COM AGULHA PERFURANTE DE 3/16"" (TROCATER), COM TUBO DE ASPIRACAO COM 10 FR, COM RESERVATORIO COM CAPACIDADE PARA 100 ML, CANALIZADO"|DRENO CIRÚRGICO, MODELO: TUBULAR, CENTRO RÍGIDO C/ 4 CANAIS , MATERIAL: SILICONE , CALIBRE: CERCA DE 10 FRENCH, COMPONENTE: INTRODUTOR EM AÇO INOXIDÁVEL , COMPONENTE II: RADIOPACO , TIPO USO: ESTÉRIL, DESCARTÁVEL , EMBALAGEM: EMBALAGEM INDIVIDUAL 
181|OK_SEM_FLAGS|False|False|False|ORTESES, PROTESES E MATERIAIS AUXILIARES|INSTRUMENTOS, EQUIPAMENTOS E SUPRIMENTOS MÉDICOS  E  CIRÚRGICOS|2528169|449476|"DRENO DE SUCCAO - DE SILICONE, COM AGULHA PERFURANTE DE 3/16"" (TROCATER), COM TUBO DE ASPIRACAO COM 19 FR, COM RESERVATORIO COM CAPACIDADE PARA 100 ML, CILINDRICO CANALIZADO, TIPO BLAKE"|DRENO CIRÚRGICO, MODELO: TUBULAR, CENTRO RÍGIDO C/ 4 CANAIS , MATERIAL: SILICONE , CALIBRE: CERCA DE 19 FRENCH, COMPONENTE ADICIONAL: C/ RESERVATÓRIO GRADUADO - PRESSÃO NEGATIVA , VOLUME: CERCA DE 100 ML, COMPONENTE II: RADIOPACO , TIPO USO: ESTÉRIL, DESCARTÁVEL 
182|OK_SEM_FLAGS|False|False|False|ORTESES, PROTESES E MATERIAIS AUXILIARES|INSTRUMENTOS, EQUIPAMENTOS E SUPRIMENTOS MÉDICOS  E  CIRÚRGICOS|2528215|449477|"DRENO DE SUCCAO - DE SILICONE, COM AGULHA PERFURANTE DE 3/16"" (TROCATER), COM TUBO DE ASPIRACAO COM 24 FR, COM RESERVATORIO COM CAPACIDADE PARA 100 ML, CILINDRICO CANALIZADO, TIPO BLAKE"|DRENO CIRÚRGICO, MODELO: TUBULAR, CENTRO RÍGIDO C/ 4 CANAIS , MATERIAL: SILICONE , CALIBRE: CERCA DE 24 FRENCH, COMPONENTE ADICIONAL: C/ RESERVATÓRIO GRADUADO - PRESSÃO NEGATIVA , VOLUME: CERCA DE 100 ML, COMPONENTE II: RADIOPACO , TIPO USO: ESTÉRIL, DESCARTÁVEL 
183|OK_SEM_FLAGS|False|False|False|ORTESES, PROTESES E MATERIAIS AUXILIARES|INSTRUMENTOS, EQUIPAMENTOS E SUPRIMENTOS MÉDICOS  E  CIRÚRGICOS|874582|464741|DRENO DE SUCCAO - DE PVC TRANSPARENTE, FLEXIVEL, MULTIPERFURADO, LINHARADIOPACA, COM AGULHA PERFURANTE DE , DIGO CANULA DE ACO COM DIAMETRO DE 3,2MM, SISTEMA DE SUCCAO POR DESCOMPRESSAO MECANICA DE MOLAS, COM TUBO DE ASPIRACAO COM NO MINIMO 1,20M DE COMP., PINCA CORTA FLUXO, ADAPTADOR EM Y, COM RESERVATORIO COM CAPCACIDADE MINIMA DE 400ML, 4 MOLAS EM ACO EINDICADORES PARA CONEXAO E ESVAZIAMENTO, SISTEMA DE SUCCAO POR DESCOMPRESSAO MECANICA|DRENO CIRÚRGICO, MODELO: TUBULAR , MATERIAL: SILICONE , CALIBRE: 10 FRENCH, COMPONENTE: INTRODUTOR EM AÇO INOXIDÁVEL , COMPONENTE ADICIONAL: C/ RESERVATÓRIO GRADUADO - PRESSÃO NEGATIVA , VOLUME: CERCA DE 600 ML, CONECTOR UNIVERSAL: C/ CONECTOR DUPLO , COMPONENTE I: C/ VÁLVULA ANTIRREFLUXO E EXTENSOR C/ CLAMP , COMPONENTE II: RADIOPACO , TIPO USO: ESTÉRIL, DESCARTÁVEL , EMBALAGEM: EMBALAGEM INDIVIDUAL 
184|OK_SEM_FLAGS|False|False|False|ORTESES, PROTESES E MATERIAIS AUXILIARES|INSTRUMENTOS, EQUIPAMENTOS E SUPRIMENTOS MÉDICOS  E  CIRÚRGICOS|874558|464739|DRENO DE SUCCAO - DE PVC TRANSPARENTE, FLEXIVEL, MULTIPERFURADO, LINHARADIOPACA, COM AGULHA PERFURANTE DE , DIGO CANULA DE ACO COM DIAMETRO DE 4,8MM, SISTEMA DE SUCCAO POR DESCOMPRESSAO MECANICA DE MOLAS, COM TUBO DE ASPIRACAO COM NO MINIMO 1,20M DE COMP., PINCA CORTA FLUXO, ADAPTADOR EM Y, COM RESERVATORIO COM CAPCACIDADE MINIMA DE 400ML, 4 MOLAS EM ACO EINDICADORES PARA CONEXAO E ESVAZIAMENTO, SISTEMA DE SUCCAO POR DESCOMPRESSAO MECANICA|DRENO CIRÚRGICO, MODELO: TUBULAR , MATERIAL: SILICONE , CALIBRE: 14 FRENCH, COMPONENTE: INTRODUTOR EM AÇO INOXIDÁVEL , COMPONENTE ADICIONAL: C/ RESERVATÓRIO GRADUADO - PRESSÃO NEGATIVA , VOLUME: CERCA DE 600 ML, CONECTOR UNIVERSAL: C/ CONECTOR DUPLO , COMPONENTE I: C/ VÁLVULA ANTIRREFLUXO E EXTENSOR C/ CLAMP , COMPONENTE II: RADIOPACO , TIPO USO: ESTÉRIL, DESCARTÁVEL , EMBALAGEM: EMBALAGEM INDIVIDUAL 
185|OK_SEM_FLAGS|False|False|False|ORTESES, PROTESES E MATERIAIS AUXILIARES|INSTRUMENTOS, EQUIPAMENTOS E SUPRIMENTOS MÉDICOS  E  CIRÚRGICOS|874655|464740|DRENO DE SUCCAO - DE PVC TRANSPARENTE, FLEXIVEL, MULTIPERFURADO, LINHARADIOPACA, COM AGULHA PERFURANTE DE , DIGO CANULA DE ACO COM DIAMETRO DE 6,4MM, SISTEMA DE SUCCAO POR DESCOMPRESSAO MECANICA DE MOLAS, COM TUBO DE ASPIRACAO COM NO MINIMO 1,20M DE COMP., PINCA CORTA FLUXO, ADAPTADOR EM Y, COM RESERVATORIO COM CAPCACIDADE MINIMA DE 400ML, 4 MOLAS EM ACO EINDICADORES PARA CONEXAO E ESVAZIAMENTO, SISTEMA DE SUCCAO POR DESCOMPRESSAO MECANICA|DRENO CIRÚRGICO, MODELO: TUBULAR , MATERIAL: SILICONE , CALIBRE: 18 FRENCH, COMPONENTE: INTRODUTOR EM AÇO INOXIDÁVEL , COMPONENTE ADICIONAL: C/ RESERVATÓRIO GRADUADO - PRESSÃO NEGATIVA , VOLUME: CERCA DE 600 ML, CONECTOR UNIVERSAL: C/ CONECTOR DUPLO , COMPONENTE I: C/ VÁLVULA ANTIRREFLUXO E EXTENSOR C/ CLAMP , COMPONENTE II: RADIOPACO , TIPO USO: ESTÉRIL, DESCARTÁVEL , EMBALAGEM: EMBALAGEM INDIVIDUAL 
187|OK_SEM_FLAGS|False|False|False|MATERIAIS DE USO TECNICO HOSPITALAR|INSTRUMENTOS, EQUIPAMENTOS E SUPRIMENTOS MÉDICOS  E  CIRÚRGICOS|3704750|438467|DRENO DE TORAX - CONFECCIONADO EM PVC FLEXIVEL,CONECTOR DRENO-TUBO (INDIVIDUAL OU UNIVERSAL),RADIOPACO MULTIPERFURADO,N° 16, DRENO COM 40,00CM,ESTERIL,EMBALAGEM INDIVIDUAL EM PAPEL GRAU CIRURGICO E/OU EM COMBINACAO COM FILME PLASTICO,ROTULAGEM CONFORME RDC 185 ANVISA|DRENO CIRÚRGICO, MODELO: TORÁCICO , MATERIAL: PVC , CALIBRE: 16 FRENCH, COMPRIMENTO: CERCA DE 50 CM, COMPONENTE II: RADIOPACO , TIPO USO: ESTÉRIL, DESCARTÁVEL , EMBALAGEM: EMBALAGEM INDIVIDUAL 
188|OK_SEM_FLAGS|False|False|False|MATERIAIS DE USO TECNICO HOSPITALAR|INSTRUMENTOS, EQUIPAMENTOS E SUPRIMENTOS MÉDICOS  E  CIRÚRGICOS|3704769|438463|DRENO DE TORAX - CONFECCIONADO EM PVC FLEXIVEL,CONECTOR DRENO- TUBO (INDIVIDUAL OU UNIVERSAL),RADIOPACO MULTIPERFURADO,N° 18, DRENO COM 40,00CM,ESTERIL,EMBALAGEM INDIVIDUAL EM PAPEL GRAU CIRURGICO E/OU EM COMBINACAO COM FILME PLASTICO,ROTULAGEM CONFORME RDC 185 ANVISA|DRENO CIRÚRGICO, MODELO: TORÁCICO , MATERIAL: PVC , CALIBRE: 18 FRENCH, COMPRIMENTO: CERCA DE 50 CM, COMPONENTE II: RADIOPACO , TIPO USO: ESTÉRIL, DESCARTÁVEL , EMBALAGEM: EMBALAGEM INDIVIDUAL 
190|OK_SEM_FLAGS|False|False|False|MATERIAIS DE USO TECNICO HOSPITALAR|INSTRUMENTOS, EQUIPAMENTOS E SUPRIMENTOS MÉDICOS  E  CIRÚRGICOS|3704890|438464|DRENO DE TORAX - CONFECCIONADO EM PVC FLEXIVEL,CONECTOR DRENO- TUBO (INDIVIDUAL OU UNIVERSAL),RADIOPACO MULTIPERFURADO,N° 22, DRENO COM 45,00CM,ESTERIL,EMBALAGEM INDIVIDUAL EM PAPEL GRAU CIRURGICO E/OU EM COMBINACAO COM FILME PLASTICO,ROTULAGEM CONFORME RDC 185 ANVISA|DRENO CIRÚRGICO, MODELO: TORÁCICO , MATERIAL: PVC , CALIBRE: 22 FRENCH, COMPRIMENTO: CERCA DE 50 CM, COMPONENTE II: RADIOPACO , TIPO USO: ESTÉRIL, DESCARTÁVEL , EMBALAGEM: EMBALAGEM INDIVIDUAL 
191|OK_SEM_FLAGS|False|False|False|MATERIAIS DE USO TECNICO HOSPITALAR|INSTRUMENTOS, EQUIPAMENTOS E SUPRIMENTOS MÉDICOS  E  CIRÚRGICOS|3704912|438466|DRENO DE TORAX - CONFECCIONADO EM PVC FLEXIVEL,CONECTOR DRENO- TUBO (INDIVIDUAL OU UNIVERSAL),RADIOPACO MULTIPERFURADO,N° 24, DRENO COM 45,00CM,ESTERIL,EMBALAGEM INDIVIDUAL EM PAPEL GRAU CIRURGICO E/OU EM COMBINACAO COM FILME PLASTICO,ROTULAGEM CONFORME RDC 185 ANVISA|DRENO CIRÚRGICO, MODELO: TORÁCICO , MATERIAL: PVC , CALIBRE: 24 FRENCH, COMPRIMENTO: CERCA DE 50 CM, COMPONENTE II: RADIOPACO , TIPO USO: ESTÉRIL, DESCARTÁVEL , EMBALAGEM: EMBALAGEM INDIVIDUAL 
192|OK_SEM_FLAGS|False|False|False|MATERIAIS DE USO TECNICO HOSPITALAR|INSTRUMENTOS, EQUIPAMENTOS E SUPRIMENTOS MÉDICOS  E  CIRÚRGICOS|3704920|438470|DRENO DE TORAX - CONFECCIONADO EM PVC FLEXIVEL,CONECTOR DRENO- TUBO (INDIVIDUAL OU UNIVERSAL),RADIOPACO MULTIPERFURADO,N° 26, DRENO COM 45,00CM,ESTERIL,EMBALAGEM INDIVIDUAL EM PAPEL GRAU CIRURGICO E/OU EM COMBINACAO COM FILME PLASTICO,ROTULAGEM CONFORME RDC 185 ANVISA|DRENO CIRÚRGICO, MODELO: TORÁCICO , MATERIAL: PVC , CALIBRE: 26 FRENCH, COMPRIMENTO: CERCA DE 50 CM, COMPONENTE II: RADIOPACO , TIPO USO: ESTÉRIL, DESCARTÁVEL , EMBALAGEM: EMBALAGEM INDIVIDUAL 
193|OK_SEM_FLAGS|False|False|False|MATERIAIS DE USO TECNICO HOSPITALAR|INSTRUMENTOS, EQUIPAMENTOS E SUPRIMENTOS MÉDICOS  E  CIRÚRGICOS|3704939|438471|DRENO DE TORAX - CONFECCIONADO EM PVC FLEXIVEL,CONECTOR DRENO- TUBO (INDIVIDUAL OU UNIVERSAL),RADIOPACO MULTIPERFURADO,N° 28, DRENO COM 45,00CM,ESTERIL,EMBALAGEM INDIVIDUAL EM PAPEL GRAU CIRURGICO E/OU EM COMBINACAO COM FILME PLASTICO,ROTULAGEM CONFORME RDC 185 ANVISA|DRENO CIRÚRGICO, MODELO: TORÁCICO , MATERIAL: PVC , CALIBRE: 28 FRENCH, COMPRIMENTO: CERCA DE 50 CM, COMPONENTE II: RADIOPACO , TIPO USO: ESTÉRIL, DESCARTÁVEL , EMBALAGEM: EMBALAGEM INDIVIDUAL 
195|OK_SEM_FLAGS|False|False|False|MATERIAIS DE USO TECNICO HOSPITALAR|INSTRUMENTOS, EQUIPAMENTOS E SUPRIMENTOS MÉDICOS  E  CIRÚRGICOS|3705021|438478|DRENO DE TORAX - CONFECCIONADO EM PVC FLEXIVEL,CONECTOR DRENO- TUBO (INDIVIDUAL OU UNIVERSAL),RADIOPACO MULTIPERFURADO,N° 32, DRENO COM 45,00CM,ESTERIL,EMBALAGEM INDIVIDUAL EM PAPEL GRAU CIRURGICO E/OU EM COMBINACAO COM FILME PLASTICO,ROTULAGEM CONFORME RDC 185 ANVISA|DRENO CIRÚRGICO, MODELO: TORÁCICO , MATERIAL: PVC , CALIBRE: 32 FRENCH, COMPRIMENTO: CERCA DE 50 CM, COMPONENTE II: RADIOPACO , TIPO USO: ESTÉRIL, DESCARTÁVEL , EMBALAGEM: EMBALAGEM INDIVIDUAL 
197|OK_SEM_FLAGS|False|False|False|MATERIAIS DE USO TECNICO HOSPITALAR|INSTRUMENTOS, EQUIPAMENTOS E SUPRIMENTOS MÉDICOS  E  CIRÚRGICOS|3705056|438468|DRENO DE TORAX - CONFECCIONADO EM PVC FLEXIVEL,CONECTOR DRENO- TUBO (INDIVIDUAL OU UNIVERSAL),RADIOPACO MULTIPERFURADO,N° 36, DRENO COM 45,00CM,ESTERIL,EMBALAGEM INDIVIDUAL EM PAPEL GRAU CIRURGICO E/OU EM COMBINACAO COM FILME PLASTICO,ROTULAGEM CONFORME RDC 185 ANVISA|DRENO CIRÚRGICO, MODELO: TORÁCICO , MATERIAL: PVC , CALIBRE: 36 FRENCH, COMPRIMENTO: CERCA DE 50 CM, COMPONENTE II: RADIOPACO , TIPO USO: ESTÉRIL, DESCARTÁVEL , EMBALAGEM: EMBALAGEM INDIVIDUAL 
199|OK_SEM_FLAGS|False|False|False|MATERIAIS DE USO TECNICO HOSPITALAR|INSTRUMENTOS, EQUIPAMENTOS E SUPRIMENTOS MÉDICOS  E  CIRÚRGICOS|1933094|438476|DRENO DE TORAX - CONFECCIONADO EM PVC TRANSPARENTE E ATOXICO, COM INTRODUTOR (TROCATER), LINHA RADIOPACA, DE DIAMETRO CALIBRE 40, ESTERIL, APRESENTACAO CONFORME DECRETO LEI 79094/77 MS, ROTULAGEM RESPEITANDO O DECRETO LEI 79094/77 ART.31 L.8078/90 PORT.CONJ.N1 DE 23/1/96-M.SAUDE|DRENO CIRÚRGICO, MODELO: TORÁCICO , MATERIAL: PVC , CALIBRE: 40 FRENCH, COMPRIMENTO: CERCA DE 50 CM, COMPONENTE II: RADIOPACO , TIPO USO: ESTÉRIL, DESCARTÁVEL , EMBALAGEM: EMBALAGEM INDIVIDUAL 
200|MAPEAMENTO_INCERTO|False|False|True|MATERIAIS DE USO TECNICO HOSPITALAR|INSTRUMENTOS, EQUIPAMENTOS E SUPRIMENTOS MÉDICOS  E  CIRÚRGICOS|445720|619321|FRASCO PARA DRENAGEM DE TORAX - EM PVC ATOXICO,APIROGENICO,TRANSPARENTE, RIGIDO, GRADUADO EM ML COM CAPACIDADE PARA 500 ML, COM TAMPA DE ROSCA EM POLIPROPILENO E FILTRO NA SAIDA DO AR, COM ALCA DE SUSTENTACAO,EXTENSAO,CLAMP E CONECTOR, ESTERIL, APRESENTACAO CONFORME O DECRETO LEI 79094/77 COMBINADO COM O ART.31 DA LEI 8078/90, CONTENDO DADOS DE IDENTIFICACAO E PROCEDENCIA, ROTULAGEM RESPEITANDO O DECRETO LEI 79094/77 ART.31 L.8078/90 PORT CONJ N1 DE 23/1/96-MS, CONTENDO DADOS DE VALIDADE, LOTE E REGISTRO NO MS|SISTEMA COLETOR PARA DRENO DE TÓRAX, TIPO: SELO D'ÁGUA , MODELO RECIPIENTE: FRASCO RÍGIDO, GRADUADO , MATERIAL: POLÍMERO TRANSPARENTE , VOLUME: CERCA DE 500 ML, VEDAÇÃO: TAMPA ROSQUEÁVEL 2 VIAS , EXTENSOR: EXTENSOR C/ CLAMP, CONECTOR P/ DRENO , COMPONENTES: ALÇA DE TRANSPORTE / FIXAÇÃO , ESTERILIDADE: ESTÉRIL, USO ÚNICO 
200|MAPEAMENTO_INCERTO|False|False|True|MATERIAIS DE USO TECNICO HOSPITALAR|INSTRUMENTOS, EQUIPAMENTOS E SUPRIMENTOS MÉDICOS  E  CIRÚRGICOS|445720|619329|FRASCO PARA DRENAGEM DE TORAX - EM PVC ATOXICO,APIROGENICO,TRANSPARENTE, RIGIDO, GRADUADO EM ML COM CAPACIDADE PARA 500 ML, COM TAMPA DE ROSCA EM POLIPROPILENO E FILTRO NA SAIDA DO AR, COM ALCA DE SUSTENTACAO,EXTENSAO,CLAMP E CONECTOR, ESTERIL, APRESENTACAO CONFORME O DECRETO LEI 79094/77 COMBINADO COM O ART.31 DA LEI 8078/90, CONTENDO DADOS DE IDENTIFICACAO E PROCEDENCIA, ROTULAGEM RESPEITANDO O DECRETO LEI 79094/77 ART.31 L.8078/90 PORT CONJ N1 DE 23/1/96-MS, CONTENDO DADOS DE VALIDADE, LOTE E REGISTRO NO MS|SISTEMA COLETOR PARA DRENO DE TÓRAX, TIPO: SELO D'ÁGUA , MODELO RECIPIENTE: FRASCO RÍGIDO, GRADUADO , MATERIAL: POLÍMERO TRANSPARENTE , VOLUME: CERCA DE 500 ML, VEDAÇÃO: TAMPA ROSQUEÁVEL 3 VIAS , EXTENSOR: EXTENSOR C/ CLAMP, CONECTOR P/ DRENO , COMPONENTES: ALÇA DE TRANSPORTE / FIXAÇÃO , ESTERILIDADE: ESTÉRIL, USO ÚNICO 
201|MAPEAMENTO_INCERTO|False|False|True|MATERIAIS DE USO TECNICO HOSPITALAR|INSTRUMENTOS, EQUIPAMENTOS E SUPRIMENTOS MÉDICOS  E  CIRÚRGICOS|372935|619323|FRASCO PARA DRENAGEM DE TORAX - EM PVC TRANSPARENTE, DESCARTAVEL, ATOXICO, GRADUADO A CADA 100ML COM CAPACIDADE PARA 2.000ML, COM TAMPA DE ROSCA, COM ., ESTERILIDADE COMPROVADA, APRESENTACAO CONFORME O DECRETO LEI 79094/77 COMBINADO COM O ART.31 DA LEI 8078/90, CONTENDO DADOS DE IDENTIFICACAO E PROCEDENCIA, ROTULAGEM RESPEITANDO O DECRETO LEI 79094/77 ART.31 L.8078/90 PORT CONJ N1 DE 23/1/96-MS, CONTENDO DADOS DE VALIDADE, LOTE E REGISTRO NO MS|SISTEMA COLETOR PARA DRENO DE TÓRAX, TIPO: SELO D'ÁGUA , MODELO RECIPIENTE: FRASCO RÍGIDO, GRADUADO , MATERIAL: POLÍMERO TRANSPARENTE , VOLUME: CERCA DE 2000 ML, VEDAÇÃO: TAMPA ROSQUEÁVEL 2 VIAS , EXTENSOR: EXTENSOR C/ CLAMP, CONECTOR P/ DRENO , COMPONENTES: ALÇA DE TRANSPORTE / FIXAÇÃO , ESTERILIDADE: ESTÉRIL, USO ÚNICO 
201|MAPEAMENTO_INCERTO|False|False|True|MATERIAIS DE USO TECNICO HOSPITALAR|INSTRUMENTOS, EQUIPAMENTOS E SUPRIMENTOS MÉDICOS  E  CIRÚRGICOS|372935|619331|FRASCO PARA DRENAGEM DE TORAX - EM PVC TRANSPARENTE, DESCARTAVEL, ATOXICO, GRADUADO A CADA 100ML COM CAPACIDADE PARA 2.000ML, COM TAMPA DE ROSCA, COM ., ESTERILIDADE COMPROVADA, APRESENTACAO CONFORME O DECRETO LEI 79094/77 COMBINADO COM O ART.31 DA LEI 8078/90, CONTENDO DADOS DE IDENTIFICACAO E PROCEDENCIA, ROTULAGEM RESPEITANDO O DECRETO LEI 79094/77 ART.31 L.8078/90 PORT CONJ N1 DE 23/1/96-MS, CONTENDO DADOS DE VALIDADE, LOTE E REGISTRO NO MS|SISTEMA COLETOR PARA DRENO DE TÓRAX, TIPO: SELO D'ÁGUA , MODELO RECIPIENTE: FRASCO RÍGIDO, GRADUADO , MATERIAL: POLÍMERO TRANSPARENTE , VOLUME: CERCA DE 2000 ML, VEDAÇÃO: TAMPA ROSQUEÁVEL 3 VIAS , EXTENSOR: EXTENSOR C/ CLAMP, CONECTOR P/ DRENO , COMPONENTES: ALÇA DE TRANSPORTE / FIXAÇÃO , ESTERILIDADE: ESTÉRIL, USO ÚNICO 
203|MAPEAMENTO_INCERTO|False|False|True|MATERIAIS DE USO TECNICO HOSPITALAR|INSTRUMENTOS, EQUIPAMENTOS E SUPRIMENTOS MÉDICOS  E  CIRÚRGICOS|3430880|438516|DRENO KERR - EM LATEX NATURAL,MEDINDO 30,00CM COM A PARTE QUE COMPLETA O T, FORMATO TUBULAR, NUMERO 10,NUMERACAO DO CALIBRE VISIVEL, ESTERIL,EMBALAGEM COM DADOS DE IDENTIFICACAO,PROCEDENCIA VALIDADE E REGISTRO NO M.DA SAUDE.|"DRENO CIRÚRGICO, MODELO: KEHR EM ""T"" , MATERIAL: SILICONE , CALIBRE: 10 FRENCH, COMPRIMENTO: CERCA DE 40 CM, COMPONENTE II: RADIOPACO , TIPO USO: ESTÉRIL, DESCARTÁVEL , EMBALAGEM: EMBALAGEM INDIVIDUAL "
204|MAPEAMENTO_INCERTO|False|False|True|MATERIAIS DE USO TECNICO HOSPITALAR|INSTRUMENTOS, EQUIPAMENTOS E SUPRIMENTOS MÉDICOS  E  CIRÚRGICOS|3430871|438517|DRENO KERR - EM LATEX NATURAL,MEDINDO 30,00CM COM A PARTE QUE COMPLETA O T, FORMATO TUBULAR, NUMERO 12,NUMERACAO DO CALIBRE VISIVEL, ESTERIL,EMBALAGEM COM DADOS DE IDENTIFICACAO,PROCEDENCIA VALIDADE E REGISTRO NO M.DA SAUDE.|"DRENO CIRÚRGICO, MODELO: KEHR EM ""T"" , MATERIAL: SILICONE , CALIBRE: 12 FRENCH, COMPRIMENTO: CERCA DE 40 CM, COMPONENTE II: RADIOPACO , TIPO USO: ESTÉRIL, DESCARTÁVEL , EMBALAGEM: EMBALAGEM INDIVIDUAL "
205|MAPEAMENTO_INCERTO|False|False|True|MATERIAIS DE USO TECNICO HOSPITALAR|INSTRUMENTOS, EQUIPAMENTOS E SUPRIMENTOS MÉDICOS  E  CIRÚRGICOS|3430863|438511|DRENO KERR - EM LATEX NATURAL,MEDINDO 30,00 CM COM A PARTE QUE COMPLETA O T, FORMATO TUBULAR, NUMERO 14,NUMERACAO DO CALIBRE VISIVEL, ESTERIL,EMBALAGEM COM DADOS DE IDENTIFICACAO,PROCEDENCIA VALIDADE E REGISTRO NO M.DA SAUDE.|"DRENO CIRÚRGICO, MODELO: KEHR EM ""T"" , MATERIAL: SILICONE , CALIBRE: 14 FRENCH, COMPRIMENTO: CERCA DE 40 CM, COMPONENTE II: RADIOPACO , TIPO USO: ESTÉRIL, DESCARTÁVEL , EMBALAGEM: EMBALAGEM INDIVIDUAL "
206|MAPEAMENTO_INCERTO|False|False|True|MATERIAIS DE USO TECNICO HOSPITALAR|INSTRUMENTOS, EQUIPAMENTOS E SUPRIMENTOS MÉDICOS  E  CIRÚRGICOS|3430855|438515|DRENO KERR - EM LATEX NATURAL,MEDINDO 30,00CM COM A PARTE QUE COMPLETA O T, FORMATO TUBULAR, NUMERO 16,NUMERACAO DO CALIBRE VISIVEL, ESTERIL,EMBALAGEM COM DADOS DE IDENTIFICACAO,PROCEDENCIA VALIDADE E REGISTRO NO M.DA SAUDE.|"DRENO CIRÚRGICO, MODELO: KEHR EM ""T"" , MATERIAL: SILICONE , CALIBRE: 16 FRENCH, COMPRIMENTO: CERCA DE 40 CM, COMPONENTE II: RADIOPACO , TIPO USO: ESTÉRIL, DESCARTÁVEL , EMBALAGEM: EMBALAGEM INDIVIDUAL "
207|MAPEAMENTO_INCERTO|False|False|True|MATERIAIS DE USO TECNICO HOSPITALAR|INSTRUMENTOS, EQUIPAMENTOS E SUPRIMENTOS MÉDICOS  E  CIRÚRGICOS|3430847|438513|DRENO KERR - EM LATEX NATURAL,MEDINDO 30,00CM COM A PARTE QUE COMPLETA O T, FORMATO TUBULAR, NUMERO 18,NUMERACAO DO CALIBRE VISIVEL, ESTERIL,EMBALAGEM COM DADOS DE IDENTIFICACAO,PROCEDENCIA VALIDADE E REGISTRO NO M.DA SAUDE.|"DRENO CIRÚRGICO, MODELO: KEHR EM ""T"" , MATERIAL: SILICONE , CALIBRE: 18 FRENCH, COMPRIMENTO: CERCA DE 40 CM, COMPONENTE II: RADIOPACO , TIPO USO: ESTÉRIL, DESCARTÁVEL , EMBALAGEM: EMBALAGEM INDIVIDUAL "
208|MAPEAMENTO_INCERTO|False|False|True|MATERIAIS DE USO TECNICO HOSPITALAR|INSTRUMENTOS, EQUIPAMENTOS E SUPRIMENTOS MÉDICOS  E  CIRÚRGICOS|3430820|438518|DRENO KERR - EM LATEX NATURAL,MEDINDO 30,00CM COM A PARTE QUE COMPLETA O T, FORMATO TUBULAR, NUMERO 20,NUMERACAO DO CALIBRE VISIVEL, ESTERIL,EMBALAGEM COM DADOS DE IDENTIFICACAO,PROCEDENCIA VALIDADE E REGISTRO NO M.DA SAUDE.|"DRENO CIRÚRGICO, MODELO: KEHR EM ""T"" , MATERIAL: SILICONE , CALIBRE: 20 FRENCH, COMPRIMENTO: CERCA DE 40 CM, COMPONENTE II: RADIOPACO , TIPO USO: ESTÉRIL, DESCARTÁVEL , EMBALAGEM: EMBALAGEM INDIVIDUAL "
209|SEM_CATMAT_VALIDO; CATMAT_ALTERNATIVO|False|False|False|MATERIAIS DE USO TECNICO HOSPITALAR|INSTRUMENTOS, EQUIPAMENTOS E SUPRIMENTOS MÉDICOS  E  CIRÚRGICOS|495611|619330|KIT PARA DRENAGEM DE TORAX - COM FRASCO 1000 ML COM TAMPA E CONECTORES,EXTENSOES E DRENO, SENDO, FRASCO COM TAMPA ROSQUEADA, PVC RIGIDO,TRANSPARENTE, C/TAMPA POLIPROPILENO,C/ESCALA DE GRADUACAO BEM DETERMINADA, COM TRAVA DE SEGURANCA,ROSCA, C/ PINCA CORTA FLUXO, TUBO EXTERNO C/ FLEXIBILIDADE ADEQUADA TAMANHO UNIVERSAL, CALIBRE NR.16,ATOXICO,APIROGENICO,HIPOALERGENICO,PVC TRANPARENTE,MULTIPERFURADO DE PURO SILICONE, ESTERIL A OXIDO DE ETILENO, APRESENTACAO CONFORME DECRETO LEI 79094/77 COMBINADO COM O ART.31 LEI 8078/90, ROTULAGEM RESPEITANDO O DECRETO LEI 79094/77 ART.31 LEI 8078/90 PORT CONJ N1 DE 23/1/96 - M.SAUDE.|SISTEMA COLETOR PARA DRENO DE TÓRAX, TIPO: SELO D'ÁGUA , MODELO RECIPIENTE: FRASCO RÍGIDO, GRADUADO , MATERIAL: POLÍMERO TRANSPARENTE , VOLUME: CERCA DE 1000 ML, VEDAÇÃO: TAMPA ROSQUEÁVEL 3 VIAS , EXTENSOR: EXTENSOR C/ CLAMP, CONECTOR P/ DRENO , COMPONENTES: ALÇA DE TRANSPORTE / FIXAÇÃO , ESTERILIDADE: ESTÉRIL, USO ÚNICO 
209|SEM_CATMAT_VALIDO; CATMAT_ALTERNATIVO|False|False|False|MATERIAIS DE USO TECNICO HOSPITALAR|INSTRUMENTOS, EQUIPAMENTOS E SUPRIMENTOS MÉDICOS  E  CIRÚRGICOS|495611|438467|KIT PARA DRENAGEM DE TORAX - COM FRASCO 1000 ML COM TAMPA E CONECTORES,EXTENSOES E DRENO, SENDO, FRASCO COM TAMPA ROSQUEADA, PVC RIGIDO,TRANSPARENTE, C/TAMPA POLIPROPILENO,C/ESCALA DE GRADUACAO BEM DETERMINADA, COM TRAVA DE SEGURANCA,ROSCA, C/ PINCA CORTA FLUXO, TUBO EXTERNO C/ FLEXIBILIDADE ADEQUADA TAMANHO UNIVERSAL, CALIBRE NR.16,ATOXICO,APIROGENICO,HIPOALERGENICO,PVC TRANPARENTE,MULTIPERFURADO DE PURO SILICONE, ESTERIL A OXIDO DE ETILENO, APRESENTACAO CONFORME DECRETO LEI 79094/77 COMBINADO COM O ART.31 LEI 8078/90, ROTULAGEM RESPEITANDO O DECRETO LEI 79094/77 ART.31 LEI 8078/90 PORT CONJ N1 DE 23/1/96 - M.SAUDE.|DRENO CIRÚRGICO, MODELO: TORÁCICO , MATERIAL: PVC , CALIBRE: 16 FRENCH, COMPRIMENTO: CERCA DE 50 CM, COMPONENTE II: RADIOPACO , TIPO USO: ESTÉRIL, DESCARTÁVEL , EMBALAGEM: EMBALAGEM INDIVIDUAL 
210|SEM_CATMAT_VALIDO; CATMAT_ALTERNATIVO|False|False|False|MATERIAIS DE USO TECNICO HOSPITALAR|INSTRUMENTOS, EQUIPAMENTOS E SUPRIMENTOS MÉDICOS  E  CIRÚRGICOS|3130444|619330|KIT PARA DRENAGEM DE TORAX - COM FRASCO 1000 ML, TAMPA, CONECTORES, EXTENSOR E DRENO, SENDO FRASCO COM TAMPA ROSQUEADA,PVC RIGIDO,TRANSPARENTE, COM TAMPA EM POLIPROPILENO, ESCALA DE GRADUACAO DETERMINADA,TRAVA DE SEGURANCA, ROSCA, PINCA CORTA FLUXO,TUBO EXTERNO COM FLEXIBILIDADE ADEQUADA TAMANHO UNIVERSAL,CALIBRE N.18, ATOXICO APIROGENICO HIPOALERGENICO PVC TRANSPARENTE MULTI PERFURADO EM SILICONE,ESTERIL A OXIDO DE ETILENO,APRESENTACAO CONFORME DECRETO LEI 79094/77 COMBINADO COM O ART.31 LEI 8078/90,ROTULAGEM RESPEITANDO O DECRETO LEI 79094/77 ART.31 L.8078/90 PORT. CONJ. N. 1 DE 23/1/96 M. SAUDE|SISTEMA COLETOR PARA DRENO DE TÓRAX, TIPO: SELO D'ÁGUA , MODELO RECIPIENTE: FRASCO RÍGIDO, GRADUADO , MATERIAL: POLÍMERO TRANSPARENTE , VOLUME: CERCA DE 1000 ML, VEDAÇÃO: TAMPA ROSQUEÁVEL 3 VIAS , EXTENSOR: EXTENSOR C/ CLAMP, CONECTOR P/ DRENO , COMPONENTES: ALÇA DE TRANSPORTE / FIXAÇÃO , ESTERILIDADE: ESTÉRIL, USO ÚNICO 
210|SEM_CATMAT_VALIDO; CATMAT_ALTERNATIVO|False|False|False|MATERIAIS DE USO TECNICO HOSPITALAR|INSTRUMENTOS, EQUIPAMENTOS E SUPRIMENTOS MÉDICOS  E  CIRÚRGICOS|3130444|438463|KIT PARA DRENAGEM DE TORAX - COM FRASCO 1000 ML, TAMPA, CONECTORES, EXTENSOR E DRENO, SENDO FRASCO COM TAMPA ROSQUEADA,PVC RIGIDO,TRANSPARENTE, COM TAMPA EM POLIPROPILENO, ESCALA DE GRADUACAO DETERMINADA,TRAVA DE SEGURANCA, ROSCA, PINCA CORTA FLUXO,TUBO EXTERNO COM FLEXIBILIDADE ADEQUADA TAMANHO UNIVERSAL,CALIBRE N.18, ATOXICO APIROGENICO HIPOALERGENICO PVC TRANSPARENTE MULTI PERFURADO EM SILICONE,ESTERIL A OXIDO DE ETILENO,APRESENTACAO CONFORME DECRETO LEI 79094/77 COMBINADO COM O ART.31 LEI 8078/90,ROTULAGEM RESPEITANDO O DECRETO LEI 79094/77 ART.31 L.8078/90 PORT. CONJ. N. 1 DE 23/1/96 M. SAUDE|DRENO CIRÚRGICO, MODELO: TORÁCICO , MATERIAL: PVC , CALIBRE: 18 FRENCH, COMPRIMENTO: CERCA DE 50 CM, COMPONENTE II: RADIOPACO , TIPO USO: ESTÉRIL, DESCARTÁVEL , EMBALAGEM: EMBALAGEM INDIVIDUAL 
211|SEM_CATMAT_VALIDO; CATMAT_ALTERNATIVO|False|False|False|MATERIAIS DE USO TECNICO HOSPITALAR|INSTRUMENTOS, EQUIPAMENTOS E SUPRIMENTOS MÉDICOS  E  CIRÚRGICOS|1014013|438463|KIT PARA DRENAGEM DE TORAX - COM CATETER MULTIPERFURADO, RADIOPACO, TUBO E RESERVATORIO N.18,RESERVATORIO C/CAPACIDADE PARA 500 ML., GRADUADO COM TAMPA DE ROSCA,COM VEDACAOPERFEITA, COM TUBO EXTENSOR,, MEDINDO A PARTIR DE 1,20 M,, SENDO TODOS OS COMPONENTES EM PVC TRANSPARENTE ATOXICO, ESTERIL,, EMBALAGEM CONTENDO DADOS DE IDENTIFICACAO E VALIDADE., APRESENTACAO CONFORME DECRETO LEI 79094/77 COMBINADO COM O ART. 31 L.8078/90, ROTULAGEM RESPEITANDO O DECRETO LEI 79094/77 ART.31 L.8078/90 PORT.CONJ.N.1 DE 23/1/96-M.SAUDE|DRENO CIRÚRGICO, MODELO: TORÁCICO , MATERIAL: PVC , CALIBRE: 18 FRENCH, COMPRIMENTO: CERCA DE 50 CM, COMPONENTE II: RADIOPACO , TIPO USO: ESTÉRIL, DESCARTÁVEL , EMBALAGEM: EMBALAGEM INDIVIDUAL 
211|SEM_CATMAT_VALIDO; CATMAT_ALTERNATIVO|False|False|False|MATERIAIS DE USO TECNICO HOSPITALAR|INSTRUMENTOS, EQUIPAMENTOS E SUPRIMENTOS MÉDICOS  E  CIRÚRGICOS|1014013|619329|KIT PARA DRENAGEM DE TORAX - COM CATETER MULTIPERFURADO, RADIOPACO, TUBO E RESERVATORIO N.18,RESERVATORIO C/CAPACIDADE PARA 500 ML., GRADUADO COM TAMPA DE ROSCA,COM VEDACAOPERFEITA, COM TUBO EXTENSOR,, MEDINDO A PARTIR DE 1,20 M,, SENDO TODOS OS COMPONENTES EM PVC TRANSPARENTE ATOXICO, ESTERIL,, EMBALAGEM CONTENDO DADOS DE IDENTIFICACAO E VALIDADE., APRESENTACAO CONFORME DECRETO LEI 79094/77 COMBINADO COM O ART. 31 L.8078/90, ROTULAGEM RESPEITANDO O DECRETO LEI 79094/77 ART.31 L.8078/90 PORT.CONJ.N.1 DE 23/1/96-M.SAUDE|SISTEMA COLETOR PARA DRENO DE TÓRAX, TIPO: SELO D'ÁGUA , MODELO RECIPIENTE: FRASCO RÍGIDO, GRADUADO , MATERIAL: POLÍMERO TRANSPARENTE , VOLUME: CERCA DE 500 ML, VEDAÇÃO: TAMPA ROSQUEÁVEL 3 VIAS , EXTENSOR: EXTENSOR C/ CLAMP, CONECTOR P/ DRENO , COMPONENTES: ALÇA DE TRANSPORTE / FIXAÇÃO , ESTERILIDADE: ESTÉRIL, USO ÚNICO 
213|OK_SEM_FLAGS|False|False|False|MATERIAIS DE USO TECNICO HOSPITALAR|INSTRUMENTOS, EQUIPAMENTOS E SUPRIMENTOS MÉDICOS  E  CIRÚRGICOS|3037061|438464|KIT PARA DRENAGEM - KIT PARA DRENAGEM TORACICA,COMPOSTO DE CATETER (DRENO), TUBO E FRASCO COLETOR (RESERVATORIO),CATETER MULTIPERFURADO,EM PVC,RADIOPACO, N-. 22,COM TUBO EXTENSOR A PARTIR DE 1,20M,COM CAPACIDADE DO RESERVATORIO DE 1.000ML,GRADUADO A CADA 100ML,TRANSPARENTE, ATOXICO, COM SUPORTE PARA POSICIONAMENTO VERTICAL,TAMPA DE ROSCA COM PERFEITA VEDACAO E COM TRES VIAS,ESTERIL,COMBINADO COM O ART.31 L.8078/90, CONTENDO DADOS DE IDENTIFICACAO E PROCEDENCIA,DEVENDO CONSTAR. ART.31 L.8078/90 PORT.CONJ.N.1 DE 23/1/96-MS, CONTENDO DADOS DE VALIDADE, LOTE E REGISTRO NO MS|DRENO CIRÚRGICO, MODELO: TORÁCICO , MATERIAL: PVC , CALIBRE: 22 FRENCH, COMPRIMENTO: CERCA DE 50 CM, COMPONENTE II: RADIOPACO , TIPO USO: ESTÉRIL, DESCARTÁVEL , EMBALAGEM: EMBALAGEM INDIVIDUAL 
214|OK_SEM_FLAGS|False|False|False|MATERIAIS DE USO TECNICO HOSPITALAR|INSTRUMENTOS, EQUIPAMENTOS E SUPRIMENTOS MÉDICOS  E  CIRÚRGICOS|1014021|438466|KIT PARA DRENAGEM DE TORAX - COM CATETER MULTIPERFURADO, RADIOPACO, TUBO E RESERVATORIO N.24, RESERVATORIO COMCAPACIDADE P/2.000 ML,GRADUADO A CADA 100ML,, COM TAMPA DE ROSCA,, COM VEDACAO PERFEITA,COM TUBO EXTENSOR,, MEDINDO A PARTIR E 1,20 M,, SENDO TODOS OS COMPONENTES EM PVC TRANSPARENTE,ATOXICO, ESTERIL,, EMBALAGEM CONTENDO DADOS DE IDENTIFICACAO E VALIDADE, APRESENTACAO CONFORME DECRETO LEI 79094/77 COMBINADO COM O ART.31 L.8078/90, ROTULAGEM RESPEITANDO O DECRETO LEI 79094/77 ART.31 L.8078/90 PORT.CONJ.N.1 DE 23/1/96-M.SAUDE|DRENO CIRÚRGICO, MODELO: TORÁCICO , MATERIAL: PVC , CALIBRE: 24 FRENCH, COMPRIMENTO: CERCA DE 50 CM, COMPONENTE II: RADIOPACO , TIPO USO: ESTÉRIL, DESCARTÁVEL , EMBALAGEM: EMBALAGEM INDIVIDUAL 
215|OK_SEM_FLAGS|False|False|False|MATERIAIS DE USO TECNICO HOSPITALAR|INSTRUMENTOS, EQUIPAMENTOS E SUPRIMENTOS MÉDICOS  E  CIRÚRGICOS|1080547|438470|KIT PARA DRENAGEM DE TORAX - COM CATETER MULTIPERFURADO, RADIOPACO,TUBO E RESERVATORIO N.26, RESERVATORIO COM, CAPACIDADE PARA 2.000 ML.GRADUADO A CADA 100 ML,COM TAMPA DE ROSCA,, COM VEDACAO PERFEITA, COM TUBO EXTENSOR,, MEDINDO A PARTIR DE 1,20 M, SENDO TODOS OSCOMPONENTES EM PVC TRANSPARENTE,, ATOXICO, ESTERIL,EMBALAGEM CONTENDO DADOS DE IDENTIFICACAO, E VALIDADE., APRESENTACAO CONFORME DECRETO LEI 79094/77 COMBINADO COM O ART.31 L.8078/90, ROTULAGEM RESPEITANDO O DECRETO LEI 79094/77 ART.31 L.8078/90 PORT.CONJ.N.1 DE 23/1/96-M.SAUDE|DRENO CIRÚRGICO, MODELO: TORÁCICO , MATERIAL: PVC , CALIBRE: 26 FRENCH, COMPRIMENTO: CERCA DE 50 CM, COMPONENTE II: RADIOPACO , TIPO USO: ESTÉRIL, DESCARTÁVEL , EMBALAGEM: EMBALAGEM INDIVIDUAL 
216|OK_SEM_FLAGS|False|False|False|MATERIAIS DE USO TECNICO HOSPITALAR|INSTRUMENTOS, EQUIPAMENTOS E SUPRIMENTOS MÉDICOS  E  CIRÚRGICOS|1559311|438471|KIT PARA DRENAGEM DE TORAX - COM CATETER MULTIPERFURADO, RADIOPACO, TUBO E RESERVATORIO, N-. 28, RESERVATORIO COM CAPACIDADE PARA 2.000ML GRADUADOA CADA 100ML, COM TAMPA ROSCA, COM VEDACAO PERFEITA, COM TUBO ESTENSOR MEDINDO A PARTIR 1,20M, CATETER MULTIPERFURADO,RADIOPACO,SENDO TODOS OS COMPONENTES EM PVC TRANSPARENTE,ATOXICO, ESTERIL, APRESENTACAO CONFORME DECRETO LEI 79094/77 COMBINADO COM O ART.31 L.8078/90, CONTENDO DADOS DE IDENTIFICACAO E PROCEDENCIA, ROTULAGEM RESPEITANDO O DECRETO LEI 79094/77 ART.31 L.8078/90 PORT.CONJ.N.1 DE 23/1/96-MS, CONTENDO DADOS DE VALIDADE, LOTE E REGISTRO NO MS|DRENO CIRÚRGICO, MODELO: TORÁCICO , MATERIAL: PVC , CALIBRE: 28 FRENCH, COMPRIMENTO: CERCA DE 50 CM, COMPONENTE II: RADIOPACO , TIPO USO: ESTÉRIL, DESCARTÁVEL , EMBALAGEM: EMBALAGEM INDIVIDUAL 
217|OK_SEM_FLAGS|False|False|True|MATERIAIS DE USO TECNICO HOSPITALAR|INSTRUMENTOS, EQUIPAMENTOS E SUPRIMENTOS MÉDICOS  E  CIRÚRGICOS|1553160|619331|KIT PARA DRENAGEM DE TORAX - COM TUBO PVC, SONDA ACOPLADA, FRASCO COLETOR COM 2000 ML DE CAPACIDADE, COM ROSCA, DRENO CALIBRE N. 30, ESTERIL, APRESENTACAO CONFORME DECRETO LEI 79094/77, ROTULAGEM RESPEITANDO O DECRETO LEI 79094/77 ROTULAGEM CONFORME DECRETO LEI 79094/77|SISTEMA COLETOR PARA DRENO DE TÓRAX, TIPO: SELO D'ÁGUA , MODELO RECIPIENTE: FRASCO RÍGIDO, GRADUADO , MATERIAL: POLÍMERO TRANSPARENTE , VOLUME: CERCA DE 2000 ML, VEDAÇÃO: TAMPA ROSQUEÁVEL 3 VIAS , EXTENSOR: EXTENSOR C/ CLAMP, CONECTOR P/ DRENO , COMPONENTES: ALÇA DE TRANSPORTE / FIXAÇÃO , ESTERILIDADE: ESTÉRIL, USO ÚNICO 
217|OK_SEM_FLAGS|False|False|True|MATERIAIS DE USO TECNICO HOSPITALAR|INSTRUMENTOS, EQUIPAMENTOS E SUPRIMENTOS MÉDICOS  E  CIRÚRGICOS|1553160|619323|KIT PARA DRENAGEM DE TORAX - COM TUBO PVC, SONDA ACOPLADA, FRASCO COLETOR COM 2000 ML DE CAPACIDADE, COM ROSCA, DRENO CALIBRE N. 30, ESTERIL, APRESENTACAO CONFORME DECRETO LEI 79094/77, ROTULAGEM RESPEITANDO O DECRETO LEI 79094/77 ROTULAGEM CONFORME DECRETO LEI 79094/77|SISTEMA COLETOR PARA DRENO DE TÓRAX, TIPO: SELO D'ÁGUA , MODELO RECIPIENTE: FRASCO RÍGIDO, GRADUADO , MATERIAL: POLÍMERO TRANSPARENTE , VOLUME: CERCA DE 2000 ML, VEDAÇÃO: TAMPA ROSQUEÁVEL 2 VIAS , EXTENSOR: EXTENSOR C/ CLAMP, CONECTOR P/ DRENO , COMPONENTES: ALÇA DE TRANSPORTE / FIXAÇÃO , ESTERILIDADE: ESTÉRIL, USO ÚNICO 
218|OK_SEM_FLAGS|False|False|False|MATERIAIS DE USO TECNICO HOSPITALAR|INSTRUMENTOS, EQUIPAMENTOS E SUPRIMENTOS MÉDICOS  E  CIRÚRGICOS|1559338|438478|KIT PARA DRENAGEM DE TORAX - COM CATETER MULTIPERFURADO, RADIOPACO, TUBO E RESERVATORIO, N-. 32, RESERVATORIO COM CAPACIDADE PARA 2.000ML GRADUADOA CADA 100ML, COM TAMPA ROSCA, COM VEDACAO PERFEITA, COM TUBO ESTENSOR MEDINDO A PARTIR 1,20M, CATETER MULTIPERFURADO,RADIOPACO,SENDO TODOS OS COMPONENTES EM PVC TRANSPARENTE,ATOXICO, ESTERIL, APRESENTACAO CONFORME DECRETO LEI 79094/77 COMBINADO COM O ART.31 L.8078/90, CONTENDO DADOS DE IDENTIFICACAO E PROCEDENCIA, ROTULAGEM RESPEITANDO O DECRETO LEI 79094/77 ART.31 L.8078/90 PORT.CONJ.N.1 DE 23/1/96-MS, CONTENDO DADOS DE VALIDADE, LOTE E REGISTRO NO MS|DRENO CIRÚRGICO, MODELO: TORÁCICO , MATERIAL: PVC , CALIBRE: 32 FRENCH, COMPRIMENTO: CERCA DE 50 CM, COMPONENTE II: RADIOPACO , TIPO USO: ESTÉRIL, DESCARTÁVEL , EMBALAGEM: EMBALAGEM INDIVIDUAL 
219|OK_SEM_FLAGS|False|False|True|MATERIAIS DE USO TECNICO HOSPITALAR|INSTRUMENTOS, EQUIPAMENTOS E SUPRIMENTOS MÉDICOS  E  CIRÚRGICOS|3037070|619323|KIT PARA DRENAGEM - KIT PARA DRENAGEM TORACICA,COMPOSTO DE CATETER (DRENO), TUBO E FRASCO COLETOR (RESERVATORIO),CATETER MULTIPERFURADO,EM PVC ,RADIOPACO, N-. 34,COM TUBO EXTENSOR A PARTIR DE 1,20M,COM CAPACIDADE DO RESERVATORIO DE 2.000ML,GRADUADO A CADA 100ML,TRANSPARENTE, ATOXICO, COM SUPORTE PARA POSICIONAMENTO VERTICAL,TAMPA DE ROSCA COM PERFEITA VEDACAO E COM TRES VIAS,ESTERIL,COMBINADO COM O ART.31 L.8078/90, CONTENDO DADOS DE IDENTIFICACAO E PROCEDENCIA,DEVENDO CONSTAR. ART.31 L.8078/90 PORT.CONJ.N.1 DE 23/1/96-MS, CONTENDO DADOS DE VALIDADE, LOTE E REGISTRO NO MS|SISTEMA COLETOR PARA DRENO DE TÓRAX, TIPO: SELO D'ÁGUA , MODELO RECIPIENTE: FRASCO RÍGIDO, GRADUADO , MATERIAL: POLÍMERO TRANSPARENTE , VOLUME: CERCA DE 2000 ML, VEDAÇÃO: TAMPA ROSQUEÁVEL 2 VIAS , EXTENSOR: EXTENSOR C/ CLAMP, CONECTOR P/ DRENO , COMPONENTES: ALÇA DE TRANSPORTE / FIXAÇÃO , ESTERILIDADE: ESTÉRIL, USO ÚNICO 
219|OK_SEM_FLAGS|False|False|True|MATERIAIS DE USO TECNICO HOSPITALAR|INSTRUMENTOS, EQUIPAMENTOS E SUPRIMENTOS MÉDICOS  E  CIRÚRGICOS|3037070|619331|KIT PARA DRENAGEM - KIT PARA DRENAGEM TORACICA,COMPOSTO DE CATETER (DRENO), TUBO E FRASCO COLETOR (RESERVATORIO),CATETER MULTIPERFURADO,EM PVC ,RADIOPACO, N-. 34,COM TUBO EXTENSOR A PARTIR DE 1,20M,COM CAPACIDADE DO RESERVATORIO DE 2.000ML,GRADUADO A CADA 100ML,TRANSPARENTE, ATOXICO, COM SUPORTE PARA POSICIONAMENTO VERTICAL,TAMPA DE ROSCA COM PERFEITA VEDACAO E COM TRES VIAS,ESTERIL,COMBINADO COM O ART.31 L.8078/90, CONTENDO DADOS DE IDENTIFICACAO E PROCEDENCIA,DEVENDO CONSTAR. ART.31 L.8078/90 PORT.CONJ.N.1 DE 23/1/96-MS, CONTENDO DADOS DE VALIDADE, LOTE E REGISTRO NO MS|SISTEMA COLETOR PARA DRENO DE TÓRAX, TIPO: SELO D'ÁGUA , MODELO RECIPIENTE: FRASCO RÍGIDO, GRADUADO , MATERIAL: POLÍMERO TRANSPARENTE , VOLUME: CERCA DE 2000 ML, VEDAÇÃO: TAMPA ROSQUEÁVEL 3 VIAS , EXTENSOR: EXTENSOR C/ CLAMP, CONECTOR P/ DRENO , COMPONENTES: ALÇA DE TRANSPORTE / FIXAÇÃO , ESTERILIDADE: ESTÉRIL, USO ÚNICO 
220|OK_SEM_FLAGS|False|False|False|MATERIAIS DE USO TECNICO HOSPITALAR|INSTRUMENTOS, EQUIPAMENTOS E SUPRIMENTOS MÉDICOS  E  CIRÚRGICOS|3037088|438468|KIT PARA DRENAGEM - KIT PARA DRENAGEM TORACICA,COMPOSTO DE CATETER (DRENO), TUBO E FRASCO COLETOR (RESERVATORIO),CATETER MULTIPERFURADO,EM PVC,RADIOPACO, N-.36,COM TUBO EXTENSOR A PARTIR DE 1,20M,COM CAPACIDADE DO RESERVATORIO DE 2.000ML,GRADUADO A CADA 100ML,TRANSPARENTE, ATOXICO, COM SUPORTE PARA POSICIONAMENTO VERTICAL,TAMPA DE ROSCA COM PERFEITA VEDACAO E COM TRES VIAS,ESTERIL,COMBINADO COM O ART.31 L.8078/90, CONTENDO DADOS DE IDENTIFICACAO E PROCEDENCIA,DEVENDO CONSTAR. ART.31 L.8078/90 PORT.CONJ.N.1 DE 23/1/96-MS, CONTENDO DADOS DE VALIDADE, LOTE E REGISTRO NO MS|DRENO CIRÚRGICO, MODELO: TORÁCICO , MATERIAL: PVC , CALIBRE: 36 FRENCH, COMPRIMENTO: CERCA DE 50 CM, COMPONENTE II: RADIOPACO , TIPO USO: ESTÉRIL, DESCARTÁVEL , EMBALAGEM: EMBALAGEM INDIVIDUAL 
221|OK_SEM_FLAGS|False|False|True|MATERIAIS DE USO TECNICO HOSPITALAR|INSTRUMENTOS, EQUIPAMENTOS E SUPRIMENTOS MÉDICOS  E  CIRÚRGICOS|419125|619331|KIT PARA DRENAGEM DE TORAX - COM CATETER MULTIPERFURADO, RADIOPACO, TUBO E RESERVATORIO, N-. 38, RESERVATORIO COM CAPACIDADE PARA 2.000ML GRADUADOA CADA 100ML, COM TAMPA ROSCA, COM VEDACAO PERFEITA, COM TUBO ESTENSOR MEDINDO A PARTIR 1,20M, CATETER MULTIPERFURADO,RADIOPACO,SENDO TODOS OS COMPONENTES EM PVC TRANSPARENTE,ATOXICO, ESTERIL, APRESENTACAO CONFORME DECRETO LEI 79094/77 COMBINADO COM O ART.31 L.8078/90, CONTENDO DADOS DE IDENTIFICACAO E PROCEDENCIA, ROTULAGEM RESPEITANDO O DECRETO LEI 79094/77 ART.31 L.8078/90 PORT.CONJ.N.1 DE 23/1/96-MS, CONTENDO DADOS DE VALIDADE, LOTE E REGISTRO NO MS|SISTEMA COLETOR PARA DRENO DE TÓRAX, TIPO: SELO D'ÁGUA , MODELO RECIPIENTE: FRASCO RÍGIDO, GRADUADO , MATERIAL: POLÍMERO TRANSPARENTE , VOLUME: CERCA DE 2000 ML, VEDAÇÃO: TAMPA ROSQUEÁVEL 3 VIAS , EXTENSOR: EXTENSOR C/ CLAMP, CONECTOR P/ DRENO , COMPONENTES: ALÇA DE TRANSPORTE / FIXAÇÃO , ESTERILIDADE: ESTÉRIL, USO ÚNICO 
221|OK_SEM_FLAGS|False|False|True|MATERIAIS DE USO TECNICO HOSPITALAR|INSTRUMENTOS, EQUIPAMENTOS E SUPRIMENTOS MÉDICOS  E  CIRÚRGICOS|419125|619323|KIT PARA DRENAGEM DE TORAX - COM CATETER MULTIPERFURADO, RADIOPACO, TUBO E RESERVATORIO, N-. 38, RESERVATORIO COM CAPACIDADE PARA 2.000ML GRADUADOA CADA 100ML, COM TAMPA ROSCA, COM VEDACAO PERFEITA, COM TUBO ESTENSOR MEDINDO A PARTIR 1,20M, CATETER MULTIPERFURADO,RADIOPACO,SENDO TODOS OS COMPONENTES EM PVC TRANSPARENTE,ATOXICO, ESTERIL, APRESENTACAO CONFORME DECRETO LEI 79094/77 COMBINADO COM O ART.31 L.8078/90, CONTENDO DADOS DE IDENTIFICACAO E PROCEDENCIA, ROTULAGEM RESPEITANDO O DECRETO LEI 79094/77 ART.31 L.8078/90 PORT.CONJ.N.1 DE 23/1/96-MS, CONTENDO DADOS DE VALIDADE, LOTE E REGISTRO NO MS|SISTEMA COLETOR PARA DRENO DE TÓRAX, TIPO: SELO D'ÁGUA , MODELO RECIPIENTE: FRASCO RÍGIDO, GRADUADO , MATERIAL: POLÍMERO TRANSPARENTE , VOLUME: CERCA DE 2000 ML, VEDAÇÃO: TAMPA ROSQUEÁVEL 2 VIAS , EXTENSOR: EXTENSOR C/ CLAMP, CONECTOR P/ DRENO , COMPONENTES: ALÇA DE TRANSPORTE / FIXAÇÃO , ESTERILIDADE: ESTÉRIL, USO ÚNICO 
222|OK_SEM_FLAGS|False|False|False|MATERIAIS DE USO TECNICO HOSPITALAR|INSTRUMENTOS, EQUIPAMENTOS E SUPRIMENTOS MÉDICOS  E  CIRÚRGICOS|1248049|438476|KIT PARA DRENAGEM DE TORAX - COM CATETER MULTIPERFURADO, RADIOPACO, TUBO E RESERVATORIO, N-. 40, RESERVATORIO COM CAPACIDADE PARA 2.000ML GRADUADOA CADA 100ML, COM TAMPA ROSCA, COM VEDACAO PERFEITA, COM TUBO ESTENSOR MEDINDO A PARTIR 1,20M, CATETER MULTIPERFURADO,RADIOPACO,SENDO TODOS OS COMPONENTES EM PVC TRANSPARENTE,ATOXICO, ESTERIL, APRESENTACAO CONFORME DECRETO LEI 79094/77 COMBINADO COM O ART.31 L.8078/90, CONTENDO DADOS DE IDENTIFICACAO E PROCEDENCIA, ROTULAGEM RESPEITANDO O DECRETO LEI 79094/77 ART.31 L.8078/90 PORT.CONJ.N.1 DE 23/1/96-MS, CONTENDO DADOS DE VALIDADE, LOTE E REGISTRO NO MS|DRENO CIRÚRGICO, MODELO: TORÁCICO , MATERIAL: PVC , CALIBRE: 40 FRENCH, COMPRIMENTO: CERCA DE 50 CM, COMPONENTE II: RADIOPACO , TIPO USO: ESTÉRIL, DESCARTÁVEL , EMBALAGEM: EMBALAGEM INDIVIDUAL 
223|OK_SEM_FLAGS|False|False|False|MATERIAIS DE USO TECNICO HOSPITALAR|INSTRUMENTOS, EQUIPAMENTOS E SUPRIMENTOS MÉDICOS  E  CIRÚRGICOS|3022773|609459|EQUIPO MACROGOTAS C/SUSPIRO E FILT.ANTIMICROBIANO. - DE APROXIMADAMENTE 0,22 MICRA E FILTRO DE PARTICULA DE APROXIMADAMENTE 15 MICRON. CAMARA DE GOTEJAMENTO FLEXIVEL E PONTA PERFURANTE,TUBO EM PVC MEDINDO NO MINIMO 1,20M,COM INJETOR LATERAL E MEMBRANA AUTOVEDANTE,ADAPTADOR ESCALONADO EM LUER, COM REGULADOR DE FLUXO TIPO PINCA ROLETE,ESTERIL, ATOXICO, APIROGENICO,EM EMBALAGEM INDIVIDUAL EM PAPEL GRAU CICIRUGICO E FILME TERMOPLASTICO COM ABERTURA EM PETALA,CONSTANDO DE DADOS DE IDENTIFICACAO E TIPO DE ESTERILIZACAO,ROTULO COM NUMERO DO LOTE, DATA DE VALIDADE E PROCEDENCIA. REGISTRO NO MINISTERIO DA SAUDE.|EQUIPO DE INFUSÃO VENOSA GRAVITACIONAL, MATERIAL: PVC TRANSPARENTE , CÂMARA GOTEJAMENTO: MACROGOTAS, FLEXÍVEL, C/ RESPIRO E FILTRO , REGULADOR DE FLUXO MANUAL: PINÇA ROLETE , COMPRIMENTO TUBO: ATÉ 180 CM , TIPO INJETOR LATERAL: C/ 1 INJETOR, AUTOCICATRIZANTE , CONECTOR PACIENTE: LUER , ESTERILIDADE: ESTÉRIL, USO ÚNICO , TIPO EMBALAGEM: INDIVIDUAL 
225|OK_SEM_FLAGS|False|False|False|MATERIAIS DE USO TECNICO HOSPITALAR|INSTRUMENTOS, EQUIPAMENTOS E SUPRIMENTOS MÉDICOS  E  CIRÚRGICOS|848310|609515|EQUIPO PARA ADMINISTRACAO DE SOLUCOES PARENTERAIS - COM TUBO EM PVC TRANSPARENTE, COM APROXIMADAMENTE1,20M DE COMPRIMENTO, COM LANCETA DE PONTA PERFURANTE, ESCALONADA, REGULADOR DE FLUXO TIPO ROLETE, COM PINCA TIPO ROLDANA, INJETOR LATERAL COM MEMBRANA AUTOVEDANTE, ADAPTADOR P/ AGULHA, MICROGOTAS, ESTERIL, APIROGENICO, ATOXICO, C/ FILTRO DE AR HIDROFOBO E ADAPTADOR LUER, COM CAMARA DE GOTEJAMENTO FLEXIVEL, EMBALADO EM PAPEL GRAU CIRURGICO E OU FILME TERMOPLASTICO, COM ABERTURA EM PETALA, CONTENDO DADOS DE IDENTIFICACAO, ROTULAGEM RESPEITANDO O DECRETO LEI 79094/77 ART.31 L.8078/90 PORT.CONJ.N.1 DE 23/1/96-MS, COMDADOS DE VALIDADE,LOTE E REGISTRO NO MS|EQUIPO DE INFUSÃO VENOSA GRAVITACIONAL, MATERIAL: PVC TRANSPARENTE , CÂMARA GOTEJAMENTO: MICROGOTAS, FLEXÍVEL, C/ RESPIRO E FILTRO , REGULADOR DE FLUXO MANUAL: PINÇA ROLETE , COMPRIMENTO TUBO: ATÉ 180 CM , TIPO INJETOR LATERAL: C/ 1 INJETOR, AUTOCICATRIZANTE , CONECTOR PACIENTE: LUER , ESTERILIDADE: ESTÉRIL, USO ÚNICO , TIPO EMBALAGEM: INDIVIDUAL 
226|OK_SEM_FLAGS|False|False|False|MATERIAIS DE USO TECNICO HOSPITALAR|INSTRUMENTOS, EQUIPAMENTOS E SUPRIMENTOS MÉDICOS  E  CIRÚRGICOS|239844|609706|EQUIPO P/ADMINIS. DE SOLUCOES PARENTERAIS C/CAMARA - DE PVC FLEXIVEL, COM PONTA PERFURANTE PARA AMPOLA PLASTICA OU BORRACHA, PINCA CORTA FLUXO, RESPIRO SUPERIOR DE AR HIDROFOBO BACTERIOLOGICO INJETOR SUPERIOR RESISTENTE, CONECTOR LUER COM TAMPA, COM GOTEJADOR MICROGOTAS, GRADUADA, CAPACIDADE DE 150ML, COM FILTRO DE AR HIDROFOBO, EMBALADO EM PAPEL GRAU CIRURGICO E TRANSPARENTE, INDIVIDUAL, ESTERIL, ROTULAGEM RESPEITANDO O DECRETO LEI 79094/77 ART.31 DA LEI 8078/90 PORT CONJ N1 DE 23/1/96 - M.|EQUIPO DE INFUSÃO VENOSA GRAVITACIONAL, MATERIAL: PVC TRANSPARENTE , VOLUME BURETA: BURETA CERCA DE 150 ML, CARACTERÍSTICAS BURETA: GRADUADA, C/ ALÇA, RESPIRO, INJETOR E FILTRO , CÂMARA GOTEJAMENTO: MICROGOTAS, FLEXÍVEL, C/ FILTRO , REGULADOR DE FLUXO MANUAL: PINÇA ROLETE , COMPRIMENTO TUBO: ATÉ 180 CM , TIPO INJETOR LATERAL: C/ 1 INJETOR, AUTOCICATRIZANTE , CONECTOR PACIENTE: LUER , ESTERILIDADE: ESTÉRIL, USO ÚNICO , TIPO EMBALAGEM: INDIVIDUAL 
228|CATMAT_ALTERNATIVO|False|False|False|MATERIAIS DE USO TECNICO HOSPITALAR|INSTRUMENTOS, EQUIPAMENTOS E SUPRIMENTOS MÉDICOS  E  CIRÚRGICOS|636800|610237|EQUIPO PARA ADMINISTRACAO DE DIETAS ENTERAIS - EM PLASTICO,ATOXICO,CLAMP DE OCLUSAO,CAMARA DE GOTEJAMENTO FLEXIVEL E TRANSPARENTE, COM PONTA PERFURANTE COM LANCETA,VALVULA T DE SEGURANCA ANTI FLUXO LIVRE E CONECTOR DISTAL ADAPTAVEL, COM 2,60M DE COMPRIMENTO, COM ROLETE LUER ESPECIFICO PARA ADAPTACAO DE SONDA NASOENTERAL, ESTERIL, COMBINADO COM O ART.31 L.8078/90, ART.31 L.8078/90 PORT.CONJ.N.1 DE 23/1/96-M.SAUDE|EQUIPO DE NUTRIÇÃO ENTERAL, MATERIAL: PVC, C/ COR , TIPO: P/ BOMBA INFUSÃO, COM SEGMENTO DE SILICONE, 1 VIA , CÂMARA GOTEJAMENTO: MACROGOTAS, FLEXÍVEL , REGULADOR DE FLUXO MANUAL: PINÇA ROLETE , CONECTOR DIETA: PONTA PERFURANTE C/ RESPIRO E FILTRO , CONECTOR PACIENTE: ESCALONADO , COMPRIMENTO TOTAL DO TUBO: ACIMA DE 181 CM , COMPATIBILIDADE: C/ EQUIPAMENTO , ESTERILIDADE: ESTÉRIL, USO ÚNICO , TIPO EMBALAGEM: INDIVIDUAL 
228|CATMAT_ALTERNATIVO|False|False|False|MATERIAIS DE USO TECNICO HOSPITALAR|INSTRUMENTOS, EQUIPAMENTOS E SUPRIMENTOS MÉDICOS  E  CIRÚRGICOS|636800|609804|EQUIPO PARA ADMINISTRACAO DE DIETAS ENTERAIS - EM PLASTICO,ATOXICO,CLAMP DE OCLUSAO,CAMARA DE GOTEJAMENTO FLEXIVEL E TRANSPARENTE, COM PONTA PERFURANTE COM LANCETA,VALVULA T DE SEGURANCA ANTI FLUXO LIVRE E CONECTOR DISTAL ADAPTAVEL, COM 2,60M DE COMPRIMENTO, COM ROLETE LUER ESPECIFICO PARA ADAPTACAO DE SONDA NASOENTERAL, ESTERIL, COMBINADO COM O ART.31 L.8078/90, ART.31 L.8078/90 PORT.CONJ.N.1 DE 23/1/96-M.SAUDE|EQUIPO DE NUTRIÇÃO ENTERAL, MATERIAL: PVC, C/ COR , TIPO: GRAVITACIONAL, 1 VIA , CÂMARA GOTEJAMENTO: MACROGOTAS, FLEXÍVEL , REGULADOR DE FLUXO MANUAL: PINÇA ROLETE , CONECTOR DIETA: PONTA PERFURANTE , CONECTOR PACIENTE: ESCALONADO , COMPRIMENTO TOTAL DO TUBO: ATÉ 180 CM , ADICIONAL: C/ CLAMP , ESTERILIDADE: ESTÉRIL, USO ÚNICO , TIPO EMBALAGEM: INDIVIDUAL 
229|OK_SEM_FLAGS|False|False|False|MATERIAIS DE USO TECNICO HOSPITALAR|INSTRUMENTOS, EQUIPAMENTOS E SUPRIMENTOS MÉDICOS  E  CIRÚRGICOS|1379879|609779|EQUIPO PARA TRANSFUSAO DE SANGUE - DO TIPO DUPLA E FLEXIVEL, GRADUADA EM 100 ML, CONSTITUIDO DE MATERIAL BIOCOMPATIVEL, DE NO MINIMO 200 MICRA, OBRIGATORIAMENTE ATOXICO, OBRIGATORIAMENTE ESTERIL POR ESTERIL DE USO UNICO, OBRIGATORIAMENTE PARA INFUSAO DE SANGUE E HEMODERIVADOS, COM PONTA PERFURANTE, TIPO ROLETE DE ALTA PRECISAO, DEVE CONSTAR O NUMERO NO LADO INTERNO E EXTERNO DO LOTE DE FABRIC., DEVE CONSTAR IDENTIFICACAO DO PRODUTO, DATA DE ESTERILIZACAO EVENCIMENTO, REGISTRO NO M.S.|EQUIPO DE TRANSFUSÃO DE HEMOCOMPONENTES, MATERIAL: PVC TRANSPARENTE , TIPO: GRAVITACIONAL, 2 VIAS, C/ DERIVAÇÃO EM Y , CÂMARA GOTEJAMENTO: MACROGOTAS, CÂMARA DUPLA, C/ FILTRO , REGULADOR DE FLUXO MANUAL: PINÇA ROLETE , COMPRIMENTO TUBO: ATÉ 180 CM , CONECTOR PACIENTE: LUER , ESTERILIDADE: ESTÉRIL, USO ÚNICO , TIPO EMBALAGEM: INDIVIDUAL 
230|OK_SEM_FLAGS|False|False|False|MATERIAIS DE USO TECNICO HOSPITALAR|INSTRUMENTOS, EQUIPAMENTOS E SUPRIMENTOS MÉDICOS  E  CIRÚRGICOS|5214050|620811|EQUIPO PARA ADMINISTRACAO DE DIETAS ENTERAIS - EM PVC, PARA BOMBA DE INFUSAO, ISENTO DE INJETOR LATERAL,PONTA PERFURANTE EM CRUZ,FILTRO DE AR BACTERIOLOGICO,PINCA ROLETE,ESTERIL,EMBALAGEM,APROPRIADA|EQUIPO DE NUTRIÇÃO ENTERAL, MATERIAL: PVC SEM DEHP, C/ COR , TIPO: P/ BOMBA INFUSÃO, SEM SEGMENTO DE SILICONE, 2 VIAS , CÂMARA GOTEJAMENTO: MACROGOTAS, FLEXÍVEL , REGULADOR DE FLUXO MANUAL: PINÇA ROLETE , CONECTOR DIETA: PONTA EM CRUZ , CONECTOR VIA ADICIONAL: PONTA PERFURANTE , CONECTOR PACIENTE: COMPATÍVEL , COMPRIMENTO TOTAL DO TUBO: ACIMA DE 181 CM , ADICIONAL: C/ CLAMP , COMPATIBILIDADE: C/ EQUIPAMENTO , ESTERILIDADE: ESTÉRIL, USO ÚNICO , TIPO EMBALAGEM: INDIVIDUAL 
231|OK_SEM_FLAGS|False|False|False|MATERIAIS DE USO TECNICO HOSPITALAR|INSTRUMENTOS, EQUIPAMENTOS E SUPRIMENTOS MÉDICOS  E  CIRÚRGICOS|1819631|620811|EQUIPO PARA ADMINISTRACAO DE DIETAS ENTERAIS - EM PVC PARA BOMBA DE INFUSAO, ISENTO DE INJETOR LATERAL, COM PONTA PERFURANTE ISENTO DE FILTRO DE PARTICULAS, COM FILTRO DE AR BACTERIOLOGICO, COM ROLETE (PINCA), ESTERIL, EMBALAGEM EM PAPEL GRAU CIRURGICO E/OU FILME TERMOPLASTICO, ROTULAGEM CONF. MS.|EQUIPO DE NUTRIÇÃO ENTERAL, MATERIAL: PVC SEM DEHP, C/ COR , TIPO: P/ BOMBA INFUSÃO, SEM SEGMENTO DE SILICONE, 2 VIAS , CÂMARA GOTEJAMENTO: MACROGOTAS, FLEXÍVEL , REGULADOR DE FLUXO MANUAL: PINÇA ROLETE , CONECTOR DIETA: PONTA EM CRUZ , CONECTOR VIA ADICIONAL: PONTA PERFURANTE , CONECTOR PACIENTE: COMPATÍVEL , COMPRIMENTO TOTAL DO TUBO: ACIMA DE 181 CM , ADICIONAL: C/ CLAMP , COMPATIBILIDADE: C/ EQUIPAMENTO , ESTERILIDADE: ESTÉRIL, USO ÚNICO , TIPO EMBALAGEM: INDIVIDUAL 
232|OK_SEM_FLAGS|False|False|False|MATERIAIS DE USO TECNICO HOSPITALAR|INSTRUMENTOS, EQUIPAMENTOS E SUPRIMENTOS MÉDICOS  E  CIRÚRGICOS|636800|609804|EQUIPO PARA ADMINISTRACAO DE DIETAS ENTERAIS - EM PLASTICO,ATOXICO,CLAMP DE OCLUSAO,CAMARA DE GOTEJAMENTO FLEXIVEL E TRANSPARENTE, COM PONTA PERFURANTE COM LANCETA,VALVULA T DE SEGURANCA ANTI FLUXO LIVRE E CONECTOR DISTAL ADAPTAVEL, COM 2,60M DE COMPRIMENTO, COM ROLETE LUER ESPECIFICO PARA ADAPTACAO DE SONDA NASOENTERAL, ESTERIL, COMBINADO COM O ART.31 L.8078/90, ART.31 L.8078/90 PORT.CONJ.N.1 DE 23/1/96-M.SAUDE|EQUIPO DE NUTRIÇÃO ENTERAL, MATERIAL: PVC, C/ COR , TIPO: GRAVITACIONAL, 1 VIA , CÂMARA GOTEJAMENTO: MACROGOTAS, FLEXÍVEL , REGULADOR DE FLUXO MANUAL: PINÇA ROLETE , CONECTOR DIETA: PONTA PERFURANTE , CONECTOR PACIENTE: ESCALONADO , COMPRIMENTO TOTAL DO TUBO: ATÉ 180 CM , ADICIONAL: C/ CLAMP , ESTERILIDADE: ESTÉRIL, USO ÚNICO , TIPO EMBALAGEM: INDIVIDUAL 
232|OK_SEM_FLAGS|False|False|False|MATERIAIS DE USO TECNICO HOSPITALAR|INSTRUMENTOS, EQUIPAMENTOS E SUPRIMENTOS MÉDICOS  E  CIRÚRGICOS|636800|609802|EQUIPO PARA ADMINISTRACAO DE DIETAS ENTERAIS - EM PLASTICO,ATOXICO,CLAMP DE OCLUSAO,CAMARA DE GOTEJAMENTO FLEXIVEL E TRANSPARENTE, COM PONTA PERFURANTE COM LANCETA,VALVULA T DE SEGURANCA ANTI FLUXO LIVRE E CONECTOR DISTAL ADAPTAVEL, COM 2,60M DE COMPRIMENTO, COM ROLETE LUER ESPECIFICO PARA ADAPTACAO DE SONDA NASOENTERAL, ESTERIL, COMBINADO COM O ART.31 L.8078/90, ART.31 L.8078/90 PORT.CONJ.N.1 DE 23/1/96-M.SAUDE|EQUIPO DE NUTRIÇÃO ENTERAL, MATERIAL: PVC, C/ COR , TIPO: GRAVITACIONAL, 1 VIA , CÂMARA GOTEJAMENTO: MACROGOTAS, FLEXÍVEL , REGULADOR DE FLUXO MANUAL: PINÇA ROLETE , CONECTOR DIETA: PONTA PERFURANTE , CONECTOR PACIENTE: ESCALONADO , COMPRIMENTO TOTAL DO TUBO: ATÉ 180 CM , ESTERILIDADE: ESTÉRIL, USO ÚNICO , TIPO EMBALAGEM: INDIVIDUAL 
233|CATMAT_ALTERNATIVO; MAPEAMENTO_INCERTO|False|False|False|MATERIAIS DE USO TECNICO HOSPITALAR|INSTRUMENTOS, EQUIPAMENTOS E SUPRIMENTOS MÉDICOS  E  CIRÚRGICOS|2904934|610242|EQUIPO PARA BOMBA DE INFUSAO FOTOSSENSIVEL - TIPO PARENTERAL,COM TUBO EM PVC AMBAR,COM FILTRO DE PARTICULAS 15 ATOXICO , CAMARA FLEXIVEL DE  MACROGOTEJAMENTO,  COM FILTRO DE AR BACTERIOLOGICO DE 22,,COM NO MINIMO 2M DE COMPRIMENTO , COM INTERMEDIARIO  DE SILICONE GRAU MEDICO, LANCEADA TIPO UNIVERSAL, COM INJETOR LATERAL TIPO Y, CONTROLE DE  DE GOTEJAMENTO POR PINCA CORTA FLUXO TIPO ROLETE, TAMPAS OCLUSORAS, EXTREMIDADE TIPO LUER COM CAPA PROTETORA,EMBALAGEM INDIVIDUAL EM ENVELOPE DUPLA FACE GRAU CIRURGICO ,COM DADOS DE IDENTIFICACAO, DE PROCEDENCIA NACIONAL, COM VALIDA DE 24 MESES,ESTERIL|EQUIPO DE NUTRIÇÃO ENTERAL, MATERIAL: PVC SEM DEHP, C/ COR , TIPO: P/ BOMBA INFUSÃO, COM SEGMENTO DE SILICONE, 1 VIA , CÂMARA GOTEJAMENTO: MACROGOTAS, FLEXÍVEL , REGULADOR DE FLUXO MANUAL: PINÇA ROLETE , CONECTOR DIETA: PONTA PERFURANTE , CONECTOR PACIENTE: ESCALONADO , COMPRIMENTO TOTAL DO TUBO: ACIMA DE 181 CM , ADICIONAL: C/ INJETOR LATERAL , COMPATIBILIDADE: C/ EQUIPAMENTO , ESTERILIDADE: ESTÉRIL, USO ÚNICO , TIPO EMBALAGEM: INDIVIDUAL 
234|MAPEAMENTO_INCERTO|False|False|True|MATERIAIS DE USO TECNICO HOSPITALAR|INSTRUMENTOS, EQUIPAMENTOS E SUPRIMENTOS MÉDICOS  E  CIRÚRGICOS|2298546|610307|EQUIPO PARA BOMBA DE INFUSAO - PARA SOLUCOES PARENTERAIS,MACROGOTAS,CAMARA DE GOTEJAMENTO FLEXIVEL, COM FILTRO DE AR BACTERIOLOGICO DE 0,2 MICRA,FILTRO PARA PARTICULAS DE 15 MICRAS,PINCA ANATOMICA, ROLETE COM CORTA FLUXO, INJETOR LATERAL, TERMINAL LUER COM PROTETOR, TUBO EXTENSOR DE NO MINIMO 2.00 M,EM PVC ATOXICO,ESTERIL DESCARTAVEL, EMBALAGEM EM PAPEL GRAU CIRURGICO, CONTENDO DADOS DE IDENTIFICACAO,LOTE, VALIDADE. DEVERA SER ENTREGUE A QUANTIDADE DE BOMBAS DE ACORDO COM A NECESSIDADE DO HOSPITAL,CONFORME EXIGENCIA DO EDITAL DE LICITACAO.|EQUIPO P/ BOMBA DE INFUSÃO, MATERIAL: PVC TRANSPARENTE , MATERIAL ADICIONAL: SEM SEGMENTO DE SILICONE , VOLUME BURETA: BURETA CERCA DE 150 ML, CARACTERÍSTICAS BURETA: GRADUADA, C/ ALÇA, RESPIRO, INJETOR E FILTRO , CÂMARA GOTEJAMENTO: MACROGOTAS, FLEXÍVEL, C/ FILTRO , REGULADOR DE FLUXO MANUAL: PINÇA ROLETE , COMPRIMENTO TOTAL DO TUBO: ACIMA DE 181 CM , TIPO INJETOR LATERAL: C/ 1 INJETOR, AUTOCICATRIZANTE , CONECTOR SOLUÇÃO: PONTA PERFURANTE , CONECTOR PACIENTE: LUER , COMPATIBILIDADE: C/ EQUIPAMENTO , ESTERILIDADE: ESTÉRIL, USO ÚNICO , TIPO EMBALAGEM: INDIVIDUAL 
234|MAPEAMENTO_INCERTO|False|False|True|MATERIAIS DE USO TECNICO HOSPITALAR|INSTRUMENTOS, EQUIPAMENTOS E SUPRIMENTOS MÉDICOS  E  CIRÚRGICOS|2298546|610305|EQUIPO PARA BOMBA DE INFUSAO - PARA SOLUCOES PARENTERAIS,MACROGOTAS,CAMARA DE GOTEJAMENTO FLEXIVEL, COM FILTRO DE AR BACTERIOLOGICO DE 0,2 MICRA,FILTRO PARA PARTICULAS DE 15 MICRAS,PINCA ANATOMICA, ROLETE COM CORTA FLUXO, INJETOR LATERAL, TERMINAL LUER COM PROTETOR, TUBO EXTENSOR DE NO MINIMO 2.00 M,EM PVC ATOXICO,ESTERIL DESCARTAVEL, EMBALAGEM EM PAPEL GRAU CIRURGICO, CONTENDO DADOS DE IDENTIFICACAO,LOTE, VALIDADE. DEVERA SER ENTREGUE A QUANTIDADE DE BOMBAS DE ACORDO COM A NECESSIDADE DO HOSPITAL,CONFORME EXIGENCIA DO EDITAL DE LICITACAO.|EQUIPO P/ BOMBA DE INFUSÃO, MATERIAL: PVC TRANSPARENTE , MATERIAL ADICIONAL: SEM SEGMENTO DE SILICONE , CÂMARA GOTEJAMENTO: MACROGOTAS, FLEXÍVEL, C/ FILTRO , REGULADOR DE FLUXO MANUAL: PINÇA ROLETE , COMPRIMENTO TOTAL DO TUBO: ACIMA DE 181 CM , TIPO INJETOR LATERAL: C/ 1 INJETOR, AUTOCICATRIZANTE , CONECTOR SOLUÇÃO: PONTA PERFURANTE , CONECTOR PACIENTE: LUER , COMPATIBILIDADE: C/ EQUIPAMENTO , ESTERILIDADE: ESTÉRIL, USO ÚNICO , TIPO EMBALAGEM: INDIVIDUAL 
235|CATMAT_ALTERNATIVO; MAPEAMENTO_INCERTO|False|False|False|MATERIAIS DE USO TECNICO HOSPITALAR|INSTRUMENTOS, EQUIPAMENTOS E SUPRIMENTOS MÉDICOS  E  CIRÚRGICOS|3401006|620775|EQUIPO PARA ADMINISTRACAO DE SOLUCOES PARENTERAIS - PVC,COM PONTA  PERFURANTE, PADRAO ISO, COM TAMPA PROTETORA, DE ACORDO COM A ABNT 14041,COM PINCA TIPO  ROLETE, SEGUIMENTO DE SILICONE, PARA USO EM BOMBA DE INFUSAO DE PERISTALTISMO LINEAR POR DEDILHAMENTO,INJETOR LATERAL DE BORRACHA TERMOPLASTICA,LUER SPIN LOCK,AJUSTADO PARA 20 GOTAS = 1ML, COM PRIMING REDUZIDO ATE NO MAXIMO 13ML, PARA USO EM NEONATOLOGIA,COM FILTRO DE AR HIDROFOBO E BACTERIOLOGICO,COM CAMARA FLEXIVEL,EMBALADO EM PAPEL GRAU CIRURGICO E CONFORME LEGISLACAO MS,ROTULAGEM RESPEITANDO O DECRETO LEI 79094/77|EQUIPO P/ BOMBA DE INFUSÃO, MATERIAL: PVC TRANSPARENTE, SEM DEHP , MATERIAL ADICIONAL: COM SEGMENTO DE SILICONE , CÂMARA GOTEJAMENTO: MACROGOTAS, FLEXÍVEL, C/ RESPIRO E FILTRO , REGULADOR DE FLUXO MANUAL: PINÇA ROLETE , COMPRIMENTO TOTAL DO TUBO: ACIMA DE 181 CM , TIPO INJETOR LATERAL: C/ 1 INJETOR, AUTOCICATRIZANTE , CONECTOR SOLUÇÃO: PONTA PERFURANTE , CONECTOR PACIENTE: LUER , ADICIONAL: C/ CLAMP , COMPATIBILIDADE: C/ EQUIPAMENTO , ESTERILIDADE: ESTÉRIL, USO ÚNICO , TIPO EMBALAGEM: INDIVIDUAL 
237|MAPEAMENTO_INCERTO|False|False|True|MATERIAIS DE USO TECNICO HOSPITALAR|INSTRUMENTOS, EQUIPAMENTOS E SUPRIMENTOS MÉDICOS  E  CIRÚRGICOS|2605228|610306|EQUIPO PARA BOMBA DE INFUSAO - EQUIPO  EM PVC FREE PARA SOLUCOES PARENTERAIS QUIMIOTERAPICOS MEDINDO APROXIMADAMENTE 2.3M CONSTITUIDO POR CAMARA GOTEJADORA FLEXIVEL COM CAMARA DE AR COM FILTRO BACTERIOLOGICO , COM PINCA CORTA FLUXO COM MEMBRANA CICATRIZANTE.,PARA BOMBA DE INFUSAO SEGUIDO COM FILTRO DE 0,2 MICRONS COM CONECTOR TERMINAL LUER LOOK COM CAPAS PROTETORA.,EMBALAGEM INDIVIDUAL ATOXICA EM GRAU CIRURGICO COM PROCEDENCIA E ROTULAGEM CONFORME MS.,PARA INFUSAO PARENTERAL DE LIQUIDOS INCOMPATIVEIS COM PVC.|EQUIPO P/ BOMBA DE INFUSÃO, MATERIAL: PVC ÂMBAR P/ SOLUÇÃO FOTOSSENSÍVEL , MATERIAL ADICIONAL: SEM SEGMENTO DE SILICONE , CÂMARA GOTEJAMENTO: MACROGOTAS, FLEXÍVEL, C/ FILTRO , REGULADOR DE FLUXO MANUAL: PINÇA ROLETE , COMPRIMENTO TOTAL DO TUBO: ACIMA DE 181 CM , TIPO INJETOR LATERAL: C/ 1 INJETOR, AUTOCICATRIZANTE , CONECTOR SOLUÇÃO: PONTA PERFURANTE , CONECTOR PACIENTE: LUER , ADICIONAL: C/ CAPA PROTETORA P/ FRASCO E CLAMP , COMPATIBILIDADE: C/ EQUIPAMENTO , ESTERILIDADE: ESTÉRIL, USO ÚNICO , TIPO EMBALAGEM: INDIVIDUAL 
238|MAPEAMENTO_INCERTO|False|False|True|MATERIAIS DE USO TECNICO HOSPITALAR|INSTRUMENTOS, EQUIPAMENTOS E SUPRIMENTOS MÉDICOS  E  CIRÚRGICOS|1926470|609798|EXTENSOR PARA ARTROSCOPIA - CONJUNTO DE IRRIGACAO PARA ARTROSCOPIA COM4 VIAS , EM PVC, ATOXICO E SILICONIZADO COM, PONTA DE LATEX E CINTA PARA AJUSTAR O CONJUNTO AO IRRIGADOR.|EQUIPO ESPECIAL - USO MÉDICO, APLICAçãO: P/ IRRIGAÇÃO CIRÚRGICA DE SOLUÇÕES, GRAVITACIONAL , NÚMERO VIAS: 4 VIAS , MATERIAL: PVC TRANSPARENTE , CONECTOR SOLUÇÃO: PONTAS PERFURANTES , REGULADOR DE FLUXO MANUAL: CLAMPS EM TODAS AS VIAS , COMPRIMENTO TOTAL DO TUBO: ACIMA DE 181 CM, C/ DERIVAÇÃO EM Y , CONECTOR DISTAL: COMPATÍVEL C/ INSTRUMENTAL , ESTERILIDADE: ESTÉRIL, USO ÚNICO , TIPO EMBALAGEM: INDIVIDUAL 
238|MAPEAMENTO_INCERTO|False|False|True|MATERIAIS DE USO TECNICO HOSPITALAR|INSTRUMENTOS, EQUIPAMENTOS E SUPRIMENTOS MÉDICOS  E  CIRÚRGICOS|1926470|609797|EXTENSOR PARA ARTROSCOPIA - CONJUNTO DE IRRIGACAO PARA ARTROSCOPIA COM4 VIAS , EM PVC, ATOXICO E SILICONIZADO COM, PONTA DE LATEX E CINTA PARA AJUSTAR O CONJUNTO AO IRRIGADOR.|EQUIPO ESPECIAL - USO MÉDICO, APLICAçãO: P/ IRRIGAÇÃO CIRÚRGICA DE SOLUÇÕES, GRAVITACIONAL , NÚMERO VIAS: 4 VIAS , MATERIAL: PVC TRANSPARENTE , CONECTOR SOLUÇÃO: PONTAS PERFURANTES , REGULADOR DE FLUXO MANUAL: CLAMPS EM TODAS AS VIAS , COMPRIMENTO TOTAL DO TUBO: ATÉ 180 CM, C/ DERIVAÇÃO EM Y , CONECTOR DISTAL: COMPATÍVEL C/ INSTRUMENTAL , ESTERILIDADE: ESTÉRIL, USO ÚNICO , TIPO EMBALAGEM: INDIVIDUAL 
239|MAPEAMENTO_INCERTO|False|False|True|MATERIAIS DE USO TECNICO HOSPITALAR|INSTRUMENTOS, EQUIPAMENTOS E SUPRIMENTOS MÉDICOS  E  CIRÚRGICOS|1925490|406713|EQUIPO DE ENTRADA VENOSA PARA HEMODIALISE - EQUIPO DE 6 MM, ESTERIL E APIROGENICO, COM ALMOFADA, INJETOR LATERAL COM CONEXAO, PARA SORO., SHUNTI ARTERIAL, EXTREMIDADES COM PROTETORES., EMBALAGEM: EMBALADO EM PAPEL GRAU CIRURGICO COM DADOS DE IDENTIFICACAO.|LINHA SANGUE, TIPO: VENOSO , APLICAÇÃO: P/ MÁQUINA DE PROPORÇÃO , MATERIAL: TUBO FLEXÍVEL EM PVC , MODELO: C/ CATABOLHA C/ FILTRO , DIÂMETRO: CERCA DE 6 MM, TIPO PINÇA: PINÇA CLAMP CORTA-FLUXO , TIPO CONECTOR: CONECTOR DIALISADOR ROSQUEADO , COMPONENTE: INJETOR LATERAL AUTOCICATRIZANTE , ESTERILIDADE: ESTÉRIL, DESCARTÁVEL 
240|MAPEAMENTO_INCERTO|False|False|True|MATERIAIS DE USO TECNICO HOSPITALAR|INSTRUMENTOS, EQUIPAMENTOS E SUPRIMENTOS MÉDICOS  E  CIRÚRGICOS|5355567|406716|EQUIPO DE ENTRADA VENOSA PARA HEMODIALISE - EQUIPO DE 8,0 MM,ESTERIL E APIROGENICO,COM ALMOFADA, INJETOR LATERAL COM CONEXAO PARA SORO, SHUNTI ARTERIAL, EXTREMIDADES COM PROTETORES,EMBALADO EM PAPEL GRAU CIRURGICO|LINHA SANGUE, TIPO: VENOSO , APLICAÇÃO: P/ MÁQUINA DE PROPORÇÃO , MATERIAL: TUBO FLEXÍVEL EM PVC , MODELO: CATABOLHA C/ FILTRO , DIÂMETRO: CERCA DE 8 MM, TIPO PINÇA: PINÇA CLAMP CORTA-FLUXO , TIPO CONECTOR: CONECTOR DIALISADOR ROSQUEADO , TIPO SENSOR: SENSOR DE PRESSÃO C/ LUER LOCK , COMPONENTE: INJETOR LATERAL AUTOCICATRIZANTE , ESTERILIDADE: ESTÉRIL, DESCARTÁVEL 
241|MAPEAMENTO_INCERTO|False|False|True|MATERIAIS DE USO TECNICO HOSPITALAR|INSTRUMENTOS, EQUIPAMENTOS E SUPRIMENTOS MÉDICOS  E  CIRÚRGICOS|1925482|406716|EQUIPO DE SAIDA VENOSA PARA HEMODIALISE - EQUIPO DE 8 MM, ESTERIL E APIROGENIO, COM CONECTOR DE AR COM FILTRO E COM TRES VIAS,SENDO UMA VIA DE ENTRADA,, UMA VIA PARA MEDICAO DE PRESSAO E UMA VIA PARA CONTROLE DO NIVEL SANGUINEO., NA PARTE INFERIOR DEVE POSSUIR UMA VIA DE SAIDA COM INJETOR LATERAL., TODAS AS VIAS DEVEM POSSUIR PROTETORES., EMBALAGEM: EMBALADO EM PAPEL GRAU CIRURGICO COM DADOS DE IDENTIFICACAO.|LINHA SANGUE, TIPO: VENOSO , APLICAÇÃO: P/ MÁQUINA DE PROPORÇÃO , MATERIAL: TUBO FLEXÍVEL EM PVC , MODELO: CATABOLHA C/ FILTRO , DIÂMETRO: CERCA DE 8 MM, TIPO PINÇA: PINÇA CLAMP CORTA-FLUXO , TIPO CONECTOR: CONECTOR DIALISADOR ROSQUEADO , TIPO SENSOR: SENSOR DE PRESSÃO C/ LUER LOCK , COMPONENTE: INJETOR LATERAL AUTOCICATRIZANTE , ESTERILIDADE: ESTÉRIL, DESCARTÁVEL 
242|OK_SEM_FLAGS|False|False|False|MATERIAIS DE USO TECNICO HOSPITALAR|INSTRUMENTOS, EQUIPAMENTOS E SUPRIMENTOS MÉDICOS  E  CIRÚRGICOS|588725|456959|EQUIPO P/ MONITORIZACAO DE PRESSAO ARTERIAL MEDIA - CONFECCIONADO EM PVC ATOXICO E APIROGENICO, COMPOSTO POR CAMARA FLEXIVEL, PINCA ROLETE, TORNEIRA DE 3 VIASE TUBO CONDUTOR, COMPATIVEL COM TRANSDUTOR DE PRESSAO E MANOMETRO,, ESTERIL, APRESENTADO CONFORME DECRETO LEI 79094/77 COMBINADO COM O ART. 31 DA LEI 8078/90, ROTULAGEM RESPEITANDO O DECRETO LEI 79094/77 ART.31 LEI 8078/90 PORT.CONJ.N1 DE 23/1/96-M.SAUDE|TRANSDUTOR USO MÉDICO, COMPATÍVEL: P/ MONITOR MULTIPARÂMETRO , APLICAÇÃO: DE PRESSÃO ARTERIAL INVASIVA , COMPONENTE 1: C/ DISPOSITIVO DE FLUXO 30 ML/H , ESTERILIDADE: ESTÉRIL, DESCARTÁVEL 
242|OK_SEM_FLAGS|False|False|False|MATERIAIS DE USO TECNICO HOSPITALAR|INSTRUMENTOS, EQUIPAMENTOS E SUPRIMENTOS MÉDICOS  E  CIRÚRGICOS|588725|478698|EQUIPO P/ MONITORIZACAO DE PRESSAO ARTERIAL MEDIA - CONFECCIONADO EM PVC ATOXICO E APIROGENICO, COMPOSTO POR CAMARA FLEXIVEL, PINCA ROLETE, TORNEIRA DE 3 VIASE TUBO CONDUTOR, COMPATIVEL COM TRANSDUTOR DE PRESSAO E MANOMETRO,, ESTERIL, APRESENTADO CONFORME DECRETO LEI 79094/77 COMBINADO COM O ART. 31 DA LEI 8078/90, ROTULAGEM RESPEITANDO O DECRETO LEI 79094/77 ART.31 LEI 8078/90 PORT.CONJ.N1 DE 23/1/96-M.SAUDE|MATERIAL ESPECIAL CARDIOVASCULAR, APLICAÇÃO*: P/ MONITORIZAÇÃO PRESSÃO ARTERIAL INVASIVA , COMPONENTE 1: 2 TRANSDUTORES C/ DISPOSITIVO FLUXO CERCA 3 ML/H , COMPONENTE 2: LINHA C/ EQUIPO, TORNEIRA VALVULADA , COMPONENTE 3: SENSOR , ADICIONAIS: 2 EXTENSORES , TAMANHO: CERCA DE 120 E 150 CM , ESTERILIDADE: ESTÉRIL , COMPATIBILIDADE: COMPATIBILIDADE ESPECÍFICA 
242|OK_SEM_FLAGS|False|False|False|MATERIAIS DE USO TECNICO HOSPITALAR|INSTRUMENTOS, EQUIPAMENTOS E SUPRIMENTOS MÉDICOS  E  CIRÚRGICOS|588725|456957|EQUIPO P/ MONITORIZACAO DE PRESSAO ARTERIAL MEDIA - CONFECCIONADO EM PVC ATOXICO E APIROGENICO, COMPOSTO POR CAMARA FLEXIVEL, PINCA ROLETE, TORNEIRA DE 3 VIASE TUBO CONDUTOR, COMPATIVEL COM TRANSDUTOR DE PRESSAO E MANOMETRO,, ESTERIL, APRESENTADO CONFORME DECRETO LEI 79094/77 COMBINADO COM O ART. 31 DA LEI 8078/90, ROTULAGEM RESPEITANDO O DECRETO LEI 79094/77 ART.31 LEI 8078/90 PORT.CONJ.N1 DE 23/1/96-M.SAUDE|TRANSDUTOR USO MÉDICO, COMPATÍVEL: P/ MONITOR MULTIPARÂMETRO , APLICAÇÃO: DE PRESSÃO ARTERIAL INVASIVA , COMPONENTE 1: C/ DISPOSITIVO DE FLUXO 3 ML/H , ESTERILIDADE: ESTÉRIL, DESCARTÁVEL 
242|OK_SEM_FLAGS|False|False|False|MATERIAIS DE USO TECNICO HOSPITALAR|INSTRUMENTOS, EQUIPAMENTOS E SUPRIMENTOS MÉDICOS  E  CIRÚRGICOS|588725|456766|EQUIPO P/ MONITORIZACAO DE PRESSAO ARTERIAL MEDIA - CONFECCIONADO EM PVC ATOXICO E APIROGENICO, COMPOSTO POR CAMARA FLEXIVEL, PINCA ROLETE, TORNEIRA DE 3 VIASE TUBO CONDUTOR, COMPATIVEL COM TRANSDUTOR DE PRESSAO E MANOMETRO,, ESTERIL, APRESENTADO CONFORME DECRETO LEI 79094/77 COMBINADO COM O ART. 31 DA LEI 8078/90, ROTULAGEM RESPEITANDO O DECRETO LEI 79094/77 ART.31 LEI 8078/90 PORT.CONJ.N1 DE 23/1/96-M.SAUDE|MATERIAL ESPECIAL CARDIOVASCULAR, APLICAÇÃO*: P/ MONITORIZAÇÃO PRESSÃO ARTERIAL INVASIVA , COMPONENTE 1: TRANSDUTOR S/ DISPOSITIVO FLUXO , COMPONENTE 2: LINHA C/ EQUIPO, TORNEIRA VALVULADA , ADICIONAIS: 2 EXTENSORES , TAMANHO: CERCA DE 30 E 120 CM , ESTERILIDADE: ESTÉRIL, DESCARTÁVEL , COMPATIBILIDADE: COMPATIBILIDADE ESPECÍFICA 
243|MAPEAMENTO_INCERTO|False|False|True|MATERIAIS DE USO TECNICO HOSPITALAR|INSTRUMENTOS, EQUIPAMENTOS E SUPRIMENTOS MÉDICOS  E  CIRÚRGICOS|2545551|459736|EXTENSOR DE SERINGA DESCARTAVEL - COM APROXIMADAMENTE 120 CM DE COMPRIMENTO, CONECTOR TIPO LUER LUCK, ADAPTAVEL  A COMPATIVEL COM  AS BOMBAS DE INFUSAO CEDIDAS PELA EMPRESA VENCEDORA., EMBALAGEM EM PAPEL GRAU CIRURGICO,COM DADOS DE IDENTIFICACAO,PROCEDENCIA,TIPO DE ESTERILIZACAO,PRAZO DE VALIDADE,NUMERO DE LOTE E REGISTRO NO MINISTERIO DA SAUDE.|EXTENSOR INFUSÃO VASCULAR, VIAS: 1 VIA , MATERIAL: POLÍMERO , COMPRIMENTO: CERCA 120 CM, CALIBRE: CERCA 12 FRENCH, TIPO CONEXÃO: LUER LOCK / SLIP , PRESSÃO MÁXIMA: ATÉ CERCA DE 100 PSI, COMPONENTE ADICIONAL: C/ CLAMP , CARACTERíSTICAS ADICIONAIS: FOTOSSENSÍVEL , TIPO USO: ESTÉRIL, USO ÚNICO 
243|MAPEAMENTO_INCERTO|False|False|True|MATERIAIS DE USO TECNICO HOSPITALAR|INSTRUMENTOS, EQUIPAMENTOS E SUPRIMENTOS MÉDICOS  E  CIRÚRGICOS|2545551|472027|EXTENSOR DE SERINGA DESCARTAVEL - COM APROXIMADAMENTE 120 CM DE COMPRIMENTO, CONECTOR TIPO LUER LUCK, ADAPTAVEL  A COMPATIVEL COM  AS BOMBAS DE INFUSAO CEDIDAS PELA EMPRESA VENCEDORA., EMBALAGEM EM PAPEL GRAU CIRURGICO,COM DADOS DE IDENTIFICACAO,PROCEDENCIA,TIPO DE ESTERILIZACAO,PRAZO DE VALIDADE,NUMERO DE LOTE E REGISTRO NO MINISTERIO DA SAUDE.|EXTENSOR INFUSÃO VASCULAR, VIAS: 1 VIA , MATERIAL: POLÍMERO , COMPRIMENTO: CERCA 120 CM, CALIBRE: CERCA 3 FRENCH, TIPO CONEXÃO: LUER LOCK / SLIP , PRESSÃO MÁXIMA: ATÉ CERCA DE 100 PSI, COMPONENTE ADICIONAL: C/ CLAMP , TIPO USO: ESTÉRIL, USO ÚNICO 
243|MAPEAMENTO_INCERTO|False|False|True|MATERIAIS DE USO TECNICO HOSPITALAR|INSTRUMENTOS, EQUIPAMENTOS E SUPRIMENTOS MÉDICOS  E  CIRÚRGICOS|2545551|470994|EXTENSOR DE SERINGA DESCARTAVEL - COM APROXIMADAMENTE 120 CM DE COMPRIMENTO, CONECTOR TIPO LUER LUCK, ADAPTAVEL  A COMPATIVEL COM  AS BOMBAS DE INFUSAO CEDIDAS PELA EMPRESA VENCEDORA., EMBALAGEM EM PAPEL GRAU CIRURGICO,COM DADOS DE IDENTIFICACAO,PROCEDENCIA,TIPO DE ESTERILIZACAO,PRAZO DE VALIDADE,NUMERO DE LOTE E REGISTRO NO MINISTERIO DA SAUDE.|EXTENSOR INFUSÃO VASCULAR, VIAS: 1 VIA , MATERIAL: POLÍMERO , COMPRIMENTO: CERCA 120 CM, CALIBRE: CERCA 8 FRENCH, TIPO CONEXÃO: LUER LOCK / SLIP , PRESSÃO MÁXIMA: ATÉ CERCA DE 100 PSI, COMPONENTE ADICIONAL: C/ CLAMP , CARACTERíSTICAS ADICIONAIS: FOTOSSENSÍVEL , TIPO USO: ESTÉRIL, USO ÚNICO 
245|OK_SEM_FLAGS|False|False|False|MATERIAIS DE USO TECNICO HOSPITALAR|INSTRUMENTOS, EQUIPAMENTOS E SUPRIMENTOS MÉDICOS  E  CIRÚRGICOS|2004224|459692|EXTENSOR PARA EQUIPO - EXTENSOR PARA EQUIPO 60 CM, ESTERIL CONSTANDO EM EMBALAGEM DADOS DE PROCEDENCIA, FABRICACAO, LOTE E VALIDADE.|EXTENSOR INFUSÃO VASCULAR, VIAS: 1 VIA , MATERIAL: POLÍMERO , COMPRIMENTO: CERCA 60 CM, CALIBRE: CERCA 12 FRENCH, TIPO CONEXÃO: LUER LOCK / SLIP , PRESSÃO MÁXIMA: ATÉ CERCA DE 100 PSI, COMPONENTE ADICIONAL: C/ CLAMP , TIPO USO: ESTÉRIL, USO ÚNICO 
246|OK_SEM_FLAGS|False|False|False|MATERIAIS DE USO TECNICO HOSPITALAR|INSTRUMENTOS, EQUIPAMENTOS E SUPRIMENTOS MÉDICOS  E  CIRÚRGICOS|1743562|457516|EXTENSOR DE EQUIPOS - EXTENSOR DE EQUIPOS, COM 20 CM DE COMPRIMENTO|EXTENSOR INFUSÃO VASCULAR, VIAS: 1 VIA , MATERIAL: POLÍMERO , COMPRIMENTO: CERCA 20 CM, CALIBRE: CERCA 12 FRENCH, TIPO CONEXÃO: LUER LOCK / SLIP , PRESSÃO MÁXIMA: ATÉ CERCA DE 100 PSI, TIPO USO: ESTÉRIL, USO ÚNICO 
248|MAPEAMENTO_INCERTO|False|False|True|MATERIAIS DE USO TECNICO HOSPITALAR|INSTRUMENTOS, EQUIPAMENTOS E SUPRIMENTOS MÉDICOS  E  CIRÚRGICOS|2755165|609792|EXTENSOR PARA EQUIPO - DUPLO CANAL, PARA DISSECTOR ULTRASSONICO, PARA APARELHO SONOCA E OU SIMILAR, PARA NEUROCIRURGIA, COM LANCETA, ENTRADA DE AR COM FILTRO BACTERIOLOGICO, CAMARA FLEXIVEL, TUBOS SILICONIZADOS COM PONTAS LUER LOCKNA EXTREMIDADE DISTAL COMPRIMENTO DE 1M, DUPLO TUBO COM CLAMP E PONTAS LUER LOCK NA EXTREMIDADE DISTAL COMPRIMENTO DE 6M,EMBALADO EM PAPEL GRAU CIRURGICO, ESTERILIZADO A OXIDO DE ETILENO. CONFORME LEGISLACAO|EQUIPO ESPECIAL - USO MÉDICO, APLICAçãO: P/ IRRIGAÇÃO E ASPIRAÇÃO , NÚMERO VIAS: 2 VIAS , MATERIAL: PVC TRANSPARENTE , CONECTOR SOLUÇÃO: PONTA PERFURANTE , CÂMARA GOTEJAMENTO: MACROGOTAS, FLEXÍVEL, C/ RESPIRO , REGULADOR DE FLUXO MANUAL: PINÇA ROLETE E CLAMP , CONECTOR DISTAL: COMPATÍVEL C/ INSTRUMENTAL , COMPATIBILIDADE: C/ ASPIRADOR ULTRASSÔNICO , ESTERILIDADE: ESTÉRIL, USO ÚNICO , TIPO EMBALAGEM: INDIVIDUAL 
248|MAPEAMENTO_INCERTO|False|False|True|MATERIAIS DE USO TECNICO HOSPITALAR|INSTRUMENTOS, EQUIPAMENTOS E SUPRIMENTOS MÉDICOS  E  CIRÚRGICOS|2755165|610538|EXTENSOR PARA EQUIPO - DUPLO CANAL, PARA DISSECTOR ULTRASSONICO, PARA APARELHO SONOCA E OU SIMILAR, PARA NEUROCIRURGIA, COM LANCETA, ENTRADA DE AR COM FILTRO BACTERIOLOGICO, CAMARA FLEXIVEL, TUBOS SILICONIZADOS COM PONTAS LUER LOCKNA EXTREMIDADE DISTAL COMPRIMENTO DE 1M, DUPLO TUBO COM CLAMP E PONTAS LUER LOCK NA EXTREMIDADE DISTAL COMPRIMENTO DE 6M,EMBALADO EM PAPEL GRAU CIRURGICO, ESTERILIZADO A OXIDO DE ETILENO. CONFORME LEGISLACAO|EQUIPO ESPECIAL - USO MÉDICO, APLICAçãO: P/ IRRIGAÇÃO CIRÚRGICA DE SOLUÇÕES, BOMBA INFUSORA , NÚMERO VIAS: C/ 1 VIA, SEGMENTO SILICONE , TIPO: P/ USO C/ CATETER IRRIGADO - ABLAÇÃO , MATERIAL: PVC TRANSPARENTE , CONECTOR SOLUÇÃO: PONTA PERFURANTE , CÂMARA GOTEJAMENTO: MACROGOTAS, FLEXÍVEL , REGULADOR DE FLUXO MANUAL: PINÇA ROLETE , CONECTOR DISTAL: LUER , COMPATIBILIDADE: C/ EQUIPAMENTO , ESTERILIDADE: ESTÉRIL, USO ÚNICO , TIPO EMBALAGEM: INDIVIDUAL 
249|MAPEAMENTO_INCERTO|False|False|True|INSUMOS PARA AS AREAS HEMATOLOGICAS E HEMOTERAPICAS|INSTRUMENTOS, EQUIPAMENTOS E SUPRIMENTOS MÉDICOS  E  CIRÚRGICOS|2243660|372074|"FILTRO PARA REMOCAO DE LEUCOCITOS - FILTRO: EM CONCENTRADO DE HEMACIAS PARA USO EM BANCADA, ESTERIL, ATOXICO E APIROGENICO, COMPOSTO DE UM ELEMENTO FILTRANTE, COM UM PENETRADOR PARA BOLSA DE SANGUE, COM BOLSA DE TRANSFERENCIA COM CAPACIDADE  DE 600ML, A BOLSA DEVE SER LIGADA INTEGRALMENTE AO SISTEMA E O CONJUNTO DEVE PERMITIR A REMOCAO DO AR RESIDUAL EM SISTEMA ESTERIL, A RECUPERACAO DE HEMACIAS MAIOR QUE 85%, EMBALADA: POSSUIR PINCA TIPO CORTA FLUXO E CAMARA GOTEJADORA, SENDO QUE OS TUBOS PLASTICOS DEVEM SER COMPATIVEIS COM O SISTEMA SCD(STERILE CONNECTING DEVICE), OU SIMILAR, INTEGRIDADE DO MATERIAL A CONTAGEM RESIDUAL DE LEUCOCITOS DEVE SER MENOR QUE 5,0 X 106 POR UNIDADE, A UNIDADE FILTRANTE DEVE SER EMBALADA INDIVIDUALMENTE, POSSUIR REGISTRO NO MINISTERIO DA SAUDE, DEVENDO A ENTREGA DO PRODUTO SER ACOMPANHADA DO LAUDO TECNICO DO CONTROLE DE QUALIDADE EMITIDO PELO FABRICANTE, CORRESPONDENTE AO LOTE, SEM NECESSIDADE DE ""PRIMING"" COM SALINA OU LAVAGEM APOS FILTRACAO, DEVE APRESENTAR CARACTERISTICAS FISICAS E DIZERES DE ROTULAGEM DE ACORDO COM A LEGISLACAO VIGENTE."|FILTRO PARA HEMODERIVADOS, MATERIAL: FIBRA DE POLIÉSTER , APLICAÇÃO: EM CONCENTRADO DE HEMÁCIAS , COMPONENTES ADICIONAIS: COM PRÉ-FILTRO, BOLSA DE TRANSFERÊNCIA , TIPO: PARA LABORATÓRIO , USO: LEUCORREDUÇÃO 
250|MAPEAMENTO_INCERTO|False|False|True|INSUMOS PARA AS AREAS HEMATOLOGICAS E HEMOTERAPICAS|INSTRUMENTOS, EQUIPAMENTOS E SUPRIMENTOS MÉDICOS  E  CIRÚRGICOS|1129112|386243|FILTRO PARA REMOCAO DE LEUCOCITOS - FILTRO: FILTRO P/REMOCAO DE LEUCOCITOS EM BANCADA P/TRANSFUSAO DE 10 A 12 UNIDADES DE PLAQUETAS., PINCA TIPO CORTA FLUXO, RECUPERACAO DE HEMACIAS MAIOR QUE 85%, EMBALADA: INDIVIDUALMENTE COM INFORMACOES EM PORTUGUES, DEVERA CONSTAR O NUMERO DO REGISTRO NO MS, INTEGRIDADE DO MATERIAL EM CAIXAS RESISTENTES, DEVERA SER APRESENTADAS 20 PECAS COMO AMOSTRA, VALIDADE DE 24 MESES A PARTIR DA ENTREGA, MATERIAL SUJEITO A APROVACAO TECNICA, DEVERA SER APRESENTADO QUANDO SOLICITADO|CONJUNTO COLETA COMPONENTES SANGUE, APLICAÇÃO: PARA REMOÇÃO DE LEUCÓCITOS , COMPOSIÇÃO BÁSICA: LINHA DE ASPIRAÇÃO, FILTROS DE BARREIRA ESTÉRIL , COMPONENTES: AGULHA, COLETOR AMOSTRA , OUTROS COMPONENTES: COM BOLSA PLASMA, BOLSA LEUCÓCITOS, BOLSA EXPURGO , ESTERILIDADE: ESTÉRIL, APIROGÊNICO, DESCARTÁVEL , CARACTERÍSTICAS ADICIONAIS: SISTEMA FECHADO 
250|MAPEAMENTO_INCERTO|False|False|True|INSUMOS PARA AS AREAS HEMATOLOGICAS E HEMOTERAPICAS|INSTRUMENTOS, EQUIPAMENTOS E SUPRIMENTOS MÉDICOS  E  CIRÚRGICOS|1129112|367416|FILTRO PARA REMOCAO DE LEUCOCITOS - FILTRO: FILTRO P/REMOCAO DE LEUCOCITOS EM BANCADA P/TRANSFUSAO DE 10 A 12 UNIDADES DE PLAQUETAS., PINCA TIPO CORTA FLUXO, RECUPERACAO DE HEMACIAS MAIOR QUE 85%, EMBALADA: INDIVIDUALMENTE COM INFORMACOES EM PORTUGUES, DEVERA CONSTAR O NUMERO DO REGISTRO NO MS, INTEGRIDADE DO MATERIAL EM CAIXAS RESISTENTES, DEVERA SER APRESENTADAS 20 PECAS COMO AMOSTRA, VALIDADE DE 24 MESES A PARTIR DA ENTREGA, MATERIAL SUJEITO A APROVACAO TECNICA, DEVERA SER APRESENTADO QUANDO SOLICITADO|FILTRO PARA HEMODERIVADOS, MATERIAL: POLIURETANO , APLICAÇÃO: EM CONCENTRADO DE PLAQUETAS , TIPO: PARA LABORATÓRIO , USO: LEUCORREDUÇÃO 
251|MAPEAMENTO_INCERTO|False|False|True|COMPONENTES PARA EQUIPAMENTOS MEDICO HOSPITALARES|INSTRUMENTOS, EQUIPAMENTOS E SUPRIMENTOS MÉDICOS  E  CIRÚRGICOS|5132363|479615|FILTRO - HEPA, HIDROFOBICO, BACTERIANO/ VIRAL, NEONATAL,CAPACIDADE DE FILTRACAO 99,99%, PARA PARTICULAS >0.2 MICRONS, CAPACIDADE DE 30 A 100ML, RESISTENCIA DE NO MAXIMO 2.50CM DE H2O, FLUXO DE ATE 15L/MIN,ESPACO MORTO DE APROXIMADAMENTE 13 ML,PARA USO EM EQUIPAMENTO DE VENTILACAO PULMONAR|FILTRO TERAPIA RESPIRATÓRIA, APLICAÇÃO: P/ CIRCUITO RESPIRATÓRIO , MODELO: HMEF , TIPO: TROCA CALOR E UMIDADE C/ BARREIRA MICROBIOLÓGICA , TIPO MEMBRANA: HIDRÓFOBICO E HIGROSCÓPICO , COMPONENTE: CONEXÕES PADRÃO , COMPONENTE ADICIONAL: C/ TRAQUÉIA CORRUGADA , TAMANHO: NEONATAL , ESTERILIDADE: ESTÉRIL 
251|MAPEAMENTO_INCERTO|False|False|True|COMPONENTES PARA EQUIPAMENTOS MEDICO HOSPITALARES|INSTRUMENTOS, EQUIPAMENTOS E SUPRIMENTOS MÉDICOS  E  CIRÚRGICOS|5132363|479618|FILTRO - HEPA, HIDROFOBICO, BACTERIANO/ VIRAL, NEONATAL,CAPACIDADE DE FILTRACAO 99,99%, PARA PARTICULAS >0.2 MICRONS, CAPACIDADE DE 30 A 100ML, RESISTENCIA DE NO MAXIMO 2.50CM DE H2O, FLUXO DE ATE 15L/MIN,ESPACO MORTO DE APROXIMADAMENTE 13 ML,PARA USO EM EQUIPAMENTO DE VENTILACAO PULMONAR|FILTRO TERAPIA RESPIRATÓRIA, APLICAÇÃO: P/ CIRCUITO RESPIRATÓRIO , MODELO: HMEF , TIPO: TROCA CALOR E UMIDADE C/ BARREIRA MICROBIOLÓGICA , TIPO MEMBRANA: HIDRÓFOBICO E HIGROSCÓPICO , COMPONENTE: CONEXÕES PADRÃO , TAMANHO: NEONATAL , ESTERILIDADE: ESTÉRIL 
252|MAPEAMENTO_INCERTO|False|False|True|COMPONENTES PARA EQUIPAMENTOS MEDICO HOSPITALARES|INSTRUMENTOS, EQUIPAMENTOS E SUPRIMENTOS MÉDICOS  E  CIRÚRGICOS|3956407|435180|FILTRO - PARA DIALISE,COMPOSTO POR FIBRAS DE POLISULFONA,COM SUPERFICIE DE CONTATO DE 2,20 METRO QUADRADRO,PARA SISTEMA DE PURIFICACAO DE SOLUCAO,COMPATIVEL COM A MARCA 4008 S FRESENIUS|PEÇA MÁQUINA HEMODIÁLISE, APLICAÇÃO: MAQUINA DE HEMODIáLISE, MARCA FESSENIUS , PEÇA: FILTRO 
252|MAPEAMENTO_INCERTO|False|False|True|COMPONENTES PARA EQUIPAMENTOS MEDICO HOSPITALARES|INSTRUMENTOS, EQUIPAMENTOS E SUPRIMENTOS MÉDICOS  E  CIRÚRGICOS|3956407|435183|FILTRO - PARA DIALISE,COMPOSTO POR FIBRAS DE POLISULFONA,COM SUPERFICIE DE CONTATO DE 2,20 METRO QUADRADRO,PARA SISTEMA DE PURIFICACAO DE SOLUCAO,COMPATIVEL COM A MARCA 4008 S FRESENIUS|PEÇA MÁQUINA HEMODIÁLISE, APLICAÇÃO: MAQUINA DE HEMODIáLISE, MARCA FESSENIUS , PEÇA: ELEMENTO FILTRO 
253|OK_SEM_FLAGS|False|False|False|COMPONENTES PARA EQUIPAMENTOS MEDICO HOSPITALARES|INSTRUMENTOS, EQUIPAMENTOS E SUPRIMENTOS MÉDICOS  E  CIRÚRGICOS|5140153|479625|FILTRO - DO TIPO NARIZ ARTIFICIAL,FILTRACAO DE 99,99%,RESISTENCIA DE NO MAXIMO 0,25CM DE H2O COM FLUXO DE ATE 30,00L/MIN, ESPACO MORTO DE APROXIMADAMENTE 10,00ML E CONEXAO DIAMETRO 15,00MM,PARA TRAQUEOSTOMIA|FILTRO TERAPIA RESPIRATÓRIA, APLICAÇÃO: P/ TRAQUEOSTOMIA , MODELO: HME , TIPO: TROCA CALOR E UMIDADE , TIPO MEMBRANA: HIGROSCÓPICO , TAMANHO: ADULTO , ESTERILIDADE: USO ÚNICO 
254|OK_SEM_FLAGS|False|False|False|COMPONENTES PARA EQUIPAMENTOS MEDICO HOSPITALARES|INSTRUMENTOS, EQUIPAMENTOS E SUPRIMENTOS MÉDICOS  E  CIRÚRGICOS|4340698|614925|UMIDIFICADOR CONDENSADOR HIGROSCOPICO - COM FILTRO PARA TRAQUEOSTOMIA,ESTERIL,USO NEONATO DESCARTAVEL,COM VOLUME APROXIMADO DE  25 ML/MIN,,15 E 22MM,29.1MG  H2O/I,COM ESPACO MORTO EM TORNO DE 11 ML,APRESENTACAO CONFORME DECRETO 79.094/77 EMBALAGEM INDIVIDUAL ESTERIL|CIRCUITO RESPIRATÓRIO, MATERIAL: PLÁSTICO , MODELO: C/ 1 TRAQUEIA , DIÂMETRO TRAQUEIA: CERCA DE 15 MM, COMPRIMENTO TRAQUEIA: CERCA DE 175 CM, CONECTOR: SEM CONECTOR , DRENO COLETOR DE ÁGUA: SEM DRENO , LINHA ADICIONAL: C/ ESPIRAIS DE AQUECIMENTO E SENSOR DE TEMPERATURA , COMPONENTE ADICIONAL: C/ UMIDIFICADOR AQUECIDO , COMPATIBILIDADE: C/ SISTEMA DE ALTO FLUXO , ESTERILIDADE: USO ÚNICO 
255|MAPEAMENTO_INCERTO|False|False|True|COMPONENTES PARA EQUIPAMENTOS MEDICO HOSPITALARES|INSTRUMENTOS, EQUIPAMENTOS E SUPRIMENTOS MÉDICOS  E  CIRÚRGICOS|2906066|479625|UMIDIFICADOR CONDENSADOR HIGROSCOPICO - COM FILTRO ANTIBACTERIANO VIRAL DE ALTA EFICIENCIA EM TORNO DE 99,999%, COM BARREIRA HIDROFOBICA,,ESTERIL,,DE USO UNICO DESCARTAVEL,,RESISTENCIA DE FLUXO MAXIMA DE 2,5 CMH2O EM 60 LITROS POR MINUTO,,15MM ID X 22MM OD NO PACIENTE E 15MM OD X 22MM ID NO CIRCUITO,,COM UMIDIFICACAO RESULTANTE MINIMA  DE 30 MG/L,,COM ESPACO MORTO DE 30 A 70 ML, DENTRO DOS PADROES, QUE SE ADAPTE EM EXTREMIDADE PROXIMAL A CIRCUITO DO RESPIRADOR  ARTIFICIAL,,APRESENTACAO CONFORME DECRETO 79.094/77 INDIVIDUAL, ESTERIL, COM DADOS DE IDENTIFICACAO E PROCEDENCIA, DATA, TIPO DE ESTERILIZACAO, VALIDADE, REG NO MS/ANVISA|FILTRO TERAPIA RESPIRATÓRIA, APLICAÇÃO: P/ TRAQUEOSTOMIA , MODELO: HME , TIPO: TROCA CALOR E UMIDADE , TIPO MEMBRANA: HIGROSCÓPICO , TAMANHO: ADULTO , ESTERILIDADE: USO ÚNICO 
256|MAPEAMENTO_INCERTO|False|False|True|MATERIAIS DE USO TECNICO HOSPITALAR|INSTRUMENTOS, EQUIPAMENTOS E SUPRIMENTOS MÉDICOS  E  CIRÚRGICOS|2647354|479615|FILTRO/UMIDIFICADOR COMBINADO ELETROSTATICO - RESPIRATORIO PASSIVO, TAMANHO PEDIATRICO,PROVIDO DE MEMBRANA HIDROFOBICA E HIGROSCOPICA, ESPACO MORTO COM APROXIMADAMENTE 51ML,CAPACIDADE DE UMIDIFICACAO DE NO MINIMO 30 MGH2O/L , ACOMPANHADO DE CONECTOR INTERMEDIARIO EXTENSIVEL (CATETER MOUNT),EFICIENCIA DE FILTRACAO VIRAL E BACTERIANA DE 99,9%,DEVERA CONTER DADOS DE IDENTIFICACAO PROCEDENCIA, TIPO E DATA DE ESTERILIZACAO, VALIDADE, NUMERO DE LOTE, REGISTRO NO MINISTERIO DA SAUDE,ESTERILIZAVEL|FILTRO TERAPIA RESPIRATÓRIA, APLICAÇÃO: P/ CIRCUITO RESPIRATÓRIO , MODELO: HMEF , TIPO: TROCA CALOR E UMIDADE C/ BARREIRA MICROBIOLÓGICA , TIPO MEMBRANA: HIDRÓFOBICO E HIGROSCÓPICO , COMPONENTE: CONEXÕES PADRÃO , COMPONENTE ADICIONAL: C/ TRAQUÉIA CORRUGADA , TAMANHO: NEONATAL , ESTERILIDADE: ESTÉRIL 
256|MAPEAMENTO_INCERTO|False|False|True|MATERIAIS DE USO TECNICO HOSPITALAR|INSTRUMENTOS, EQUIPAMENTOS E SUPRIMENTOS MÉDICOS  E  CIRÚRGICOS|2647354|479616|FILTRO/UMIDIFICADOR COMBINADO ELETROSTATICO - RESPIRATORIO PASSIVO, TAMANHO PEDIATRICO,PROVIDO DE MEMBRANA HIDROFOBICA E HIGROSCOPICA, ESPACO MORTO COM APROXIMADAMENTE 51ML,CAPACIDADE DE UMIDIFICACAO DE NO MINIMO 30 MGH2O/L , ACOMPANHADO DE CONECTOR INTERMEDIARIO EXTENSIVEL (CATETER MOUNT),EFICIENCIA DE FILTRACAO VIRAL E BACTERIANA DE 99,9%,DEVERA CONTER DADOS DE IDENTIFICACAO PROCEDENCIA, TIPO E DATA DE ESTERILIZACAO, VALIDADE, NUMERO DE LOTE, REGISTRO NO MINISTERIO DA SAUDE,ESTERILIZAVEL|FILTRO TERAPIA RESPIRATÓRIA, APLICAÇÃO: P/ CIRCUITO RESPIRATÓRIO , MODELO: HMEF , TIPO: TROCA CALOR E UMIDADE C/ BARREIRA MICROBIOLÓGICA , TIPO MEMBRANA: HIDRÓFOBICO E HIGROSCÓPICO , COMPONENTE: CONEXÕES PADRÃO , COMPONENTE ADICIONAL: C/ TRAQUÉIA CORRUGADA , TAMANHO: INFANTIL , ESTERILIDADE: ESTÉRIL 
257|MAPEAMENTO_INCERTO|False|False|True|COMPONENTES PARA EQUIPAMENTOS MEDICO HOSPITALARES|INSTRUMENTOS, EQUIPAMENTOS E SUPRIMENTOS MÉDICOS  E  CIRÚRGICOS|5132363|479618|FILTRO - HEPA, HIDROFOBICO, BACTERIANO/ VIRAL, NEONATAL,CAPACIDADE DE FILTRACAO 99,99%, PARA PARTICULAS >0.2 MICRONS, CAPACIDADE DE 30 A 100ML, RESISTENCIA DE NO MAXIMO 2.50CM DE H2O, FLUXO DE ATE 15L/MIN,ESPACO MORTO DE APROXIMADAMENTE 13 ML,PARA USO EM EQUIPAMENTO DE VENTILACAO PULMONAR|FILTRO TERAPIA RESPIRATÓRIA, APLICAÇÃO: P/ CIRCUITO RESPIRATÓRIO , MODELO: HMEF , TIPO: TROCA CALOR E UMIDADE C/ BARREIRA MICROBIOLÓGICA , TIPO MEMBRANA: HIDRÓFOBICO E HIGROSCÓPICO , COMPONENTE: CONEXÕES PADRÃO , TAMANHO: NEONATAL , ESTERILIDADE: ESTÉRIL 
258|MAPEAMENTO_INCERTO|False|False|True|MATERIAIS DE USO TECNICO HOSPITALAR|INSTRUMENTOS, EQUIPAMENTOS E SUPRIMENTOS MÉDICOS  E  CIRÚRGICOS|1855824|479621|FILTRO/UMIDIFICADOR COMBINADO ELETROSTATICO - ESTERIL,DESCARTAVEL E DE USO UNICO. POSSUI 02MEMBRANAS: FILTRANTE(FILTRA BACTERIAS E VIRUS):, HIDROFOBICA/ UMIDIFICADORA( TROCA CALOR E UMIDADE): HIGROSCOPICA. FILTRA BACTERIAS E VIRUS E, MANTEM A UMIDIFICACAO NATURAL DO PACIENTE.ESPACO MORTO INTERNO DE 45ML,VOLUME CORRENTE MAIOR, QUE 150ML. ACOMPANHA TUBO FLEXIVEL ESTERIL( 15MMX22MM )DE 11 CM DE COMPRIMENTO, CONFECCIONADO EM, PVC TRANSPARENTE,MESMA EMB.DO FILTRO.SAIDA P/CAPNOGRAFIA NO LADO FILTRANTE.UMIDIFICACAO MAIOR DE 30, MG DE H2O/LITRO DE GAS INSPIRADO A UMA TEMP.30,9%USO EM PACIENTES C/PESO MAIOR OU IGUAL A 30KG.|FILTRO TERAPIA RESPIRATÓRIA, APLICAÇÃO: P/ CIRCUITO RESPIRATÓRIO , MODELO: HMEF , TIPO: TROCA CALOR E UMIDADE C/ BARREIRA MICROBIOLÓGICA , TIPO MEMBRANA: HIDRÓFOBICO E HIGROSCÓPICO , COMPONENTE: CONEXÕES PADRÃO C/ VIA P/ CAPNOGRAFIA , TAMANHO: ADULTO , ESTERILIDADE: ESTÉRIL 
259|OK_SEM_FLAGS|False|False|False|COMPONENTES PARA EQUIPAMENTOS MEDICO HOSPITALARES|INSTRUMENTOS, EQUIPAMENTOS E SUPRIMENTOS MÉDICOS  E  CIRÚRGICOS|5164613|479616|FILTRO - TIPO DUPLA BARREIRA,ESPACO MORTO DE APROXIMADAMENTE 12 ML COM EFICIENCIA DE FILTRAGEM (MEMBRANA BACTERIOSTATICA): 99,99999...%; COM ACOPLAMENTO 22,00 X 15,00MM,PEDIATRICO,COMPATIVEL COM CIRCUITO PACIENTE DO RESPIRADOR,MARCA MAQUET, MODELO SERVO S|FILTRO TERAPIA RESPIRATÓRIA, APLICAÇÃO: P/ CIRCUITO RESPIRATÓRIO , MODELO: HMEF , TIPO: TROCA CALOR E UMIDADE C/ BARREIRA MICROBIOLÓGICA , TIPO MEMBRANA: HIDRÓFOBICO E HIGROSCÓPICO , COMPONENTE: CONEXÕES PADRÃO , COMPONENTE ADICIONAL: C/ TRAQUÉIA CORRUGADA , TAMANHO: INFANTIL , ESTERILIDADE: ESTÉRIL 
260|OK_SEM_FLAGS|False|False|False|COMPONENTES PARA EQUIPAMENTOS MEDICO HOSPITALARES|INSTRUMENTOS, EQUIPAMENTOS E SUPRIMENTOS MÉDICOS  E  CIRÚRGICOS|5132010|446890|FILTRO - BACTERIANO/VIRAL HIDROFOBICO, INFANTIL,CAPACIDADE DE FILTRACAO DE 99,99% PARA PARTICULAS COM DIAMETRO > 0,20 MICRONS,CAPACIDADE DE 75 A 300ML, RESISTENCIA DE NO MAXIMO 4,70CM DE H2O COM FLUXO DE ATE 30,00L/MIN, ESPACO MORTO DE APROXIMADAMENTE 30,00ML,PARA APARELHOS DE ANESTESIA|FILTRO, APLICAÇÃO: P/ APARELHO DE ANESTESIA , MATERIAL ESTRUTURA: POLIURETANO , COMPATIBILIDADE: C/ COMPATIBILIDADE ESPECÍFICA 
261|OK_SEM_FLAGS|False|False|False|COMPONENTES PARA EQUIPAMENTOS MEDICO HOSPITALARES|INSTRUMENTOS, EQUIPAMENTOS E SUPRIMENTOS MÉDICOS  E  CIRÚRGICOS|2525526|479626|"FILTRO - ELEMENTOS FILTRANTES, PARA FILTRO BACTERIAL DE MICRO ESPIROMETRO, MICROLAB, MODELO ""S"", ACONDICIONADO EM PACOTE COM 25 UNIDADES."|FILTRO TERAPIA RESPIRATÓRIA, APLICAÇÃO: P/ ESPIRÔMETRO / PLETISMÓGRAFO , TIPO: BARREIRA MICROBIOLÓGICA , COMPONENTE: C/ PORTA FILTRO EM POLÍMERO , COMPATIBILIDADE: COMPATIBILIDADE ESPECÍFICA , ESTERILIDADE: USO ÚNICO 
262|OK_SEM_FLAGS|False|False|False|INSUMOS PARA EQUIPAMENTOS MEDICO HOSPITALARES|INSTRUMENTOS, EQUIPAMENTOS E SUPRIMENTOS MÉDICOS  E  CIRÚRGICOS|186139|411865|EQUIPO ARTERIAL PARA HEMODIALISE - A SER CONECTADO AO PACIENTE E AO DIALISADOR POR CONECTORES TIPO LUER-LOCK, ACONDICIONADO EM EMBALAGEM INDIVIDUAL ESTERIL APIROGENICA, COM DADOS DE IDENTIFICACAO, VALIDADE, FABRICACAO, PROCEDENCIA|LINHA SANGUE, TIPO: ARTERIAL E VENOSA , APLICAÇÃO: HEMODIÁLISE PROLONGADA , MATERIAL: TUBO EM PVC , MODELO: LINHA SOLUÇÃO E REPOSIÇÃO , TIPO CONECTOR: CONECTORES, CLAMPS E INJETORES , TIPO SENSOR: TRANSDUTOR DE PRESSÃO , COMPONENTE: BOLSA VAZIA DE 2L E 5L , OUTROS COMPONENTES: EXTENSÃO P/ BOMBA HEPARINA , CARACTERÍSTICAS ADICIONAIS: KIT C/ HEMOFILTRO P/ ADULTO , ESTERILIDADE: ESTÉRIL 
263|OK_SEM_FLAGS|False|False|False|INSUMOS PARA EQUIPAMENTOS MEDICO HOSPITALARES|INSTRUMENTOS, EQUIPAMENTOS E SUPRIMENTOS MÉDICOS  E  CIRÚRGICOS|186155|411865|EQUIPO VENOSO PARA HEMODIALISE - A SER CONECTADO AO PACIENTE E AO DIALISADOR POR CONECTORES TIPO LUER-LOCK, COM DISPOSITIVO ANTI-BOLHAS FLEXIVEL E RESISTENTE, INJ, ACONDICIONADO EM EMBALAGEM INDIVIDUAL ESTERIL APIROGENICA, COM DADOS DE IDENTIFICACAO, VALIDADE, FABRICACAO, PROCEDENCIA|LINHA SANGUE, TIPO: ARTERIAL E VENOSA , APLICAÇÃO: HEMODIÁLISE PROLONGADA , MATERIAL: TUBO EM PVC , MODELO: LINHA SOLUÇÃO E REPOSIÇÃO , TIPO CONECTOR: CONECTORES, CLAMPS E INJETORES , TIPO SENSOR: TRANSDUTOR DE PRESSÃO , COMPONENTE: BOLSA VAZIA DE 2L E 5L , OUTROS COMPONENTES: EXTENSÃO P/ BOMBA HEPARINA , CARACTERÍSTICAS ADICIONAIS: KIT C/ HEMOFILTRO P/ ADULTO , ESTERILIDADE: ESTÉRIL 
264|OK_SEM_FLAGS|False|False|False|MATERIAIS DE USO TECNICO HOSPITALAR|INSTRUMENTOS, EQUIPAMENTOS E SUPRIMENTOS MÉDICOS  E  CIRÚRGICOS|4840763|439889|DISPOSITIVO/PUNCAO ARTERIO VENOSA EM HEMODIALISE - COMPOSTO POR AGULHA AV,TUBOS E CONECTOR,AGULHAS EM ACO INOX SILICONIZADAS,BISEL TRIFACETADO E  AFIADO, COM BACKEYE,ASAS EM PLASTICO FLEXIVEL ATOXICO,TUBOS DE PROLONGAMENTO EM TEFLON, PLASTICO RIGIDO OU PVC,CONECTOR TIPO LUER LOCK,CALIBRE 15,00G,.,.|AGULHA, MATERIAL: AÇO INOXIDÁVEL , APLICAÇÃO: P/ FÍSTULA ARTERIO VENOSA , TIPO PONTA AGULHA: C/ BISEL TRIFACETADO , DIMENSÕES: 15 GAU, TIPO FIXAÇÃO: C/ ASA DE FIXAÇÃO , ADICIONAL: TUBO EXTENSOR C/ CLAMP , CONECTOR: CONECTOR LUER LOCK OU SLIP, PROTETOR , TIPO USO: DESCARTÁVEL, ESTÉRIL, EMBALAGEM INDIVIDUAL 
265|OK_SEM_FLAGS|False|False|False|MATERIAIS DE USO TECNICO HOSPITALAR|INSTRUMENTOS, EQUIPAMENTOS E SUPRIMENTOS MÉDICOS  E  CIRÚRGICOS|1037560|439888|DISPOSITIVO/PUNCAO ARTERIO VENOSA EM HEMODIALISE - COMPOSTO POR AGULHA AV,TUBOS,CONECTOR,DESCARTAVEL, AGULHAS EM ACO INOX SILICONIZADAS, BISEL TRIFACETADO E PERFEITAMENTE AFIADO, COM BACKEYE, ASAS EM PLASTICO FLEXIVEL ATOXICO,, TUBOS DE PROLONGAMENTO EM TEFLON,PLASTICO RIGIDO OU PVC, CONECTOR TIPO LUER LOCK, CALIBRE 16 G, APRESENTACAO CONFORME DECRETO LEI 79094/77 COMBINADO COM O ART.31 L.8078/90, ROTULAGEM RESPEITANDO O DECRETO LEI 79094/77 ART.31 L.8078/90 PORT.CONJ.N.1 DE 23/1/96-M.SAUDE|AGULHA, MATERIAL: AÇO INOXIDÁVEL , APLICAÇÃO: P/ FÍSTULA ARTERIO VENOSA , TIPO PONTA AGULHA: C/ BISEL TRIFACETADO , DIMENSÕES: 16 GAU, TIPO FIXAÇÃO: C/ ASA DE FIXAÇÃO , ADICIONAL: TUBO EXTENSOR C/ CLAMP , CONECTOR: CONECTOR LUER LOCK OU SLIP, PROTETOR , TIPO USO: DESCARTÁVEL, ESTÉRIL, EMBALAGEM INDIVIDUAL 
266|OK_SEM_FLAGS|False|False|False|MATERIAIS DE USO TECNICO HOSPITALAR|INSTRUMENTOS, EQUIPAMENTOS E SUPRIMENTOS MÉDICOS  E  CIRÚRGICOS|1037544|439887|DISPOSITIVO/PUNCAO ARTERIO VENOSA EM HEMODIALISE - COMPOSTO POR AGULHA AV,TUBOS,CONECTOR, AGULHAS EM ACO INOX SILICONIZADAS, BISEL TRIFACETADO E PERFEITAMENTE AFIADO, COM BACKEYE, ASAS EM PLASTICO FLEXIVEL ATOXICO,, TUBOS DE PROLONGAMENTO EM TEFLON, PLASTICO RIGIDO OU PVC, CONECTOR TIPO LUER LOCK, CALIBRE 17 G, APRESENTACAO CONFORME DECRETO LEI 79094/77 COMBINADO COM O ART.31 L.8078/90, ROTULAGEM RESPEITANDO O DECRETO LEI 79094/77 ART.31 L.8078/90 PORT.CONJ.N.1 DE 23/1/96-M.SAUDE|AGULHA, MATERIAL: AÇO INOXIDÁVEL , APLICAÇÃO: P/ FÍSTULA ARTERIO VENOSA , TIPO PONTA AGULHA: C/ BISEL TRIFACETADO , DIMENSÕES: 17 GAU, TIPO FIXAÇÃO: C/ ASA DE FIXAÇÃO , ADICIONAL: TUBO EXTENSOR C/ CLAMP , CONECTOR: CONECTOR LUER LOCK OU SLIP, PROTETOR , TIPO USO: DESCARTÁVEL, ESTÉRIL, EMBALAGEM INDIVIDUAL 
267|MAPEAMENTO_INCERTO|False|False|True|MEIOS DE CULTURA|"SUBSTÂNCIAS PARA DIAGNÓSTICO ""IN VITRO"",  REAGENTES,  CONJUNTOS E JOGOS PARA TESTE"|1993194|339628|INDICADOR BIOLOGICO - EM TIRA PARA CONTROLE DE ESTERILIZACAO DE AUTOCLAVE, TIRAS IMPREGNADAS COM BACILLUS STEAROTHERMOPHILUS, CONTENDO AMPOLA DE VIDRO COM CALDO NUTRIENTE, CAIXA COM 25 PACOTES E 25 INDICADORES, PACOTE C/ PAPEL,INDICADOR,FILME DE POLIETILENO E POLIESTER, FITA INDICADORA FIO ACO INOXIDAVEL.LEITURA RAP. 3 HORAS, ESTERILIZACAO POR CALOR UMIDO, COM TAMPA PLASTICA E PAPEL DE FILTRO HIDROFOBICO, CONTROLE DE ESTERILIZACAO EM AUTOCLAVE A VAPOR, ROTULO COM LOTE, DATA DE FAB E VALIDADE|INDICADOR BIOLÓGICO, TIPO: TERCEIRA GERAÇÃO , APRESENTAÇÃO: AUTOCONTIDO, AMPOLA COM MEIO DE CULTURA , ESPÉCIE: BACILLUS STEAROTHERMOPHILLUS , CARACTERÍSTICAS ADICIONAIS: RESPOSTA EM 3 HORAS , APLICAÇÃO: PARA ESTERILIZAÇÃO A VAPOR 
267|MAPEAMENTO_INCERTO|False|False|True|MEIOS DE CULTURA|"SUBSTÂNCIAS PARA DIAGNÓSTICO ""IN VITRO"",  REAGENTES,  CONJUNTOS E JOGOS PARA TESTE"|1993194|332503|INDICADOR BIOLOGICO - EM TIRA PARA CONTROLE DE ESTERILIZACAO DE AUTOCLAVE, TIRAS IMPREGNADAS COM BACILLUS STEAROTHERMOPHILUS, CONTENDO AMPOLA DE VIDRO COM CALDO NUTRIENTE, CAIXA COM 25 PACOTES E 25 INDICADORES, PACOTE C/ PAPEL,INDICADOR,FILME DE POLIETILENO E POLIESTER, FITA INDICADORA FIO ACO INOXIDAVEL.LEITURA RAP. 3 HORAS, ESTERILIZACAO POR CALOR UMIDO, COM TAMPA PLASTICA E PAPEL DE FILTRO HIDROFOBICO, CONTROLE DE ESTERILIZACAO EM AUTOCLAVE A VAPOR, ROTULO COM LOTE, DATA DE FAB E VALIDADE|INDICADOR BIOLÓGICO, TIPO: SEGUNDA GERAÇÃO , APRESENTAÇÃO: AUTOCONTIDO, AMPOLA COM MEIO DE CULTURA , ESPÉCIE: BACILLUS STEAROTHERMOPHILLUS , CARACTERÍSTICAS ADICIONAIS: RESPOSTA EM 3 HORAS , APLICAÇÃO: PARA ESTERILIZAÇÃO A VAPOR 
268|MAPEAMENTO_INCERTO|False|False|True|MATERIAIS DE USO TECNICO HOSPITALAR|"SUBSTÂNCIAS PARA DIAGNÓSTICO ""IN VITRO"",  REAGENTES,  CONJUNTOS E JOGOS PARA TESTE"|4078764|340941|INDICADOR BIOLOGICO - INDICADO PARA ESTERILIZACAO A VAPOR DO TIPO AUTO CONJUGADO COM INTEGRADOR QUIMICO - CLASSE 5. CAPAZ DE FORNECER INFORMACOES EQUIVALENTES OU MELHORES A RESPEITO DO RESULTADO DO PROCESSO DE ESTERILIZACAO DE ACORDO COM A EN ISO 11140-1, COM TEMPO DE RESPOSTA DE LIBERACAO IMEDIATA, INDEPENDENTE DA INCUBACAO. INDICADO PARA O CONTROLE DE QUALIDADE BIOLOGICA DE CICLO DE ESTERILIZACAO,VAPOR SATURADO EM ESTERILIZADORES EQUIPADO COM PRE-VACUO OU ESTERILIZADORES GRAVITACIONAIS. COMPOSTO POR TIRA DE PAPEL CONTENDO UMA POPULACAO MICROBIANA MINIMA DE 100.000 ESPOROS SECOS E CALIBRADOS DE GEOBACILLUS STEAROTHERMOPHILLUS (ATCC7953- COM CERTIFICADO DE QUALIDADE ASSEGURADA) ACONDICIONADA EM UMA AMPOLA PLASTICA, CONTENDO UMA AMPOLA DE VIDRO COM CALDO NUTRIENTE, FECHADA POR UMA TAMPA E PROTEGIDA POR PAPEL HIDROFOBICO. DEVEM POSSUIR DIMENSOES COMPATIVEIS COM DISPOSITOS DE DISAFIO DE PROCE,CADA AMPOLA POSSUI UM ROTULO EXTERNO QUE INFORMA O LOTE E A DATA DE FABRICACAO DO PRODUTO E UM INDICADOR QUIMICO EXTERNO QUE DIFERENCIA AS AMPOLAS PROCESSADAS. A CAIXA DE INDICADORES BIOLOGICOS DEVE SER FORNECIDA COM FOLHA DE CONTROLE DE LOTES DE ESTERILIZACAO PARA ARQUIVAMENTO E MONITORIZACAO DOS LOTES DE ESTERILIZACAO PROCESSADOS|INDICADOR BIOLÓGICO, TIPO: TERCEIRA GERAÇÃO , APRESENTAÇÃO: AUTOCONTIDO, AMPOLA COM MEIO DE CULTURA , ESPÉCIE: BACILLUS STEAROTHERMOPHILLUS , CARACTERÍSTICAS ADICIONAIS: RESPOSTA EM 3 HORAS , APLICAÇÃO: PARA ESTERILIZAÇÃO A VAPOR , COMPONENTES ADICIONAIS: COM INDICADOR QUÍMICO E CONTROLE DE PROCESSO , ADICIONAIS: PACOTE PARA TESTE 
269|MAPEAMENTO_INCERTO|False|False|True|MATERIAIS DE USO TECNICO HOSPITALAR|"SUBSTÂNCIAS PARA DIAGNÓSTICO ""IN VITRO"",  REAGENTES,  CONJUNTOS E JOGOS PARA TESTE"|4287509|332503|INDICADOR BIOLOGICO - PACOTE TESTE DESAFIO, DE USO UNICO. COMPOSTO DE UM INDICADOR BIOLOGICO, DE LEITURA RAPIDA, COM TEMPO DE RESPOSTA FINAL NEGATIVA DE 03(TRES) HORAS, POR METODO DE FLUORESCENCIA E UM INTEGRADOR QUIMICO CLASSE 5, POSICIONADO EM UM SUBSTRATO POROSO. AMBOS PARA MONITORIAMENTO DO PROCESSO DE ESTERILIZACAO EM AUTOCLAVE DE ALTA TEMPERATURA.,O INDICADOR BIOLOGICO SENDO COMPOSTO POR UMA TIRA DE PAPEL, CONTENDO UMA POPULACAO MICROBIANA MINIMA DE 100.000 (CEM MIL) ESPOROS SECOS E PADRONIZADOS DE GEOBACILLUS STEAROTHERMOPHILLUS, ACONDICIONADA EM UMA AMPOLA PLASTICA TERMO RESISTENTE, CONTENDO UMA AMPOLA DE VIDRO LACRADA, COM CALDO NUTRIENTE PROPRIO PARA CRESCIMENTO DE MICRO-ORGANISMO.,A EMBALAGEM EXTERNA DO PACOTE DEVERA CONTER NOME DO PRODUTO, LOTE E DAA DE EXPEDICAO, ALEM DE UM INDICADOR QUIMICO DE EXPOSICAO, PARA DIFERENCIAR PACOTES QUE FORAM EXPOSTOS AO PROCESSO DE ESTERILIZACAO POR VAPOR SATURADO.|INDICADOR BIOLÓGICO, TIPO: SEGUNDA GERAÇÃO , APRESENTAÇÃO: AUTOCONTIDO, AMPOLA COM MEIO DE CULTURA , ESPÉCIE: BACILLUS STEAROTHERMOPHILLUS , CARACTERÍSTICAS ADICIONAIS: RESPOSTA EM 3 HORAS , APLICAÇÃO: PARA ESTERILIZAÇÃO A VAPOR 
270|MAPEAMENTO_INCERTO|False|False|True|TIRAS REAGENTES|"SUBSTÂNCIAS PARA DIAGNÓSTICO ""IN VITRO"",  REAGENTES,  CONJUNTOS E JOGOS PARA TESTE"|4112490|332344|INDICADOR QUIMICO - DO TIPO TIRA PARA USO EM DISPOSITIVO DE TESTE BOWIE & DICK. , QUE MUDA DE COR QUANDO EXPOSTA AO VAPOR SATURADO, ATOXICO, SEM PRESENCA DE CHUMBO CARGA DE 7 KG,134°C POR APROXIMADAMENTE 3,5 MINUTOS,DEVE TER CAPACIDADE DE DETECCAO DE FALHAS NA REMOCAO DE AR, PENETRACAO DO VAPOR E PRESENCA DE GASES NAO CONDENSAVEIS DEVE POSSUIR NA PARTE POSTERIOR ADESIVO QUE POSSIBILITE O ARQUIVAMENTO DO RESULTADO EM FORMULARIO. O TESTE NAO PODERA GERAR RESIDUO COMO PAPEIS E OUTROS DESCARTAVEIS EM UMA PROPORCAO MAIOR QUE 5% DO VOLUME TOTAL DO DISPOSITIVO  NAO PODERA EMITIR PARTICULAS OU SUBSTANCIAS QUIMICAS DURANTE A UTILIZACAO .,ACONDICIONADA EM EMBALAGEM APROPRIADA,DEVE VIR ACOMPANHADO POR BULA  E COPIA DE DECLARACAO DE CONFORMIDADE COM  AS NORMATIVAS  EN ISO 11140-4 EN 285 E 286, ROTULO COM DATA DE VALIDADE E FABRICANTE. COM GUIA DE REFERENCIA PARA LEITURA E INTERPRETACAO DOS RESULTADOS|INDICADOR QUÍMICO, CLASSE: CLASSE II , TIPO USO: INTERNO , TIPO: BOWIE DICK , APRESENTAÇÃO: FOLHA PARA TESTE , CARACTERÍSTICAS ADICIONAIS: PARA ESTERILIZAÇÃO A VAPOR 
273|MAPEAMENTO_INCERTO|False|False|True|TIRAS REAGENTES|"SUBSTÂNCIAS PARA DIAGNÓSTICO ""IN VITRO"",  REAGENTES,  CONJUNTOS E JOGOS PARA TESTE"|1998846|332346|INTEGRADOR QUIMICO - PARA ESTERILIZACAO A VAPOR EM TEMPERATURAS ENTRE 115 A 140-C, USO UNICO PERMEAVEL AO VAPOR, COM JANELA DE VISUALIZACAO GRADUADA QUE PERMITA ALEITURA PROGRESSIVA DA REACAO PRODUZIDA P/CICLO, DE ESTERILIZACAO|INDICADOR QUÍMICO, CLASSE: CLASSE V , TIPO USO: INTERNO , TIPO: INTEGRADOR , APRESENTAÇÃO: TIRA DE PAPEL , CARACTERÍSTICAS ADICIONAIS: PARA ESTERILIZAÇÃO A VAPOR 
274|OK_SEM_FLAGS|False|False|False|TIRAS REAGENTES|"SUBSTÂNCIAS PARA DIAGNÓSTICO ""IN VITRO"",  REAGENTES,  CONJUNTOS E JOGOS PARA TESTE"|1647822|340811|INDICADOR QUIMICO - EM KIT COM 01 FOLHA DE BOWIE DICK+01 FOLHA DE ALERTA, IMPREGNADAS COM TINTA TERMOCROMICA QUE MUDA DE CORCOM TESTE AUTOCLAVE, A VAPOR, MEDINDO CADA UMA 11 X 13CM, VAPOR SATURADO, ACONDICIONADO EM PACOTE INDIVIDUAL, ROTULO COM CONTENDO DATA DE VALIDADE,FABRICACAO E PROCEDENCIADE ACORDO COM EXIGENCIAS DO M.S.|INDICADOR QUÍMICO, CLASSE: CLASSE II , TIPO USO: INTERNO , TIPO: BOWIE DICK , APRESENTAÇÃO: PACOTE PARA TESTE , CARACTERÍSTICAS ADICIONAIS: PARA ESTERILIZAÇÃO A VAPOR , COMPONENTES ADICIONAIS: ALERTA E INDICADOR DE PROCESSO 
275|MAPEAMENTO_INCERTO|False|False|True|TIRAS REAGENTES|"SUBSTÂNCIAS PARA DIAGNÓSTICO ""IN VITRO"",  REAGENTES,  CONJUNTOS E JOGOS PARA TESTE"|1892223|332346|INDICADOR QUIMICO - EM MECHA DE PAPEL E PIRULA, TIPO INTEGRADOR, PARA EFETUAR A MONITORIZACAO DAS CONDICOES DE ESTERILIZACAO A VAPOR NO INTERIOR DAS ENBALAGENS, A PIRULA QUIMICA FUNDE E MIGRA COMO UM LIQUIDO DECOLORACAO ESCURA ATRAVES DA MECHA DO PAPEL, ACONDICIONADO EM EMBALAGEM APROPRIADA, ROTULO COM NR. DE LOTE, DATA DE FABRICACAO/VALIDADE,FORMULA E PROCEDENCIA|INDICADOR QUÍMICO, CLASSE: CLASSE V , TIPO USO: INTERNO , TIPO: INTEGRADOR , APRESENTAÇÃO: TIRA DE PAPEL , CARACTERÍSTICAS ADICIONAIS: PARA ESTERILIZAÇÃO A VAPOR 
276|MAPEAMENTO_INCERTO|False|False|True|TIRAS REAGENTES|"SUBSTÂNCIAS PARA DIAGNÓSTICO ""IN VITRO"",  REAGENTES,  CONJUNTOS E JOGOS PARA TESTE"|1611321|339652|INDICADOR QUIMICO - EM TIRAS DE PAPEL, COM TINTA COMPOSTA DE SUBSTANCIA QUIMICA QUE MUDA DE COR APOS PROCESSO, ESTERILIZACAO A VAPOR, TAMANHO 1,5CM X 10CM, VAPOR SATURADO, ACONDICIONADO EM EMBALAGEM APROPRIADA PARA O PRODUTO, ROTULO COM DATA DE VALIDADE/FABRICACAO, PROCEDENCIA|INDICADOR QUÍMICO, CLASSE: CLASSE VI , TIPO USO: INTERNO , TIPO: SIMULADOR , APRESENTAÇÃO: TIRA DE PAPEL , CARACTERÍSTICAS ADICIONAIS: PARA ESTERILIZAÇÃO A VAPOR 
276|MAPEAMENTO_INCERTO|False|False|True|TIRAS REAGENTES|"SUBSTÂNCIAS PARA DIAGNÓSTICO ""IN VITRO"",  REAGENTES,  CONJUNTOS E JOGOS PARA TESTE"|1611321|332345|INDICADOR QUIMICO - EM TIRAS DE PAPEL, COM TINTA COMPOSTA DE SUBSTANCIA QUIMICA QUE MUDA DE COR APOS PROCESSO, ESTERILIZACAO A VAPOR, TAMANHO 1,5CM X 10CM, VAPOR SATURADO, ACONDICIONADO EM EMBALAGEM APROPRIADA PARA O PRODUTO, ROTULO COM DATA DE VALIDADE/FABRICACAO, PROCEDENCIA|INDICADOR QUÍMICO, CLASSE: CLASSE IV , TIPO USO: INTERNO , TIPO: MULTIPARAMÉTRICO , APRESENTAÇÃO: TIRA DE PAPEL , CARACTERÍSTICAS ADICIONAIS: PARA ESTERILIZAÇÃO A VAPOR 
277|MAPEAMENTO_INCERTO|False|False|True|MATERIAIS DE USO TECNICO HOSPITALAR|"SUBSTÂNCIAS PARA DIAGNÓSTICO ""IN VITRO"",  REAGENTES,  CONJUNTOS E JOGOS PARA TESTE"|4615123|376428|INDICADOR QUIMICO - INTEGRADOR QUIMICO, CLASSE 5 PARA AUTOCLAVE A VAPOR,PACOTE LIBERADOR DE CARGA, ROTULO COM NR DE LOTE, DATA DE FABRICACAO/VALIDADE, FORMULA E PROCEDENCIA|INDICADOR QUÍMICO, CLASSE: CLASSE V , TIPO: INTEGRADOR , APRESENTAÇÃO: PACOTE PRONTO PARA TESTE, USO ÚNICO , CARACTERÍSTICAS ADICIONAIS: PARA ESTERILIZAÇÃO A VAPOR , COMPONENTES ADICIONAIS: INDICADOR QUÍMICO EXTERNO PARA CONTROLE EXPOSIÇÃO 
278|MAPEAMENTO_INCERTO|False|False|True|TIRAS REAGENTES|"SUBSTÂNCIAS PARA DIAGNÓSTICO ""IN VITRO"",  REAGENTES,  CONJUNTOS E JOGOS PARA TESTE"|1919296|339652|INDICADOR QUIMICO - EM MECHA DE PAPEL E PIRULA,TIPO INTEGRADOR(TESTE DESAFIO) MONITORIZACAO DAS CARGAS SUBSEQUENTES, A PIRULA QUIMICA FUNDE E MIGRA COMO UM LIQUIDO DE COLORACAO ESCURA ATRAVES DA MECHA DE PAPEL, ESTERILIZACAO A VAPOR, VAPOR SATURADO, ACONDICIONADO EM PACOTE PRONTO INDIVIDUAL, ROTULO COM NR.LOTE, DATA DE FABRICACAO/VALIDADE, PROCEDENCIA|INDICADOR QUÍMICO, CLASSE: CLASSE VI , TIPO USO: INTERNO , TIPO: SIMULADOR , APRESENTAÇÃO: TIRA DE PAPEL , CARACTERÍSTICAS ADICIONAIS: PARA ESTERILIZAÇÃO A VAPOR 
279|MAPEAMENTO_INCERTO|False|False|True|MATERIAIS DE USO TECNICO HOSPITALAR|"SUBSTÂNCIAS PARA DIAGNÓSTICO ""IN VITRO"",  REAGENTES,  CONJUNTOS E JOGOS PARA TESTE"|3974340|332345|INDICADOR QUIMICO - CLASSE 4, EM TIRA DE PAPEL, CONTENDO SUBSTANCIA ATOXICA, LIVRE DE CHUMBO, MONITORIZACAO INTERNA,,ROTULO COM NR. DE LOTE, DATA E FABRICACAO, VALIDADE, FORMULA E PROCEDENCIA|INDICADOR QUÍMICO, CLASSE: CLASSE IV , TIPO USO: INTERNO , TIPO: MULTIPARAMÉTRICO , APRESENTAÇÃO: TIRA DE PAPEL , CARACTERÍSTICAS ADICIONAIS: PARA ESTERILIZAÇÃO A VAPOR 
281|MAPEAMENTO_INCERTO|False|False|True|MATERIAIS DE USO TECNICO HOSPITALAR|"SUBSTÂNCIAS PARA DIAGNÓSTICO ""IN VITRO"",  REAGENTES,  CONJUNTOS E JOGOS PARA TESTE"|1930451|332345|INDICADOR QUIMICO - INDICADOR QUIMICO PARA AUTOCLAVE COM NO MINIMO 200 TIRAS MULTIPARAMETRICO PARA, VAPOR.|INDICADOR QUÍMICO, CLASSE: CLASSE IV , TIPO USO: INTERNO , TIPO: MULTIPARAMÉTRICO , APRESENTAÇÃO: TIRA DE PAPEL , CARACTERÍSTICAS ADICIONAIS: PARA ESTERILIZAÇÃO A VAPOR 
282|MAPEAMENTO_INCERTO|False|False|True|MATERIAIS DE USO TECNICO HOSPITALAR|"SUBSTÂNCIAS PARA DIAGNÓSTICO ""IN VITRO"",  REAGENTES,  CONJUNTOS E JOGOS PARA TESTE"|4615123|376428|INDICADOR QUIMICO - INTEGRADOR QUIMICO, CLASSE 5 PARA AUTOCLAVE A VAPOR,PACOTE LIBERADOR DE CARGA, ROTULO COM NR DE LOTE, DATA DE FABRICACAO/VALIDADE, FORMULA E PROCEDENCIA|INDICADOR QUÍMICO, CLASSE: CLASSE V , TIPO: INTEGRADOR , APRESENTAÇÃO: PACOTE PRONTO PARA TESTE, USO ÚNICO , CARACTERÍSTICAS ADICIONAIS: PARA ESTERILIZAÇÃO A VAPOR , COMPONENTES ADICIONAIS: INDICADOR QUÍMICO EXTERNO PARA CONTROLE EXPOSIÇÃO 
283|MAPEAMENTO_INCERTO|False|False|True|TIRAS REAGENTES|"SUBSTÂNCIAS PARA DIAGNÓSTICO ""IN VITRO"",  REAGENTES,  CONJUNTOS E JOGOS PARA TESTE"|1998846|332346|INTEGRADOR QUIMICO - PARA ESTERILIZACAO A VAPOR EM TEMPERATURAS ENTRE 115 A 140-C, USO UNICO PERMEAVEL AO VAPOR, COM JANELA DE VISUALIZACAO GRADUADA QUE PERMITA ALEITURA PROGRESSIVA DA REACAO PRODUZIDA P/CICLO, DE ESTERILIZACAO|INDICADOR QUÍMICO, CLASSE: CLASSE V , TIPO USO: INTERNO , TIPO: INTEGRADOR , APRESENTAÇÃO: TIRA DE PAPEL , CARACTERÍSTICAS ADICIONAIS: PARA ESTERILIZAÇÃO A VAPOR 
284|MAPEAMENTO_INCERTO|False|False|True|TIRAS REAGENTES|"SUBSTÂNCIAS PARA DIAGNÓSTICO ""IN VITRO"",  REAGENTES,  CONJUNTOS E JOGOS PARA TESTE"|4136497|332346|INTEGRADOR QUIMICO - PARA ESTERILIZACAO A VAPOR EM TEMPERATURAS ENTRE 115 A 140ºC, USO UNICO PERMEAVEL AO VAPOR,COM JANELA DE VISUALIZACAO GRADUADA QUE PERMITA A LEITURA PROGRESSIVA DA REACAO PRODUZIDA POR CICLO DE ESTERILIZACAO,CLASSE V|INDICADOR QUÍMICO, CLASSE: CLASSE V , TIPO USO: INTERNO , TIPO: INTEGRADOR , APRESENTAÇÃO: TIRA DE PAPEL , CARACTERÍSTICAS ADICIONAIS: PARA ESTERILIZAÇÃO A VAPOR 
285|OK_SEM_FLAGS|False|False|False|MATERIAIS DE USO TECNICO HOSPITALAR|"SUBSTÂNCIAS PARA DIAGNÓSTICO ""IN VITRO"",  REAGENTES,  CONJUNTOS E JOGOS PARA TESTE"|141402|332343|FITA TESTE - PARA CONTROLE DE TEMPERATURA, EM AUTOCLAVE, COM BOA ADERENCIA E COLORACAO APOS EXPOSICAO, INVOLUCRO EM ROLO COM 19MM X 30M, ROTULAGEM RESPEITANDO O DECRETO LEI 79094/77 NR.LOTE, DATA DE FABRICACAO, PROCEDENCIA|INDICADOR QUÍMICO, CLASSE: CLASSE I , TIPO USO: EXTERNO , APRESENTAÇÃO: FITA ADESIVA , CARACTERÍSTICAS ADICIONAIS: PARA ESTERILIZAÇÃO A VAPOR 
286|OK_SEM_FLAGS|False|False|False|MATERIAIS DE USO TECNICO HOSPITALAR|ARTIGOS PARA ESCRITÓRIO|1930222|350646|FITA ADESIVA COMUM - COR BRANCA, COM DORSO DE PAPEL CRESPADO, MEDINDO 19 MM X 50 M, BOA ADERENCIA, RESISTENTE A ESTERILIZACAO PELO CALOR UMIDO., EMBALAGEM INDIVIDUAL CONTENDO DADOS DE IDENTIFI, CACAO ,LOTE ,VALIDADE E REGISTRO NO MINISTERIO DA SAUDE.|FITA ADESIVA, MATERIAL: CREPE , TIPO: MONOFACE , LARGURA: 19 MM, COMPRIMENTO: 50 M, COR: BRANCA , APLICAÇÃO: MULTIUSO 
287|OK_SEM_FLAGS|False|False|False|MATERIAIS DE USO TECNICO HOSPITALAR|INSTRUMENTOS, EQUIPAMENTOS E SUPRIMENTOS MÉDICOS  E  CIRÚRGICOS|558931|620165|ESCOVA CIRURGICA - COMPOSTO DE BASE EM PLASTICO, CERDAS DE NYLON DUPLA FACE,SENDOUM LADO EM CERDAS E OUTRO EM ESPONJA., ROTULAGEM RESPEITANDO O DECRETO LEI 79094/77 ART.31 L.8078/90 E PORT.CONJ.N1 DE 23/1/96-M.SAUDE|ESCOVA DEGERMAÇÃO, MODELO: DUPLA FACE C/ CERDAS E ESPONJA , ANTISSÉPTICO DEGERMANTE: SECA, SEM AGENTE QUÍMICO , ESTERILIDADE: USO ÚNICO , EMBALAGEM: EMBALAGEM INDIVIDUAL 
288|OK_SEM_FLAGS|False|False|False|MATERIAIS DE USO TECNICO HOSPITALAR|INSTRUMENTOS, EQUIPAMENTOS E SUPRIMENTOS MÉDICOS  E  CIRÚRGICOS|3749053|620163|ESCOVA CIRURGICA - COM DUPLA FACE, SENDO CORPO DE PLASTICO, CERDAS MACIAS COM SOLUCAO DE CLOREXIDINA A 2% PARA  ANTI-SEPSIA,EMBALAGEM EXTERNA COM DESCRICAO DO PRODUTO,MARCA COMERCIAL , FABRICANTE E VALIDADE|ESCOVA DEGERMAÇÃO, MODELO: DUPLA FACE C/ CERDAS E ESPONJA , ANTISSÉPTICO DEGERMANTE: CLOREXIDINA 2% , ESTERILIDADE: USO ÚNICO , EMBALAGEM: EMBALAGEM INDIVIDUAL 
289|MAPEAMENTO_INCERTO|False|False|True|MATERIAIS DE USO TECNICO HOSPITALAR|INSTRUMENTOS, EQUIPAMENTOS E SUPRIMENTOS MÉDICOS  E  CIRÚRGICOS|5098718|442575|EMBALAGEM DESCARTAVEL PARA ESTERILIZACAO - MEDINDO 15,00CM X 50,00M,SISTEMA DE BARREIRAS PARA MATERIAIS TERMODESINFECTADOS E DESINFETADOS,COMPOSTO EM QUATRO CAMADAS DE FILME DE POLIESTER E POLIPROPILENO DE ALTA RESISTENCIA  MECANICA  IMPERMEAVEL LIVRE DE CONTAMINACAO QUIMICA E COM PROCEDIMENTO SIMPLES DE SELAGEM E ABERTURA (SISTEMA EASY OPEN),,,.|EMBALAGEM P/ ESTERILIZAÇÃO, MATERIAL: POLIETILENO DE ALTA DENSIDADE - PEAD , APRESENTAÇÃO: SACO , COMPONENTES ADICIONAIS: TERMOSSELANTE , TAMANHO: CERCA DE 50 X 60 CM, TIPO USO: USO ÚNICO 
289|MAPEAMENTO_INCERTO|False|False|True|MATERIAIS DE USO TECNICO HOSPITALAR|INSTRUMENTOS, EQUIPAMENTOS E SUPRIMENTOS MÉDICOS  E  CIRÚRGICOS|5098718|443866|EMBALAGEM DESCARTAVEL PARA ESTERILIZACAO - MEDINDO 15,00CM X 50,00M,SISTEMA DE BARREIRAS PARA MATERIAIS TERMODESINFECTADOS E DESINFETADOS,COMPOSTO EM QUATRO CAMADAS DE FILME DE POLIESTER E POLIPROPILENO DE ALTA RESISTENCIA  MECANICA  IMPERMEAVEL LIVRE DE CONTAMINACAO QUIMICA E COM PROCEDIMENTO SIMPLES DE SELAGEM E ABERTURA (SISTEMA EASY OPEN),,,.|EMBALAGEM P/ ESTERILIZAÇÃO, MATERIAL: POLIETILENO , APRESENTAÇÃO: SACO , COMPONENTES ADICIONAIS: TERMOSSELANTE , TAMANHO: CERCA DE 50 X 60 CM, TIPO USO: USO ÚNICO 
290|MAPEAMENTO_INCERTO|False|False|True|MATERIAIS DE USO TECNICO HOSPITALAR|INSTRUMENTOS, EQUIPAMENTOS E SUPRIMENTOS MÉDICOS  E  CIRÚRGICOS|5098726|442575|EMBALAGEM DESCARTAVEL PARA ESTERILIZACAO - MEDINDO 20,00CM X 50,00M,SISTEMA DE BARREIRAS PARA MATERIAIS TERMODESINFECTADOS E DESINFETADOS,COMPOSTO EM QUATRO CAMADAS DE FILME DE POLIESTER E POLIPROPILENO DE ALTA RESISTENCIA MECANICA IMPERMEAVEL LIVRE DE CONTAMINACAO QUIMICA E COM PROCEDIMENTO  SIMPLES DE SELAGEM E ABERTURA (SISTEMA EASY OPEN),,,.|EMBALAGEM P/ ESTERILIZAÇÃO, MATERIAL: POLIETILENO DE ALTA DENSIDADE - PEAD , APRESENTAÇÃO: SACO , COMPONENTES ADICIONAIS: TERMOSSELANTE , TAMANHO: CERCA DE 50 X 60 CM, TIPO USO: USO ÚNICO 
290|MAPEAMENTO_INCERTO|False|False|True|MATERIAIS DE USO TECNICO HOSPITALAR|INSTRUMENTOS, EQUIPAMENTOS E SUPRIMENTOS MÉDICOS  E  CIRÚRGICOS|5098726|443866|EMBALAGEM DESCARTAVEL PARA ESTERILIZACAO - MEDINDO 20,00CM X 50,00M,SISTEMA DE BARREIRAS PARA MATERIAIS TERMODESINFECTADOS E DESINFETADOS,COMPOSTO EM QUATRO CAMADAS DE FILME DE POLIESTER E POLIPROPILENO DE ALTA RESISTENCIA MECANICA IMPERMEAVEL LIVRE DE CONTAMINACAO QUIMICA E COM PROCEDIMENTO  SIMPLES DE SELAGEM E ABERTURA (SISTEMA EASY OPEN),,,.|EMBALAGEM P/ ESTERILIZAÇÃO, MATERIAL: POLIETILENO , APRESENTAÇÃO: SACO , COMPONENTES ADICIONAIS: TERMOSSELANTE , TAMANHO: CERCA DE 50 X 60 CM, TIPO USO: USO ÚNICO 
291|MAPEAMENTO_INCERTO|False|False|True|MATERIAIS DE USO TECNICO HOSPITALAR|INSTRUMENTOS, EQUIPAMENTOS E SUPRIMENTOS MÉDICOS  E  CIRÚRGICOS|5098734|442575|EMBALAGEM DESCARTAVEL PARA ESTERILIZACAO - MEDINDO 25,00CM X 50,00M,SISTEMA DE BARREIRAS PARA MATERIAIS TERMODESINFECTADOS E DESINFECTADOS,COMPOSTO EM QUATRO CAMADAS DE FILME DE POLIESTER  E POLIPROPILENO DE ALTA RESISTENCIA MECANICA IMPERMEAVEL, LIVRE DE CONTAMINACAO QUIMICA E COM PROCEDIMENTO SIMPLES DE SELAGEM E ABERTURA (SISTEMA EASY OPEN),,,.|EMBALAGEM P/ ESTERILIZAÇÃO, MATERIAL: POLIETILENO DE ALTA DENSIDADE - PEAD , APRESENTAÇÃO: SACO , COMPONENTES ADICIONAIS: TERMOSSELANTE , TAMANHO: CERCA DE 50 X 60 CM, TIPO USO: USO ÚNICO 
291|MAPEAMENTO_INCERTO|False|False|True|MATERIAIS DE USO TECNICO HOSPITALAR|INSTRUMENTOS, EQUIPAMENTOS E SUPRIMENTOS MÉDICOS  E  CIRÚRGICOS|5098734|443866|EMBALAGEM DESCARTAVEL PARA ESTERILIZACAO - MEDINDO 25,00CM X 50,00M,SISTEMA DE BARREIRAS PARA MATERIAIS TERMODESINFECTADOS E DESINFECTADOS,COMPOSTO EM QUATRO CAMADAS DE FILME DE POLIESTER  E POLIPROPILENO DE ALTA RESISTENCIA MECANICA IMPERMEAVEL, LIVRE DE CONTAMINACAO QUIMICA E COM PROCEDIMENTO SIMPLES DE SELAGEM E ABERTURA (SISTEMA EASY OPEN),,,.|EMBALAGEM P/ ESTERILIZAÇÃO, MATERIAL: POLIETILENO , APRESENTAÇÃO: SACO , COMPONENTES ADICIONAIS: TERMOSSELANTE , TAMANHO: CERCA DE 50 X 60 CM, TIPO USO: USO ÚNICO 
292|MAPEAMENTO_INCERTO|False|False|True|MATERIAIS DE USO TECNICO HOSPITALAR|INSTRUMENTOS, EQUIPAMENTOS E SUPRIMENTOS MÉDICOS  E  CIRÚRGICOS|4931564|452027|EMBALAGEM DESCARTAVEL PARA ESTERILIZACAO - FOLHA MEDINDO 50 X 50CM,COM BORDAS TERMOSSELADAS BARREIRA MICROBIANA HIDRORREPELENTE,EM NAO TECIDO, 100% POLIPROPILENO, ATOXICA,GRAMATURA  60GR/M2,.|EMBALAGEM P/ ESTERILIZAÇÃO, MATERIAL: POLIPROPILENO - SMS , GRAMATURA / ESPESSURA: CERCA DE 60 G/M2, APRESENTAÇÃO: FOLHA , TAMANHO: CERCA DE 60 X 60 CM, TIPO USO: USO ÚNICO 
293|MAPEAMENTO_INCERTO|False|False|True|MATERIAIS DE USO TECNICO HOSPITALAR|INSTRUMENTOS, EQUIPAMENTOS E SUPRIMENTOS MÉDICOS  E  CIRÚRGICOS|1919350|442658|EMBALAGEM DESCARTAVEL PARA ESTERILIZACAO - MEDINDO 75CM X 75CM, COM BORDAS TERMOSSELADAS BARREIRA MICROBIANA HIDRORREPELENTE, EM NAO TECIDO, 100%POLIPROPILENO, ATOXICA, POROSIDADE CONTROLADA, HIPOALERGICA, COM GRAMATURA DE TIPO PESADA, APRESENTADO EM EMBALAGEM APROPRIADA PARA EMPACOTAMENTO DE MATERIAIS A SEREM ESTERELIZADOS.|EMBALAGEM P/ ESTERILIZAÇÃO, MATERIAL: PAPEL CREPADO , COMPOSIÇÃO: 2ª GERAÇÃO , GRAMATURA / ESPESSURA: CERCA DE 60 G/M2, APRESENTAÇÃO: FOLHA , TAMANHO: CERCA DE 75 X 75 CM, TIPO USO: USO ÚNICO 
293|MAPEAMENTO_INCERTO|False|False|True|MATERIAIS DE USO TECNICO HOSPITALAR|INSTRUMENTOS, EQUIPAMENTOS E SUPRIMENTOS MÉDICOS  E  CIRÚRGICOS|1919350|466528|EMBALAGEM DESCARTAVEL PARA ESTERILIZACAO - MEDINDO 75CM X 75CM, COM BORDAS TERMOSSELADAS BARREIRA MICROBIANA HIDRORREPELENTE, EM NAO TECIDO, 100%POLIPROPILENO, ATOXICA, POROSIDADE CONTROLADA, HIPOALERGICA, COM GRAMATURA DE TIPO PESADA, APRESENTADO EM EMBALAGEM APROPRIADA PARA EMPACOTAMENTO DE MATERIAIS A SEREM ESTERELIZADOS.|EMBALAGEM P/ ESTERILIZAÇÃO, MATERIAL: PAPEL CREPADO , COMPOSIÇÃO: 2ª GERAÇÃO , GRAMATURA / ESPESSURA: CERCA DE 70 G/M2, APRESENTAÇÃO: FOLHA , TAMANHO: CERCA DE 75 X 75 CM, TIPO USO: USO ÚNICO 
293|MAPEAMENTO_INCERTO|False|False|True|MATERIAIS DE USO TECNICO HOSPITALAR|INSTRUMENTOS, EQUIPAMENTOS E SUPRIMENTOS MÉDICOS  E  CIRÚRGICOS|1919350|447699|EMBALAGEM DESCARTAVEL PARA ESTERILIZACAO - MEDINDO 75CM X 75CM, COM BORDAS TERMOSSELADAS BARREIRA MICROBIANA HIDRORREPELENTE, EM NAO TECIDO, 100%POLIPROPILENO, ATOXICA, POROSIDADE CONTROLADA, HIPOALERGICA, COM GRAMATURA DE TIPO PESADA, APRESENTADO EM EMBALAGEM APROPRIADA PARA EMPACOTAMENTO DE MATERIAIS A SEREM ESTERELIZADOS.|EMBALAGEM P/ ESTERILIZAÇÃO, MATERIAL: PAPEL CREPADO , COMPOSIÇÃO: 3ª GERAÇÃO , GRAMATURA / ESPESSURA: CERCA DE 78 G/M2, APRESENTAÇÃO: FOLHA , TAMANHO: CERCA DE 75 X 75 CM, TIPO USO: USO ÚNICO 
294|MAPEAMENTO_INCERTO|False|False|True|MATERIAIS DE USO TECNICO HOSPITALAR|INSTRUMENTOS, EQUIPAMENTOS E SUPRIMENTOS MÉDICOS  E  CIRÚRGICOS|1885774|442658|EMBALAGENS DESCARTAVEIS PARA ESTERILIZACOES - SMS 100% POLIPROPILENO COM POROSIDADE CONTROLADA, GRAMATURA LEVE, TIPO NAO-TECIDO, EMBALAGEM EM FOLHAS, ATOXICA, HIPOALERGENICA, MALEAVEL, RESISTENTE A RUPTURA E ESTOURO, NA MEDIDA DE (75X75)CM, INCINERAVEL E RECICLAVEL, ESTERILIZACAO ATRAVES DE OXIDO DE ETILENO, GAS FORMALDEIDO, VAPOR SATURADO OU PEROXIDO DE HIDROGENIO, ACONDICIONADO EM CAIXA|EMBALAGEM P/ ESTERILIZAÇÃO, MATERIAL: PAPEL CREPADO , COMPOSIÇÃO: 2ª GERAÇÃO , GRAMATURA / ESPESSURA: CERCA DE 60 G/M2, APRESENTAÇÃO: FOLHA , TAMANHO: CERCA DE 75 X 75 CM, TIPO USO: USO ÚNICO 
295|MAPEAMENTO_INCERTO|False|False|True|MATERIAIS DE USO TECNICO HOSPITALAR|INSTRUMENTOS, EQUIPAMENTOS E SUPRIMENTOS MÉDICOS  E  CIRÚRGICOS|3016137|452013|EMBALAGENS DESCARTAVEIS PARA ESTERILIZACOES - SMS 100% POLIPROPILENO COM POROSIDADE CONTROLADA,GRAMATURA LEVE,TIPO NAO-TECIDO, EMBALAGEM EM FOLHAS, ATOXICA, HIPOALERGENICA, MALEAVEL, RESISTENTE A RUPTURA E ESTOURO,NA MEDIDA DE 90X90CM,INCINERAVEL E RECICLAVEL,ESTERILIZACAO ATRAVES DE OXIDO DE ETILENO, GAS FORMALDEIDO, VAPOR SATURADO OU PEROXIDO DE HIDROGENIO,ACONDICIONADO EM CAIXA|EMBALAGEM P/ ESTERILIZAÇÃO, MATERIAL: POLIPROPILENO - SMS , GRAMATURA / ESPESSURA: CERCA DE 40 G/M2, APRESENTAÇÃO: FOLHA , TAMANHO: CERCA DE 90 X 90 CM, TIPO USO: USO ÚNICO 
295|MAPEAMENTO_INCERTO|False|False|True|MATERIAIS DE USO TECNICO HOSPITALAR|INSTRUMENTOS, EQUIPAMENTOS E SUPRIMENTOS MÉDICOS  E  CIRÚRGICOS|3016137|452012|EMBALAGENS DESCARTAVEIS PARA ESTERILIZACOES - SMS 100% POLIPROPILENO COM POROSIDADE CONTROLADA,GRAMATURA LEVE,TIPO NAO-TECIDO, EMBALAGEM EM FOLHAS, ATOXICA, HIPOALERGENICA, MALEAVEL, RESISTENTE A RUPTURA E ESTOURO,NA MEDIDA DE 90X90CM,INCINERAVEL E RECICLAVEL,ESTERILIZACAO ATRAVES DE OXIDO DE ETILENO, GAS FORMALDEIDO, VAPOR SATURADO OU PEROXIDO DE HIDROGENIO,ACONDICIONADO EM CAIXA|EMBALAGEM P/ ESTERILIZAÇÃO, MATERIAL: POLIPROPILENO - SMS , GRAMATURA / ESPESSURA: CERCA DE 50 G/M2, APRESENTAÇÃO: FOLHA , TAMANHO: CERCA DE 90 X 90 CM, TIPO USO: USO ÚNICO 
296|MAPEAMENTO_INCERTO|False|False|True|MATERIAIS DE USO TECNICO HOSPITALAR|INSTRUMENTOS, EQUIPAMENTOS E SUPRIMENTOS MÉDICOS  E  CIRÚRGICOS|2579740|464784|EMBALAGEM DESCARTAVEL PARA ESTERILIZACAO - MEDINDO 90CM X 90CM,ESTERILIZACAO,CONFECCIONADA EM SMS 100% POLIPROPILENO COM POROSIDADE CONTROLADA,GRAMATURA PESADA, TIPO NAO TECIDO,EMBALAGEM ATOXICA HIPOALERGICA, MALEAVEL, ESTERILIZAVEL ATRAVES DE OXIDO ETILENO, GAS FORMODEILDO, VAPOR SATURADO OU PEROXIDO DE HIDROGENIO, ACONDICIONADO EM CAIXA|EMBALAGEM P/ ESTERILIZAÇÃO, MATERIAL: POLIPROPILENO - SMS , GRAMATURA / ESPESSURA: CERCA DE 60 G/M2, APRESENTAÇÃO: FOLHA , TAMANHO: CERCA DE 90 X 90 CM, TIPO USO: USO ÚNICO 
296|MAPEAMENTO_INCERTO|False|False|True|MATERIAIS DE USO TECNICO HOSPITALAR|INSTRUMENTOS, EQUIPAMENTOS E SUPRIMENTOS MÉDICOS  E  CIRÚRGICOS|2579740|446694|EMBALAGEM DESCARTAVEL PARA ESTERILIZACAO - MEDINDO 90CM X 90CM,ESTERILIZACAO,CONFECCIONADA EM SMS 100% POLIPROPILENO COM POROSIDADE CONTROLADA,GRAMATURA PESADA, TIPO NAO TECIDO,EMBALAGEM ATOXICA HIPOALERGICA, MALEAVEL, ESTERILIZAVEL ATRAVES DE OXIDO ETILENO, GAS FORMODEILDO, VAPOR SATURADO OU PEROXIDO DE HIDROGENIO, ACONDICIONADO EM CAIXA|EMBALAGEM P/ ESTERILIZAÇÃO, MATERIAL: PAPEL CREPADO , COMPOSIÇÃO: 3ª GERAÇÃO , GRAMATURA / ESPESSURA: CERCA DE 78 G/M2, APRESENTAÇÃO: FOLHA , TAMANHO: CERCA DE 90 X 90 CM, TIPO USO: USO ÚNICO 
297|MAPEAMENTO_INCERTO|False|False|True|MATERIAIS DE USO TECNICO HOSPITALAR|INSTRUMENTOS, EQUIPAMENTOS E SUPRIMENTOS MÉDICOS  E  CIRÚRGICOS|4931572|452011|EMBALAGEM DESCARTAVEL PARA ESTERILIZACAO - FOLHA MEDINDO 100 X 100CM,COM BORDAS TERMOSSELADAS BARREIRA MICROBIANA HIDRORREPELENTE,EM NAO TECIDO, 100% POLIPROPILENO, ATOXICA, POROSIDADE CONTROLADA, HIPOALERGICA,GRAMATURA 60GR/M2,.|EMBALAGEM P/ ESTERILIZAÇÃO, MATERIAL: POLIPROPILENO - SMS , GRAMATURA / ESPESSURA: CERCA DE 60 G/M2, APRESENTAÇÃO: FOLHA , TAMANHO: CERCA DE 100 X 100 CM, TIPO USO: USO ÚNICO 
298|MAPEAMENTO_INCERTO|False|False|True|MATERIAIS DE USO TECNICO HOSPITALAR|INSTRUMENTOS, EQUIPAMENTOS E SUPRIMENTOS MÉDICOS  E  CIRÚRGICOS|1885790|452021|EMBALAGENS DESCARTAVEIS PARA ESTERILIZACOES - SMS 100% POLIPROPILENO COM POROSIDADE CONTROLADA, GRAMATURA PESADA, TIPO NAO-TECIDO, EMBALAGEM EM FOLHAS, ATOXICA, HIPOALERGENICA, MALEAVEL, RESISTENTE A RUPTURA E ESTOURO, NA MEDIDA DE (120X120)CM, INCINERAVEL E RECICLAVEL, ESTERILIZACAO ATRAVES DE OXIDO DE ETILENO, GAS FORMALDEIDO, VAPOR SATURADO OU PEROXIDO DE HIDROGENIO, ACONDICIONADO EM CAIXA|EMBALAGEM P/ ESTERILIZAÇÃO, MATERIAL: POLIPROPILENO - SMS , GRAMATURA / ESPESSURA: CERCA DE 60 G/M2, APRESENTAÇÃO: FOLHA , TAMANHO: CERCA DE 120 X 120 CM, TIPO USO: USO ÚNICO 
300|OK_SEM_FLAGS|False|False|False|MATERIAIS DE USO TECNICO HOSPITALAR|INSTRUMENTOS, EQUIPAMENTOS E SUPRIMENTOS MÉDICOS  E  CIRÚRGICOS|4940270|452009|EMBALAGENS DESCARTAVEIS PARA ESTERILIZACOES - EM SMS 100% POLIPROPILENO COM POROSIDADE CONTROLADA,GRAMATURA 50G/M²,TIPO NAO-TECIDO SSMMS, ATOXICA, HIPOALERGENICA, MALEAVEL, RESISTENTE A RUPTURA E ESTOURO,EM FOLHAS MEDINDO 100,00X100,00CM,ESTERIL|EMBALAGEM P/ ESTERILIZAÇÃO, MATERIAL: POLIPROPILENO - SMS , GRAMATURA / ESPESSURA: CERCA DE 50 G/M2, APRESENTAÇÃO: FOLHA , TAMANHO: CERCA DE 100 X 100 CM, TIPO USO: USO ÚNICO 
302|OK_SEM_FLAGS|False|False|False|INSUMOS PARA EQUIPAMENTOS MEDICO HOSPITALARES|INSTRUMENTOS, EQUIPAMENTOS E SUPRIMENTOS MÉDICOS  E  CIRÚRGICOS|2001837|442398|EMBALAGEM P/ ESTERILIZACAO A PLASMA DE H2O2 - EM FORMA DE ROLO TIPO 4057B CONTENDO INDICADOR QUIMICO QUIMICO ESPECIFICO PARA H2O2, CODIGO BRFG12410N, ROLO MEDINDO 100MM X 70M|EMBALAGEM P/ ESTERILIZAÇÃO, MATERIAL: POLIETILENO DE ALTA DENSIDADE - PEAD , COMPOSIÇÃO: C/ FILME POLÍMERO MULTILAMINADO , APLICAÇÃO 1: P/ ESTERILIZAÇÃO DE H2O2 , APRESENTAÇÃO: ENVELOPE , COMPONENTES ADICIONAIS: TERMOSSELANTE , TAMANHO: CERCA DE 10 X 70 CM, COMPONENTES: C/ INDICADOR QUÍMICO , TIPO USO: USO ÚNICO 
302|OK_SEM_FLAGS|False|False|False|INSUMOS PARA EQUIPAMENTOS MEDICO HOSPITALARES|INSTRUMENTOS, EQUIPAMENTOS E SUPRIMENTOS MÉDICOS  E  CIRÚRGICOS|2001837|442406|EMBALAGEM P/ ESTERILIZACAO A PLASMA DE H2O2 - EM FORMA DE ROLO TIPO 4057B CONTENDO INDICADOR QUIMICO QUIMICO ESPECIFICO PARA H2O2, CODIGO BRFG12410N, ROLO MEDINDO 100MM X 70M|EMBALAGEM P/ ESTERILIZAÇÃO, MATERIAL: POLIETILENO DE ALTA DENSIDADE - PEAD , COMPOSIÇÃO: C/ FILME POLÍMERO MULTILAMINADO , APLICAÇÃO 1: P/ ESTERILIZAÇÃO DE H2O2 , APRESENTAÇÃO: ROLO , COMPONENTES ADICIONAIS: TERMOSSELANTE , TAMANHO: CERCA DE 10 CM, COMPONENTES: C/ INDICADOR QUÍMICO , TIPO USO: USO ÚNICO 
303|OK_SEM_FLAGS|False|False|False|INSUMOS PARA EQUIPAMENTOS MEDICO HOSPITALARES|INSTRUMENTOS, EQUIPAMENTOS E SUPRIMENTOS MÉDICOS  E  CIRÚRGICOS|3145220|616526|EMBALAGEM P/ ESTERILIZACAO A PLASMA DE H2O2 - EM FORMA DE ROLO TIPO 4057B CONTENDO INDICADOR QUIMICO ESPECIFICO PARA H2O2,,ROLO MEDINDO 150MM X 70M,CODIGO BRFG 12410 N|EMBALAGEM P/ ESTERILIZAÇÃO, MATERIAL: POLIETILENO DE ALTA DENSIDADE - PEAD , COMPOSIÇÃO: C/ FILME POLÍMERO MULTILAMINADO , APLICAÇÃO 1: P/ ESTERILIZAÇÃO DE H2O2 , APRESENTAÇÃO: ROLO , COMPONENTES ADICIONAIS: TERMOSSELANTE , TAMANHO: CERCA DE 15 CM, COMPONENTES: C/ INDICADOR QUÍMICO , TIPO USO: USO ÚNICO 
304|OK_SEM_FLAGS|False|False|False|INSUMOS PARA EQUIPAMENTOS MEDICO HOSPITALARES|INSTRUMENTOS, EQUIPAMENTOS E SUPRIMENTOS MÉDICOS  E  CIRÚRGICOS|2558947|442405|EMBALAGEM P/ ESTERILIZACAO A PLASMA DE H2O2 - EM FORMA DE ROLO TIPO 4057B CONTENDO INDICADOR QUIMICO ESPECIFICO PARA H2O2,,ROLO MEDINDO 200MM X 70M|EMBALAGEM P/ ESTERILIZAÇÃO, MATERIAL: POLIETILENO DE ALTA DENSIDADE - PEAD , COMPOSIÇÃO: C/ FILME POLÍMERO MULTILAMINADO , APLICAÇÃO 1: P/ ESTERILIZAÇÃO DE H2O2 , APRESENTAÇÃO: ROLO , COMPONENTES ADICIONAIS: TERMOSSELANTE , TAMANHO: CERCA DE 20 CM, COMPONENTES: C/ INDICADOR QUÍMICO , TIPO USO: USO ÚNICO 
305|MAPEAMENTO_INCERTO|False|False|True|INSUMOS PARA EQUIPAMENTOS MEDICO HOSPITALARES|INSTRUMENTOS, EQUIPAMENTOS E SUPRIMENTOS MÉDICOS  E  CIRÚRGICOS|3659119|616527|EMBALAGEM P/ ESTERILIZACAO A PLASMA DE H2O2 - EM FORMA DE ROLO TIPO 4057B CONTENDO INDICADOR QUIMICO ESPECIFICO PARA H202,ROLO MEDINDO 250MM X 70M|EMBALAGEM P/ ESTERILIZAÇÃO, MATERIAL: POLIETILENO DE ALTA DENSIDADE - PEAD , COMPOSIÇÃO: C/ FILME POLÍMERO MULTILAMINADO , APLICAÇÃO 1: P/ ESTERILIZAÇÃO DE H2O2 , APRESENTAÇÃO: ROLO , COMPONENTES ADICIONAIS: TERMOSSELANTE , TAMANHO: CERCA DE 25 CM, COMPONENTES: C/ INDICADOR QUÍMICO , TIPO USO: USO ÚNICO 
306|MAPEAMENTO_INCERTO|False|False|True|INSUMOS PARA EQUIPAMENTOS MEDICO HOSPITALARES|INSTRUMENTOS, EQUIPAMENTOS E SUPRIMENTOS MÉDICOS  E  CIRÚRGICOS|2001845|616533|EMBALAGEM P/ ESTERILIZACAO A PLASMA DE H2O2 - EM FORMA DE ROLO TIPO 4057B CONTENDO INDICADOR QUIMICO QUIMICO ESPECIFICO PARA H2O2, CODIGO BRFG12435N, ROLO MEDINDO 350MM X 70M|EMBALAGEM P/ ESTERILIZAÇÃO, MATERIAL: POLIETILENO DE ALTA DENSIDADE - PEAD , COMPOSIÇÃO: C/ FILME POLÍMERO MULTILAMINADO , APLICAÇÃO 1: P/ ESTERILIZAÇÃO DE H2O2 , APRESENTAÇÃO: ROLO , COMPONENTES ADICIONAIS: TERMOSSELANTE , TAMANHO: CERCA DE 35 CM, COMPONENTES: C/ INDICADOR QUÍMICO , TIPO USO: USO ÚNICO 
307|MAPEAMENTO_INCERTO|False|False|True|COMPONENTES PARA EQUIPAMENTOS MEDICO HOSPITALARES|INSTRUMENTOS, EQUIPAMENTOS E SUPRIMENTOS MÉDICOS  E  CIRÚRGICOS|1960989|481967|ESCOVA - DE LIMPEZA, PARA USO EM VIDEOCOLONOSCOPIO,DUPLAS AUTOCLAVAVEL A 134 GRAUS, EM METAL,, COM 230CM DE EXTENSAO, 6MM DE DIAMETRO, COM 1,8MMDE DIAMETRO DO TUBO, DEMAIS INFORMACOES COMPLEMENTARES VIDE EDITAL|ESCOVA LIMPEZA - CME, APLICAÇÃO: P/ ENDOSCÓPIO , MATERIAL CERDAS: CERDAS DE NYLON , PONTA ATIVA: EM UMA DAS EXTREMIDADES , DIÂMETRO PONTA: CERCA DE 6 MM, HASTE: HASTE FLEXÍVEL , COMPRIMENTO TOTAL: CERCA DE 220 CM, TIPO USO: DESCARTÁVEL 
308|MAPEAMENTO_INCERTO|False|False|True|COMPONENTES PARA EQUIPAMENTOS MEDICO HOSPITALARES|INSTRUMENTOS, EQUIPAMENTOS E SUPRIMENTOS MÉDICOS  E  CIRÚRGICOS|1960997|481967|ESCOVA - DE LIMPEZA, PARA USO EM VIDEOGASTROSCOPIO, DUPLASAUTOCLAVAVEL A 134 GRAUS, EM METAL, COM 180CM DE EXTENSAO, 6MM DE DIAMETRO, COM 1,8MMDE DIAMETRO DO TUBO, DEMAIS INFORMACOES COMPLEMENTARES VIDE EDITAL|ESCOVA LIMPEZA - CME, APLICAÇÃO: P/ ENDOSCÓPIO , MATERIAL CERDAS: CERDAS DE NYLON , PONTA ATIVA: EM UMA DAS EXTREMIDADES , DIÂMETRO PONTA: CERCA DE 6 MM, HASTE: HASTE FLEXÍVEL , COMPRIMENTO TOTAL: CERCA DE 220 CM, TIPO USO: DESCARTÁVEL 
309|MAPEAMENTO_INCERTO|False|False|True|COMPONENTES PARA EQUIPAMENTOS MEDICO HOSPITALARES|INSTRUMENTOS, EQUIPAMENTOS E SUPRIMENTOS MÉDICOS  E  CIRÚRGICOS|5050448|481853|ESCOVA - PARA LIMPEZA DE INSTRUMENTAIS CIRURGICOS,COMPRIMENTO TOTAL 18,00CM, CABO ANATOMICO EM PLASTICO RESISTENTE,CERDAS EM NYLON SUPER MACIAS COM 35,00 X 8,00 X1 3,00MM (C X L X A)|ESCOVA LIMPEZA - CME, APLICAÇÃO: P/ CANULADO , MATERIAL CERDAS: CERDAS DE NYLON , PONTA ATIVA: EM UMA DAS EXTREMIDADES , DIÂMETRO PONTA: CERCA DE 10 MM, HASTE: HASTE LIGA METÁLICA , COMPRIMENTO TOTAL: CERCA DE 20 CM, TIPO USO: REPROCESSÁVEL 
310|OK_SEM_FLAGS|False|False|False|MATERIAIS DE USO TECNICO HOSPITALAR|INSTRUMENTOS, EQUIPAMENTOS E SUPRIMENTOS MÉDICOS  E  CIRÚRGICOS|3749053|620163|ESCOVA CIRURGICA - COM DUPLA FACE, SENDO CORPO DE PLASTICO, CERDAS MACIAS COM SOLUCAO DE CLOREXIDINA A 2% PARA  ANTI-SEPSIA,EMBALAGEM EXTERNA COM DESCRICAO DO PRODUTO,MARCA COMERCIAL , FABRICANTE E VALIDADE|ESCOVA DEGERMAÇÃO, MODELO: DUPLA FACE C/ CERDAS E ESPONJA , ANTISSÉPTICO DEGERMANTE: CLOREXIDINA 2% , ESTERILIDADE: USO ÚNICO , EMBALAGEM: EMBALAGEM INDIVIDUAL 
311|MAPEAMENTO_INCERTO|False|False|True|COMPONENTES PARA EQUIPAMENTOS MEDICO HOSPITALARES|INSTRUMENTOS, EQUIPAMENTOS E SUPRIMENTOS MÉDICOS  E  CIRÚRGICOS|5050421|481853|ESCOVA - PARA LIMPEZA DE INSTRUMENTAIS CIRURGICOS,COMPRIMENTO TOTAL 18,00CM, CABO ANATOMICO EM PLASTICO RESISTENTE,CERDAS EM NYLON, RIGIDAS, COM 35,00 X 8,00 X 13,00MM (C X L X A)|ESCOVA LIMPEZA - CME, APLICAÇÃO: P/ CANULADO , MATERIAL CERDAS: CERDAS DE NYLON , PONTA ATIVA: EM UMA DAS EXTREMIDADES , DIÂMETRO PONTA: CERCA DE 10 MM, HASTE: HASTE LIGA METÁLICA , COMPRIMENTO TOTAL: CERCA DE 20 CM, TIPO USO: REPROCESSÁVEL 
313|OK_SEM_FLAGS|False|False|False|MATERIAIS DE USO TECNICO HOSPITALAR|INSTRUMENTOS, EQUIPAMENTOS E SUPRIMENTOS MÉDICOS  E  CIRÚRGICOS|558931|620165|ESCOVA CIRURGICA - COMPOSTO DE BASE EM PLASTICO, CERDAS DE NYLON DUPLA FACE,SENDOUM LADO EM CERDAS E OUTRO EM ESPONJA., ROTULAGEM RESPEITANDO O DECRETO LEI 79094/77 ART.31 L.8078/90 E PORT.CONJ.N1 DE 23/1/96-M.SAUDE|ESCOVA DEGERMAÇÃO, MODELO: DUPLA FACE C/ CERDAS E ESPONJA , ANTISSÉPTICO DEGERMANTE: SECA, SEM AGENTE QUÍMICO , ESTERILIDADE: USO ÚNICO , EMBALAGEM: EMBALAGEM INDIVIDUAL 
314|MAPEAMENTO_INCERTO|False|False|True|MATERIAIS DE USO TECNICO HOSPITALAR|MOBILIÁRIO, EQUIPAMENTOS, UTENSÍLIOS E  SUPRIMENTOS  HOSPITALARES|3883191|292930|ESCOVA PARA LIMPEZA DE MATERIAL - CERDAS EM NYLON, ANTIMICROBIANAS,HASTE RIGIDA EM ACO INOXIDAVEL,CERDAS MEDINDO 167MM X 18,00CM,PARA LIMPEZA DE MICRO LUMEN,EMBALAGEM DE ACORDO COM NORMAS VIGENTES.|ESCOVA P/ CITOLOGIA, MATERIAL: AÇO INOXIDÁVEL , TIPO USO: DESMONTÁVEL, AUTOCLAVÁVEL , TIPO CERDAS: CERDAS EM NYLON , USO: PONTA METÁLICA, PROTEGIDA , CARACTERÍSTICAS ADICIONAIS: EXTREMIDADE NÃO TRAUMÁTICA, CATETER DE TEFLON , DIÂMETRO: 1,8 MM, APLICAÇÃO: P/ CITOLOGIA DE BRONCOSCOPIA , COMPRIMENTO: 120 MM
315|MAPEAMENTO_INCERTO|False|False|True|MATERIAIS DE USO TECNICO HOSPITALAR|INSTRUMENTOS, EQUIPAMENTOS E SUPRIMENTOS MÉDICOS  E  CIRÚRGICOS|3175235|481919|ESCOVA PARA LIMPEZA DE MATERIAL - CERDAS DE NYLON,HASTE DE ACO INOXIDAVEL,5,00MM X 79,00CM,PARA LIMPEZA DE FRESAS FLEXIVEIS,EMBALAGEM DE ACORDO COM NORMAS VIGENTES|ESCOVA LIMPEZA - CME, APLICAÇÃO: P/ CANULADO , MATERIAL CERDAS: CERDAS DE NYLON , PONTA ATIVA: EM UMA DAS EXTREMIDADES , DIÂMETRO PONTA: CERCA DE 5 MM, HASTE: HASTE LIGA METÁLICA , COMPRIMENTO TOTAL: CERCA DE 80 CM, TIPO USO: REPROCESSÁVEL 
316|MAPEAMENTO_INCERTO|False|False|True|MATERIAIS DE USO TECNICO HOSPITALAR|VASSOURAS, ESCOVAS, RODOS, ESPONJAS E ESFREGÕES|3339564|482005|ESCOVA PARA LIMPEZA DE MATERIAL - CERDAS EM NYLON,ANTIMICROBIANAS NAS DUAS EXTREMIDADES, CABO EM POLIPROPILENO ANTIDERRAPANTE,17,8CM DE COMPRIMENTO,PARA LIMPEZA DE INSTRUMENTAIS,EMBALAGEM DE ACORDO COM NORMAS VIGENTES.|ESCOVA LIMPEZA GERAL, MATERIAL CORPO: PLÁSTICO , MATERIAL CERDAS: NÁILON , CARACTERÍSTICAS ADICIONAIS: CERDAS NAS DUAS EXTREMIDADES , COMPRIMENTO: CERCA DE 20 CM, APLICAÇÃO: LIMPEZA DE INSTRUMENTOS EM GERAL 
317|OK_SEM_FLAGS|False|False|False|MATERIAIS DE USO TECNICO HOSPITALAR|INSTRUMENTOS, EQUIPAMENTOS E SUPRIMENTOS MÉDICOS  E  CIRÚRGICOS|3010066|481857|ESCOVA PARA LIMPEZA DE MATERIAL - CERDAS DE NYLON,,HASTE DE ACO INOXIDAVEL,4MMX22CM,PARA MATERIAIS DE MICRO LUMEN, AUTOCLAVAVEL,PACOTE COM NO MINIMO 03 UNIDADES, EMBALAGEM DE ACORDO COM NORMAS VIGENTES.|ESCOVA LIMPEZA - CME, APLICAÇÃO: P/ CANULADO , MATERIAL CERDAS: CERDAS DE NYLON , PONTA ATIVA: EM UMA DAS EXTREMIDADES , DIÂMETRO PONTA: CERCA DE 4 MM, HASTE: HASTE LIGA METÁLICA , COMPRIMENTO TOTAL: CERCA DE 25 CM, TIPO USO: REPROCESSÁVEL 
318|OK_SEM_FLAGS|False|False|False|MATERIAIS DE USO TECNICO HOSPITALAR|INSTRUMENTOS, EQUIPAMENTOS E SUPRIMENTOS MÉDICOS  E  CIRÚRGICOS|3014649|481877|ESCOVA PARA LIMPEZA DE MATERIAL - CERDAS DE NYLON,HASTE DE ACO INOXIDAVEL,10MMX40CM,PARA MATERIAIS DE MICRO LUMEN, AUTOCLAVAVEL,PACOTE COM NO MINIMO 03 UNIDADES. EMBALAGEM DE ACORDO COM NORMAS VIGENTES.|ESCOVA LIMPEZA - CME, APLICAÇÃO: P/ CANULADO , MATERIAL CERDAS: CERDAS DE NYLON , PONTA ATIVA: EM UMA DAS EXTREMIDADES , DIÂMETRO PONTA: CERCA DE 10 MM, HASTE: HASTE LIGA METÁLICA , COMPRIMENTO TOTAL: CERCA DE 40 CM, TIPO USO: REPROCESSÁVEL 
319|MAPEAMENTO_INCERTO|False|False|True|MATERIAIS DE USO TECNICO HOSPITALAR|INSTRUMENTOS, EQUIPAMENTOS E SUPRIMENTOS MÉDICOS  E  CIRÚRGICOS|3010023|481856|ESCOVA PARA LIMPEZA DE MATERIAL - CERDAS EM NYLON,HASTE DE ACO INOXIDAVEL,3MMX22CM,PARA MATERIAIS DE MICRO LUMEN, AUTOCLAVAVEL,PACOTE COM  NO MINIMO 03 UNIDADES, EMBALAGEM DE ACORDO COM NORMAS VIGENTES.|ESCOVA LIMPEZA - CME, APLICAÇÃO: P/ CANULADO , MATERIAL CERDAS: CERDAS DE NYLON , PONTA ATIVA: EM UMA DAS EXTREMIDADES , DIÂMETRO PONTA: CERCA DE 3 MM, HASTE: HASTE LIGA METÁLICA , COMPRIMENTO TOTAL: CERCA DE 25 CM, TIPO USO: REPROCESSÁVEL 
320|MAPEAMENTO_INCERTO|False|False|True|MATERIAIS DE USO TECNICO HOSPITALAR|INSTRUMENTOS, EQUIPAMENTOS E SUPRIMENTOS MÉDICOS  E  CIRÚRGICOS|3340678|481923|ESCOVA PARA LIMPEZA DE MATERIAL - CERDAS EM NYLON RESISTENTE NAS DUAS EXTREMIDADES,HASTE EM POLIPROPILENO,MEDINDO: 63,5CM DE COMPRIMENTO COM CERDAS DE 8,00MM,PARA LIMPEZA INSTRUMENTAIS CANULADOS,EMBALAGEM DE ACORDO COM NORMAS VIGENTES.|ESCOVA LIMPEZA - CME, APLICAÇÃO: P/ CANULADO , MATERIAL CERDAS: CERDAS DE NYLON , PONTA ATIVA: NAS DUAS EXTREMIDADES , DIÂMETRO PONTA: CERCA DE 8 MM, HASTE: HASTE LIGA METÁLICA , COMPRIMENTO TOTAL: CERCA DE 65 CM, TIPO USO: REPROCESSÁVEL 
321|MAPEAMENTO_INCERTO|False|False|True|MATERIAIS DE USO TECNICO HOSPITALAR|VASSOURAS, ESCOVAS, RODOS, ESPONJAS E ESFREGÕES|3359611|279310|ESCOVA PARA LIMPEZA DE MATERIAL - CERDAS EM NYLON, ANTIMICROBIANAS,CABO ANATOMICO EM PLASTICO,COMPRIMENTO DO CABO 25,40CM E CERDAS MEDINDO 2,54 X 12,70CM,PARA LIMPEZA DE ARTIGOS GRANDES,EMBALAGEM DE ACORDO COM NORMAS VIGENTES.|ESCOVA LIMPEZA GERAL, MATERIAL CORPO: PLÁSTICO , MATERIAL CERDAS: NYLON , CARACTERÍSTICAS ADICIONAIS: COM SUPORTE 
321|MAPEAMENTO_INCERTO|False|False|True|MATERIAIS DE USO TECNICO HOSPITALAR|INSTRUMENTOS, EQUIPAMENTOS E SUPRIMENTOS MÉDICOS  E  CIRÚRGICOS|3359611|481856|ESCOVA PARA LIMPEZA DE MATERIAL - CERDAS EM NYLON, ANTIMICROBIANAS,CABO ANATOMICO EM PLASTICO,COMPRIMENTO DO CABO 25,40CM E CERDAS MEDINDO 2,54 X 12,70CM,PARA LIMPEZA DE ARTIGOS GRANDES,EMBALAGEM DE ACORDO COM NORMAS VIGENTES.|ESCOVA LIMPEZA - CME, APLICAÇÃO: P/ CANULADO , MATERIAL CERDAS: CERDAS DE NYLON , PONTA ATIVA: EM UMA DAS EXTREMIDADES , DIÂMETRO PONTA: CERCA DE 3 MM, HASTE: HASTE LIGA METÁLICA , COMPRIMENTO TOTAL: CERCA DE 25 CM, TIPO USO: REPROCESSÁVEL 
322|MAPEAMENTO_INCERTO|False|False|True|MATERIAIS DE USO TECNICO HOSPITALAR|INSTRUMENTOS, EQUIPAMENTOS E SUPRIMENTOS MÉDICOS  E  CIRÚRGICOS|1334530|481972|ESCOVA PARA LIMPEZA DE MATERIAL - EM POLIESTER,OU NAILON,ENTRE FIOS DE ACO SUAVE, EM FILETE OU ROLO, COMPRIMENTO DE 15 OU 20 CM E ROLOS DE 5 E 10M, USO UNICO , DESCARTAVEL, DE ACORDO COM AS NORMAS VIGENTES|ESCOVA LIMPEZA - CME, APLICAÇÃO: P/ ENDOSCÓPIO , MATERIAL CERDAS: CERDAS DE NYLON , PONTA ATIVA: EM TODA EXTENSÃO , DIÂMETRO PONTA: CERCA DE 3 MM, HASTE: HASTE FLEXÍVEL , COMPRIMENTO TOTAL: CERCA DE 15 M, TIPO USO: DESCARTÁVEL , APRESENTAÇÃO: EM ROLO 
322|MAPEAMENTO_INCERTO|False|False|True|MATERIAIS DE USO TECNICO HOSPITALAR|INSTRUMENTOS, EQUIPAMENTOS E SUPRIMENTOS MÉDICOS  E  CIRÚRGICOS|1334530|481973|ESCOVA PARA LIMPEZA DE MATERIAL - EM POLIESTER,OU NAILON,ENTRE FIOS DE ACO SUAVE, EM FILETE OU ROLO, COMPRIMENTO DE 15 OU 20 CM E ROLOS DE 5 E 10M, USO UNICO , DESCARTAVEL, DE ACORDO COM AS NORMAS VIGENTES|ESCOVA LIMPEZA - CME, APLICAÇÃO: P/ ENDOSCÓPIO , MATERIAL CERDAS: CERDAS DE NYLON , PONTA ATIVA: EM TODA EXTENSÃO , DIÂMETRO PONTA: CERCA DE 6 MM, HASTE: HASTE FLEXÍVEL , COMPRIMENTO TOTAL: CERCA DE 15 M, TIPO USO: DESCARTÁVEL , APRESENTAÇÃO: EM ROLO 
323|MAPEAMENTO_INCERTO|False|False|True|MATERIAIS DE USO TECNICO HOSPITALAR|VASSOURAS, ESCOVAS, RODOS, ESPONJAS E ESFREGÕES|4112229|340200|ESCOVA PARA LIMPEZA DE MATERIAL - CERDAS  EM NYLON,PADRAO,APROXIMADA DE 30CM,USO EM LIMPEZA DE MAMADEIRAS,EMBALAGEM DE ACORDO COM NORMAS VIGENTES. REGISTRO NO M.S|ESCOVA LIMPEZA GERAL, MATERIAL CORPO: POLIETILENO , MATERIAL CERDAS: NÁILON , CARACTERÍSTICAS ADICIONAIS: BORDAS E ESCOVA ROLIÇA, REUTILIZÁVEL , COMPRIMENTO: 30 CM, APLICAÇÃO: HIGIENIZAÇÃO/ LIMPEZA INTERNA DE MAMADEIRAS 
324|CATMAT_ALTERNATIVO; MAPEAMENTO_INCERTO|False|False|False|COMPONENTES PARA EQUIPAMENTOS MEDICO HOSPITALARES|INSTRUMENTOS, EQUIPAMENTOS E SUPRIMENTOS MÉDICOS  E  CIRÚRGICOS|5050430|481869|ESCOVA - PARA LIMPEZA DE INSTRUMENTAIS CIRURGICOS,COMPRIMENTO TOTAL 18,00CM, CABO ANATOMICO EM PLASTICO RESISTENTE, CERDAS EM NYLON, SEMI-RIGIDAS,COM 35,00X8,00X13,00MM (CXLXA)|ESCOVA LIMPEZA - CME, APLICAÇÃO: P/ CANULADO , MATERIAL CERDAS: CERDAS DE NYLON , PONTA ATIVA: EM UMA DAS EXTREMIDADES , DIÂMETRO PONTA: CERCA DE 8 MM, HASTE: HASTE LIGA METÁLICA , COMPRIMENTO TOTAL: CERCA DE 35 CM, TIPO USO: REPROCESSÁVEL 
325|CATMAT_ALTERNATIVO; MAPEAMENTO_INCERTO|False|False|True|MATERIAIS DE USO TECNICO HOSPITALAR|VASSOURAS, ESCOVAS, RODOS, ESPONJAS E ESFREGÕES|3359557|327258|ESCOVA PARA LIMPEZA DE MATERIAL - CERDAS EM ACO INOXIDAVEL, SUAVES E FINAS, ANTIMICROBIANAS,CABO DE PLASTICO ANATOMICO,18,20CM DE COMPRIMENTO,PARA LIMPEZA PESADA DE INSTRUMENTAIS,EMBALAGEM DE ACORDO COM NORMAS VIGENTES.|CONJUNTO PARA LIMPEZA, COMPONENTES: ÁLCOOL ISOPROPÍLICO/ESCOVA ANTIESTÉTICA/PANO , APLICAÇÃO: LIMPEZA MONITOR LCD 
325|CATMAT_ALTERNATIVO; MAPEAMENTO_INCERTO|False|False|True|MATERIAIS DE USO TECNICO HOSPITALAR|VASSOURAS, ESCOVAS, RODOS, ESPONJAS E ESFREGÕES|3359557|279310|ESCOVA PARA LIMPEZA DE MATERIAL - CERDAS EM ACO INOXIDAVEL, SUAVES E FINAS, ANTIMICROBIANAS,CABO DE PLASTICO ANATOMICO,18,20CM DE COMPRIMENTO,PARA LIMPEZA PESADA DE INSTRUMENTAIS,EMBALAGEM DE ACORDO COM NORMAS VIGENTES.|ESCOVA LIMPEZA GERAL, MATERIAL CORPO: PLÁSTICO , MATERIAL CERDAS: NYLON , CARACTERÍSTICAS ADICIONAIS: COM SUPORTE 
327|CATMAT_ALTERNATIVO|False|False|False|MATERIAIS DE USO TECNICO HOSPITALAR|INSTRUMENTOS, EQUIPAMENTOS E SUPRIMENTOS MÉDICOS  E  CIRÚRGICOS|3359590|481974|ESCOVA PARA LIMPEZA DE MATERIAL - CERDAS EM NYLON, ANTIMICROBIANAS,CABO ANATOMICO EM PLASTICO,18,20CM DE COMPRIMENTO,PARA LIMPEZA DE INSTRUMENTAIS EM GERAL,EMBALAGEM DE ACORDO COM NORMAS VIGENTES.|ESCOVA LIMPEZA - CME, APLICAÇÃO: ACETABULAR , MATERIAL CERDAS: CERDAS DE NYLON , PONTA ATIVA: NAS DUAS EXTREMIDADES , DIÂMETRO PONTA: CERCA DE 50 E 10 MM, HASTE: HASTE PLÁSTICA RÍGIDA , COMPRIMENTO TOTAL: CERCA DE 20 CM, TIPO USO: REPROCESSÁVEL 
327|CATMAT_ALTERNATIVO|False|False|False|MATERIAIS DE USO TECNICO HOSPITALAR|VASSOURAS, ESCOVAS, RODOS, ESPONJAS E ESFREGÕES|3359590|396682|ESCOVA PARA LIMPEZA DE MATERIAL - CERDAS EM NYLON, ANTIMICROBIANAS,CABO ANATOMICO EM PLASTICO,18,20CM DE COMPRIMENTO,PARA LIMPEZA DE INSTRUMENTAIS EM GERAL,EMBALAGEM DE ACORDO COM NORMAS VIGENTES.|ESCOVA LIMPEZA GERAL, MATERIAL CORPO: PLÁSTICO , MATERIAL CERDAS: NÁILON , CARACTERÍSTICAS ADICIONAIS: AUTOCLAVÁVEL, CABO ANTIDERRAPANTE, RÍGIDO , COMPRIMENTO: 17,50 CM, APLICAÇÃO: LIMPEZA DE INSTRUMENTOS EM GERAL , DIÂMETRO: 5 MM
328|CATMAT_ALTERNATIVO|False|False|False|MATERIAIS DE USO TECNICO HOSPITALAR|VASSOURAS, ESCOVAS, RODOS, ESPONJAS E ESFREGÕES|3339653|383562|ESCOVA PARA LIMPEZA DE MATERIAL - COM CERDAS EM NYLON,ARREDONDADAS,MEDINDO:14,0MM X 19,0CM,COM CABO TELESCOPIO EM ALUMINIO QUE VARIA DE 61,0CM A 122,0CM. KIT PARA LIMPEZA DE AUTOCLAVES, COM ESCOVA DE MAO EM CERDAS DE NYLON MEDINDO 11,5CM X 14,0CM,EMBALAGEM APROPRIADA. ROTULO COM NUMERO DO LOTE, DATA FABRICACAO/VALIDADE E PROCEDENCIA.|ESCOVA LIMPEZA GERAL, MATERIAL CORPO: ALUMÍNIO , MATERIAL CERDAS: NÁILON , CARACTERÍSTICAS ADICIONAIS: CERDAS ARREDONDADAS, 14 X 19 CM, CABO TELESCÓPICO , COMPRIMENTO: 120 CM, APLICAÇÃO: LIMPEZA DE AUTOCLAVE 
328|CATMAT_ALTERNATIVO|False|False|False|MATERIAIS DE USO TECNICO HOSPITALAR|INSTRUMENTOS, EQUIPAMENTOS E SUPRIMENTOS MÉDICOS  E  CIRÚRGICOS|3339653|481916|ESCOVA PARA LIMPEZA DE MATERIAL - COM CERDAS EM NYLON,ARREDONDADAS,MEDINDO:14,0MM X 19,0CM,COM CABO TELESCOPIO EM ALUMINIO QUE VARIA DE 61,0CM A 122,0CM. KIT PARA LIMPEZA DE AUTOCLAVES, COM ESCOVA DE MAO EM CERDAS DE NYLON MEDINDO 11,5CM X 14,0CM,EMBALAGEM APROPRIADA. ROTULO COM NUMERO DO LOTE, DATA FABRICACAO/VALIDADE E PROCEDENCIA.|ESCOVA LIMPEZA - CME, APLICAÇÃO: P/ CANULADO , MATERIAL CERDAS: CERDAS DE NYLON , PONTA ATIVA: EM UMA DAS EXTREMIDADES , DIÂMETRO PONTA: CERCA DE 15 MM, HASTE: HASTE LIGA METÁLICA , COMPRIMENTO TOTAL: CERCA DE 65 CM, TIPO USO: REPROCESSÁVEL 
329|OK_SEM_FLAGS|False|False|False|MATERIAIS DE USO TECNICO HOSPITALAR|INSTRUMENTOS, EQUIPAMENTOS E SUPRIMENTOS MÉDICOS  E  CIRÚRGICOS|5050910|481873|ESCOVA PARA LIMPEZA DE MATERIAL - HASTE EM ACO INOX TRANCADO, COM PONTA VIRADA,ESPIRALADA,COMPRIMENTO TOTAL 400,00MM, CERDAS EM NYLON DIAMETRO 4,00MM,PARA LIMPEZA DE CANULADOS,,|ESCOVA LIMPEZA - CME, APLICAÇÃO: P/ CANULADO , MATERIAL CERDAS: CERDAS DE NYLON , PONTA ATIVA: EM UMA DAS EXTREMIDADES , DIÂMETRO PONTA: CERCA DE 4 MM, HASTE: HASTE LIGA METÁLICA , COMPRIMENTO TOTAL: CERCA DE 40 CM, TIPO USO: REPROCESSÁVEL 
330|MAPEAMENTO_INCERTO|False|False|True|MATERIAIS DE USO TECNICO HOSPITALAR|INSTRUMENTOS, EQUIPAMENTOS E SUPRIMENTOS MÉDICOS  E  CIRÚRGICOS|5052564|481918|ESCOVA PARA LIMPEZA DE MATERIAL - HASTE EM ACO INOX TRANCADO, COM PONTA VIRADA,ESPIRALADA,COMPRIMENTO TOTAL 900,00MM, CERDAS EM NYLON DIAMETRO 8,00MM, COM MISSANGA,PARA LIMPEZA DE CANULADOS,,|ESCOVA LIMPEZA - CME, APLICAÇÃO: P/ CANULADO , MATERIAL CERDAS: CERDAS DE NYLON , PONTA ATIVA: EM UMA DAS EXTREMIDADES , DIÂMETRO PONTA: CERCA DE 4 MM, HASTE: HASTE LIGA METÁLICA , COMPRIMENTO TOTAL: CERCA DE 80 CM, TIPO USO: REPROCESSÁVEL 
330|MAPEAMENTO_INCERTO|False|False|True|MATERIAIS DE USO TECNICO HOSPITALAR|INSTRUMENTOS, EQUIPAMENTOS E SUPRIMENTOS MÉDICOS  E  CIRÚRGICOS|5052564|481949|ESCOVA PARA LIMPEZA DE MATERIAL - HASTE EM ACO INOX TRANCADO, COM PONTA VIRADA,ESPIRALADA,COMPRIMENTO TOTAL 900,00MM, CERDAS EM NYLON DIAMETRO 8,00MM, COM MISSANGA,PARA LIMPEZA DE CANULADOS,,|ESCOVA LIMPEZA - CME, APLICAÇÃO: P/ ENDOSCÓPIO , MATERIAL CERDAS: CERDAS DE NYLON , PONTA ATIVA: EM UMA DAS EXTREMIDADES , DIÂMETRO PONTA: CERCA DE 3 MM, HASTE: HASTE FLEXÍVEL , COMPRIMENTO TOTAL: CERCA DE 100 CM, TIPO USO: DESCARTÁVEL 
331|MAPEAMENTO_INCERTO|False|False|True|MATERIAIS DE USO TECNICO HOSPITALAR|INSTRUMENTOS, EQUIPAMENTOS E SUPRIMENTOS MÉDICOS  E  CIRÚRGICOS|1891588|462298|PAPEL GRAU CIRURGICO - RESISTENTE A ESTERILIZACAO AUTOCLAVE A VAPOR, A RASGOS DURANTEO PROCESSO DE ABERTURA,POROSIDADE CONTROLADA, DIAMETRO MAXIMO DE 50 MICRA, FILME LAMINADO TRANSPARENTE EM POLIETILENO E POLIPROPILENO, COM SISTEMA DE SELAGEM TRIPLA EM FILETE QUE SEJA RESISTENTE AO CALOR EM AMBAS AS FACES ATE 140 GRAUS, DESCARTAVEL, TERMOSELAVEL PARA EMBALAR ARTIGOS MEDICO HOSPITALAR, MEDINDO GRAMATURA DE 60 A 70G/M2, TAMANHO 08CM X 100METROS, DEMAIS INFORMACOES COMPLEMENTARES VIDE EDITAL.|EMBALAGEM P/ ESTERILIZAÇÃO, MATERIAL: PAPEL GRAU CIRÚRGICO , COMPOSIÇÃO: C/ FILME POLÍMERO MULTILAMINADO , GRAMATURA / ESPESSURA: CERCA DE 70 G/M2, APRESENTAÇÃO: ROLO , COMPONENTES ADICIONAIS: TERMOSSELANTE , TAMANHO: CERCA DE 15 CM, COMPONENTES: C/ INDICADOR QUÍMICO , TIPO USO: USO ÚNICO 
332|MAPEAMENTO_INCERTO|False|False|True|MATERIAIS DE USO TECNICO HOSPITALAR|INSTRUMENTOS, EQUIPAMENTOS E SUPRIMENTOS MÉDICOS  E  CIRÚRGICOS|1891626|442385|PAPEL GRAU CIRURGICO - RESISTENTE A ESTERILIZACAO AUTOCLAVE A VAPOR, A RASGOS DURANTEO PROCESSO DE ABERTURA,POROSIDADE CONTROLADA, DIAMETRO MAXIMO DE 50 MICRA, FILME LAMINADO TRANSPARENTE EM POLIETILENO E POLIPROPILENO, COM SISTEMA DE SELAGEM TRIPLA EM FILETE QUE SEJA RESISTENTE AO CALOR EM AMBAS AS FACES ATE 140 GRAUS, DESCARTAVEL, TERMOSELAVEL PARA EMBALAR ARTIGOS MEDICO HOSPITALAR, MEDINDO GRAMATURA DE 60 A 70G/M2, TAMANHO 10CM X 100METROS, DEMAIS INFORMACOES COMPLEMENTARES VIDE EDITAL.|EMBALAGEM P/ ESTERILIZAÇÃO, MATERIAL: PAPEL GRAU CIRÚRGICO , COMPOSIÇÃO: C/ FILME POLÍMERO MULTILAMINADO , GRAMATURA / ESPESSURA: CERCA DE 60 G/M2, APRESENTAÇÃO: ROLO , COMPONENTES ADICIONAIS: TERMOSSELANTE , TAMANHO: CERCA DE 10 CM, COMPONENTES: C/ INDICADOR QUÍMICO , TIPO USO: USO ÚNICO 
333|MAPEAMENTO_INCERTO|False|False|True|MATERIAIS DE USO TECNICO HOSPITALAR|INSTRUMENTOS, EQUIPAMENTOS E SUPRIMENTOS MÉDICOS  E  CIRÚRGICOS|1891596|462298|PAPEL GRAU CIRURGICO - RESISTENTE A ESTERILIZACAO AUTOCLAVE A VAPOR, A RASGOS DURANTEO PROCESSO DE ABERTURA,POROSIDADE CONTROLADA, DIAMETRO MAXIMO DE 50 MICRA, FILME LAMINADO TRANSPARENTE EM POLIETILENO E POLIPROPILENO, COM SISTEMA DE SELAGEM TRIPLA EM FILETE QUE SEJA RESISTENTE AO CALOR EM AMBAS AS FACES ATE 140 GRAUS, DESCARTAVEL, TERMOSELAVEL PARA EMBALAR ARTIGOS MEDICO HOSPITALAR, MEDINDO GRAMATURA DE 60 A 70G/M2, TAMANHO 12CM X 100METROS, DEMAIS INFORMACOES COMPLEMENTARES VIDE EDITAL.|EMBALAGEM P/ ESTERILIZAÇÃO, MATERIAL: PAPEL GRAU CIRÚRGICO , COMPOSIÇÃO: C/ FILME POLÍMERO MULTILAMINADO , GRAMATURA / ESPESSURA: CERCA DE 70 G/M2, APRESENTAÇÃO: ROLO , COMPONENTES ADICIONAIS: TERMOSSELANTE , TAMANHO: CERCA DE 15 CM, COMPONENTES: C/ INDICADOR QUÍMICO , TIPO USO: USO ÚNICO 
334|MAPEAMENTO_INCERTO|False|False|True|MATERIAIS DE USO TECNICO HOSPITALAR|INSTRUMENTOS, EQUIPAMENTOS E SUPRIMENTOS MÉDICOS  E  CIRÚRGICOS|1891600|462298|PAPEL GRAU CIRURGICO - RESISTENTE A ESTERILIZACAO AUTOCLAVE A VAPOR, A RASGOS DURANTEO PROCESSO DE ABERTURA,POROSIDADE CONTROLADA, DIAMETRO MAXIMO DE 50 MICRA, FILME LAMINADO TRANSPARENTE EM POLIETILENO E POLIPROPILENO, COM SISTEMA DE SELAGEM TRIPLA EM FILETE QUE SEJA RESISTENTE AO CALOR EM AMBAS AS FACES ATE 140 GRAUS, DESCARTAVEL, TERMOSELAVEL PARA EMBALAR ARTIGOS MEDICO HOSPITALAR, MEDINDO GRAMATURA DE 60 A 70G/M2, TAMANHO 15CM X 100METROS, DEMAIS INFORMACOES COMPLEMENTARES VIDE EDITAL.|EMBALAGEM P/ ESTERILIZAÇÃO, MATERIAL: PAPEL GRAU CIRÚRGICO , COMPOSIÇÃO: C/ FILME POLÍMERO MULTILAMINADO , GRAMATURA / ESPESSURA: CERCA DE 70 G/M2, APRESENTAÇÃO: ROLO , COMPONENTES ADICIONAIS: TERMOSSELANTE , TAMANHO: CERCA DE 15 CM, COMPONENTES: C/ INDICADOR QUÍMICO , TIPO USO: USO ÚNICO 
335|MAPEAMENTO_INCERTO|False|False|True|MATERIAIS DE USO TECNICO HOSPITALAR|INSTRUMENTOS, EQUIPAMENTOS E SUPRIMENTOS MÉDICOS  E  CIRÚRGICOS|1891618|442484|PAPEL GRAU CIRURGICO - RESISTENTE A ESTERILIZACAO AUTOCLAVE A VAPOR, A RASGOS DURANTEO PROCESSO DE ABERTURA,POROSIDADE CONTROLADA, DIAMETRO MAXIMO DE 50 MICRA, FILME LAMINADO TRANSPARENTE EM POLIETILENO E POLIPROPILENO, COM SISTEMA DE SELAGEM TRIPLA EM FILETE QUE SEJA RESISTENTE AO CALOR EM AMBAS AS FACES ATE 140 GRAUS, DESCARTAVEL, TERMOSELAVEL PARA EMBALAR ARTIGOS MEDICO HOSPITALAR, MEDINDO GRAMATURA DE 60 A 70G/M2, TAMANHO 20CM X 100METROS, DEMAIS INFORMACOES COMPLEMENTARES VIDE EDITAL.|EMBALAGEM P/ ESTERILIZAÇÃO, MATERIAL: PAPEL GRAU CIRÚRGICO , COMPOSIÇÃO: C/ FILME POLÍMERO MULTILAMINADO , APLICAÇÃO 1: P/ ESTERILIZAÇÃO DE FORMALDEÍDO , GRAMATURA / ESPESSURA: CERCA DE 60 G/M2, APRESENTAÇÃO: ROLO , COMPONENTES ADICIONAIS: TERMOSSELANTE , TAMANHO: CERCA DE 10 CM, COMPONENTES: C/ INDICADOR QUÍMICO , TIPO USO: USO ÚNICO 
336|OK_SEM_FLAGS|False|False|False|MATERIAIS DE USO TECNICO HOSPITALAR|INSTRUMENTOS, EQUIPAMENTOS E SUPRIMENTOS MÉDICOS  E  CIRÚRGICOS|1990772|446031|PAPEL GRAU CIRURGICO - RESISTENTE A ESTERILIZACAO AUTOCLAVE A VAPOR A RASGOS DURANTE OPROCESSO DE AB, DIAMETRO MAXIMO DE 50 MICRA, FILME LAMINADO TRANSPARENTE EM POLIETILENO E POLIPROPILENO, COM SISTEMA DE SELAGEM TRIPLA EM FILETE QUE SEJA RESISTENTE AO CALOR EM AMBAS AS FACES ATE 140 GRAUS,, DESCARTAVEL, TERMOSELAVEL PARA EMBALAR ARTIGOS MEDICOS HOSPITALAR, MEDINDO GRAMATURA DE 60 A 70G/M2,, TAMANHO 25CM X 100METROS, DEMAIS INFORMACOES COMPLEMENTARES VIDE EDITAL.|EMBALAGEM P/ ESTERILIZAÇÃO, MATERIAL: PAPEL GRAU CIRÚRGICO , COMPOSIÇÃO: C/ FILME POLÍMERO MULTILAMINADO , GRAMATURA / ESPESSURA: CERCA DE 60 G/M2, APRESENTAÇÃO: ROLO , COMPONENTES ADICIONAIS: TERMOSSELANTE , TAMANHO: CERCA DE 25 CM, COMPONENTES: C/ INDICADOR QUÍMICO , TIPO USO: USO ÚNICO 
337|MAPEAMENTO_INCERTO|False|False|True|MATERIAIS DE USO TECNICO HOSPITALAR|INSTRUMENTOS, EQUIPAMENTOS E SUPRIMENTOS MÉDICOS  E  CIRÚRGICOS|1891634|442386|PAPEL GRAU CIRURGICO - RESISTENTE A ESTERILIZACAO AUTOCLAVE A VAPOR, A RASGOS DURANTEO PROCESSO DE ABERTURA,POROSIDADE CONTROLADA, DIAMETRO MAXIMO DE 50 MICRA, FILME LAMINADO TRANSPARENTE EM POLIETILENO E POLIPROPILENO, COM SISTEMA DE SELAGEM TRIPLA EM FILETE QUE SEJA RESISTENTE AO CALOR EM AMBAS AS FACES ATE 140 GRAUS, DESCARTAVEL, TERMOSELAVEL PARA EMBALAR ARTIGOS MEDICO HOSPITALAR, MEDINDO GRAMATURA DE 60 A 70G/M2, TAMANHO 30CM X 100METROS, DEMAIS INFORMACOES COMPLEMENTARES VIDE EDITAL.|EMBALAGEM P/ ESTERILIZAÇÃO, MATERIAL: PAPEL GRAU CIRÚRGICO , COMPOSIÇÃO: C/ FILME POLÍMERO MULTILAMINADO , GRAMATURA / ESPESSURA: CERCA DE 60 G/M2, APRESENTAÇÃO: ROLO , COMPONENTES ADICIONAIS: TERMOSSELANTE , TAMANHO: CERCA DE 30 CM, COMPONENTES: C/ INDICADOR QUÍMICO , TIPO USO: USO ÚNICO 
338|MAPEAMENTO_INCERTO|False|False|True|MATERIAIS DE USO TECNICO HOSPITALAR|INSTRUMENTOS, EQUIPAMENTOS E SUPRIMENTOS MÉDICOS  E  CIRÚRGICOS|1887890|443097|PAPEL HOSPITALAR GRAU CIRURGICO - RESISTENTE A ESTERILIZACAO, ATOXICO, COM UMA FACE BRANCA OPACA E OUTRA TRANSPARENTE, DESCARTAVEL, MEDINDO 35 CM X 100 M, EM ROLO|EMBALAGEM P/ ESTERILIZAÇÃO, MATERIAL: PAPEL GRAU CIRÚRGICO , GRAMATURA / ESPESSURA: CERCA DE 60 G/M2, APRESENTAÇÃO: ROLO , COMPONENTES ADICIONAIS: TERMOSSELANTE , TAMANHO: CERCA DE 40 CM, COMPONENTES: C/ INDICADOR QUÍMICO , TIPO USO: USO ÚNICO 
338|MAPEAMENTO_INCERTO|False|False|True|MATERIAIS DE USO TECNICO HOSPITALAR|INSTRUMENTOS, EQUIPAMENTOS E SUPRIMENTOS MÉDICOS  E  CIRÚRGICOS|1887890|442388|PAPEL HOSPITALAR GRAU CIRURGICO - RESISTENTE A ESTERILIZACAO, ATOXICO, COM UMA FACE BRANCA OPACA E OUTRA TRANSPARENTE, DESCARTAVEL, MEDINDO 35 CM X 100 M, EM ROLO|EMBALAGEM P/ ESTERILIZAÇÃO, MATERIAL: PAPEL GRAU CIRÚRGICO , COMPOSIÇÃO: C/ FILME POLÍMERO MULTILAMINADO , GRAMATURA / ESPESSURA: CERCA DE 60 G/M2, APRESENTAÇÃO: ROLO , COMPONENTES ADICIONAIS: TERMOSSELANTE , TAMANHO: CERCA DE 40 CM, COMPONENTES: C/ INDICADOR QUÍMICO , TIPO USO: USO ÚNICO 
339|OK_SEM_FLAGS|False|False|False|MATERIAIS DE USO TECNICO HOSPITALAR|INSTRUMENTOS, EQUIPAMENTOS E SUPRIMENTOS MÉDICOS  E  CIRÚRGICOS|2181231|442387|PAPEL GRAU CIRURGICO - RESISTENTE A ESTERILIZACAO AUTOCLAVE A VAPOR A RASGOS DURANTE OPROCESSO DE AB, DIAMETRO MAXIMO DE 50 MICRA, FILME LAMINADO TRANSPARENTE EM POLIETILENO E POLIPROPILENO, COM SISTEMA DE SELAGEM TRIPLA EM FILETE QUE SEJA RESISTENTE AO CALOR EM AMBAS AS FACES ATE 140 GRAUS,, DESCARTAVEL, TERMOSELAVEL PARA EMBALAR ARTIGOS MEDICOS HOSPITALAR, MEDINDO GRAMATURA DE 60 A 70G/M2,, TAMANHO 45CM X 100METROS, DEMAIS INFORMACOES COMPLEMENTARES VIDE EDITAL.|EMBALAGEM P/ ESTERILIZAÇÃO, MATERIAL: PAPEL GRAU CIRÚRGICO , COMPOSIÇÃO: C/ FILME POLÍMERO MULTILAMINADO , GRAMATURA / ESPESSURA: CERCA DE 60 G/M2, APRESENTAÇÃO: ROLO , COMPONENTES ADICIONAIS: TERMOSSELANTE , TAMANHO: CERCA DE 50 CM, COMPONENTES: C/ INDICADOR QUÍMICO , TIPO USO: USO ÚNICO 
340|OK_SEM_FLAGS|False|False|False|MATERIAIS DE USO TECNICO HOSPITALAR|INSTRUMENTOS, EQUIPAMENTOS E SUPRIMENTOS MÉDICOS  E  CIRÚRGICOS|327700|600165|FIO DE ACO INOXIDAVEL - ACO INOX, SEM AGULHA, CALIBRE 1, MULTIFILAMENTO, EM ENVELOPE COM 3 FIOS COM 60CM DE COMPRIMENTO, COMBINADO COM O ART.31 L.8078/90, CONTENDO DADOS DE IDENTIFICACAO E PROCEDENCIA, ART.31 L.8078/90 PORT.CONJ.N.1 DE 23/1/96-M.SAUDE, CONTENDO DADOS DE VALIDADE, LOTE E REGISTRO NO MS|FIO DE SUTURA S/ AGULHA, MATERIAL: AÇO INOXIDÁVEL , MODELO: MONOFILAMENTAR , DIâMETRO: Nº 1 , COMPRIMENTO: 3 X CERCA DE 60 CM, ESTERILIDADE: ESTÉRIL , APRESENTAÇÃO: EMBALAGEM INDIVIDUAL 
341|OK_SEM_FLAGS|False|False|False|MATERIAIS DE USO TECNICO HOSPITALAR|INSTRUMENTOS, EQUIPAMENTOS E SUPRIMENTOS MÉDICOS  E  CIRÚRGICOS|891398|600163|FIO DE ACO INOXIDAVEL - ACO INOX,CALIBRE 2-0, SEM AGULHA, MULTIFILAMENTO, EM ENVELOPE COM 3 FIOS DE 60CM DE COMPRIMENTO, COMBINADO COM O ART.31 L.8078/90, CONTENDO DADOS DE IDENTIFICACAO E PROCEDENCIA, ART.31 L.8078/90 PORT.CONJ.N.1 DE 23/1/96-M.SAUDE, CONTENDO DADOS DE VALIDADE, LOTE E REGISTRO NO MS|FIO DE SUTURA S/ AGULHA, MATERIAL: AÇO INOXIDÁVEL , MODELO: MONOFILAMENTAR , DIâMETRO: 2-0 , COMPRIMENTO: 3 X CERCA DE 60 CM, ESTERILIDADE: ESTÉRIL , APRESENTAÇÃO: EMBALAGEM INDIVIDUAL 
343|OK_SEM_FLAGS|False|False|False|MATERIAIS DE USO TECNICO HOSPITALAR|INSTRUMENTOS, EQUIPAMENTOS E SUPRIMENTOS MÉDICOS  E  CIRÚRGICOS|1990390|487672|FIO DE SUTURA EM ACO - INOX, CALIBRE 5, COM AGULHA TRIANGULAR DE 4,7CM, 1/2 CIRCULAR, FIO COM 45CM DE COMPRIMENTO, ENVELOPE INDIVIDUAL COM 04 FIOS, INVOLUCRO INTERNO ESTERIL|FIO DE SUTURA AGULHADO, MATERIAL FIO: AÇO INOXIDÁVEL , MODELO FIO: MONOFILAMENTAR , DIÂMETRO FIO: Nº 5 , COMPRIMENTO FIO: 4 X CERCA DE 45 CM, TIPO AGULHA: AGULHA 1/2 CÍRCULO , MODELO AGULHA: CORTANTE , COMPRIMENTO AGULHA: CERCA DE 50 MM, ESTERILIDADE: ESTÉRIL , APRESENTAçãO: EMBALAGEM INDIVIDUAL 
345|OK_SEM_FLAGS|False|False|True|MATERIAIS DE USO TECNICO HOSPITALAR|INSTRUMENTOS, EQUIPAMENTOS E SUPRIMENTOS MÉDICOS  E  CIRÚRGICOS|1777998|601045|FIO DE ACO INOXIDAVEL - ACO INOXIDAVEL, ESTERIL, N.2-0 INABSORVIVEL, PARA MARCAPASSO, COM AGULHA ATRAUMATICA DE 1/2 CIRCULO AGULHA DE 2,5 CM, EM INVOLUCRO INTERNO, EM PAPEL GRAU CIRURGICO, LEGISLACAO VIGENTE.|FIO / ELETRODO P/ MARCA-PASSO TEMPORÁRIO EXTERNO, TIPO: UNIPOLAR EPICÁRDICO , MATERIAL FIO: AÇO INOXIDÁVEL , MODELO FIO: MULTIFILAMENTAR , COMPONENTE FIO: C/ REVESTIMENTO ISOLANTE , DIÂMETRO FIO: 2-0 , COMPRIMENTO FIO: CERCA DE 60 CM, TIPO AGULHAS: RETA  E  1/2 CÍRCULO NAS EXTREMIDADES , MODELO AGULHAS: CORTANTE E CILÍNDRICA , COMPRIMENTO AGULHAS: CERCA DE 60 E 26 MM, COMPONENTE AGULHA: C/ PONTO DE RUPTURA , ESTERILIDADE: ESTéRIL , APRESENTAçãO: EMBALAGEM INDIVIDUAL 
345|OK_SEM_FLAGS|False|False|True|MATERIAIS DE USO TECNICO HOSPITALAR|INSTRUMENTOS, EQUIPAMENTOS E SUPRIMENTOS MÉDICOS  E  CIRÚRGICOS|1777998|601046|FIO DE ACO INOXIDAVEL - ACO INOXIDAVEL, ESTERIL, N.2-0 INABSORVIVEL, PARA MARCAPASSO, COM AGULHA ATRAUMATICA DE 1/2 CIRCULO AGULHA DE 2,5 CM, EM INVOLUCRO INTERNO, EM PAPEL GRAU CIRURGICO, LEGISLACAO VIGENTE.|FIO / ELETRODO P/ MARCA-PASSO TEMPORÁRIO EXTERNO, TIPO: UNIPOLAR EPICÁRDICO , MATERIAL FIO: AÇO INOXIDÁVEL , MODELO FIO: MULTIFILAMENTAR , COMPONENTE FIO: C/ REVESTIMENTO ISOLANTE , DIÂMETRO FIO: 2-0 , COMPRIMENTO FIO: CERCA DE 60 CM, TIPO AGULHAS: RETA  E  1/2 CÍRCULO NAS EXTREMIDADES , MODELO AGULHAS: CORTANTE E CILÍNDRICA , COMPRIMENTO AGULHAS: CERCA DE 90 E 26 MM, COMPONENTE AGULHA: C/ PONTO DE RUPTURA , ESTERILIDADE: ESTéRIL , APRESENTAçãO: EMBALAGEM INDIVIDUAL 
346|OK_SEM_FLAGS|False|False|False|MATERIAIS DE USO TECNICO HOSPITALAR|INSTRUMENTOS, EQUIPAMENTOS E SUPRIMENTOS MÉDICOS  E  CIRÚRGICOS|1558579|487628|FIO CIRURGICO ESTERIL DE ALGODAO TORCIDO - DE ALGODAO ESTERIL, DE CORDA, COM COMPRIMENTO DE CALIBRE 0,, AGULHA CILINDRICA COM 3,5CM E 1/2 DE CIRCULO, NA COR VARIADA, INVOLUCRO SENDO INTERNO ESTERIL EM ART.31 L.8078/90 PORT.CONJ.N.1 DE 23/1/96-M.SAUDE, CONTENDO DADOS DE VALIDADE, LOTE E REGISTRO DO MS, ROTULAGEM RESPEITANDO O DECRETO LEI 79094/77 COMBINADO COM O ART.31 L.8078/90, CONTENDO DADOS DE IDENTIFICACAO E PROCEDENCIA|FIO DE SUTURA AGULHADO, MATERIAL FIO: POLIÉSTER C/ ALGODÃO AZUL , MODELO FIO: MULTIFILAMENTAR , DIÂMETRO FIO: 0 / 1-0 , COMPRIMENTO FIO: CERCA DE 70 CM, TIPO AGULHA: AGULHA 1/2 CÍRCULO , MODELO AGULHA: CILÍNDRICA , COMPRIMENTO AGULHA: CERCA DE 35 MM, ESTERILIDADE: ESTÉRIL , APRESENTAçãO: EMBALAGEM INDIVIDUAL 
347|OK_SEM_FLAGS|False|False|False|MATERIAIS DE USO TECNICO HOSPITALAR|INSTRUMENTOS, EQUIPAMENTOS E SUPRIMENTOS MÉDICOS  E  CIRÚRGICOS|238031|600145|FIO DE SUTURA DE ALGODAO - DE ALGODAO ESTERIL, NA COR PRETA, ZERO, SEM AGULHA, FIO COM 45CM DE COMPRIMENTO, ROTULAGEM RESPEITANDO O DECRETO LEI 79094/77 ART.31 L.8078/90 PORT.CONJ.N.1 DE 23/1/96-M.SAUDE, CONTENDO VALIDADE, LOTE E REGISTRO DO MS, APRESENTACAO CONFORME DECRETO LEI 79094/77 COMBINADO COM O ART.31 DA LEI 8078/90, CONTENDO DADOS DE IDENTIFICACAO E PROCEDENCIA.|FIO DE SUTURA S/ AGULHA, MATERIAL: POLIÉSTER C/ ALGODÃO PRETO , MODELO: MULTIFILAMENTAR , DIâMETRO: 0 / 1-0 , COMPRIMENTO: 15 X CERCA DE 45 CM, ESTERILIDADE: ESTÉRIL , APRESENTAÇÃO: EMBALAGEM INDIVIDUAL 
348|OK_SEM_FLAGS|False|False|True|MATERIAIS DE USO TECNICO HOSPITALAR|INSTRUMENTOS, EQUIPAMENTOS E SUPRIMENTOS MÉDICOS  E  CIRÚRGICOS|322881|600144|FIO DE SUTURA DE ALGODAO - DE ALGODAO ESTERIL, CALIBRE 2-0, SEM AGULHA, AGULHA DE ., FORMATO ._COMPRIMENTO DO FIO, ENVELOPE COM 15 FIOS DE, FIO COM 45 CM. APRESENTACAO EM ENVELOPE. ROTULAGEM CONFORME LEGISLACAO VIGENTE., ROTULAGEM RESPEITANDO O DECRETO LEI 79094/77 ART.31 L.8078/90 PORT.CONJ.N.1 DE 23/1/96-M.SAUDE, CONTENDO DADOS DE VALIDADE, LOTE E REGISTRO DO MS, APRESENTACAO CONFORME DECRETO LEI 79094/77 COMBINADO COM O ART.31 L.8078/90, CONTENDO DADOS DE IDENTIFICACAO E PROCEDENCIA|FIO DE SUTURA S/ AGULHA, MATERIAL: POLIÉSTER C/ ALGODÃO PRETO , MODELO: MULTIFILAMENTAR , DIâMETRO: 2-0 , COMPRIMENTO: 15 X CERCA DE 45 CM, ESTERILIDADE: ESTÉRIL , APRESENTAÇÃO: EMBALAGEM INDIVIDUAL 
348|OK_SEM_FLAGS|False|False|True|MATERIAIS DE USO TECNICO HOSPITALAR|INSTRUMENTOS, EQUIPAMENTOS E SUPRIMENTOS MÉDICOS  E  CIRÚRGICOS|322881|600140|FIO DE SUTURA DE ALGODAO - DE ALGODAO ESTERIL, CALIBRE 2-0, SEM AGULHA, AGULHA DE ., FORMATO ._COMPRIMENTO DO FIO, ENVELOPE COM 15 FIOS DE, FIO COM 45 CM. APRESENTACAO EM ENVELOPE. ROTULAGEM CONFORME LEGISLACAO VIGENTE., ROTULAGEM RESPEITANDO O DECRETO LEI 79094/77 ART.31 L.8078/90 PORT.CONJ.N.1 DE 23/1/96-M.SAUDE, CONTENDO DADOS DE VALIDADE, LOTE E REGISTRO DO MS, APRESENTACAO CONFORME DECRETO LEI 79094/77 COMBINADO COM O ART.31 L.8078/90, CONTENDO DADOS DE IDENTIFICACAO E PROCEDENCIA|FIO DE SUTURA S/ AGULHA, MATERIAL: POLIÉSTER C/ ALGODÃO AZUL , MODELO: MULTIFILAMENTAR , DIâMETRO: 2-0 , COMPRIMENTO: 15 X CERCA DE 45 CM, ESTERILIDADE: ESTÉRIL , APRESENTAÇÃO: EMBALAGEM INDIVIDUAL 
349|OK_SEM_FLAGS|False|False|False|MATERIAIS DE USO TECNICO HOSPITALAR|INSTRUMENTOS, EQUIPAMENTOS E SUPRIMENTOS MÉDICOS  E  CIRÚRGICOS|2566427|605757|FIO DE ALGODAO - FIO DE ALGODAO 2-0,SEM  AGULHA C/ 75CM.|FIO DE SUTURA S/ AGULHA, MATERIAL: POLIÉSTER C/ ALGODÃO AZUL , MODELO: MULTIFILAMENTAR , DIâMETRO: 2-0 , COMPRIMENTO: 10 X CERCA DE 75 CM, ESTERILIDADE: ESTÉRIL , APRESENTAÇÃO: EMBALAGEM INDIVIDUAL 
350|MAPEAMENTO_INCERTO|False|False|True|MATERIAIS DE USO TECNICO HOSPITALAR|INSTRUMENTOS, EQUIPAMENTOS E SUPRIMENTOS MÉDICOS  E  CIRÚRGICOS|379026|487613|FIO DE SUTURA DE ALGODAO - DE ALGODAO ESTERIL, CALIBRE, 2-0, COM AGULHA, AGULHA DE 2.5CM, FORMATO 1/2 CIRCULO, CILINDRICA, ATRAUMATICA, FIO COM 45CM DE COMPRIMENTO SENDO TRES FIOS, ROTULAGEM RESPEITANDO O DECRETO LEI 79094/77 ART.31 L.8078/90 PORT.CONJ.N.1 DE 23/1/96-M.SAUDE, APRESENTACAO CONFORME DECRETO LEI 79094/77 COMBINADO COM O ART.31 DA LEI 8078/90|FIO DE SUTURA AGULHADO, MATERIAL FIO: POLIÉSTER C/ ALGODÃO AZUL , MODELO FIO: MULTIFILAMENTAR , DIÂMETRO FIO: 2-0 , COMPRIMENTO FIO: 3 X CERCA DE 45 CM, TIPO AGULHA: AGULHA 1/2 CÍRCULO , MODELO AGULHA: CILÍNDRICA , COMPRIMENTO AGULHA: CERCA DE 26 MM, ESTERILIDADE: ESTÉRIL , APRESENTAçãO: EMBALAGEM INDIVIDUAL 
351|MAPEAMENTO_INCERTO|False|False|True|MATERIAIS DE USO TECNICO HOSPITALAR|INSTRUMENTOS, EQUIPAMENTOS E SUPRIMENTOS MÉDICOS  E  CIRÚRGICOS|1839470|487607|FIO DE SUTURA DE ALGODAO - DE COR PRETA, 3-0, COM AGULHA CILINDRICA, AGULHA DE 2,5CM, FORMATO 1/2 CIRCULAR, ESTERILIZADO A COBALTO 60. NAO DESFIAR NEM QUEBRAR COM FACILIDADE, FIO COM 45CM DE COMPRIMENTO. NAO DESFIAR NEM QUEBRAR COM FACILIDADE, MESMO EXPOSTO A AGUA AO SER DADO O NO, ROTULAGEM RESPEITANDO O DECRETO LEI 79094/77 MS, APRESENTACAO CONFORME DECRETO LEI 79094/77 EM ENVELOPE QUE PERMITA ABERTURA ASSEPTICA COM LOTE E DATA DE VALIDADE.|FIO DE SUTURA AGULHADO, MATERIAL FIO: POLIÉSTER C/ ALGODÃO AZUL , MODELO FIO: MULTIFILAMENTAR , DIÂMETRO FIO: 3-0 , COMPRIMENTO FIO: CERCA DE 45 CM, TIPO AGULHA: AGULHA 1/2 CÍRCULO , MODELO AGULHA: CILÍNDRICA , COMPRIMENTO AGULHA: CERCA DE 26 MM, ESTERILIDADE: ESTÉRIL , APRESENTAçãO: EMBALAGEM INDIVIDUAL 
352|MAPEAMENTO_INCERTO|False|False|True|MATERIAIS DE USO TECNICO HOSPITALAR|INSTRUMENTOS, EQUIPAMENTOS E SUPRIMENTOS MÉDICOS  E  CIRÚRGICOS|5014980|487607|FIO DE SUTURA CIRURGICA DE ALGODAO - CALIBRE 3-0,COM AGULHA,CILINDRICA, 1/2 CIRCULO,TAMANHO 3,00CM,APRESENTACAO EM ENVELOPE|FIO DE SUTURA AGULHADO, MATERIAL FIO: POLIÉSTER C/ ALGODÃO AZUL , MODELO FIO: MULTIFILAMENTAR , DIÂMETRO FIO: 3-0 , COMPRIMENTO FIO: CERCA DE 45 CM, TIPO AGULHA: AGULHA 1/2 CÍRCULO , MODELO AGULHA: CILÍNDRICA , COMPRIMENTO AGULHA: CERCA DE 26 MM, ESTERILIDADE: ESTÉRIL , APRESENTAçãO: EMBALAGEM INDIVIDUAL 
353|MAPEAMENTO_INCERTO|False|False|True|MATERIAIS DE USO TECNICO HOSPITALAR|INSTRUMENTOS, EQUIPAMENTOS E SUPRIMENTOS MÉDICOS  E  CIRÚRGICOS|544167|600139|FIO DE SUTURA DE ALGODAO - DE ALGODAO ESTERIL, 3-0, SEM AGULHA, FIO COM 45CM, ROTULAGEM RESPEITANDO O DECRETO LEI 79094/77 ART.31 L.8078/90 PORT.CONJ.N.1 DE 23/1/96-M.SAUDE, CONTENDO DADOS DE VALIDADE, LOTE E REGISTRO DO MS, APRESENTACAO CONFORME DECRETO LEI 79094/77 COMBINADO COM O ART.31 L.8078/90, CONTENDO DADOS DE IDENTIFICACAO E PROCEDENCIA|FIO DE SUTURA S/ AGULHA, MATERIAL: POLIÉSTER C/ ALGODÃO AZUL , MODELO: MULTIFILAMENTAR , DIâMETRO: 3-0 , COMPRIMENTO: 15 X CERCA DE 45 CM, ESTERILIDADE: ESTÉRIL , APRESENTAÇÃO: EMBALAGEM INDIVIDUAL 
353|MAPEAMENTO_INCERTO|False|False|True|MATERIAIS DE USO TECNICO HOSPITALAR|INSTRUMENTOS, EQUIPAMENTOS E SUPRIMENTOS MÉDICOS  E  CIRÚRGICOS|544167|600143|FIO DE SUTURA DE ALGODAO - DE ALGODAO ESTERIL, 3-0, SEM AGULHA, FIO COM 45CM, ROTULAGEM RESPEITANDO O DECRETO LEI 79094/77 ART.31 L.8078/90 PORT.CONJ.N.1 DE 23/1/96-M.SAUDE, CONTENDO DADOS DE VALIDADE, LOTE E REGISTRO DO MS, APRESENTACAO CONFORME DECRETO LEI 79094/77 COMBINADO COM O ART.31 L.8078/90, CONTENDO DADOS DE IDENTIFICACAO E PROCEDENCIA|FIO DE SUTURA S/ AGULHA, MATERIAL: POLIÉSTER C/ ALGODÃO PRETO , MODELO: MULTIFILAMENTAR , DIâMETRO: 3-0 , COMPRIMENTO: 15 X CERCA DE 45 CM, ESTERILIDADE: ESTÉRIL , APRESENTAÇÃO: EMBALAGEM INDIVIDUAL 
354|MAPEAMENTO_INCERTO|False|False|True|MATERIAIS DE USO TECNICO HOSPITALAR|INSTRUMENTOS, EQUIPAMENTOS E SUPRIMENTOS MÉDICOS  E  CIRÚRGICOS|1958534|600138|FIO DE SUTURA DE ALGODAO - DE N- 4-0, SEM AGULHA, ROTULAGEM RESPEITANDO O DECRETO LEI 79094/77 M.S., APRESENTACAO CONFORME DECRETO LEI 79094/77 CX COM ENVELOPES|FIO DE SUTURA S/ AGULHA, MATERIAL: POLIÉSTER C/ ALGODÃO AZUL , MODELO: MULTIFILAMENTAR , DIâMETRO: 4-0 , COMPRIMENTO: 15 X CERCA DE 45 CM, ESTERILIDADE: ESTÉRIL , APRESENTAÇÃO: EMBALAGEM INDIVIDUAL 
354|MAPEAMENTO_INCERTO|False|False|True|MATERIAIS DE USO TECNICO HOSPITALAR|INSTRUMENTOS, EQUIPAMENTOS E SUPRIMENTOS MÉDICOS  E  CIRÚRGICOS|1958534|600142|FIO DE SUTURA DE ALGODAO - DE N- 4-0, SEM AGULHA, ROTULAGEM RESPEITANDO O DECRETO LEI 79094/77 M.S., APRESENTACAO CONFORME DECRETO LEI 79094/77 CX COM ENVELOPES|FIO DE SUTURA S/ AGULHA, MATERIAL: POLIÉSTER C/ ALGODÃO PRETO , MODELO: MULTIFILAMENTAR , DIâMETRO: 4-0 , COMPRIMENTO: 15 X CERCA DE 45 CM, ESTERILIDADE: ESTÉRIL , APRESENTAÇÃO: EMBALAGEM INDIVIDUAL 
355|MAPEAMENTO_INCERTO|False|False|True|MATERIAIS DE USO TECNICO HOSPITALAR|INSTRUMENTOS, EQUIPAMENTOS E SUPRIMENTOS MÉDICOS  E  CIRÚRGICOS|1960385|487017|FIO DE SUTURA CATGUT - ., CROMADO, CALIBRE ZERO, 1 AGULHA CILINDRICA, AGULHA DE APROXIMADAMENTE 25 MM ( APARELHO DIGESTIVO )., 1/2 CIRCUNFERENCIA, FIO COM EMBALAGEM CONTENDO DADOS DE IDENTIFICACAO,PROCEDENCIA, LOTE ,VALIDADE E REGISTRO NO MS., ROTULAGEM RESPEITANDO O DECRETO LEI 79094/77 ART.31 L.8078/90 PORT.CONJ.N.1 DE 23/1/96-M.SAUDE,, APRESENTACAO CONFORME DEC. LEI 79094/77 .|FIO DE SUTURA AGULHADO, MATERIAL FIO: CATGUT CROMADO , MODELO FIO: MULTIFILAMENTAR , DIÂMETRO FIO: 0 / 1-0 , COMPRIMENTO FIO: CERCA DE 70 CM, TIPO AGULHA: AGULHA 1/2 CÍRCULO , MODELO AGULHA: CILÍNDRICA , COMPRIMENTO AGULHA: CERCA DE 26 MM, ESTERILIDADE: ESTÉRIL , APRESENTAçãO: EMBALAGEM INDIVIDUAL 
356|MAPEAMENTO_INCERTO|False|False|True|MATERIAIS DE USO TECNICO HOSPITALAR|INSTRUMENTOS, EQUIPAMENTOS E SUPRIMENTOS MÉDICOS  E  CIRÚRGICOS|1232614|487020|FIO DE SUTURA CATGUT - ESTERIL, CROMADO N. 0, UMA AGULHA, AGULHA DE 4 CM_DE COMP., 1/2 CIRCULO CILINDRICA ROBUSTA, FIO COM 75 CM_DE COMP., ROTULAGEM RESPEITANDO O DECRETO LEI 79094/77 ART.31 L.8078/90 PORT.CONJ.N.1 DE 23/1/96-M.SAUDE, APRESENTACAO CONFORME DEC. LEI 79094/77 COMBINADO COM O ART.31 L.8078/90|FIO DE SUTURA AGULHADO, MATERIAL FIO: CATGUT CROMADO , MODELO FIO: MULTIFILAMENTAR , DIÂMETRO FIO: 0 / 1-0 , COMPRIMENTO FIO: CERCA DE 70 CM, TIPO AGULHA: AGULHA 1/2 CÍRCULO , MODELO AGULHA: CILÍNDRICA , COMPRIMENTO AGULHA: CERCA DE 40 MM, ESTERILIDADE: ESTÉRIL , APRESENTAçãO: EMBALAGEM INDIVIDUAL 
357|MAPEAMENTO_INCERTO|False|False|True|MATERIAIS DE USO TECNICO HOSPITALAR|INSTRUMENTOS, EQUIPAMENTOS E SUPRIMENTOS MÉDICOS  E  CIRÚRGICOS|860980|487025|FIO DE SUTURA CATGUT - ESTERIL, CROMADO, CALIBRE ZERO, 1 AGULHA CILINDRICA, AGULHA DE 5,0 CM, 1/2 CIRCULO, FIO COM 150 CM, ROTULAGEM RESPEITANDO O DECRETO LEI 79094/77 ART.31 L.8078/90 PORT.CONJ.N.1 DE 23/1/96-M.SAUDE, CONTENDO DADOS DE VALIDADE, LOTE E REGISTRO DO MS, APRESENTACAO CONFORME DEC. LEI 79094/77 COMBINADO COM O ART.31 L.8078/90, CONTENDO DADOS DE IDENTIFICACAO E PROCEDENCIA|FIO DE SUTURA AGULHADO, MATERIAL FIO: CATGUT CROMADO , MODELO FIO: MULTIFILAMENTAR , DIÂMETRO FIO: 0 / 1-0 , COMPRIMENTO FIO: CERCA DE 90 CM, TIPO AGULHA: AGULHA 1/2 CÍRCULO , MODELO AGULHA: CILÍNDRICA , COMPRIMENTO AGULHA: CERCA DE 50 MM, ESTERILIDADE: ESTÉRIL , APRESENTAçãO: EMBALAGEM INDIVIDUAL 
358|OK_SEM_FLAGS|False|False|False|MATERIAIS DE USO TECNICO HOSPITALAR|INSTRUMENTOS, EQUIPAMENTOS E SUPRIMENTOS MÉDICOS  E  CIRÚRGICOS|1792270|487026|FIO CIRURGICO ESTERIL CROMADO DE ORIGEM ANIMAL - 100% ABSORVIVEL, COM DIAMETRO DE 1., C/ AGULHA_4 CM, 1/2 CIRCULO, CILINDRICA, COM FIO DE 70CM DE COMPRIMENTO, INVOLUCRO INTERNO ESTERIL EM ESTERIL E ENVELOPE INDIVIDUAL, ROTULAGEM RESPEITANDO O DECRETO LEI 79094/77 RESPEITANDO O DECRETO LEI N.79094/77,ART.31 LEIN.8 078/90.|FIO DE SUTURA AGULHADO, MATERIAL FIO: CATGUT CROMADO , MODELO FIO: MULTIFILAMENTAR , DIÂMETRO FIO: Nº 1 , COMPRIMENTO FIO: CERCA DE 70 CM, TIPO AGULHA: AGULHA 1/2 CÍRCULO , MODELO AGULHA: CILÍNDRICA , COMPRIMENTO AGULHA: CERCA DE 40 MM, ESTERILIDADE: ESTÉRIL , APRESENTAçãO: EMBALAGEM INDIVIDUAL 
359|OK_SEM_FLAGS|False|False|False|MATERIAIS DE USO TECNICO HOSPITALAR|INSTRUMENTOS, EQUIPAMENTOS E SUPRIMENTOS MÉDICOS  E  CIRÚRGICOS|1940899|487030|FIO DE SUTURA CATGUT - ESTERIL, CROMADO,CALIBRE 1, COM 1 AGULHA, AGULHA DE 9,0CM, 1/2 DE CIRCULO, CILINDRICA, FIO COM 70CM DE CORDA, ROTULAGEM RESPEITANDO O DECRETO LEI 79094/77 ART.31 L.8078/90 PORT.CONJ.N.1 DE 23/1/96-M.SAUDE, APRESENTACAO CONFORME DEC. LEI 79094/77 COMBINADO COM O ART.31 L.8078/90,CONTENDO DADOS DEIDENTIFICACAO|FIO DE SUTURA AGULHADO, MATERIAL FIO: CATGUT CROMADO , MODELO FIO: MULTIFILAMENTAR , DIÂMETRO FIO: Nº 1 , COMPRIMENTO FIO: CERCA DE 70 CM, TIPO AGULHA: AGULHA 1/2 CÍRCULO , MODELO AGULHA: ROMBA , COMPRIMENTO AGULHA: CERCA DE 90 MM, ESTERILIDADE: ESTÉRIL , APRESENTAçãO: EMBALAGEM INDIVIDUAL 
361|OK_SEM_FLAGS|False|False|False|MATERIAIS DE USO TECNICO HOSPITALAR|INSTRUMENTOS, EQUIPAMENTOS E SUPRIMENTOS MÉDICOS  E  CIRÚRGICOS|1556614|487008|FIO DE SUTURA CATGUT - ESTERIL, CROMADO , CALIBRE N.2-0, COM AGULHA, AGULHA DE 3,5CM , CILINDRICA, 1/2 CIRCULO, ROTULAGEM RESPEITANDO O DECRETO LEI 79094/77 CONFORME LEGISLACAO VIGENTE, APRESENTACAO CONFORME DEC. LEI 79094/77 .|FIO DE SUTURA AGULHADO, MATERIAL FIO: CATGUT CROMADO , MODELO FIO: MULTIFILAMENTAR , DIÂMETRO FIO: 2-0 , COMPRIMENTO FIO: CERCA DE 70 CM, TIPO AGULHA: AGULHA 1/2 CÍRCULO , MODELO AGULHA: CILÍNDRICA , COMPRIMENTO AGULHA: CERCA DE 35 MM, ESTERILIDADE: ESTÉRIL , APRESENTAçãO: EMBALAGEM INDIVIDUAL 
362|OK_SEM_FLAGS|False|False|False|MATERIAIS DE USO TECNICO HOSPITALAR|INSTRUMENTOS, EQUIPAMENTOS E SUPRIMENTOS MÉDICOS  E  CIRÚRGICOS|1932772|487006|FIO DE SUTURA CATGUT - ESTERIL, CROMADO, CALIBRE 2-0, COM AGULHA, AGULHA DE 2,5CM, 1/2 CIRC. CILINDRICA, FIO COM 70CM DE COMPRIMENTO, ROTULAGEM RESPEITANDO O DECRETO LEI 79094/77 MS, APRESENTACAO CONFORME DEC. LEI 79094/77 COMBINADO COM O ART.31 DA LEI 8078/90|FIO DE SUTURA AGULHADO, MATERIAL FIO: CATGUT CROMADO , MODELO FIO: MULTIFILAMENTAR , DIÂMETRO FIO: 2-0 , COMPRIMENTO FIO: CERCA DE 70 CM, TIPO AGULHA: AGULHA 1/2 CÍRCULO , MODELO AGULHA: CILÍNDRICA , COMPRIMENTO AGULHA: CERCA DE 26 MM, ESTERILIDADE: ESTÉRIL , APRESENTAçãO: EMBALAGEM INDIVIDUAL 
363|OK_SEM_FLAGS|False|False|False|MATERIAIS DE USO TECNICO HOSPITALAR|INSTRUMENTOS, EQUIPAMENTOS E SUPRIMENTOS MÉDICOS  E  CIRÚRGICOS|1932756|487007|FIO DE SUTURA CATGUT - ESTERIL, CROMADO CALIBRE 2-0, COM AGULHA, AGULHA DE 3,0CM, 1/2 CIRC. CILINDRICA, FIO COM 70CM DE COMPRIMENTO, ROTULAGEM RESPEITANDO O DECRETO LEI 79094/77 MS, APRESENTACAO CONFORME DEC. LEI 79094/77 COMBINADO COM ART.31 DA LEI 8078/90|FIO DE SUTURA AGULHADO, MATERIAL FIO: CATGUT CROMADO , MODELO FIO: MULTIFILAMENTAR , DIÂMETRO FIO: 2-0 , COMPRIMENTO FIO: CERCA DE 70 CM, TIPO AGULHA: AGULHA 1/2 CÍRCULO , MODELO AGULHA: CILÍNDRICA , COMPRIMENTO AGULHA: CERCA DE 30 MM, ESTERILIDADE: ESTÉRIL , APRESENTAçãO: EMBALAGEM INDIVIDUAL 
365|MAPEAMENTO_INCERTO|False|False|True|MATERIAIS DE USO TECNICO HOSPITALAR|INSTRUMENTOS, EQUIPAMENTOS E SUPRIMENTOS MÉDICOS  E  CIRÚRGICOS|1558412|487002|FIO DE SUTURA CATGUT - ESTERIL, CROMADO, CALIBRE 3-0, 1 AGULHA CILINDRICA, AGULHA DE 3,5 CM, 1/2 CIRCULO, FIO COM 150 CM, ROTULAGEM RESPEITANDO O DECRETO LEI 79094/77 ART.31 L.8078/90 PORT.CONJ.N.1 DE 23/1/96-M.SAUDE, CONTENDO DADOS DE VALIDADE, LOTE E REGISTRO DO MS, APRESENTACAO CONFORME DEC. LEI 79094/77 COMBINADO COM O ART.31 L.8078/90, CONTENDO DADOS DE IDENTIFICACAO E PROCEDENCIA|FIO DE SUTURA AGULHADO, MATERIAL FIO: CATGUT CROMADO , MODELO FIO: MULTIFILAMENTAR , DIÂMETRO FIO: 3-0 , COMPRIMENTO FIO: CERCA DE 70 CM, TIPO AGULHA: AGULHA 1/2 CÍRCULO , MODELO AGULHA: CILÍNDRICA ROBUSTA , COMPRIMENTO AGULHA: CERCA DE 35 MM, ESTERILIDADE: ESTÉRIL , APRESENTAçãO: EMBALAGEM INDIVIDUAL 
366|MAPEAMENTO_INCERTO|False|False|True|MATERIAIS DE USO TECNICO HOSPITALAR|INSTRUMENTOS, EQUIPAMENTOS E SUPRIMENTOS MÉDICOS  E  CIRÚRGICOS|595659|487000|FIO DE SUTURA CATGUT - ESTERIL, CROMADO, CALIBRE 3-0, 1 AGULHA CILINDRICA, AGULHA DE 3,0 CM, 1/2 CIRCULO, FIO COM 150 CM, ROTULAGEM RESPEITANDO O DECRETO LEI 79094/77 ART.31 L.8078/90 PORT.CONJ.N.1 DE 23/1/96-M.SAUDE, CONTENDO DADOS DE VALIDADE, LOTE E REGISTRO DO MS, APRESENTACAO CONFORME DEC. LEI 79094/77 COMBINADO COM O ART.31 L.8078/90, CONTENDO DADOS DE IDENTIFICACAO E PROCEDENCIA|FIO DE SUTURA AGULHADO, MATERIAL FIO: CATGUT CROMADO , MODELO FIO: MULTIFILAMENTAR , DIÂMETRO FIO: 3-0 , COMPRIMENTO FIO: CERCA DE 70 CM, TIPO AGULHA: AGULHA 1/2 CÍRCULO , MODELO AGULHA: CILÍNDRICA , COMPRIMENTO AGULHA: CERCA DE 30 MM, ESTERILIDADE: ESTÉRIL , APRESENTAçãO: EMBALAGEM INDIVIDUAL 
367|MAPEAMENTO_INCERTO|False|False|True|MATERIAIS DE USO TECNICO HOSPITALAR|INSTRUMENTOS, EQUIPAMENTOS E SUPRIMENTOS MÉDICOS  E  CIRÚRGICOS|1940902|486999|FIO DE SUTURA CATGUT - ESTERIL, CROMADO,CALIBRE 3-0, COM 1 AGULHA, AGULHA DE 2,5CM, 1/2 DE CIRCULO, CILINDRICA, FIO COM 70CM DE CORDA, ROTULAGEM RESPEITANDO O DECRETO LEI 79094/77 ART.31 L.8078/90 PORT.CONJ.N.1 DE 23/1/96-M.SAUDE, APRESENTACAO CONFORME DEC. LEI 79094/77 COMBINADO COM O ART.31 L.8078/90,CONTENDO DADOS DEIDENTIFICACAO|FIO DE SUTURA AGULHADO, MATERIAL FIO: CATGUT CROMADO , MODELO FIO: MULTIFILAMENTAR , DIÂMETRO FIO: 3-0 , COMPRIMENTO FIO: CERCA DE 70 CM, TIPO AGULHA: AGULHA 1/2 CÍRCULO , MODELO AGULHA: CILÍNDRICA , COMPRIMENTO AGULHA: CERCA DE 26 MM, ESTERILIDADE: ESTÉRIL , APRESENTAçãO: EMBALAGEM INDIVIDUAL 
368|MAPEAMENTO_INCERTO|False|False|True|MATERIAIS DE USO TECNICO HOSPITALAR|INSTRUMENTOS, EQUIPAMENTOS E SUPRIMENTOS MÉDICOS  E  CIRÚRGICOS|1407686|486995|FIO DE SUTURA CATGUT - ESTERIL, CROMADO, N. 4-0, COM AGULHA 1/2 CIRCULO, AGULHA DE 3,5 CMS DE COMPRIMENTO, CILINDRICA, FIO COM 70 CM DE COMP., ROTULAGEM RESPEITANDO O DECRETO LEI 79094/77 ART.31 L.8078/90 PORT.CONJ.N.1 DE 23/1/96-M.SAUDE, APRESENTACAO CONFORME DEC. LEI 79094/77 COMBINADO COM O ART.31 L.8078/90|FIO DE SUTURA AGULHADO, MATERIAL FIO: CATGUT CROMADO , MODELO FIO: MULTIFILAMENTAR , DIÂMETRO FIO: 4-0 , COMPRIMENTO FIO: CERCA DE 70 CM, TIPO AGULHA: AGULHA 1/2 CÍRCULO , MODELO AGULHA: CILÍNDRICA , COMPRIMENTO AGULHA: CERCA DE 30 MM, ESTERILIDADE: ESTÉRIL , APRESENTAçãO: EMBALAGEM INDIVIDUAL 
369|MAPEAMENTO_INCERTO|False|False|True|MATERIAIS DE USO TECNICO HOSPITALAR|INSTRUMENTOS, EQUIPAMENTOS E SUPRIMENTOS MÉDICOS  E  CIRÚRGICOS|1790854|602258|FIO DE SUTURA CATGUT - ESTERIL, CROMADO N.4-0, AGULHA DE 1,5CM, 1/2 CIR. CILINDRICA, FIO COM 70CM, ROTULAGEM RESPEITANDO O DECRETO LEI 79094/77 MS, APRESENTACAO CONFORME DEC. LEI 79094/77 CAIXA C/ 24 ENVELOPES.|FIO DE SUTURA AGULHADO, MATERIAL FIO: CATGUT CROMADO , MODELO FIO: MULTIFILAMENTAR , DIÂMETRO FIO: 4-0 , COMPRIMENTO FIO: CERCA DE 70 CM, TIPO AGULHA: AGULHA 1/2 CÍRCULO , MODELO AGULHA: CILÍNDRICA , COMPRIMENTO AGULHA: CERCA DE 14 MM, ESTERILIDADE: ESTÉRIL , APRESENTAçãO: EMBALAGEM INDIVIDUAL 
370|OK_SEM_FLAGS|False|False|False|MATERIAIS DE USO TECNICO HOSPITALAR|INSTRUMENTOS, EQUIPAMENTOS E SUPRIMENTOS MÉDICOS  E  CIRÚRGICOS|1865056|486976|FIO DE SUTURA CATGUT - ESTERIL, SIMPLES N.0, AGULHA DE 3,5CM, 1/2 CIR. CILINDRICA, FIO COM 70CM, ROTULAGEM RESPEITANDO O DECRETO LEI 79094/77 MS, APRESENTACAO CONFORME DEC. LEI 79094/77 MS|FIO DE SUTURA AGULHADO, MATERIAL FIO: CATGUT SIMPLES , MODELO FIO: MULTIFILAMENTAR , DIÂMETRO FIO: 0 / 1-0 , COMPRIMENTO FIO: CERCA DE 70 CM, TIPO AGULHA: AGULHA 1/2 CÍRCULO , MODELO AGULHA: CILÍNDRICA , COMPRIMENTO AGULHA: CERCA DE 35 MM, ESTERILIDADE: ESTÉRIL , APRESENTAçãO: EMBALAGEM INDIVIDUAL 
371|MAPEAMENTO_INCERTO|False|False|True|MATERIAIS DE USO TECNICO HOSPITALAR|INSTRUMENTOS, EQUIPAMENTOS E SUPRIMENTOS MÉDICOS  E  CIRÚRGICOS|893161|486974|FIO DE SUTURA CATGUT - ESTERIL,N.0, SIMPLES, 1 AGULHA, AGULHA DE 2,5 CM DE COMP., 1/2 CIRCULO,CILINDRICA, FIO COM 70 CM DE COMP., ROTULAGEM RESPEITANDO O DECRETO LEI 79094/77 ART.31 L.8078/90 PORT.CONJ.N.1 DE 23/1/96-M.SAUDE, APRESENTACAO CONFORME DEC. LEI 79094/77 COMBINADO COM O ART.31 L.8078/90|FIO DE SUTURA AGULHADO, MATERIAL FIO: CATGUT SIMPLES , MODELO FIO: MULTIFILAMENTAR , DIÂMETRO FIO: 0 / 1-0 , COMPRIMENTO FIO: CERCA DE 70 CM, TIPO AGULHA: AGULHA 1/2 CÍRCULO , MODELO AGULHA: CILÍNDRICA , COMPRIMENTO AGULHA: CERCA DE 26 MM, ESTERILIDADE: ESTÉRIL , APRESENTAçãO: EMBALAGEM INDIVIDUAL 
372|OK_SEM_FLAGS|False|False|False|MATERIAIS DE USO TECNICO HOSPITALAR|INSTRUMENTOS, EQUIPAMENTOS E SUPRIMENTOS MÉDICOS  E  CIRÚRGICOS|1325477|486981|FIO DE SUTURA CATGUT - ESTERIL, SIMPLES, NR. 0, 1 AGULHA CILINDRICA ROBUSTA, AGULHA DE 4,0 CM, 1/2 CIRCULO, FIO COM 70 CM DE COMP., ROTULAGEM RESPEITANDO O DECRETO LEI 79094/77 ART.31 L.8078/90 PORT.CONJ.N.1 DE 23/1/96-M.SAUDE, APRESENTACAO CONFORME DEC. LEI 79094/77 COMBINADO COM O ART.31 L.8078/90|FIO DE SUTURA AGULHADO, MATERIAL FIO: CATGUT SIMPLES , MODELO FIO: MULTIFILAMENTAR , DIÂMETRO FIO: 0 / 1-0 , COMPRIMENTO FIO: CERCA DE 70 CM, TIPO AGULHA: AGULHA 1/2 CÍRCULO , MODELO AGULHA: CILÍNDRICA ROBUSTA , COMPRIMENTO AGULHA: CERCA DE 40 MM, ESTERILIDADE: ESTÉRIL , APRESENTAçãO: EMBALAGEM INDIVIDUAL 
373|MAPEAMENTO_INCERTO|False|False|True|MATERIAIS DE USO TECNICO HOSPITALAR|INSTRUMENTOS, EQUIPAMENTOS E SUPRIMENTOS MÉDICOS  E  CIRÚRGICOS|2014378|486976|FIO DE SUTURA CATGUT - ESTERIL, SIMPLES 1 - 0, AGULHA DE 3,5 CM, 1/2 CIRCULO, CILINDRICA, FIO COM 75CM, ROTULAGEM RESPEITANDO O DECRETO LEI 79094/77 MS, APRESENTACAO CONFORME DEC. LEI 79094/77 EMBALADO EM ENVELOPE|FIO DE SUTURA AGULHADO, MATERIAL FIO: CATGUT SIMPLES , MODELO FIO: MULTIFILAMENTAR , DIÂMETRO FIO: 0 / 1-0 , COMPRIMENTO FIO: CERCA DE 70 CM, TIPO AGULHA: AGULHA 1/2 CÍRCULO , MODELO AGULHA: CILÍNDRICA , COMPRIMENTO AGULHA: CERCA DE 35 MM, ESTERILIDADE: ESTÉRIL , APRESENTAçãO: EMBALAGEM INDIVIDUAL 
374|OK_SEM_FLAGS|False|False|False|MATERIAIS DE USO TECNICO HOSPITALAR|INSTRUMENTOS, EQUIPAMENTOS E SUPRIMENTOS MÉDICOS  E  CIRÚRGICOS|1085409|486986|FIO DE SUTURA CATGUT - ESTERIL,N.1, SIMPLES, 1 AGULHA, AGULHA DE 4 CM_DE COMP., 1/2 CIRCULO CILINDRICA, FIO COM 70 CM_DE COMP., ROTULAGEM RESPEITANDO O DECRETO LEI 79094/77 ART.31 L.8078/90 PORT.CONJ.N.1 DE 23/1/96-M.SAUDE, APRESENTACAO CONFORME DEC. LEI 79094/77 COMBINADO COM O ART. 31 L.8078/90|FIO DE SUTURA AGULHADO, MATERIAL FIO: CATGUT SIMPLES , MODELO FIO: MULTIFILAMENTAR , DIÂMETRO FIO: Nº 1 , COMPRIMENTO FIO: CERCA DE 70 CM, TIPO AGULHA: AGULHA 1/2 CÍRCULO , MODELO AGULHA: CILÍNDRICA , COMPRIMENTO AGULHA: CERCA DE 40 MM, ESTERILIDADE: ESTÉRIL , APRESENTAçãO: EMBALAGEM INDIVIDUAL 
375|OK_SEM_FLAGS|False|False|False|MATERIAIS DE USO TECNICO HOSPITALAR|INSTRUMENTOS, EQUIPAMENTOS E SUPRIMENTOS MÉDICOS  E  CIRÚRGICOS|1558498|600108|FIO DE SUTURA CATGUT - ESTERIL, SIMPLES, CALIBRE 2-0, SEM AGULHA, FIO COM 150 CM, ROTULAGEM RESPEITANDO O DECRETO LEI 79094/77 ART.31 L.8078/90 PORT.CONJ.N.1 DE 23/1/96-M.SAUDE, CONTENDO DADOS DE VALIDADE, LOTE E REGISTRO DO MS, APRESENTACAO CONFORME DEC. LEI 79094/77 COMBINADO COM O ART.31 L.8078/90, CONTENDO DADOS DE IDENTIFICACAO E PROCEDENCIA|FIO DE SUTURA S/ AGULHA, MATERIAL: CATGUT SIMPLES , MODELO: MULTIFILAMENTAR , DIâMETRO: 2-0 , COMPRIMENTO: CERCA DE 150 CM, ESTERILIDADE: ESTÉRIL , APRESENTAÇÃO: EMBALAGEM INDIVIDUAL 
376|OK_SEM_FLAGS|False|False|False|MATERIAIS DE USO TECNICO HOSPITALAR|INSTRUMENTOS, EQUIPAMENTOS E SUPRIMENTOS MÉDICOS  E  CIRÚRGICOS|1940929|486961|FIO DE SUTURA CATGUT - ESTERIL, SIMPLES, CALIBRE 2-0, COM 1 AGULHA, AGULHA DE 2,0CM, 1/2 DE CIRCULO, CILINDRICA, FIO COM 70CM DE CORDA, ROTULAGEM RESPEITANDO O DECRETO LEI 79094/77 ART.31 L.8078/90 PORT.CONJ.N.1 DE 23/1/96-M.SAUDE, APRESENTACAO CONFORME DEC. LEI 79094/77 COMBINADO COM A ART.31 L.8078/90, CONTENDO DADOS DE IDENTIFICACAO|FIO DE SUTURA AGULHADO, MATERIAL FIO: CATGUT SIMPLES , MODELO FIO: MULTIFILAMENTAR , DIÂMETRO FIO: 2-0 , COMPRIMENTO FIO: CERCA DE 70 CM, TIPO AGULHA: AGULHA 1/2 CÍRCULO , MODELO AGULHA: CILÍNDRICA , COMPRIMENTO AGULHA: CERCA DE 20 MM, ESTERILIDADE: ESTÉRIL , APRESENTAçãO: EMBALAGEM INDIVIDUAL 
377|MAPEAMENTO_INCERTO|False|False|True|MATERIAIS DE USO TECNICO HOSPITALAR|INSTRUMENTOS, EQUIPAMENTOS E SUPRIMENTOS MÉDICOS  E  CIRÚRGICOS|1777882|486962|FIO DE SUTURA CATGUT - ESTERIL, SIMPLES 2-0, COM AGULHA, AGULHA DE 2,5CM, 1/2 CIR. CILINDRICA, FIO COM 75CM, ROTULAGEM RESPEITANDO O DECRETO LEI 79094/77 MS, APRESENTACAO CONFORME DEC. LEI 79094/77 CAIXA C/ 24 ENVELOPES.|FIO DE SUTURA AGULHADO, MATERIAL FIO: CATGUT SIMPLES , MODELO FIO: MULTIFILAMENTAR , DIÂMETRO FIO: 2-0 , COMPRIMENTO FIO: CERCA DE 70 CM, TIPO AGULHA: AGULHA 1/2 CÍRCULO , MODELO AGULHA: CILÍNDRICA , COMPRIMENTO AGULHA: CERCA DE 26 MM, ESTERILIDADE: ESTÉRIL , APRESENTAçãO: EMBALAGEM INDIVIDUAL 
378|MAPEAMENTO_INCERTO|False|False|True|MATERIAIS DE USO TECNICO HOSPITALAR|INSTRUMENTOS, EQUIPAMENTOS E SUPRIMENTOS MÉDICOS  E  CIRÚRGICOS|1800507|486964|FIO DE SUTURA CATGUT - ESTERIL, SIMPLES 2-0, COM AGULHA, AGULHA DE 3,5CM, 1/2 CIRC. CILINDRICA, FIO COM 75CM, ROTULAGEM RESPEITANDO O DECRETO LEI 79094/77 MS., APRESENTACAO CONFORME DEC. LEI 79094/77 CAIXA C/ 24 ENVELOPES.|FIO DE SUTURA AGULHADO, MATERIAL FIO: CATGUT SIMPLES , MODELO FIO: MULTIFILAMENTAR , DIÂMETRO FIO: 2-0 , COMPRIMENTO FIO: CERCA DE 70 CM, TIPO AGULHA: AGULHA 1/2 CÍRCULO , MODELO AGULHA: CILÍNDRICA , COMPRIMENTO AGULHA: CERCA DE 35 MM, ESTERILIDADE: ESTÉRIL , APRESENTAçãO: EMBALAGEM INDIVIDUAL 
379|OK_SEM_FLAGS|False|False|False|MATERIAIS DE USO TECNICO HOSPITALAR|INSTRUMENTOS, EQUIPAMENTOS E SUPRIMENTOS MÉDICOS  E  CIRÚRGICOS|238007|486965|FIO DE SUTURA CATGUT - ESTERIL, SIMPLES ,CALIBRE N.2-0, COM AGULHA CILINDRICA, AGULHA DE 4 CM, 1/2 CIRCULO,, FIO COM COMPRIMENTO DO FIO,70CM. APRESENT.EM ENVEL. ROTULAGEM CONFORME LEGISLACAO VIGEN, ROTULAGEM RESPEITANDO O DECRETO LEI 79094/77 ART.31 L.8078/90 PORT.CONJ.N.1 DE 23/1/96-M.SAUDE, APRESENTACAO CONFORME DEC. LEI 79094/77 COMBINADO COM O ART.31 DA LEI 8078/90|FIO DE SUTURA AGULHADO, MATERIAL FIO: CATGUT SIMPLES , MODELO FIO: MULTIFILAMENTAR , DIÂMETRO FIO: 2-0 , COMPRIMENTO FIO: CERCA DE 70 CM, TIPO AGULHA: AGULHA 1/2 CÍRCULO , MODELO AGULHA: CILÍNDRICA , COMPRIMENTO AGULHA: CERCA DE 40 MM, ESTERILIDADE: ESTÉRIL , APRESENTAçãO: EMBALAGEM INDIVIDUAL 
380|OK_SEM_FLAGS|False|False|False|MATERIAIS DE USO TECNICO HOSPITALAR|INSTRUMENTOS, EQUIPAMENTOS E SUPRIMENTOS MÉDICOS  E  CIRÚRGICOS|237205|600107|FIO DE SUTURA CATGUT - ESTERIL, SIMPLES, N.3-0, SEM AGULHA, FIO COM 150 CM DE COMP., ROTULAGEM RESPEITANDO O DECRETO LEI 79094/77 ART.31 L.8078/90 PORT.CONJ.N.1 DE 23/1/96-M.SAUDE, APRESENTACAO CONFORME DEC. LEI 79094/77 COMBINADO COM O ART.31 DA LEI 8078/90|FIO DE SUTURA S/ AGULHA, MATERIAL: CATGUT SIMPLES , MODELO: MULTIFILAMENTAR , DIâMETRO: 3-0 , COMPRIMENTO: CERCA DE 150 CM, ESTERILIDADE: ESTÉRIL , APRESENTAÇÃO: EMBALAGEM INDIVIDUAL 
381|MAPEAMENTO_INCERTO|False|False|True|MATERIAIS DE USO TECNICO HOSPITALAR|INSTRUMENTOS, EQUIPAMENTOS E SUPRIMENTOS MÉDICOS  E  CIRÚRGICOS|1558510|486953|FIO DE SUTURA CATGUT - ESTERIL, SIMPLES, CALIBRE 3-0, 1 AGULHA CILINDRICA, AGULHA DE 2,5 CM, 1/2 CIRCULO, FIO COM 150 CM, ROTULAGEM RESPEITANDO O DECRETO LEI 79094/77 ART.31 L.8078/90 PORT.CONJ.N.1 DE 23/1/96-M.SAUDE, CONTENDO DADOS DE VALIDADE, LOTE E REGISTRO DO MS, APRESENTACAO CONFORME DEC. LEI 79094/77 COMBINADO COM O ART.31 L.8078/90, CONTENDO DADOS DE IDENTIFICACAO E PROCEDENCIA|FIO DE SUTURA AGULHADO, MATERIAL FIO: CATGUT SIMPLES , MODELO FIO: MULTIFILAMENTAR , DIÂMETRO FIO: 3-0 , COMPRIMENTO FIO: CERCA DE 70 CM, TIPO AGULHA: AGULHA 1/2 CÍRCULO , MODELO AGULHA: CILÍNDRICA , COMPRIMENTO AGULHA: CERCA DE 26 MM, ESTERILIDADE: ESTÉRIL , APRESENTAçãO: EMBALAGEM INDIVIDUAL 
382|MAPEAMENTO_INCERTO|False|False|True|MATERIAIS DE USO TECNICO HOSPITALAR|INSTRUMENTOS, EQUIPAMENTOS E SUPRIMENTOS MÉDICOS  E  CIRÚRGICOS|1232592|486954|FIO DE SUTURA CATGUT - SIMPLES, N.3-0,, UMA AGULHA, AGULHA DE 3 CM DE COMP., 1/2 CIRCULO CILINDRICA, FIO COM 75 CM_DE COMP., ROTULAGEM RESPEITANDO O DECRETO LEI 79094/77 ART.31 L.8078/90 PORT.CONJ.N.1 DE 23/1/96-M.SAUDE, APRESENTACAO CONFORME DEC. LEI 79094/77 COMBINADO COM O ART.31 L.8078/90|FIO DE SUTURA AGULHADO, MATERIAL FIO: CATGUT SIMPLES , MODELO FIO: MULTIFILAMENTAR , DIÂMETRO FIO: 3-0 , COMPRIMENTO FIO: CERCA DE 70 CM, TIPO AGULHA: AGULHA 1/2 CÍRCULO , MODELO AGULHA: CILÍNDRICA , COMPRIMENTO AGULHA: CERCA DE 30 MM, ESTERILIDADE: ESTÉRIL , APRESENTAçãO: EMBALAGEM INDIVIDUAL 
383|OK_SEM_FLAGS|False|False|False|MATERIAIS DE USO TECNICO HOSPITALAR|INSTRUMENTOS, EQUIPAMENTOS E SUPRIMENTOS MÉDICOS  E  CIRÚRGICOS|239399|486950|FIO DE SUTURA CATGUT - ESTERIL, SIMPLES, N.3-0, COM, AGULHA DE CILINDRICA, 3/8 CIRCULO E 3,0 CM DE CORDA,, FIO COM ., ROTULAGEM RESPEITANDO O DECRETO LEI 79094/77 ART.31 L.8078/90 PORT.CONJ.N.1 DE 23/1/96-M.SAUDE, APRESENTACAO CONFORME DEC. LEI 79094/77 COMBINADO COM O ART.31 DA LEI 8078/90|FIO DE SUTURA AGULHADO, MATERIAL FIO: CATGUT SIMPLES , MODELO FIO: MULTIFILAMENTAR , DIÂMETRO FIO: 3-0 , COMPRIMENTO FIO: CERCA DE 70 CM, TIPO AGULHA: AGULHA 3/8 CÍRCULO , MODELO AGULHA: CILÍNDRICA , COMPRIMENTO AGULHA: CERCA DE 30 MM, ESTERILIDADE: ESTÉRIL , APRESENTAçãO: EMBALAGEM INDIVIDUAL 
385|COM_COMENTARIO; MAPEAMENTO_INCERTO|False|False|True|MATERIAIS DE USO TECNICO HOSPITALAR|INSTRUMENTOS, EQUIPAMENTOS E SUPRIMENTOS MÉDICOS  E  CIRÚRGICOS|2014394|486946|FIO DE SUTURA CATGUT - ESTERIL, SIMPLES 4 - 0, AGULHA DE 3,5CM, 1/2 CIRCULO, CILINDRICA, FIO COM 75CM, ROTULAGEM RESPEITANDO O DECRETO LEI 79094/77 MS, APRESENTACAO CONFORME DEC. LEI 79094/77 EMBALADO EM ENVELOPE|FIO DE SUTURA AGULHADO, MATERIAL FIO: CATGUT SIMPLES , MODELO FIO: MULTIFILAMENTAR , DIÂMETRO FIO: 4-0 , COMPRIMENTO FIO: CERCA DE 70 CM, TIPO AGULHA: AGULHA 1/2 CÍRCULO , MODELO AGULHA: CILÍNDRICA , COMPRIMENTO AGULHA: CERCA DE 30 MM, ESTERILIDADE: ESTÉRIL , APRESENTAçãO: EMBALAGEM INDIVIDUAL 
386|MAPEAMENTO_INCERTO|False|False|True|MATERIAIS DE USO TECNICO HOSPITALAR|INSTRUMENTOS, EQUIPAMENTOS E SUPRIMENTOS MÉDICOS  E  CIRÚRGICOS|1839489|486948|FIO DE SUTURA CATGUT - SIMPLES 4-0, ESTERILIZADO A COBALTO 60, COM AGULHA CORTANTE, AGULHA DE 1,5CM, 1/2 CIRCULAR, FIO COM 70CM DE COMPRIMENTO, NAO DESFIAR NEM QUEBRAR COM FACILIDADE MESMO EXPOSTO A AGUA AO SER DADO O NO, ROTULAGEM RESPEITANDO O DECRETO LEI 79094/77 M.SAUDE, APRESENTACAO CONFORME DEC. LEI 79094/77 EM ENVELOPE QUE PERMITA ABERTURA ASSEPTICA, CONTENDO LOTE E DATA DE VALIDADE.|FIO DE SUTURA AGULHADO, MATERIAL FIO: CATGUT SIMPLES , MODELO FIO: MULTIFILAMENTAR , DIÂMETRO FIO: 4-0 , COMPRIMENTO FIO: CERCA DE 70 CM, TIPO AGULHA: AGULHA 1/2 CÍRCULO , MODELO AGULHA: CORTANTE REVERSA / INVERTIDA , COMPRIMENTO AGULHA: CERCA DE 16 MM, ESTERILIDADE: ESTÉRIL , APRESENTAçãO: EMBALAGEM INDIVIDUAL 
387|OK_SEM_FLAGS|False|False|False|MATERIAIS DE USO TECNICO HOSPITALAR|INSTRUMENTOS, EQUIPAMENTOS E SUPRIMENTOS MÉDICOS  E  CIRÚRGICOS|1786032|486943|FIO DE SUTURA CATGUT - ESTERIL, SIMPLES 4-0, COM AGULHA, AGULHA DE 2,0CM, 1/2 CIR. CILINDRICA, FIO COM 70CM, ROTULAGEM RESPEITANDO O DECRETO LEI 79094/77 RESPEITANDO DECRETO LEI 79094/77, APRESENTACAO CONFORME DEC. LEI 79094/77 CAIXA C/ 24 ENVELOPES|FIO DE SUTURA AGULHADO, MATERIAL FIO: CATGUT SIMPLES , MODELO FIO: MULTIFILAMENTAR , DIÂMETRO FIO: 4-0 , COMPRIMENTO FIO: CERCA DE 70 CM, TIPO AGULHA: AGULHA 1/2 CÍRCULO , MODELO AGULHA: CILÍNDRICA , COMPRIMENTO AGULHA: CERCA DE 20 MM, ESTERILIDADE: ESTÉRIL , APRESENTAçãO: EMBALAGEM INDIVIDUAL 
388|OK_SEM_FLAGS|False|False|False|MATERIAIS DE USO TECNICO HOSPITALAR|INSTRUMENTOS, EQUIPAMENTOS E SUPRIMENTOS MÉDICOS  E  CIRÚRGICOS|1790889|486937|FIO DE SUTURA CATGUT - ESTERIL, SIMPLES N.5-0, AGULHA DE 1,5CM, 1/2 CIR. CILINDRICA, FIO COM 70CM, ROTULAGEM RESPEITANDO O DECRETO LEI 79094/77 MS, APRESENTACAO CONFORME DEC. LEI 79094/77 CAIXA C/ 24 ENVELOPES.|FIO DE SUTURA AGULHADO, MATERIAL FIO: CATGUT SIMPLES , MODELO FIO: MULTIFILAMENTAR , DIÂMETRO FIO: 5-0 , COMPRIMENTO FIO: CERCA DE 70 CM, TIPO AGULHA: AGULHA 1/2 CÍRCULO , MODELO AGULHA: CILÍNDRICA , COMPRIMENTO AGULHA: CERCA DE 20 MM, ESTERILIDADE: ESTÉRIL , APRESENTAçãO: EMBALAGEM INDIVIDUAL 
389|MAPEAMENTO_INCERTO|False|False|True|MATERIAIS DE USO TECNICO HOSPITALAR|INSTRUMENTOS, EQUIPAMENTOS E SUPRIMENTOS MÉDICOS  E  CIRÚRGICOS|740349|487449|FIO DE SUTURA NYLON - MONOFILAMENTO PRETO, NAO ABSORVIVEL, 45CM DE COMPRIMENTO, NUMERO 2-0, AGULHA DE 1/2 CIRC.,TRIANGULAR, 2,5CM, ENVELOPE INDIVIDUAL, ART.31 L.8078/90 PORT.CONJ.N.1 DE 23/1/96-M.SAUDE|FIO DE SUTURA AGULHADO, MATERIAL FIO: NYLON / POLIAMIDA PRETO , MODELO FIO: MONOFILAMENTAR , DIÂMETRO FIO: 2-0 , COMPRIMENTO FIO: CERCA DE 45 CM, TIPO AGULHA: AGULHA 1/2 CÍRCULO , MODELO AGULHA: CORTANTE REVERSA / INVERTIDA , COMPRIMENTO AGULHA: CERCA DE 26 MM, ESTERILIDADE: ESTÉRIL , APRESENTAçãO: EMBALAGEM INDIVIDUAL 
390|MAPEAMENTO_INCERTO|False|False|True|MATERIAIS DE USO TECNICO HOSPITALAR|INSTRUMENTOS, EQUIPAMENTOS E SUPRIMENTOS MÉDICOS  E  CIRÚRGICOS|127930|487449|FIO DE SUTURA NYLON - MONOFILAMENTO PRETO, NAO ABSORVIVEL, 45CM DE COMPRIMENTO, NUMERO 2-0, AGULHA 1/2 CIRCULO, TRIANGULAR, 3CM, ENVELOPE INDIVIDUAL, ART.31 L.8078/90 PORT.CONJ.N.1 DE 23/1/96-M.SAUDE|FIO DE SUTURA AGULHADO, MATERIAL FIO: NYLON / POLIAMIDA PRETO , MODELO FIO: MONOFILAMENTAR , DIÂMETRO FIO: 2-0 , COMPRIMENTO FIO: CERCA DE 45 CM, TIPO AGULHA: AGULHA 1/2 CÍRCULO , MODELO AGULHA: CORTANTE REVERSA / INVERTIDA , COMPRIMENTO AGULHA: CERCA DE 26 MM, ESTERILIDADE: ESTÉRIL , APRESENTAçãO: EMBALAGEM INDIVIDUAL 
391|MAPEAMENTO_INCERTO|False|False|True|MATERIAIS DE USO TECNICO HOSPITALAR|INSTRUMENTOS, EQUIPAMENTOS E SUPRIMENTOS MÉDICOS  E  CIRÚRGICOS|1891367|487452|FIO DE SUTURA NYLON - POLIAMIDA MONOFILAMENTAR 2-0, INABSORVIVEL, 45CM DE COMPRIMENTO, NUMERO 3,0CM, AGULHA 3/8 CIRCULO CORTANTE, INVOLUCRO INTERNO, EM PAPEL GRAU CIRURGICO, ROTULAGEM RESPEITANDO O DECRETO LEI 79094/77 ART . 31 L.8078/90 PORT.CONJ.N.1 DE 23/01/96 - M.S.|FIO DE SUTURA AGULHADO, MATERIAL FIO: NYLON / POLIAMIDA PRETO , MODELO FIO: MONOFILAMENTAR , DIÂMETRO FIO: 2-0 , COMPRIMENTO FIO: CERCA DE 45 CM, TIPO AGULHA: AGULHA 3/8 CÍRCULO , MODELO AGULHA: CORTANTE REVERSA / INVERTIDA , COMPRIMENTO AGULHA: CERCA DE 30 MM, ESTERILIDADE: ESTÉRIL , APRESENTAçãO: EMBALAGEM INDIVIDUAL 
392|MAPEAMENTO_INCERTO|False|False|True|MATERIAIS DE USO TECNICO HOSPITALAR|INSTRUMENTOS, EQUIPAMENTOS E SUPRIMENTOS MÉDICOS  E  CIRÚRGICOS|1839462|487454|FIO DE SUTURA NYLON - MONOFILAMENTO PRETO, 2-0, ESTERILIZADO A COBALTO 60, FIO DE 45CM DE COMP. NAO DESFIAR NEM QUEBRAR COM FACILIDADE MESMO EXPOSTO A AGUA AO SER DADO O NO, COM AGULHA CORTANTE, 3/8 CIRCULAR DE 4CM, EM ENVELOPE QUE PERMITA ABERTURA ASSEPTICA, COM LOTE E DATA DE VALIDADE, ROTULAGEM CONF. LEGISLACAO VIGENTE.|FIO DE SUTURA AGULHADO, MATERIAL FIO: NYLON / POLIAMIDA PRETO , MODELO FIO: MONOFILAMENTAR , DIÂMETRO FIO: 2-0 , COMPRIMENTO FIO: CERCA DE 45 CM, TIPO AGULHA: AGULHA 3/8 CÍRCULO , MODELO AGULHA: CORTANTE REVERSA / INVERTIDA , COMPRIMENTO AGULHA: CERCA DE 40 MM, ESTERILIDADE: ESTÉRIL , APRESENTAçãO: EMBALAGEM INDIVIDUAL 
393|MAPEAMENTO_INCERTO|False|False|True|MATERIAIS DE USO TECNICO HOSPITALAR|INSTRUMENTOS, EQUIPAMENTOS E SUPRIMENTOS MÉDICOS  E  CIRÚRGICOS|125610|487453|FIO DE SUTURA NYLON - MONOFILAMENTO, NAO ABSORVIVEL, ..., NUMERO DO CALIBRE 2-0, COM AGULHA CORTANTE, 3/8 CIRCULO E 3,5CM DE CORDA, ENVELOPE INDIVIDUAL, CONTENDO DADOS DE VALIDADE, LOTE, IDENTIFICACAO, PROCEDENCIA E REGISTRO NO MS, ART.31 LEI 8078/90 PORT CONJ N1 DE 23/1/96 - M.SAUDE.|FIO DE SUTURA AGULHADO, MATERIAL FIO: NYLON / POLIAMIDA PRETO , MODELO FIO: MONOFILAMENTAR , DIÂMETRO FIO: 2-0 , COMPRIMENTO FIO: CERCA DE 45 CM, TIPO AGULHA: AGULHA 3/8 CÍRCULO , MODELO AGULHA: CORTANTE REVERSA / INVERTIDA , COMPRIMENTO AGULHA: CERCA DE 35 MM, ESTERILIDADE: ESTÉRIL , APRESENTAçãO: EMBALAGEM INDIVIDUAL 
394|OK_SEM_FLAGS|False|False|False|MATERIAIS DE USO TECNICO HOSPITALAR|INSTRUMENTOS, EQUIPAMENTOS E SUPRIMENTOS MÉDICOS  E  CIRÚRGICOS|762687|487443|FIO DE SUTURA NYLON - MONOFILAMENTO PRETO, NAO ABSORVIVEL, 45CM DE COMPRIMENTO, NUMERO 3-0, AGULHA 3/8 CIRCULO, CORTANTE, 2,0CM, ENVELOPE INDIVIDUAL, ART.31 L.8078/90 PORT.CONJ.N.1 DE 23/1/96-M.SAUDE|FIO DE SUTURA AGULHADO, MATERIAL FIO: NYLON / POLIAMIDA PRETO , MODELO FIO: MONOFILAMENTAR , DIÂMETRO FIO: 3-0 , COMPRIMENTO FIO: CERCA DE 45 CM, TIPO AGULHA: AGULHA 3/8 CÍRCULO , MODELO AGULHA: CORTANTE REVERSA / INVERTIDA , COMPRIMENTO AGULHA: CERCA DE 20 MM, ESTERILIDADE: ESTÉRIL , APRESENTAçãO: EMBALAGEM INDIVIDUAL 
395|MAPEAMENTO_INCERTO|False|False|True|MATERIAIS DE USO TECNICO HOSPITALAR|INSTRUMENTOS, EQUIPAMENTOS E SUPRIMENTOS MÉDICOS  E  CIRÚRGICOS|320170|487444|FIO DE SUTURA NYLON - MONOFILAMENTO, NAO ABSORVIVEL, 30CM DE COMPRIMENTO APROXIMADAMENTE, NUMERO DO CALIBRE 3-0, COM UMA AGULHA CORTANTE, 3/8 CIRCULO E 2,5CM, ENVELOPE INDIVIDUAL, CONTENDO DADOS DE VALIDADE, LOTE, IDENTIFICACAO, PROCEDENCIA E REGISTRO NO MS, ART.31 LEI 8078/90 PORT CONJ N1 DE 23/1/96 - M.SAUDE.|FIO DE SUTURA AGULHADO, MATERIAL FIO: NYLON / POLIAMIDA PRETO , MODELO FIO: MONOFILAMENTAR , DIÂMETRO FIO: 3-0 , COMPRIMENTO FIO: CERCA DE 45 CM, TIPO AGULHA: AGULHA 3/8 CÍRCULO , MODELO AGULHA: CORTANTE REVERSA / INVERTIDA , COMPRIMENTO AGULHA: CERCA DE 24 MM, ESTERILIDADE: ESTÉRIL , APRESENTAçãO: EMBALAGEM INDIVIDUAL 
395|MAPEAMENTO_INCERTO|False|False|True|MATERIAIS DE USO TECNICO HOSPITALAR|INSTRUMENTOS, EQUIPAMENTOS E SUPRIMENTOS MÉDICOS  E  CIRÚRGICOS|320170|487385|FIO DE SUTURA NYLON - MONOFILAMENTO, NAO ABSORVIVEL, 30CM DE COMPRIMENTO APROXIMADAMENTE, NUMERO DO CALIBRE 3-0, COM UMA AGULHA CORTANTE, 3/8 CIRCULO E 2,5CM, ENVELOPE INDIVIDUAL, CONTENDO DADOS DE VALIDADE, LOTE, IDENTIFICACAO, PROCEDENCIA E REGISTRO NO MS, ART.31 LEI 8078/90 PORT CONJ N1 DE 23/1/96 - M.SAUDE.|FIO DE SUTURA AGULHADO, MATERIAL FIO: NYLON / POLIAMIDA INCOLOR , MODELO FIO: MONOFILAMENTAR , DIÂMETRO FIO: 3-0 , COMPRIMENTO FIO: CERCA DE 45 CM, TIPO AGULHA: AGULHA 3/8 CÍRCULO , MODELO AGULHA: CORTANTE REVERSA / INVERTIDA , COMPRIMENTO AGULHA: CERCA DE 24 MM, ESTERILIDADE: ESTÉRIL , APRESENTAçãO: EMBALAGEM INDIVIDUAL 
396|OK_SEM_FLAGS|False|False|False|MATERIAIS DE USO TECNICO HOSPITALAR|INSTRUMENTOS, EQUIPAMENTOS E SUPRIMENTOS MÉDICOS  E  CIRÚRGICOS|896934|487438|FIO DE SUTURA NYLON - MONOFILAMENTO PRETO, NAO ABSORVIVEL, 45 CM DE COMPRIMENTO, NUMERO 3/0, 1 AGULHA, 1/2 CIRC.TRIANGULAR DE 3,0 CM, ENVELOPE INDIVIDUAL, ART.31 L.8078/90 PORT.CONJ.N.1 DE 23/1/96-M.SAUDE|FIO DE SUTURA AGULHADO, MATERIAL FIO: NYLON / POLIAMIDA PRETO , MODELO FIO: MONOFILAMENTAR , DIÂMETRO FIO: 3-0 , COMPRIMENTO FIO: CERCA DE 45 CM, TIPO AGULHA: AGULHA 1/2 CÍRCULO , MODELO AGULHA: CILÍNDRICA , COMPRIMENTO AGULHA: CERCA DE 30 MM, ESTERILIDADE: ESTÉRIL , APRESENTAçãO: EMBALAGEM INDIVIDUAL 
397|MAPEAMENTO_INCERTO|False|False|True|MATERIAIS DE USO TECNICO HOSPITALAR|INSTRUMENTOS, EQUIPAMENTOS E SUPRIMENTOS MÉDICOS  E  CIRÚRGICOS|1706675|487445|FIO DE SUTURA NYLON - POLIAMIDA MONOFILAMENTAR 3-0, INABSORVIVEL, 70CM DE COMPRIMENTO, NUMERO 3,0CM, AGULHA 3/8 CIRCULO CORTANTE, INVOLUCRO INTERNO, EM PAPEL GRAU CIRURGICO, ROTULAGEM CONF. LEGISLACAO VIGENTE MS.|FIO DE SUTURA AGULHADO, MATERIAL FIO: NYLON / POLIAMIDA PRETO , MODELO FIO: MONOFILAMENTAR , DIÂMETRO FIO: 3-0 , COMPRIMENTO FIO: CERCA DE 45 CM, TIPO AGULHA: AGULHA 3/8 CÍRCULO , MODELO AGULHA: CORTANTE REVERSA / INVERTIDA , COMPRIMENTO AGULHA: CERCA DE 30 MM, ESTERILIDADE: ESTÉRIL , APRESENTAçãO: EMBALAGEM INDIVIDUAL 
397|MAPEAMENTO_INCERTO|False|False|True|MATERIAIS DE USO TECNICO HOSPITALAR|INSTRUMENTOS, EQUIPAMENTOS E SUPRIMENTOS MÉDICOS  E  CIRÚRGICOS|1706675|487386|FIO DE SUTURA NYLON - POLIAMIDA MONOFILAMENTAR 3-0, INABSORVIVEL, 70CM DE COMPRIMENTO, NUMERO 3,0CM, AGULHA 3/8 CIRCULO CORTANTE, INVOLUCRO INTERNO, EM PAPEL GRAU CIRURGICO, ROTULAGEM CONF. LEGISLACAO VIGENTE MS.|FIO DE SUTURA AGULHADO, MATERIAL FIO: NYLON / POLIAMIDA INCOLOR , MODELO FIO: MONOFILAMENTAR , DIÂMETRO FIO: 3-0 , COMPRIMENTO FIO: CERCA DE 45 CM, TIPO AGULHA: AGULHA 3/8 CÍRCULO , MODELO AGULHA: CORTANTE REVERSA / INVERTIDA , COMPRIMENTO AGULHA: CERCA DE 30 MM, ESTERILIDADE: ESTÉRIL , APRESENTAçãO: EMBALAGEM INDIVIDUAL 
398|MAPEAMENTO_INCERTO|False|False|True|MATERIAIS DE USO TECNICO HOSPITALAR|INSTRUMENTOS, EQUIPAMENTOS E SUPRIMENTOS MÉDICOS  E  CIRÚRGICOS|127922|487386|FIO DE SUTURA NYLON - MONOFILAMENTO, NAO ABSORVIVEL, 30CM DE COMPRIMENTO APROXIMADAMENTE, NUMERO DO CALIBRE 3-0, COM UMA AGULHA CORTANTE, 3/8 CIRCULO E 3,0CM, ENVELOPE INDIVIDUAL, CONTENDO DADOS DE VALIDADE, LOTE, IDENTIFICACAO, PROCEDENCIA E REGISTRO NO MS, ART.31 LEI 8078/90 PORT CONJ N1 DE 23/1/96 - M.SAUDE.|FIO DE SUTURA AGULHADO, MATERIAL FIO: NYLON / POLIAMIDA INCOLOR , MODELO FIO: MONOFILAMENTAR , DIÂMETRO FIO: 3-0 , COMPRIMENTO FIO: CERCA DE 45 CM, TIPO AGULHA: AGULHA 3/8 CÍRCULO , MODELO AGULHA: CORTANTE REVERSA / INVERTIDA , COMPRIMENTO AGULHA: CERCA DE 30 MM, ESTERILIDADE: ESTÉRIL , APRESENTAçãO: EMBALAGEM INDIVIDUAL 
398|MAPEAMENTO_INCERTO|False|False|True|MATERIAIS DE USO TECNICO HOSPITALAR|INSTRUMENTOS, EQUIPAMENTOS E SUPRIMENTOS MÉDICOS  E  CIRÚRGICOS|127922|487445|FIO DE SUTURA NYLON - MONOFILAMENTO, NAO ABSORVIVEL, 30CM DE COMPRIMENTO APROXIMADAMENTE, NUMERO DO CALIBRE 3-0, COM UMA AGULHA CORTANTE, 3/8 CIRCULO E 3,0CM, ENVELOPE INDIVIDUAL, CONTENDO DADOS DE VALIDADE, LOTE, IDENTIFICACAO, PROCEDENCIA E REGISTRO NO MS, ART.31 LEI 8078/90 PORT CONJ N1 DE 23/1/96 - M.SAUDE.|FIO DE SUTURA AGULHADO, MATERIAL FIO: NYLON / POLIAMIDA PRETO , MODELO FIO: MONOFILAMENTAR , DIÂMETRO FIO: 3-0 , COMPRIMENTO FIO: CERCA DE 45 CM, TIPO AGULHA: AGULHA 3/8 CÍRCULO , MODELO AGULHA: CORTANTE REVERSA / INVERTIDA , COMPRIMENTO AGULHA: CERCA DE 30 MM, ESTERILIDADE: ESTÉRIL , APRESENTAçãO: EMBALAGEM INDIVIDUAL 
399|MAPEAMENTO_INCERTO|False|False|True|MATERIAIS DE USO TECNICO HOSPITALAR|INSTRUMENTOS, EQUIPAMENTOS E SUPRIMENTOS MÉDICOS  E  CIRÚRGICOS|125636|487427|FIO DE SUTURA NYLON - MONOFILAMENTO, NAO ABSORVIVEL, 30CM DE COMPRIMENTO APROXIMADAMENTE, NUMERO DO CALIBRE 4-0, COM UMA AGULHA CORTANTE, 3/8 CIRCULO E 2,0CM, ENVELOPE INDIVIDUAL, CONTENDO DADOS DE VALIDADE, LOTE, IDENTIFICACAO, PROCEDENCIA E REGISTRO NO MS, ART.31 LEI 8078/90 PORT CONJ N1 DE 23/1/96 - M.SAUDE.|FIO DE SUTURA AGULHADO, MATERIAL FIO: NYLON / POLIAMIDA PRETO , MODELO FIO: MONOFILAMENTAR , DIÂMETRO FIO: 4-0 , COMPRIMENTO FIO: CERCA DE 45 CM, TIPO AGULHA: AGULHA 3/8 CÍRCULO , MODELO AGULHA: CORTANTE REVERSA / INVERTIDA , COMPRIMENTO AGULHA: CERCA DE 20 MM, ESTERILIDADE: ESTÉRIL , APRESENTAçãO: EMBALAGEM INDIVIDUAL 
400|MAPEAMENTO_INCERTO|False|False|True|MATERIAIS DE USO TECNICO HOSPITALAR|INSTRUMENTOS, EQUIPAMENTOS E SUPRIMENTOS MÉDICOS  E  CIRÚRGICOS|565156|487426|FIO DE SUTURA NYLON - MONOFILAMENTO PRETO, NAO ABSORVIVEL, 45CM DE COMPRIMENTO, NUMERO 4-0, AGULHA 3/8 CIRCULO, CILINDRICA ARTERIAL 1,5CM, ENVELOPE INDIVIDUAL, ART.31 L.8078/90 PORT.CONJ.N.1 DE 23/1/96-M.SAUDE|FIO DE SUTURA AGULHADO, MATERIAL FIO: NYLON / POLIAMIDA PRETO , MODELO FIO: MONOFILAMENTAR , DIÂMETRO FIO: 4-0 , COMPRIMENTO FIO: CERCA DE 45 CM, TIPO AGULHA: AGULHA 3/8 CÍRCULO , MODELO AGULHA: CORTANTE REVERSA / INVERTIDA , COMPRIMENTO AGULHA: CERCA DE 16 MM, ESTERILIDADE: ESTÉRIL , APRESENTAçãO: EMBALAGEM INDIVIDUAL 
402|MAPEAMENTO_INCERTO|False|False|True|MATERIAIS DE USO TECNICO HOSPITALAR|INSTRUMENTOS, EQUIPAMENTOS E SUPRIMENTOS MÉDICOS  E  CIRÚRGICOS|544213|487414|FIO DE SUTURA NYLON - MONOFILAMENTO, NAO ABSORVIVEL, 30CM DE COMPRIMENTO APROXIMADAMENTE, NUMERO DO CALIBRE 5-0, COM UMA AGULHA CORTANTE, 3/8 CIRCULO E 1,5CM, ENVELOPE INDIVIDUAL, CONTENDO DADOS DE VALIDADE, LOTE, IDENTIFICACAO, PROCEDENCIA E REGISTRO NO MS, ART.31 LEI 8078/90 PORT CONJ N1 DE 23/1/96 - M.SAUDE.|FIO DE SUTURA AGULHADO, MATERIAL FIO: NYLON / POLIAMIDA PRETO , MODELO FIO: MONOFILAMENTAR , DIÂMETRO FIO: 5-0 , COMPRIMENTO FIO: CERCA DE 45 CM, TIPO AGULHA: AGULHA 3/8 CÍRCULO , MODELO AGULHA: CORTANTE REVERSA / INVERTIDA , COMPRIMENTO AGULHA: CERCA DE 14 MM, ESTERILIDADE: ESTÉRIL , APRESENTAçãO: EMBALAGEM INDIVIDUAL 
402|MAPEAMENTO_INCERTO|False|False|True|MATERIAIS DE USO TECNICO HOSPITALAR|INSTRUMENTOS, EQUIPAMENTOS E SUPRIMENTOS MÉDICOS  E  CIRÚRGICOS|544213|487415|FIO DE SUTURA NYLON - MONOFILAMENTO, NAO ABSORVIVEL, 30CM DE COMPRIMENTO APROXIMADAMENTE, NUMERO DO CALIBRE 5-0, COM UMA AGULHA CORTANTE, 3/8 CIRCULO E 1,5CM, ENVELOPE INDIVIDUAL, CONTENDO DADOS DE VALIDADE, LOTE, IDENTIFICACAO, PROCEDENCIA E REGISTRO NO MS, ART.31 LEI 8078/90 PORT CONJ N1 DE 23/1/96 - M.SAUDE.|FIO DE SUTURA AGULHADO, MATERIAL FIO: NYLON / POLIAMIDA PRETO , MODELO FIO: MONOFILAMENTAR , DIÂMETRO FIO: 5-0 , COMPRIMENTO FIO: CERCA DE 45 CM, TIPO AGULHA: AGULHA 3/8 CÍRCULO , MODELO AGULHA: CORTANTE REVERSA / INVERTIDA , COMPRIMENTO AGULHA: CERCA DE 16 MM, ESTERILIDADE: ESTÉRIL , APRESENTAçãO: EMBALAGEM INDIVIDUAL 
403|MAPEAMENTO_INCERTO|False|False|True|MATERIAIS DE USO TECNICO HOSPITALAR|INSTRUMENTOS, EQUIPAMENTOS E SUPRIMENTOS MÉDICOS  E  CIRÚRGICOS|138630|487380|FIO DE SUTURA NYLON - MONOFILAMENTO, NAO ABSORVIVEL, 30CM DE COMPRIMENTO APROXIMADAMENTE, NUMERO DO CALIBRE 5-0, COM UMA AGULHA CORTANTE, 3/8 CIRCULO E 2,0CM, ENVELOPE INDIVIDUAL, CONTENDO DADOS DE VALIDADE, LOTE, IDENTIFICACAO, PROCEDENCIA E REGISTRO NO MS, ART.31 LEI 8078/90 PORT CONJ N1 DE 23/1/96 - M.SAUDE.|FIO DE SUTURA AGULHADO, MATERIAL FIO: NYLON / POLIAMIDA INCOLOR , MODELO FIO: MONOFILAMENTAR , DIÂMETRO FIO: 5-0 , COMPRIMENTO FIO: CERCA DE 45 CM, TIPO AGULHA: AGULHA 3/8 CÍRCULO , MODELO AGULHA: CORTANTE REVERSA / INVERTIDA , COMPRIMENTO AGULHA: CERCA DE 20 MM, ESTERILIDADE: ESTÉRIL , APRESENTAçãO: EMBALAGEM INDIVIDUAL 
403|MAPEAMENTO_INCERTO|False|False|True|MATERIAIS DE USO TECNICO HOSPITALAR|INSTRUMENTOS, EQUIPAMENTOS E SUPRIMENTOS MÉDICOS  E  CIRÚRGICOS|138630|487416|FIO DE SUTURA NYLON - MONOFILAMENTO, NAO ABSORVIVEL, 30CM DE COMPRIMENTO APROXIMADAMENTE, NUMERO DO CALIBRE 5-0, COM UMA AGULHA CORTANTE, 3/8 CIRCULO E 2,0CM, ENVELOPE INDIVIDUAL, CONTENDO DADOS DE VALIDADE, LOTE, IDENTIFICACAO, PROCEDENCIA E REGISTRO NO MS, ART.31 LEI 8078/90 PORT CONJ N1 DE 23/1/96 - M.SAUDE.|FIO DE SUTURA AGULHADO, MATERIAL FIO: NYLON / POLIAMIDA PRETO , MODELO FIO: MONOFILAMENTAR , DIÂMETRO FIO: 5-0 , COMPRIMENTO FIO: CERCA DE 45 CM, TIPO AGULHA: AGULHA 3/8 CÍRCULO , MODELO AGULHA: CORTANTE REVERSA / INVERTIDA , COMPRIMENTO AGULHA: CERCA DE 20 MM, ESTERILIDADE: ESTÉRIL , APRESENTAçãO: EMBALAGEM INDIVIDUAL 
404|MAPEAMENTO_INCERTO|False|False|True|MATERIAIS DE USO TECNICO HOSPITALAR|INSTRUMENTOS, EQUIPAMENTOS E SUPRIMENTOS MÉDICOS  E  CIRÚRGICOS|860832|487403|FIO DE SUTURA NYLON - MONOFILAMENTO, NAO ABSORVIVEL, 30CM DE COMPRIMENTO APROXIMADAMENTE, NUMERO DO CALIBRE 6-0, COM UMA AGULHA CORTANTE, 1/2 CIRCULO E 1,5CM, ENVELOPE INDIVIDUAL, CONTENDO DADOS DE VALIDADE, LOTE, IDENTIFICACAO, PROCEDENCIA E REGISTRO NO MS, ART.31 LEI 8078/90 PORT CONJ N1 DE 23/1/96 - M.SAUDE.|FIO DE SUTURA AGULHADO, MATERIAL FIO: NYLON / POLIAMIDA PRETO , MODELO FIO: MONOFILAMENTAR , DIÂMETRO FIO: 6-0 , COMPRIMENTO FIO: CERCA DE 45 CM, TIPO AGULHA: AGULHA 1/2 CÍRCULO , MODELO AGULHA: CORTANTE REVERSA / INVERTIDA , COMPRIMENTO AGULHA: CERCA DE 16 MM, ESTERILIDADE: ESTÉRIL , APRESENTAçãO: EMBALAGEM INDIVIDUAL 
405|MAPEAMENTO_INCERTO|False|False|True|MATERIAIS DE USO TECNICO HOSPITALAR|INSTRUMENTOS, EQUIPAMENTOS E SUPRIMENTOS MÉDICOS  E  CIRÚRGICOS|243574|487408|FIO DE SUTURA NYLON - MONOFILAMENTO, NAO ABSORVIVEL, 30CM DE COMPRIMENTO APROXIMADAMENTE, NUMERO DO CALIBRE 6-0, COM UMA AGULHA CORTANTE, 3/8 CIRCULO E 2,0CM, ENVELOPE INDIVIDUAL, CONTENDO DADOS DE VALIDADE, LOTE, IDENTIFICACAO, PROCEDENCIA E REGISTRO NO MS, ART.31 LEI 8078/90 PORT CONJ N1 DE 23/1/96 - M.SAUDE.|FIO DE SUTURA AGULHADO, MATERIAL FIO: NYLON / POLIAMIDA PRETO , MODELO FIO: MONOFILAMENTAR , DIÂMETRO FIO: 6-0 , COMPRIMENTO FIO: CERCA DE 45 CM, TIPO AGULHA: AGULHA 3/8 CÍRCULO , MODELO AGULHA: CORTANTE REVERSA / INVERTIDA , COMPRIMENTO AGULHA: CERCA DE 20 MM, ESTERILIDADE: ESTÉRIL , APRESENTAçãO: EMBALAGEM INDIVIDUAL 
406|MAPEAMENTO_INCERTO|False|False|True|MATERIAIS DE USO TECNICO HOSPITALAR|INSTRUMENTOS, EQUIPAMENTOS E SUPRIMENTOS MÉDICOS  E  CIRÚRGICOS|2566478|487396|FIO DE NYLON - FIO DE NYLON Nº 9-0,COM AGULHA CILINDRICA 5,0MM|FIO DE SUTURA AGULHADO, MATERIAL FIO: NYLON / POLIAMIDA PRETO , MODELO FIO: MONOFILAMENTAR , DIÂMETRO FIO: 9-0 , COMPRIMENTO FIO: CERCA DE 15 CM, TIPO AGULHA: AGULHA 3/8 CÍRCULO , MODELO AGULHA: CILÍNDRICA , COMPRIMENTO AGULHA: CERCA DE 5 MM, ESTERILIDADE: ESTÉRIL , APRESENTAçãO: EMBALAGEM INDIVIDUAL 
408|OK_SEM_FLAGS|False|False|False|MATERIAIS DE USO TECNICO HOSPITALAR|INSTRUMENTOS, EQUIPAMENTOS E SUPRIMENTOS MÉDICOS  E  CIRÚRGICOS|1562592|487650|FIO DE SUTURA POLIESTER E ALGODAO - COM FIO DE POLIESTER VERDE 2, COM AGULHA DE 4,0, COM 1/2 CIRCULO, TRIANGULAR CORTANTE, EM ENVELOPE INDIVIDUAL, APRESENTACAO CONFORME O DECRETO ELI 79094/77 EM CAIXA, ROTULAGEM RESPEITANDO O DECRETO LEI 79094/77 ...|FIO DE SUTURA AGULHADO, MATERIAL FIO: POLIÉSTER VERDE , MODELO FIO: MULTIFILAMENTAR , DIÂMETRO FIO: Nº 2 , COMPRIMENTO FIO: CERCA DE 70 CM, TIPO AGULHA: AGULHA 1/2 CÍRCULO , MODELO AGULHA: CORTANTE , COMPRIMENTO AGULHA: CERCA DE 40 MM, ESTERILIDADE: ESTÉRIL , APRESENTAçãO: EMBALAGEM INDIVIDUAL 
409|MAPEAMENTO_INCERTO|False|False|True|MATERIAIS DE USO TECNICO HOSPITALAR|INSTRUMENTOS, EQUIPAMENTOS E SUPRIMENTOS MÉDICOS  E  CIRÚRGICOS|4754948|616720|FIO DE SUTURA POLIESTER - TRANCADO MULTIFILAMENTAR,N. 2-0,COM 2 AGULHAS CILINDRICAS ATRAUMATICAS DE APROXIMADAMENTE 1,50CM, COM ALMOFADA DE TEFLON,1/2 CIRCULO,USO CARDIOVASCULAR|FIO DE SUTURA AGULHADO, MATERIAL FIO: POLIÉSTER VERDE , MODELO FIO: MULTIFILAMENTAR , COMPONENTE FIO: C/ REVESTIMENTO DESLIZANTE , DIÂMETRO FIO: 2-0 , COMPRIMENTO FIO: CERCA DE 70 CM, TIPO AGULHA: 2 AGULHAS 1/2 CÍRCULO NAS EXTREMIDADES , MODELO AGULHA: CILÍNDRICA , COMPRIMENTO AGULHA: CERCA DE 20 MM, COMPONENTE AGULHA: C/ ALMOFADA , ESTERILIDADE: ESTÉRIL , APRESENTAçãO: EMBALAGEM INDIVIDUAL 
410|MAPEAMENTO_INCERTO|False|False|True|MATERIAIS DE USO TECNICO HOSPITALAR|INSTRUMENTOS, EQUIPAMENTOS E SUPRIMENTOS MÉDICOS  E  CIRÚRGICOS|1932802|616720|FIO DE SUTURA POLIESTER - CALIBRE 2-0, COM 2 AGULHAS DE 2,0CM, 1/2 CIRCULO, CILINDRICA, FIO COM 75CM DE CORDA, COM ALMOFADA DE TEFLON, VERDE, ENVELOPE INDIVIDUAL, EMBALAGEM ATENDENDO A LEGISLACAO VIGENTE|FIO DE SUTURA AGULHADO, MATERIAL FIO: POLIÉSTER VERDE , MODELO FIO: MULTIFILAMENTAR , COMPONENTE FIO: C/ REVESTIMENTO DESLIZANTE , DIÂMETRO FIO: 2-0 , COMPRIMENTO FIO: CERCA DE 70 CM, TIPO AGULHA: 2 AGULHAS 1/2 CÍRCULO NAS EXTREMIDADES , MODELO AGULHA: CILÍNDRICA , COMPRIMENTO AGULHA: CERCA DE 20 MM, COMPONENTE AGULHA: C/ ALMOFADA , ESTERILIDADE: ESTÉRIL , APRESENTAçãO: EMBALAGEM INDIVIDUAL 
411|MAPEAMENTO_INCERTO|False|False|True|MATERIAIS DE USO TECNICO HOSPITALAR|INSTRUMENTOS, EQUIPAMENTOS E SUPRIMENTOS MÉDICOS  E  CIRÚRGICOS|1557068|487642|FIO DE SUTURA POLIESTER TRANCADO COM CERA - EM FILAMENTOS DE POLIESTER TRANCADO, TRANCADO COM COM 2 AGULHAS ATRAUMATICAS CARDIOVASCULAR DE TAM 2,0 C/AGULHA DE 2,0 CM, COM AGULHA, INVOLUCRO EM ENVELOPE INDIVIDUAL, CX C/ 24 ENVELOPES, ROTULAGEM RESPEITANDO O DECRETO LEI 7909477|FIO DE SUTURA AGULHADO, MATERIAL FIO: POLIÉSTER VERDE , MODELO FIO: MULTIFILAMENTAR , COMPONENTE FIO: C/ REVESTIMENTO DESLIZANTE , DIÂMETRO FIO: 2-0 , COMPRIMENTO FIO: CERCA DE 70 CM, TIPO AGULHA: 2 AGULHAS 1/2 CÍRCULO NAS EXTREMIDADES , MODELO AGULHA: CILÍNDRICA , COMPRIMENTO AGULHA: CERCA DE 20 MM, ESTERILIDADE: ESTÉRIL , APRESENTAçãO: EMBALAGEM INDIVIDUAL 
412|MAPEAMENTO_INCERTO|False|False|True|MATERIAIS DE USO TECNICO HOSPITALAR|INSTRUMENTOS, EQUIPAMENTOS E SUPRIMENTOS MÉDICOS  E  CIRÚRGICOS|1533827|487640|FIO DE SUTURA POLIESTER TRANCADO COM CERA - EM FILAMENTOS DE POLIESTER TRANCADO, TRANCADO COM COM COM 2 AGULHAS ATRAUMATICAS CARDIOVASCULARES 2-0 COM AGULHAS DE 1,5 CM, COM AGULHA, INVOLUCRO EM CAIXA COM 24 ENVELOPES, APRESENTACAO E EMBALAGEM CONFORME MINISTERIO DA SAUDE, ROTULO COM DATA DE VALIDADE, LOTE, PROCEDENCIA E MARCA|FIO DE SUTURA AGULHADO, MATERIAL FIO: POLIÉSTER VERDE , MODELO FIO: MULTIFILAMENTAR , COMPONENTE FIO: C/ REVESTIMENTO DESLIZANTE , DIÂMETRO FIO: 2-0 , COMPRIMENTO FIO: CERCA DE 70 CM, TIPO AGULHA: 2 AGULHAS 1/2 CÍRCULO NAS EXTREMIDADES , MODELO AGULHA: CILÍNDRICA , COMPRIMENTO AGULHA: CERCA DE 16 MM, ESTERILIDADE: ESTÉRIL , APRESENTAçãO: EMBALAGEM INDIVIDUAL 
413|MAPEAMENTO_INCERTO|False|False|True|MATERIAIS DE USO TECNICO HOSPITALAR|INSTRUMENTOS, EQUIPAMENTOS E SUPRIMENTOS MÉDICOS  E  CIRÚRGICOS|4754115|487638|FIO DE SUTURA POLIESTER - TRANCADO MULTIFILAMENTAR,N. 2-0,COM  AGULHAS CILINDRICAS ATRAUMATICAS DE APROXIMADAMENTE 2,00CM,1/2 CIRCULO,PARA USO CARDIOVASCULAR|FIO DE SUTURA AGULHADO, MATERIAL FIO: POLIÉSTER VERDE , MODELO FIO: MULTIFILAMENTAR , DIÂMETRO FIO: 2-0 , COMPRIMENTO FIO: CERCA DE 70 CM, TIPO AGULHA: 2 AGULHAS 1/2 CÍRCULO NAS EXTREMIDADES , MODELO AGULHA: CILÍNDRICA , COMPRIMENTO AGULHA: CERCA DE 20 MM, ESTERILIDADE: ESTÉRIL , APRESENTAçãO: EMBALAGEM INDIVIDUAL 
414|MAPEAMENTO_INCERTO|False|False|True|MATERIAIS DE USO TECNICO HOSPITALAR|INSTRUMENTOS, EQUIPAMENTOS E SUPRIMENTOS MÉDICOS  E  CIRÚRGICOS|3174344|487650|FIO DE SUTURA POLIESTER - CALIBRE 2,COM AGULHA CORTANTE DE 4,0CM , 1/2 CIRCULAR, FIO COM 75CM DE COMPRIMENTO, ENVELOPE INDIVIDUAL,NA COR VERDE,INVOLUCRO INTERNO ESTERIL,EMBALAGEM ATENDENDO A LEGISLACAO VIGENTE|FIO DE SUTURA AGULHADO, MATERIAL FIO: POLIÉSTER VERDE , MODELO FIO: MULTIFILAMENTAR , DIÂMETRO FIO: Nº 2 , COMPRIMENTO FIO: CERCA DE 70 CM, TIPO AGULHA: AGULHA 1/2 CÍRCULO , MODELO AGULHA: CORTANTE , COMPRIMENTO AGULHA: CERCA DE 40 MM, ESTERILIDADE: ESTÉRIL , APRESENTAçãO: EMBALAGEM INDIVIDUAL 
415|MAPEAMENTO_INCERTO|False|False|True|MATERIAIS DE USO TECNICO HOSPITALAR|INSTRUMENTOS, EQUIPAMENTOS E SUPRIMENTOS MÉDICOS  E  CIRÚRGICOS|564974|487654|FIO DE SUTURA POLIESTER TRANCADO COM CERA - EM FILAMENTOS DE POLIESTER VERDE, NAO ABSORVIVEL,, TRANCADO COM CERA, CALIBRE 5, COM AGULHA DE 1/2 CIRCULO E 4,7CM DE COMP., INVOLUCRO EM ENVELOPE INDIVIDUAL, COMBINADO COM O ART. 31 DA LEI 8078/90, CONTENDO DADOS DE IDENTIFICACAO E PROCEDENCIA, ART.31 L.8078/90 PORT.CONJ.N.1 DE 23/1/96-M.SAUDE, CONTENDO VALIDADE, LOTE E REGISTRO DO MS|FIO DE SUTURA AGULHADO, MATERIAL FIO: POLIÉSTER VERDE , MODELO FIO: MULTIFILAMENTAR , COMPONENTE FIO: C/ REVESTIMENTO DESLIZANTE , DIÂMETRO FIO: Nº 5 , COMPRIMENTO FIO: 4 X CERCA DE 70 CM, TIPO AGULHA: AGULHA 1/2 CÍRCULO , MODELO AGULHA: CORTANTE , COMPRIMENTO AGULHA: CERCA DE 50 MM, ESTERILIDADE: ESTÉRIL , APRESENTAçãO: EMBALAGEM INDIVIDUAL 
416|MAPEAMENTO_INCERTO|False|False|True|MATERIAIS DE USO TECNICO HOSPITALAR|INSTRUMENTOS, EQUIPAMENTOS E SUPRIMENTOS MÉDICOS  E  CIRÚRGICOS|1564340|487216|FIO DE SUTURA SINTETICO ABSORVIVEL - COMPOSTO DE POLIDIOXANONA 0, COM AGULHA 3,6 CM, COM 1/2 CIRCULO, CORTE REVERSO, COM FIO DE 70CM DE COMPRIMENTO, ABSORVIVEL, INVOLUCRO INTERNO, EM PAPEL GRAU CIRURGICO, RESPEITANDO O DECRETO LEI N.79094/77 ART.31 L.8078 /90,PORT.CONJ.N.1 DE 23/01/96-MINISTERIO DA SAUDE|FIO DE SUTURA AGULHADO, MATERIAL FIO: POLIDIOXANONA VIOLETA , MODELO FIO: MONOFILAMENTAR , DIÂMETRO FIO: 0 / 1-0 , COMPRIMENTO FIO: CERCA DE 70 CM, TIPO AGULHA: AGULHA 1/2 CÍRCULO , MODELO AGULHA: CORTANTE REVERSA / INVERTIDA , COMPRIMENTO AGULHA: CERCA DE 35 MM, ESTERILIDADE: ESTÉRIL , APRESENTAçãO: EMBALAGEM INDIVIDUAL 
417|OK_SEM_FLAGS|False|False|False|MATERIAIS DE USO TECNICO HOSPITALAR|INSTRUMENTOS, EQUIPAMENTOS E SUPRIMENTOS MÉDICOS  E  CIRÚRGICOS|1961500|487213|FIO DE SUTURA POLIDIOXANONA - POLYDIOXANONA II VIOLETA COM FIO DE 70 CM, DIAMETRO 0, AGULHA 4,0 CM 1/2 CIRCULO CILINDRICA EM CADA ENVELOPE, CONFORME NORMA ABNT 13 904/03|FIO DE SUTURA AGULHADO, MATERIAL FIO: POLIDIOXANONA VIOLETA , MODELO FIO: MONOFILAMENTAR , DIÂMETRO FIO: 0 / 1-0 , COMPRIMENTO FIO: CERCA DE 70 CM, TIPO AGULHA: AGULHA 1/2 CÍRCULO , MODELO AGULHA: CILÍNDRICA , COMPRIMENTO AGULHA: CERCA DE 40 MM, ESTERILIDADE: ESTÉRIL , APRESENTAçãO: EMBALAGEM INDIVIDUAL 
418|MAPEAMENTO_INCERTO|False|False|True|MATERIAIS DE USO TECNICO HOSPITALAR|INSTRUMENTOS, EQUIPAMENTOS E SUPRIMENTOS MÉDICOS  E  CIRÚRGICOS|1990381|487228|FIO DE SUTURA POLIDIOXANONA - LACADO, MONOFILAMENTO, CALIBRE 1, C/AGULHA CILINDRICA DE APROXIMADAMENTE6,5CM, 1/2 CIRCULAR, FIO COM 120CM DE COMPRIMENTO, ENVELOPE INDIVIDUAL, INVOLUCRO INTERNO ESTERIL|FIO DE SUTURA AGULHADO, MATERIAL FIO: POLIDIOXANONA VIOLETA , MODELO FIO: MONOFILAMENTAR, LAÇADO , DIÂMETRO FIO: Nº 1 , COMPRIMENTO FIO: CERCA DE 120 CM, TIPO AGULHA: AGULHA 1/2 CÍRCULO , MODELO AGULHA: CILÍNDRICA , COMPRIMENTO AGULHA: CERCA DE 65 MM, ESTERILIDADE: ESTÉRIL , APRESENTAçãO: EMBALAGEM INDIVIDUAL 
419|MAPEAMENTO_INCERTO|False|False|True|MATERIAIS DE USO TECNICO HOSPITALAR|INSTRUMENTOS, EQUIPAMENTOS E SUPRIMENTOS MÉDICOS  E  CIRÚRGICOS|2717182|487208|FIO DE SUTURA POLIDIOXANONA - POLIDIOXANONA,CALIBRE 2-0,COM AGULHA 2 1/2 ( GASTRO ).|FIO DE SUTURA AGULHADO, MATERIAL FIO: POLIDIOXANONA VIOLETA , MODELO FIO: MONOFILAMENTAR , DIÂMETRO FIO: 2-0 , COMPRIMENTO FIO: CERCA DE 70 CM, TIPO AGULHA: AGULHA 1/2 CÍRCULO , MODELO AGULHA: CILÍNDRICA , COMPRIMENTO AGULHA: CERCA DE 26 MM, ESTERILIDADE: ESTÉRIL , APRESENTAçãO: EMBALAGEM INDIVIDUAL 
420|MAPEAMENTO_INCERTO|False|False|True|MATERIAIS DE USO TECNICO HOSPITALAR|INSTRUMENTOS, EQUIPAMENTOS E SUPRIMENTOS MÉDICOS  E  CIRÚRGICOS|4160002|487206|FIO DE SUTURA POLIDIOXANONA - MONOFILAMENTAR,ABSORVIVEL, SINTETICO, FARPADO, ESPIRAL, BIDIRECIONAL, VIOLETA,MEDINDO: 14X14CM,CALIBRE 2-0,COM 2 AGULHAS CILINDRICA DE 26MM COM CURVATURA 1/2,INVOLUCRO INDIVIDUAL,ROTULO N. LOTE, DATA FABRICACAO/VALIDADE E PROCEDENCIA|FIO DE SUTURA AGULHADO, MATERIAL FIO: POLIDIOXANONA VIOLETA , MODELO FIO: MONOFILAMENTAR, FARPADO , DIÂMETRO FIO: 2-0 , COMPRIMENTO FIO: CERCA DE 30 CM, TIPO AGULHA: 2 AGULHAS 3/8 CÍRCULO NAS EXTREMIDADES , MODELO AGULHA: CORTANTE REVERSA / INVERTIDA , COMPRIMENTO AGULHA: CERCA DE 26 MM, ESTERILIDADE: ESTÉRIL , APRESENTAçãO: EMBALAGEM INDIVIDUAL 
421|MAPEAMENTO_INCERTO|False|False|True|MATERIAIS DE USO TECNICO HOSPITALAR|INSTRUMENTOS, EQUIPAMENTOS E SUPRIMENTOS MÉDICOS  E  CIRÚRGICOS|1965700|487203|FIO POLIDIOXANONA - FIO POLIDIOXANONA 3-0 COM AGULHA 2,6 CM.|FIO DE SUTURA AGULHADO, MATERIAL FIO: POLIDIOXANONA VIOLETA , MODELO FIO: MONOFILAMENTAR , DIÂMETRO FIO: 3-0 , COMPRIMENTO FIO: CERCA DE 70 CM, TIPO AGULHA: AGULHA 1/2 CÍRCULO , MODELO AGULHA: CILÍNDRICA , COMPRIMENTO AGULHA: CERCA DE 26 MM, ESTERILIDADE: ESTÉRIL , APRESENTAçãO: EMBALAGEM INDIVIDUAL 
422|MAPEAMENTO_INCERTO|False|False|True|MATERIAIS DE USO TECNICO HOSPITALAR|INSTRUMENTOS, EQUIPAMENTOS E SUPRIMENTOS MÉDICOS  E  CIRÚRGICOS|1965719|487198|FIO POLIDIOXANONA - FIO POLIDIOXANONA 4-0 COM AGULHA 2,2 CM.|FIO DE SUTURA AGULHADO, MATERIAL FIO: POLIDIOXANONA VIOLETA , MODELO FIO: MONOFILAMENTAR , DIÂMETRO FIO: 4-0 , COMPRIMENTO FIO: CERCA DE 70 CM, TIPO AGULHA: AGULHA 1/2 CÍRCULO , MODELO AGULHA: CILÍNDRICA , COMPRIMENTO AGULHA: CERCA DE 22 MM, ESTERILIDADE: ESTÉRIL , APRESENTAçãO: EMBALAGEM INDIVIDUAL 
423|MAPEAMENTO_INCERTO|False|False|True|MATERIAIS DE USO TECNICO HOSPITALAR|INSTRUMENTOS, EQUIPAMENTOS E SUPRIMENTOS MÉDICOS  E  CIRÚRGICOS|1965727|487199|FIO POLIDIOXANONA - FIO POLIDIOXANONA 4-0 COM AGULHA 2,6 CM.|FIO DE SUTURA AGULHADO, MATERIAL FIO: POLIDIOXANONA VIOLETA , MODELO FIO: MONOFILAMENTAR , DIÂMETRO FIO: 4-0 , COMPRIMENTO FIO: CERCA DE 70 CM, TIPO AGULHA: AGULHA 1/2 CÍRCULO , MODELO AGULHA: CILÍNDRICA , COMPRIMENTO AGULHA: CERCA DE 26 MM, ESTERILIDADE: ESTÉRIL , APRESENTAçãO: EMBALAGEM INDIVIDUAL 
425|OK_SEM_FLAGS|False|False|True|MATERIAIS DE USO TECNICO HOSPITALAR|INSTRUMENTOS, EQUIPAMENTOS E SUPRIMENTOS MÉDICOS  E  CIRÚRGICOS|2755777|487195|FIO POLIDIOXANONA - FIO POLIDIOXANONA 5-0 COM 1 AGULHA 1,7 CM|FIO DE SUTURA AGULHADO, MATERIAL FIO: POLIDIOXANONA VIOLETA , MODELO FIO: MONOFILAMENTAR , DIÂMETRO FIO: 5-0 , COMPRIMENTO FIO: CERCA DE 70 CM, TIPO AGULHA: AGULHA 1/2 CÍRCULO , MODELO AGULHA: CILÍNDRICA , COMPRIMENTO AGULHA: CERCA DE 18 MM, ESTERILIDADE: ESTÉRIL , APRESENTAçãO: EMBALAGEM INDIVIDUAL 
426|MAPEAMENTO_INCERTO|False|False|True|MATERIAIS DE USO TECNICO HOSPITALAR|INSTRUMENTOS, EQUIPAMENTOS E SUPRIMENTOS MÉDICOS  E  CIRÚRGICOS|285188|487190|FIO DE SUTURA SINTETICO ABSORVIVEL - COMPOSTO DE POLIMERO P-DIOXANONA,N.6-0,C/75 CM DE COMP., 2 AGULHAS 3/8 CIRC., CILINDRICA DE 1,3CM, COLORIDO, INVOLUCRO ENVELOPE INDIVIDUAL, COMBINADO COM O ARTIGO 31 DA LEI 8078/90, ART.31 L.8078/90 PORT.CONJ.N.1 DE 23/1/96-M.SAUDE|FIO DE SUTURA AGULHADO, MATERIAL FIO: POLIDIOXANONA VIOLETA , MODELO FIO: MONOFILAMENTAR , DIÂMETRO FIO: 6-0 , COMPRIMENTO FIO: CERCA DE 70 CM, TIPO AGULHA: 2 AGULHAS 3/8 CÍRCULO NAS EXTREMIDADES , MODELO AGULHA: CILÍNDRICA , COMPRIMENTO AGULHA: CERCA DE 14 MM, ESTERILIDADE: ESTÉRIL , APRESENTAçãO: EMBALAGEM INDIVIDUAL 
427|OK_SEM_FLAGS|False|False|True|MATERIAIS DE USO TECNICO HOSPITALAR|INSTRUMENTOS, EQUIPAMENTOS E SUPRIMENTOS MÉDICOS  E  CIRÚRGICOS|1925016|487153|FIO DE SUTURA POLIGLACTINA - POLIGLACTINA, ESTERIL,, CALIBRE 0, COM AGULHA CILINDRICA, 1/2 DE CIRCULO E 2,5 CM, COMPRIMENTO DO FIO,70CM, GASTRINTESTINAL, APRESENTACAO EM ENVELOPE. ROTULAGEM CONFORME LEGISLACAO VIGENTE.|FIO DE SUTURA AGULHADO, MATERIAL FIO: POLIGLACTINA VIOLETA , MODELO FIO: MULTIFILAMENTAR , DIÂMETRO FIO: 0 / 1-0 , COMPRIMENTO FIO: CERCA DE 70 CM, TIPO AGULHA: AGULHA 1/2 CÍRCULO , MODELO AGULHA: CILÍNDRICA , COMPRIMENTO AGULHA: CERCA DE 26 MM, ESTERILIDADE: ESTÉRIL , APRESENTAçãO: EMBALAGEM INDIVIDUAL 
428|MAPEAMENTO_INCERTO|False|False|True|MATERIAIS DE USO TECNICO HOSPITALAR|INSTRUMENTOS, EQUIPAMENTOS E SUPRIMENTOS MÉDICOS  E  CIRÚRGICOS|1990420|487162|FIO DE SUTURA POLIGLACTINA - ESTERIL, CALIBRE 0, COM AGULHA CILINDRICA DE 3,0CM, FIO COM 70CM DE COMPRIMENTO, 3/8 CIRCULAR, ENVELOPE INDIVIDUAL, INVOLUCRO INTERNO ESTERIL|FIO DE SUTURA AGULHADO, MATERIAL FIO: POLIGLACTINA VIOLETA , MODELO FIO: MULTIFILAMENTAR , DIÂMETRO FIO: 0 / 1-0 , COMPRIMENTO FIO: CERCA DE 70 CM, TIPO AGULHA: AGULHA 3/8 CÍRCULO , MODELO AGULHA: CILÍNDRICA , COMPRIMENTO AGULHA: CERCA DE 30 MM, ESTERILIDADE: ESTÉRIL , APRESENTAçãO: EMBALAGEM INDIVIDUAL 
429|OK_SEM_FLAGS|False|False|False|MATERIAIS DE USO TECNICO HOSPITALAR|INSTRUMENTOS, EQUIPAMENTOS E SUPRIMENTOS MÉDICOS  E  CIRÚRGICOS|1804332|487151|FIO DE SUTURA SINTETICO ABSORVIVEL - COMPOSTO DE EM POLIGLACTINA, CALIBRE 0, COM 70CM DE COMPRIMENTO, 01 AGULHA CILINDRICA COM 4CM 1/2 CIRCULO, VIOLETA TRANCADA, INVOLUCRO ENVELOPE INDIVIDUAL, COMBINADO COM ARTIGO 31 DA LEI 8078/90, ART.31 L.8078/90 PORT.CONJ.N.1 DE 23/1/96-M.SAUDE|FIO DE SUTURA AGULHADO, MATERIAL FIO: POLIGLACTINA VIOLETA , MODELO FIO: MULTIFILAMENTAR , DIÂMETRO FIO: 0 / 1-0 , COMPRIMENTO FIO: CERCA DE 70 CM, TIPO AGULHA: AGULHA 1/2 CÍRCULO , MODELO AGULHA: CILÍNDRICA , COMPRIMENTO AGULHA: CERCA DE 40 MM, ESTERILIDADE: ESTÉRIL , APRESENTAçãO: EMBALAGEM INDIVIDUAL 
430|MAPEAMENTO_INCERTO|False|False|True|MATERIAIS DE USO TECNICO HOSPITALAR|INSTRUMENTOS, EQUIPAMENTOS E SUPRIMENTOS MÉDICOS  E  CIRÚRGICOS|3506339|487152|FIO DE SUTURA CIRURGICA DE POLIGLACTINA - CALIBRE 0 COM TAMANHO 70 CM,COM 1 AGULHA,1/2 CIRCULO CILINDRICA COM PONTA ROMBA,36,4MM,APRESENTACAO EM ENVELOPE,APRESENTACAO E ROTULAGEM CONFORME LEGISLACAO VIGENTE.|FIO DE SUTURA AGULHADO, MATERIAL FIO: POLIGLACTINA VIOLETA , MODELO FIO: MULTIFILAMENTAR , DIÂMETRO FIO: 0 / 1-0 , COMPRIMENTO FIO: CERCA DE 70 CM, TIPO AGULHA: AGULHA 1/2 CÍRCULO , MODELO AGULHA: CILÍNDRICA , COMPRIMENTO AGULHA: CERCA DE 35 MM, ESTERILIDADE: ESTÉRIL , APRESENTAçãO: EMBALAGEM INDIVIDUAL 
431|OK_SEM_FLAGS|False|False|False|MATERIAIS DE USO TECNICO HOSPITALAR|INSTRUMENTOS, EQUIPAMENTOS E SUPRIMENTOS MÉDICOS  E  CIRÚRGICOS|1804332|487151|FIO DE SUTURA SINTETICO ABSORVIVEL - COMPOSTO DE EM POLIGLACTINA, CALIBRE 0, COM 70CM DE COMPRIMENTO, 01 AGULHA CILINDRICA COM 4CM 1/2 CIRCULO, VIOLETA TRANCADA, INVOLUCRO ENVELOPE INDIVIDUAL, COMBINADO COM ARTIGO 31 DA LEI 8078/90, ART.31 L.8078/90 PORT.CONJ.N.1 DE 23/1/96-M.SAUDE|FIO DE SUTURA AGULHADO, MATERIAL FIO: POLIGLACTINA VIOLETA , MODELO FIO: MULTIFILAMENTAR , DIÂMETRO FIO: 0 / 1-0 , COMPRIMENTO FIO: CERCA DE 70 CM, TIPO AGULHA: AGULHA 1/2 CÍRCULO , MODELO AGULHA: CILÍNDRICA , COMPRIMENTO AGULHA: CERCA DE 40 MM, ESTERILIDADE: ESTÉRIL , APRESENTAçãO: EMBALAGEM INDIVIDUAL 
432|MAPEAMENTO_INCERTO|False|False|True|MATERIAIS DE USO TECNICO HOSPITALAR|INSTRUMENTOS, EQUIPAMENTOS E SUPRIMENTOS MÉDICOS  E  CIRÚRGICOS|3506339|487152|FIO DE SUTURA CIRURGICA DE POLIGLACTINA - CALIBRE 0 COM TAMANHO 70 CM,COM 1 AGULHA,1/2 CIRCULO CILINDRICA COM PONTA ROMBA,36,4MM,APRESENTACAO EM ENVELOPE,APRESENTACAO E ROTULAGEM CONFORME LEGISLACAO VIGENTE.|FIO DE SUTURA AGULHADO, MATERIAL FIO: POLIGLACTINA VIOLETA , MODELO FIO: MULTIFILAMENTAR , DIÂMETRO FIO: 0 / 1-0 , COMPRIMENTO FIO: CERCA DE 70 CM, TIPO AGULHA: AGULHA 1/2 CÍRCULO , MODELO AGULHA: CILÍNDRICA , COMPRIMENTO AGULHA: CERCA DE 35 MM, ESTERILIDADE: ESTÉRIL , APRESENTAçãO: EMBALAGEM INDIVIDUAL 
433|OK_SEM_FLAGS|False|False|False|MATERIAIS DE USO TECNICO HOSPITALAR|INSTRUMENTOS, EQUIPAMENTOS E SUPRIMENTOS MÉDICOS  E  CIRÚRGICOS|1990535|487175|FIO DE SUTURA POLIGLACTINA - ESTERIL, CALIBRE 1, COM AGULHA CILINDRICA DE 4,0CM, FIO COM 70CM DE COMPRIMENTO, 1/2 CIRCULAR, ENVELOPE INDIVIDUAL, INVOLUCRO INTERNO ESTERIL|FIO DE SUTURA AGULHADO, MATERIAL FIO: POLIGLACTINA VIOLETA , MODELO FIO: MULTIFILAMENTAR , DIÂMETRO FIO: Nº 1 , COMPRIMENTO FIO: CERCA DE 70 CM, TIPO AGULHA: AGULHA 1/2 CÍRCULO , MODELO AGULHA: CILÍNDRICA ROBUSTA , COMPRIMENTO AGULHA: CERCA DE 40 MM, ESTERILIDADE: ESTÉRIL , APRESENTAçãO: EMBALAGEM INDIVIDUAL 
434|OK_SEM_FLAGS|False|False|True|MATERIAIS DE USO TECNICO HOSPITALAR|INSTRUMENTOS, EQUIPAMENTOS E SUPRIMENTOS MÉDICOS  E  CIRÚRGICOS|1925024|487129|FIO DE SUTURA POLIGLACTINA - POLIGLACTINA, ESTERIL,, CALIBRE 2-0, COM AGULHA CILINDRICA, 1/2 DE CIRCULO E 2,5 CM, COMPRIMENTO DO FIO,70CM, GASTRINTESTINAL, APRESENTACAO EM ENVELOPE. ROTULAGEM CONFORME LEGISLACAO VIGENTE.|FIO DE SUTURA AGULHADO, MATERIAL FIO: POLIGLACTINA VIOLETA , MODELO FIO: MULTIFILAMENTAR , DIÂMETRO FIO: 2-0 , COMPRIMENTO FIO: CERCA DE 70 CM, TIPO AGULHA: AGULHA 1/2 CÍRCULO , MODELO AGULHA: CILÍNDRICA , COMPRIMENTO AGULHA: CERCA DE 26 MM, ESTERILIDADE: ESTÉRIL , APRESENTAçãO: EMBALAGEM INDIVIDUAL 
435|MAPEAMENTO_INCERTO|False|False|True|MATERIAIS DE USO TECNICO HOSPITALAR|INSTRUMENTOS, EQUIPAMENTOS E SUPRIMENTOS MÉDICOS  E  CIRÚRGICOS|3953599|487132|FIO DE SUTURA POLIGLACTINA - ESTERIL,CALIBRE 2-0,AGULHA CILINDRICA DE 40,00MM (ORTOPEDIA),.,1/2 CIRCULO DE CIRCUNFERENCIA,APRESENTACAO EM ENVELOPE. ROTULO COM NUMERO DE LOTE, DATA FABRICACAO, VALIDADE E PROCEDENCIA. REGISTRO MS|FIO DE SUTURA AGULHADO, MATERIAL FIO: POLIGLACTINA VIOLETA , MODELO FIO: MULTIFILAMENTAR , DIÂMETRO FIO: 2-0 , COMPRIMENTO FIO: CERCA DE 70 CM, TIPO AGULHA: AGULHA 1/2 CÍRCULO , MODELO AGULHA: CILÍNDRICA , COMPRIMENTO AGULHA: CERCA DE 40 MM, ESTERILIDADE: ESTÉRIL , APRESENTAçãO: EMBALAGEM INDIVIDUAL 
435|MAPEAMENTO_INCERTO|False|False|True|MATERIAIS DE USO TECNICO HOSPITALAR|INSTRUMENTOS, EQUIPAMENTOS E SUPRIMENTOS MÉDICOS  E  CIRÚRGICOS|3953599|487150|FIO DE SUTURA POLIGLACTINA - ESTERIL,CALIBRE 2-0,AGULHA CILINDRICA DE 40,00MM (ORTOPEDIA),.,1/2 CIRCULO DE CIRCUNFERENCIA,APRESENTACAO EM ENVELOPE. ROTULO COM NUMERO DE LOTE, DATA FABRICACAO, VALIDADE E PROCEDENCIA. REGISTRO MS|FIO DE SUTURA AGULHADO, MATERIAL FIO: POLIGLACTINA VIOLETA , MODELO FIO: MULTIFILAMENTAR, LAÇADO , DIÂMETRO FIO: 2-0 , COMPRIMENTO FIO: CERCA DE 150 CM, TIPO AGULHA: AGULHA 1/2 CÍRCULO , MODELO AGULHA: CILÍNDRICA , COMPRIMENTO AGULHA: CERCA DE 40 MM, ESTERILIDADE: ESTÉRIL , APRESENTAçãO: EMBALAGEM INDIVIDUAL 
436|MAPEAMENTO_INCERTO|False|False|True|MATERIAIS DE USO TECNICO HOSPITALAR|INSTRUMENTOS, EQUIPAMENTOS E SUPRIMENTOS MÉDICOS  E  CIRÚRGICOS|1925032|487112|FIO DE SUTURA POLIGLACTINA - POLIGLACTINA, ESTERIL,, CALIBRE 3-0, COM AGULHA CILINDRICA, 1/2 DE CIRCULO E 2,0 CM, COMPRIMENTO DO FIO,70CM, GASTRINTESTINAL, APRESENTACAO EM ENVELOPE. ROTULAGEM CONFORME LEGISLACAO VIGENTE.|FIO DE SUTURA AGULHADO, MATERIAL FIO: POLIGLACTINA VIOLETA , MODELO FIO: MULTIFILAMENTAR , DIÂMETRO FIO: 3-0 , COMPRIMENTO FIO: CERCA DE 70 CM, TIPO AGULHA: AGULHA 1/2 CÍRCULO , MODELO AGULHA: CILÍNDRICA , COMPRIMENTO AGULHA: CERCA DE 20 MM, ESTERILIDADE: ESTÉRIL , APRESENTAçãO: EMBALAGEM INDIVIDUAL 
437|MAPEAMENTO_INCERTO|False|False|True|MATERIAIS DE USO TECNICO HOSPITALAR|INSTRUMENTOS, EQUIPAMENTOS E SUPRIMENTOS MÉDICOS  E  CIRÚRGICOS|1961381|487114|FIO DE SUTURA POLIGLACTINA - POLIGLACTINA 910 ABSORVIVEL, 3-0 DE DIAMETRO, 2,5 CM, 1/2 CIRCULO CILINDRICA, UM FIO DE 70 CM EM CADA ENVELOPE, CIRCULO CILINDRICA, ESPECIFICACOES NORMA ABNT 13 904/03|FIO DE SUTURA AGULHADO, MATERIAL FIO: POLIGLACTINA VIOLETA , MODELO FIO: MULTIFILAMENTAR , DIÂMETRO FIO: 3-0 , COMPRIMENTO FIO: CERCA DE 70 CM, TIPO AGULHA: AGULHA 1/2 CÍRCULO , MODELO AGULHA: CILÍNDRICA , COMPRIMENTO AGULHA: CERCA DE 26 MM, ESTERILIDADE: ESTÉRIL , APRESENTAçãO: EMBALAGEM INDIVIDUAL 
438|MAPEAMENTO_INCERTO|False|False|True|MATERIAIS DE USO TECNICO HOSPITALAR|INSTRUMENTOS, EQUIPAMENTOS E SUPRIMENTOS MÉDICOS  E  CIRÚRGICOS|1558854|487125|FIO DE SUTURA SINTETICO ABSORVIVEL - COMPOSTO DE POLIGLACTINA, CALIBRE 3-0, 01 AGULHA CILINDRICA 3/8 CIRCULO MEDINDO 3,0 CM, COLORIDO, INVOLUCRO ENVELOPE INDIVIDUAL, COMBINADO COM ARTIGO 31 DA LEI 8078/90, ART.31 L.8078/90 PORT.CONJ.N.1 DE 23/1/96-M.SAUDE|FIO DE SUTURA AGULHADO, MATERIAL FIO: POLIGLACTINA VIOLETA , MODELO FIO: MULTIFILAMENTAR , DIÂMETRO FIO: 3-0 , COMPRIMENTO FIO: CERCA DE 70 CM, TIPO AGULHA: AGULHA 3/8 CÍRCULO , MODELO AGULHA: CILÍNDRICA , COMPRIMENTO AGULHA: CERCA DE 30 MM, ESTERILIDADE: ESTÉRIL , APRESENTAçãO: EMBALAGEM INDIVIDUAL 
439|OK_SEM_FLAGS|False|False|False|MATERIAIS DE USO TECNICO HOSPITALAR|INSTRUMENTOS, EQUIPAMENTOS E SUPRIMENTOS MÉDICOS  E  CIRÚRGICOS|1804340|487122|FIO DE SUTURA SINTETICO ABSORVIVEL - COMPOSTO DE EM POLIGLACTINA, CALIBRE 3-0, COM 70CM DE COMPRIMENTO, 01 AGULHA CILINDRICA COM 4CM 1/2 CIRCULO, VIOLETA TRANCADA, INVOLUCRO ENVELOPE INDIVIDUAL, COMBINADO COM ARTIGO 31 DA LEI 8078/90, ART.31 L.8078/90 PORT.CONJ.N.1 DE 23/1/96-M.SAUDE|FIO DE SUTURA AGULHADO, MATERIAL FIO: POLIGLACTINA VIOLETA , MODELO FIO: MULTIFILAMENTAR , DIÂMETRO FIO: 3-0 , COMPRIMENTO FIO: CERCA DE 70 CM, TIPO AGULHA: AGULHA 1/2 CÍRCULO , MODELO AGULHA: CILÍNDRICA ROBUSTA , COMPRIMENTO AGULHA: CERCA DE 40 MM, ESTERILIDADE: ESTÉRIL , APRESENTAçãO: EMBALAGEM INDIVIDUAL 
440|MAPEAMENTO_INCERTO|False|False|True|MATERIAIS DE USO TECNICO HOSPITALAR|INSTRUMENTOS, EQUIPAMENTOS E SUPRIMENTOS MÉDICOS  E  CIRÚRGICOS|1961390|487105|FIO DE SUTURA POLIGLACTINA - POLIGLACTINA 910 ABSORVIVEL, 4-0 DE DIAMETRO, 2,5 CM, 1/2 CIRCULO CILINDRICA, UM FIO DE 70 CM EM CADA ENVELOPE, CIRCULO CILINDRICA, ESPECIFICACOES NORMA ABNT 13 904/03|FIO DE SUTURA AGULHADO, MATERIAL FIO: POLIGLACTINA VIOLETA , MODELO FIO: MULTIFILAMENTAR , DIÂMETRO FIO: 4-0 , COMPRIMENTO FIO: CERCA DE 70 CM, TIPO AGULHA: AGULHA 1/2 CÍRCULO , MODELO AGULHA: CILÍNDRICA , COMPRIMENTO AGULHA: CERCA DE 26 MM, ESTERILIDADE: ESTÉRIL , APRESENTAçãO: EMBALAGEM INDIVIDUAL 
442|MAPEAMENTO_INCERTO|False|False|True|MATERIAIS DE USO TECNICO HOSPITALAR|INSTRUMENTOS, EQUIPAMENTOS E SUPRIMENTOS MÉDICOS  E  CIRÚRGICOS|3206351|487050|FIO DE SUTURA SINTETICO ABSORVIVEL - COMPOSTO DE POLIGLACTINA, CALIBRE 4-0 COM TAMANHO 45,00CM,COM 1 AGULHA DE 19,00MM 3/8 CORTANTE  PARA PLASTICA INCOLOR COM COBERTURA ANTISSEPTICA CIRCULO MEDINDO 2,0 CM DE CORDA,ESTERIL,EM PAPEL GRAU CIRURGICO,DE ACORDO COM AS NORMAS VIGENTES DO MINISTERIO DA SAUDE|FIO DE SUTURA AGULHADO, MATERIAL FIO: POLIGLACTINA INCOLOR , MODELO FIO: MULTIFILAMENTAR , DIÂMETRO FIO: 4-0 , COMPRIMENTO FIO: CERCA DE 45 CM, TIPO AGULHA: AGULHA 3/8 CÍRCULO , MODELO AGULHA: CORTANTE , COMPRIMENTO AGULHA: CERCA DE 20 MM, ESTERILIDADE: ESTÉRIL , APRESENTAçãO: EMBALAGEM INDIVIDUAL 
443|MAPEAMENTO_INCERTO|False|False|True|MATERIAIS DE USO TECNICO HOSPITALAR|INSTRUMENTOS, EQUIPAMENTOS E SUPRIMENTOS MÉDICOS  E  CIRÚRGICOS|1558927|487096|FIO DE SUTURA SINTETICO ABSORVIVEL - COMPOSTO DE POLIGLACTINA, CALIBRE 5-0, 01 AGULHA CILINDRICA 1/2 CIRCULO MEDINDO 1,5 CM, COLORIDO, INVOLUCRO ENVELOPE INDIVIDUAL, COMBINADO COM ARTIGO 31 DA LEI 8078/90, ART.31 L.8078/90 PORT.CONJ.N.1 DE 23/1/96-M.SAUDE|FIO DE SUTURA AGULHADO, MATERIAL FIO: POLIGLACTINA VIOLETA , MODELO FIO: MULTIFILAMENTAR , DIÂMETRO FIO: 5-0 , COMPRIMENTO FIO: CERCA DE 70 CM, TIPO AGULHA: AGULHA 1/2 CÍRCULO , MODELO AGULHA: CILÍNDRICA , COMPRIMENTO AGULHA: CERCA DE 16 MM, ESTERILIDADE: ESTÉRIL , APRESENTAçãO: EMBALAGEM INDIVIDUAL 
445|MAPEAMENTO_INCERTO|False|False|True|MATERIAIS DE USO TECNICO HOSPITALAR|INSTRUMENTOS, EQUIPAMENTOS E SUPRIMENTOS MÉDICOS  E  CIRÚRGICOS|1558994|487091|FIO DE SUTURA SINTETICO ABSORVIVEL - COMPOSTO DE POLIGLACTINA, CALINBRE 6-0, 02 AGULHAS ESPATULADAS 1/4 CIRCULO MEDINDO 0,87CM, COLORIDO, INVOLUCRO ENVELOPE INDIVIDUAL, COMBINADO COM ARTIGO 31 DA LEI 8078/90, ART.31 L.8078/90 PORT.CONJ.N.1 DE 23/1/96-M.SAUDE|FIO DE SUTURA AGULHADO, MATERIAL FIO: POLIGLACTINA VIOLETA , MODELO FIO: MULTIFILAMENTAR , DIÂMETRO FIO: 6-0 , COMPRIMENTO FIO: CERCA DE 45 CM, TIPO AGULHA: 2 AGULHAS 1/4 CÍRCULO NAS EXTREMIDADES , MODELO AGULHA: ESPATULADA , COMPRIMENTO AGULHA: CERCA DE 8 MM, ESTERILIDADE: ESTÉRIL , APRESENTAçãO: EMBALAGEM INDIVIDUAL 
446|MAPEAMENTO_INCERTO|False|False|True|MATERIAIS DE USO TECNICO HOSPITALAR|INSTRUMENTOS, EQUIPAMENTOS E SUPRIMENTOS MÉDICOS  E  CIRÚRGICOS|2009161|487267|FIO DE SUTURA POLIGLECAPRONE - N-2, 25,GLICOLOMIDA 75% E CAPROLACTONA 25%, FIO SINTETICO, AGULHA 3,0CM, 3/8 CIRCULO CILINDRICA, EMBALADO EM ENVELOPE|FIO DE SUTURA AGULHADO, MATERIAL FIO: POLIGLECAPRONE VIOLETA , MODELO FIO: MONOFILAMENTAR , DIÂMETRO FIO: 2-0 , COMPRIMENTO FIO: CERCA DE 70 CM, TIPO AGULHA: AGULHA 3/8 CÍRCULO , MODELO AGULHA: CILÍNDRICA , COMPRIMENTO AGULHA: CERCA DE 30 MM, ESTERILIDADE: ESTÉRIL , APRESENTAçãO: EMBALAGEM INDIVIDUAL 
448|MAPEAMENTO_INCERTO|False|False|True|MATERIAIS DE USO TECNICO HOSPITALAR|INSTRUMENTOS, EQUIPAMENTOS E SUPRIMENTOS MÉDICOS  E  CIRÚRGICOS|1965778|605365|FIO DE POLIGLECAPONE - FIO DE POLIGLECAPONE 3-0, COM AGULHA 1,7 CM.|FIO DE SUTURA AGULHADO, MATERIAL FIO: POLIGLECAPRONE VIOLETA , MODELO FIO: MONOFILAMENTAR , DIÂMETRO FIO: 3-0 , COMPRIMENTO FIO: CERCA DE 70 CM, TIPO AGULHA: AGULHA 5/8 CÍRCULO , MODELO AGULHA: CILÍNDRICA , COMPRIMENTO AGULHA: CERCA DE 16 MM, ESTERILIDADE: ESTÉRIL , APRESENTAçãO: EMBALAGEM INDIVIDUAL 
448|MAPEAMENTO_INCERTO|False|False|True|MATERIAIS DE USO TECNICO HOSPITALAR|INSTRUMENTOS, EQUIPAMENTOS E SUPRIMENTOS MÉDICOS  E  CIRÚRGICOS|1965778|487256|FIO DE POLIGLECAPONE - FIO DE POLIGLECAPONE 3-0, COM AGULHA 1,7 CM.|FIO DE SUTURA AGULHADO, MATERIAL FIO: POLIGLECAPRONE VIOLETA , MODELO FIO: MONOFILAMENTAR , DIÂMETRO FIO: 3-0 , COMPRIMENTO FIO: CERCA DE 70 CM, TIPO AGULHA: AGULHA 1/2 CÍRCULO , MODELO AGULHA: CILÍNDRICA , COMPRIMENTO AGULHA: CERCA DE 18 MM, ESTERILIDADE: ESTÉRIL , APRESENTAçãO: EMBALAGEM INDIVIDUAL 
449|MAPEAMENTO_INCERTO|False|False|True|MATERIAIS DE USO TECNICO HOSPITALAR|INSTRUMENTOS, EQUIPAMENTOS E SUPRIMENTOS MÉDICOS  E  CIRÚRGICOS|1887211|487247|FIO DE SUTURA SINTETICO ABSORVIVEL - COMPOSTO DE POLIGLECAPRONE, 3-0, COM 01 AGULHA DE 1,9CM, 3/8 CORPO QUADRADO, COM FIO DE 70CM DE COMPRIMENTO, INCOLOR, INVOLUCRO INTERNO, EM PAPEL GRAU CIRURGICO, RESPEITANDO O DECRETO LEI N.79094/77 ART.31 L.8078 /90,PORT.CONJ.N.1 DE 23/01/96-MINISTERIO DA SAUDE|FIO DE SUTURA AGULHADO, MATERIAL FIO: POLIGLECAPRONE INCOLOR , MODELO FIO: MONOFILAMENTAR , DIÂMETRO FIO: 3-0 , COMPRIMENTO FIO: CERCA DE 70 CM, TIPO AGULHA: AGULHA 3/8 CÍRCULO , MODELO AGULHA: CORTANTE REVERSA / INVERTIDA , COMPRIMENTO AGULHA: CERCA DE 20 MM, ESTERILIDADE: ESTÉRIL , APRESENTAçãO: EMBALAGEM INDIVIDUAL 
450|MAPEAMENTO_INCERTO|False|False|True|MATERIAIS DE USO TECNICO HOSPITALAR|INSTRUMENTOS, EQUIPAMENTOS E SUPRIMENTOS MÉDICOS  E  CIRÚRGICOS|1961330|487259|FIO DE SUTURA POLIGLECAPRONE - ABSORVIVEL, DIAMENTRO 3-0 COM AGULHA DE 3,0 CM,3/8CIRCULO CORTANTE COM 01 FIO DE 70CM NO ENVELOPE, ENVELOPE ESPECIFICACOES CONFORME NORMA ABNT 13904/03|FIO DE SUTURA AGULHADO, MATERIAL FIO: POLIGLECAPRONE VIOLETA , MODELO FIO: MONOFILAMENTAR , DIÂMETRO FIO: 3-0 , COMPRIMENTO FIO: CERCA DE 70 CM, TIPO AGULHA: AGULHA 3/8 CÍRCULO , MODELO AGULHA: CILÍNDRICA , COMPRIMENTO AGULHA: CERCA DE 30 MM, ESTERILIDADE: ESTÉRIL , APRESENTAçãO: EMBALAGEM INDIVIDUAL 
451|MAPEAMENTO_INCERTO|False|False|True|MATERIAIS DE USO TECNICO HOSPITALAR|INSTRUMENTOS, EQUIPAMENTOS E SUPRIMENTOS MÉDICOS  E  CIRÚRGICOS|1930192|487246|FIO DE SUTURA POLIGLECAPRONE - FIO DE SUTURA POLIGLECAPRONE 25 CALIBRE 3-0, COM AGULHA , 1/2 CIRCUNFERENCIA DE APROXIMADAMENTE, 25 MM ( DIGESTIVO ).|FIO DE SUTURA AGULHADO, MATERIAL FIO: POLIGLECAPRONE INCOLOR , MODELO FIO: MONOFILAMENTAR , DIÂMETRO FIO: 3-0 , COMPRIMENTO FIO: CERCA DE 70 CM, TIPO AGULHA: AGULHA 1/2 CÍRCULO , MODELO AGULHA: CILÍNDRICA , COMPRIMENTO AGULHA: CERCA DE 24 MM, ESTERILIDADE: ESTÉRIL , APRESENTAçãO: EMBALAGEM INDIVIDUAL 
452|OK_SEM_FLAGS|False|False|False|MATERIAIS DE USO TECNICO HOSPITALAR|INSTRUMENTOS, EQUIPAMENTOS E SUPRIMENTOS MÉDICOS  E  CIRÚRGICOS|3735885|487248|FIO DE SUTURA POLIGLECAPRONE - 3-0 COM AGULHA 24,00MM, PS-1 PRIME, INCOLOR, PARA CIRURGIA PLASTICA,DE 3/8 TRIANGULAR, COM 70,00CM DE CORDA COM COBERTURA DE TRICLOSAN|FIO DE SUTURA AGULHADO, MATERIAL FIO: POLIGLECAPRONE INCOLOR , MODELO FIO: MONOFILAMENTAR , DIÂMETRO FIO: 3-0 , COMPRIMENTO FIO: CERCA DE 70 CM, TIPO AGULHA: AGULHA 3/8 CÍRCULO , MODELO AGULHA: CORTANTE REVERSA / INVERTIDA , COMPRIMENTO AGULHA: CERCA DE 24 MM, ESTERILIDADE: ESTÉRIL , APRESENTAçãO: EMBALAGEM INDIVIDUAL 
454|MAPEAMENTO_INCERTO|False|False|True|MATERIAIS DE USO TECNICO HOSPITALAR|INSTRUMENTOS, EQUIPAMENTOS E SUPRIMENTOS MÉDICOS  E  CIRÚRGICOS|2566443|620284|FIO DE POLIGLECAPRONE - FIO DE POLIGLECAPRONE,Nº 3-0 COM 02 AGULHAS  2,6CM|FIO DE SUTURA AGULHADO, MATERIAL FIO: POLIGLECAPRONE INCOLOR , MODELO FIO: MONOFILAMENTAR, FARPADO , DIÂMETRO FIO: 3-0 , COMPRIMENTO FIO: CERCA DE 30 CM, TIPO AGULHA: 2 AGULHAS 3/8 CÍRCULO NAS EXTREMIDADES , MODELO AGULHA: CORTANTE REVERSA / INVERTIDA , COMPRIMENTO AGULHA: CERCA DE 26 MM, ESTERILIDADE: ESTÉRIL , APRESENTAçãO: EMBALAGEM INDIVIDUAL 
454|MAPEAMENTO_INCERTO|False|False|True|MATERIAIS DE USO TECNICO HOSPITALAR|INSTRUMENTOS, EQUIPAMENTOS E SUPRIMENTOS MÉDICOS  E  CIRÚRGICOS|2566443|487245|FIO DE POLIGLECAPRONE - FIO DE POLIGLECAPRONE,Nº 3-0 COM 02 AGULHAS  2,6CM|FIO DE SUTURA AGULHADO, MATERIAL FIO: POLIGLECAPRONE INCOLOR , MODELO FIO: MONOFILAMENTAR, FARPADO , DIÂMETRO FIO: 3-0 , COMPRIMENTO FIO: CERCA DE 60 CM, TIPO AGULHA: 2 AGULHAS 3/8 CÍRCULO NAS EXTREMIDADES , MODELO AGULHA: CORTANTE REVERSA / INVERTIDA , COMPRIMENTO AGULHA: CERCA DE 26 MM, ESTERILIDADE: ESTÉRIL , APRESENTAçãO: EMBALAGEM INDIVIDUAL 
455|OK_SEM_FLAGS|False|False|False|MATERIAIS DE USO TECNICO HOSPITALAR|INSTRUMENTOS, EQUIPAMENTOS E SUPRIMENTOS MÉDICOS  E  CIRÚRGICOS|1965786|487238|FIO DE POLIGLECAPONE - FIO DE POLIGLECAPONE 4-0, COM AGULHA 1,7 CM.|FIO DE SUTURA AGULHADO, MATERIAL FIO: POLIGLECAPRONE INCOLOR , MODELO FIO: MONOFILAMENTAR , DIÂMETRO FIO: 4-0 , COMPRIMENTO FIO: CERCA DE 45 CM, TIPO AGULHA: AGULHA 3/8 CÍRCULO , MODELO AGULHA: CORTANTE REVERSA / INVERTIDA , COMPRIMENTO AGULHA: CERCA DE 16 MM, ESTERILIDADE: ESTÉRIL , APRESENTAçãO: EMBALAGEM INDIVIDUAL 
455|OK_SEM_FLAGS|False|False|False|MATERIAIS DE USO TECNICO HOSPITALAR|INSTRUMENTOS, EQUIPAMENTOS E SUPRIMENTOS MÉDICOS  E  CIRÚRGICOS|1965786|487252|FIO DE POLIGLECAPONE - FIO DE POLIGLECAPONE 4-0, COM AGULHA 1,7 CM.|FIO DE SUTURA AGULHADO, MATERIAL FIO: POLIGLECAPRONE VIOLETA , MODELO FIO: MONOFILAMENTAR , DIÂMETRO FIO: 4-0 , COMPRIMENTO FIO: CERCA DE 70 CM, TIPO AGULHA: AGULHA 1/2 CÍRCULO , MODELO AGULHA: CILÍNDRICA , COMPRIMENTO AGULHA: CERCA DE 16 MM, ESTERILIDADE: ESTÉRIL , APRESENTAçãO: EMBALAGEM INDIVIDUAL 
455|OK_SEM_FLAGS|False|False|False|MATERIAIS DE USO TECNICO HOSPITALAR|INSTRUMENTOS, EQUIPAMENTOS E SUPRIMENTOS MÉDICOS  E  CIRÚRGICOS|1965786|487253|FIO DE POLIGLECAPONE - FIO DE POLIGLECAPONE 4-0, COM AGULHA 1,7 CM.|FIO DE SUTURA AGULHADO, MATERIAL FIO: POLIGLECAPRONE VIOLETA , MODELO FIO: MONOFILAMENTAR , DIÂMETRO FIO: 4-0 , COMPRIMENTO FIO: CERCA DE 70 CM, TIPO AGULHA: AGULHA 1/2 CÍRCULO , MODELO AGULHA: CILÍNDRICA , COMPRIMENTO AGULHA: CERCA DE 18 MM, ESTERILIDADE: ESTÉRIL , APRESENTAçãO: EMBALAGEM INDIVIDUAL 
455|OK_SEM_FLAGS|False|False|False|MATERIAIS DE USO TECNICO HOSPITALAR|INSTRUMENTOS, EQUIPAMENTOS E SUPRIMENTOS MÉDICOS  E  CIRÚRGICOS|1965786|605660|FIO DE POLIGLECAPONE - FIO DE POLIGLECAPONE 4-0, COM AGULHA 1,7 CM.|FIO DE SUTURA AGULHADO, MATERIAL FIO: POLIGLECAPRONE INCOLOR , MODELO FIO: MONOFILAMENTAR , DIÂMETRO FIO: 4-0 , COMPRIMENTO FIO: CERCA DE 45 CM, TIPO AGULHA: AGULHA 1/2 CÍRCULO , MODELO AGULHA: CORTANTE REVERSA / INVERTIDA , COMPRIMENTO AGULHA: CERCA DE 16 MM, ESTERILIDADE: ESTÉRIL , APRESENTAçãO: EMBALAGEM INDIVIDUAL 
455|OK_SEM_FLAGS|False|False|False|MATERIAIS DE USO TECNICO HOSPITALAR|INSTRUMENTOS, EQUIPAMENTOS E SUPRIMENTOS MÉDICOS  E  CIRÚRGICOS|1965786|487236|FIO DE POLIGLECAPONE - FIO DE POLIGLECAPONE 4-0, COM AGULHA 1,7 CM.|FIO DE SUTURA AGULHADO, MATERIAL FIO: POLIGLECAPRONE INCOLOR , MODELO FIO: MONOFILAMENTAR , DIÂMETRO FIO: 4-0 , COMPRIMENTO FIO: CERCA DE 45 CM, TIPO AGULHA: AGULHA 3/8 CÍRCULO , MODELO AGULHA: CORTANTE , COMPRIMENTO AGULHA: CERCA DE 16 MM, ESTERILIDADE: ESTÉRIL , APRESENTAçãO: EMBALAGEM INDIVIDUAL 
456|MAPEAMENTO_INCERTO|False|False|True|MATERIAIS DE USO TECNICO HOSPITALAR|INSTRUMENTOS, EQUIPAMENTOS E SUPRIMENTOS MÉDICOS  E  CIRÚRGICOS|1934635|487240|FIO DE SUTURA POLIGLECAPRONE - MONOFILAMENTO PARA PLASTICA 4,0 AGULHA DE 1,9CM 3/8 DE CICLO TRIANGULAR, COMPRIMENTO 70CM, APRESENTACAO EM ENVELOPE|FIO DE SUTURA AGULHADO, MATERIAL FIO: POLIGLECAPRONE INCOLOR , MODELO FIO: MONOFILAMENTAR , DIÂMETRO FIO: 4-0 , COMPRIMENTO FIO: CERCA DE 70 CM, TIPO AGULHA: AGULHA 3/8 CÍRCULO , MODELO AGULHA: CORTANTE REVERSA / INVERTIDA , COMPRIMENTO AGULHA: CERCA DE 20 MM, ESTERILIDADE: ESTÉRIL , APRESENTAçãO: EMBALAGEM INDIVIDUAL 
457|MAPEAMENTO_INCERTO|False|False|True|MATERIAIS DE USO TECNICO HOSPITALAR|INSTRUMENTOS, EQUIPAMENTOS E SUPRIMENTOS MÉDICOS  E  CIRÚRGICOS|1930184|487254|FIO DE SUTURA POLIGLECAPRONE - FIO DE SUTURA POLIGLECAPRONE 25 CALIBRE 4-0, COM AGULHA ,1/2 CIRCUNFERENCIA E 2,5 CM, ( DIGESTIVO ).|FIO DE SUTURA AGULHADO, MATERIAL FIO: POLIGLECAPRONE VIOLETA , MODELO FIO: MONOFILAMENTAR , DIÂMETRO FIO: 4-0 , COMPRIMENTO FIO: CERCA DE 70 CM, TIPO AGULHA: AGULHA 1/2 CÍRCULO , MODELO AGULHA: CILÍNDRICA , COMPRIMENTO AGULHA: CERCA DE 26 MM, ESTERILIDADE: ESTÉRIL , APRESENTAçãO: EMBALAGEM INDIVIDUAL 
458|MAPEAMENTO_INCERTO|False|False|True|MATERIAIS DE USO TECNICO HOSPITALAR|INSTRUMENTOS, EQUIPAMENTOS E SUPRIMENTOS MÉDICOS  E  CIRÚRGICOS|4754905|487239|FIO DE SUTURA POLIGLECAPRONE - N. 4-0,COM AGULHA TRIANGULAR DE 1,90CM, 3/8 CIRCULO, 45,00CM DE COMPRIMENTO|FIO DE SUTURA AGULHADO, MATERIAL FIO: POLIGLECAPRONE INCOLOR , MODELO FIO: MONOFILAMENTAR , DIÂMETRO FIO: 4-0 , COMPRIMENTO FIO: CERCA DE 45 CM, TIPO AGULHA: AGULHA 3/8 CÍRCULO , MODELO AGULHA: CORTANTE REVERSA / INVERTIDA , COMPRIMENTO AGULHA: CERCA DE 20 MM, ESTERILIDADE: ESTÉRIL , APRESENTAçãO: EMBALAGEM INDIVIDUAL 
459|MAPEAMENTO_INCERTO|False|False|True|MATERIAIS DE USO TECNICO HOSPITALAR|INSTRUMENTOS, EQUIPAMENTOS E SUPRIMENTOS MÉDICOS  E  CIRÚRGICOS|1990357|487233|FIO DE SUTURA POLIGLECAPRONE - MONOFILAMENTO PARA CIRURGIA CALIBRE 5-0,C/AGULHA TRIANG.APROX. 1,90CM,3/8 CIRCULAR, FIO COM 45CM DE COMPRIMENTO, ENVELOPE INDIVIDUAL,INVOLUCRO INTERNO ESTERIL|FIO DE SUTURA AGULHADO, MATERIAL FIO: POLIGLECAPRONE INCOLOR , MODELO FIO: MONOFILAMENTAR , DIÂMETRO FIO: 5-0 , COMPRIMENTO FIO: CERCA DE 45 CM, TIPO AGULHA: AGULHA 3/8 CÍRCULO , MODELO AGULHA: CORTANTE REVERSA / INVERTIDA , COMPRIMENTO AGULHA: CERCA DE 20 MM, ESTERILIDADE: ESTÉRIL , APRESENTAçãO: EMBALAGEM INDIVIDUAL 
460|MAPEAMENTO_INCERTO|False|False|True|MATERIAIS DE USO TECNICO HOSPITALAR|INSTRUMENTOS, EQUIPAMENTOS E SUPRIMENTOS MÉDICOS  E  CIRÚRGICOS|2566451|487251|FIO DE POLIGLECAPRONE - FIO DE POLIGLECAPRONE,Nº 5-0 COM AGULHA 1,7CM (70CM )|FIO DE SUTURA AGULHADO, MATERIAL FIO: POLIGLECAPRONE VIOLETA , MODELO FIO: MONOFILAMENTAR , DIÂMETRO FIO: 5-0 , COMPRIMENTO FIO: CERCA DE 70 CM, TIPO AGULHA: AGULHA 1/2 CÍRCULO , MODELO AGULHA: CILÍNDRICA , COMPRIMENTO AGULHA: CERCA DE 18 MM, ESTERILIDADE: ESTÉRIL , APRESENTAçãO: EMBALAGEM INDIVIDUAL 
461|MAPEAMENTO_INCERTO|False|False|True|MATERIAIS DE USO TECNICO HOSPITALAR|INSTRUMENTOS, EQUIPAMENTOS E SUPRIMENTOS MÉDICOS  E  CIRÚRGICOS|890820|487532|FIO DE SUTURA DE POLIPROPILENO - EM POLIPROPILENO, CALIBRE ZERO, 01 AGULHA CILINDRICA 1/2 CIRCULO E 2,5CM, VARIADA, EM ENVELOPE INDIVIDUAL, EM MATERIAL QUE GARANTA BARREIRA MICROBIANA E COMBINADO COM ARTIGO 31 DA LEI 8078/90, CONTENDO DADOS DE IDENTIFICACAO E PROCEDENCIA, A APRESENTACAO DO PRODUTO DEVERA OBEDECER A ART.31 L.8078/90 PORT.CONJ.N.1 DE 23/1/96-M.SAUDE, CONTENDO VALIDADE, LOTE E REGISTRO DO MS|FIO DE SUTURA AGULHADO, MATERIAL FIO: POLIPROPILENO AZUL , MODELO FIO: MONOFILAMENTAR , DIÂMETRO FIO: 0 / 1-0 , COMPRIMENTO FIO: CERCA DE 70 CM, TIPO AGULHA: AGULHA 1/2 CÍRCULO , MODELO AGULHA: CILÍNDRICA , COMPRIMENTO AGULHA: CERCA DE 26 MM, ESTERILIDADE: ESTÉRIL , APRESENTAçãO: EMBALAGEM INDIVIDUAL 
462|OK_SEM_FLAGS|False|False|False|MATERIAIS DE USO TECNICO HOSPITALAR|INSTRUMENTOS, EQUIPAMENTOS E SUPRIMENTOS MÉDICOS  E  CIRÚRGICOS|916072|487533|FIO DE SUTURA DE POLIPROPILENO - EM POLIPROPILENO, CALIBRE ZERO, 01 AGULHA CILINDRICA 1/2 CIRCULO E 3,5CM, VARIADA, EM ENVELOPE INDIVIDUAL, EM MATERIAL QUE GARANTA BARREIRA MICROBIANA E COMBINADO COM ARTIGO 31 DA LEI 8078/90, CONTENDO DADOS DE IDENTIFICACAO E PROCEDENCIA, A APRESENTACAO DO PRODUTO DEVERA OBEDECER A ART.31 L.8078/90 PORT.CONJ.N.1 DE 23/1/96-M.SAUDE, CONTENDO VALIDADE, LOTE E REGISTRO DO MS|FIO DE SUTURA AGULHADO, MATERIAL FIO: POLIPROPILENO AZUL , MODELO FIO: MONOFILAMENTAR , DIÂMETRO FIO: 0 / 1-0 , COMPRIMENTO FIO: CERCA DE 70 CM, TIPO AGULHA: AGULHA 1/2 CÍRCULO , MODELO AGULHA: CILÍNDRICA , COMPRIMENTO AGULHA: CERCA DE 35 MM, ESTERILIDADE: ESTÉRIL , APRESENTAçãO: EMBALAGEM INDIVIDUAL 
463|OK_SEM_FLAGS|False|False|False|MATERIAIS DE USO TECNICO HOSPITALAR|INSTRUMENTOS, EQUIPAMENTOS E SUPRIMENTOS MÉDICOS  E  CIRÚRGICOS|285471|487534|FIO DE SUTURA DE POLIPROPILENO - EM POLIPROPILENO, CALIBRE ZERO, 01 AGULHA CILINDRICA 1/2 CIRCULO E 4,0CM, VARIADA, EM ENVELOPE INDIVIDUAL, EM MATERIAL QUE GARANTA BARREIRA MICROBIANA E COMBINADO COM ARTIGO 31 DA LEI 8078/90, CONTENDO DADOS DE IDENTIFICACAO E PROCEDENCIA, A APRESENTACAO DO PRODUTO DEVERA OBEDECER A ART.31 L.8078/90 PORT.CONJ.N.1 DE 23/1/96-M.SAUDE, CONTENDO VALIDADE, LOTE E REGISTRO DO MS|FIO DE SUTURA AGULHADO, MATERIAL FIO: POLIPROPILENO AZUL , MODELO FIO: MONOFILAMENTAR , DIÂMETRO FIO: 0 / 1-0 , COMPRIMENTO FIO: CERCA DE 70 CM, TIPO AGULHA: AGULHA 1/2 CÍRCULO , MODELO AGULHA: CILÍNDRICA , COMPRIMENTO AGULHA: CERCA DE 40 MM, ESTERILIDADE: ESTÉRIL , APRESENTAçãO: EMBALAGEM INDIVIDUAL 
464|OK_SEM_FLAGS|False|False|False|MATERIAIS DE USO TECNICO HOSPITALAR|INSTRUMENTOS, EQUIPAMENTOS E SUPRIMENTOS MÉDICOS  E  CIRÚRGICOS|552321|487530|FIO DE SUTURA DE POLIPROPILENO - EM POLIPROPILENO, CALIBRE 2-0, 01 AGULHA CILINDRICA 1/2 CIRCULO E 3,5CM, COR VARIADA, EM ENVELOPE INDIVIDUAL, EM MATERIAL QUE GARANTA BARREIRA MICROBIANA E COMBINADO COM ARTIGO 31 DA LEI 8078/90, CONTENDO DADOS DE IDENTIFICACAO E PROCEDENCIA, A APRESENTACAO DO PRODUTO DEVERA OBEDECER A ART.31 L.8078/90 PORT.CONJ.N.1 DE 23/1/96-M.SAUDE, CONTENDO VALIDADE, LOTE E REGISTRO DO MS|FIO DE SUTURA AGULHADO, MATERIAL FIO: POLIPROPILENO AZUL , MODELO FIO: MONOFILAMENTAR , DIÂMETRO FIO: 2-0 , COMPRIMENTO FIO: CERCA DE 70 CM, TIPO AGULHA: AGULHA 1/2 CÍRCULO , MODELO AGULHA: CILÍNDRICA , COMPRIMENTO AGULHA: CERCA DE 35 MM, ESTERILIDADE: ESTÉRIL , APRESENTAçãO: EMBALAGEM INDIVIDUAL 
465|MAPEAMENTO_INCERTO|False|False|True|MATERIAIS DE USO TECNICO HOSPITALAR|INSTRUMENTOS, EQUIPAMENTOS E SUPRIMENTOS MÉDICOS  E  CIRÚRGICOS|3942848|487528|FIO DE SUTURA DE POLIPROPILENO - CALIBRE 2-0,02 AGULHAS COM CORPO QUADRADO E PONTA CORTANTE DE 1/2 CIRCULO E 2,5CM,COR AZUL,EMBALAGEM INDIVIDUAL ESTERIL, CONTENDO VALIDADE, LOTE E REGISTRO DO MINISTERIO DA SAUDE,RESPEITANDO O ARTIGO 31 DA LEI 8078/90,CONFORME PORTARIA CONJUNTA Nº01 DE 23/01/96-MS|FIO DE SUTURA AGULHADO, MATERIAL FIO: POLIPROPILENO AZUL , MODELO FIO: MONOFILAMENTAR , DIÂMETRO FIO: 2-0 , COMPRIMENTO FIO: CERCA DE 70 CM, TIPO AGULHA: 2 AGULHAS 1/2 CÍRCULO NAS EXTREMIDADES , MODELO AGULHA: CILÍNDRICA , COMPRIMENTO AGULHA: CERCA DE 26 MM, ESTERILIDADE: ESTÉRIL , APRESENTAçãO: EMBALAGEM INDIVIDUAL 
466|MAPEAMENTO_INCERTO|False|False|True|MATERIAIS DE USO TECNICO HOSPITALAR|INSTRUMENTOS, EQUIPAMENTOS E SUPRIMENTOS MÉDICOS  E  CIRÚRGICOS|1988921|487528|FIO DE SUTURA DE POLIPROPILENO - EM MONOFILAMENTO CARDIOVASCULAR, CALIBRE 2-0, COM 2 AGULHAS CILINDRICAS DE 3,0CM, 1/2 CIRCULAR,FIO COM 75CM DE COMPRIMENTO, COR AZUL, EM ENVELOPE INDIVIDUAL, INVOLUCRO INTERNO ESTERIL, EM MATERIAL QUE GARANTA BARREIRA MICROBIANA E COMBINADO COM O ARTIGO 31 DA LEI 8078/90, A APRESENTACAO DO PRODUTO DEVERA OBEDECER A LEGISLACAO VIGENTE MS|FIO DE SUTURA AGULHADO, MATERIAL FIO: POLIPROPILENO AZUL , MODELO FIO: MONOFILAMENTAR , DIÂMETRO FIO: 2-0 , COMPRIMENTO FIO: CERCA DE 70 CM, TIPO AGULHA: 2 AGULHAS 1/2 CÍRCULO NAS EXTREMIDADES , MODELO AGULHA: CILÍNDRICA , COMPRIMENTO AGULHA: CERCA DE 26 MM, ESTERILIDADE: ESTÉRIL , APRESENTAçãO: EMBALAGEM INDIVIDUAL 
467|MAPEAMENTO_INCERTO|False|False|True|MATERIAIS DE USO TECNICO HOSPITALAR|INSTRUMENTOS, EQUIPAMENTOS E SUPRIMENTOS MÉDICOS  E  CIRÚRGICOS|1476270|487529|FIO DE SUTURA DE POLIPROPILENO - EM 2-0 C/ AGULHA 2,5CM,1/2 CIRCULO CILINDRICA,, INABSORVIVEL, COM FIO DE 70CM DE COMPRIMENTO, AZUL,(FECHAMENTO), EM INTERNO, EM MATERIAL QUE GARANTA BARREIRA MICROBIANA E EM PAPEL GRAU CIRURGICO,, A APRESENTACAO DO PRODUTO DEVERA OBEDECER A RESPEITANDO O DECRETO LEI 79094/77 ART.31 L.8078 /90 PORT.CONJ.N.1 DE 23/01/96 - MINISTERIO DA SAUDE|FIO DE SUTURA AGULHADO, MATERIAL FIO: POLIPROPILENO AZUL , MODELO FIO: MONOFILAMENTAR , DIÂMETRO FIO: 2-0 , COMPRIMENTO FIO: CERCA DE 70 CM, TIPO AGULHA: AGULHA 1/2 CÍRCULO , MODELO AGULHA: CILÍNDRICA , COMPRIMENTO AGULHA: CERCA DE 26 MM, ESTERILIDADE: ESTÉRIL , APRESENTAçãO: EMBALAGEM INDIVIDUAL 
469|MAPEAMENTO_INCERTO|False|False|True|MATERIAIS DE USO TECNICO HOSPITALAR|INSTRUMENTOS, EQUIPAMENTOS E SUPRIMENTOS MÉDICOS  E  CIRÚRGICOS|1961470|487531|FIO DE SUTURA DE POLIPROPILENO - EM POLIPROPILENO AZUL DIAMETRO 2-0 COM AGULHA DE 3,0CM 3/8 CIRCULO CILINDRICA, INABSORVIVEL, COM FIO DE 75CM DE COMPRIMENTO EM CADA ENVELOPE, AZUL, EM INTERNO, EM MATERIAL QUE GARANTA BARREIRA MICROBIANA E EM PAPEL GRAU CIRURGICO,CONFORME NORMA ABNT 13 904/03, A APRESENTACAO DO PRODUTO DEVERA OBEDECER A LEGISLACAO VIGENTE|FIO DE SUTURA AGULHADO, MATERIAL FIO: POLIPROPILENO AZUL , MODELO FIO: MONOFILAMENTAR , DIÂMETRO FIO: 2-0 , COMPRIMENTO FIO: CERCA DE 70 CM, TIPO AGULHA: AGULHA 3/8 CÍRCULO , MODELO AGULHA: CILÍNDRICA , COMPRIMENTO AGULHA: CERCA DE 30 MM, ESTERILIDADE: ESTÉRIL , APRESENTAçãO: EMBALAGEM INDIVIDUAL 
470|MAPEAMENTO_INCERTO|False|False|True|MATERIAIS DE USO TECNICO HOSPITALAR|INSTRUMENTOS, EQUIPAMENTOS E SUPRIMENTOS MÉDICOS  E  CIRÚRGICOS|1556541|487521|FIO DE SUTURA DE POLIPROPILENO - EM MONOFILAMENTO GASTRO C/01 AGULHA ATRAUMATICA 3-0 COM AGULHA DE 3,0CM, INABSORVIVEL, COM FIO DE 70CM DE COMPRIMENTO, INCOLOR, EM ENVELOPE INDIVIDUAL, EM MATERIAL QUE GARANTA BARREIRA MICROBIANA E EM PAPEL GRAU CIRURGICO, CAIXA COM 24 ENVELOPES, A APRESENTACAO DO PRODUTO DEVERA OBEDECER A LEGISLACAO VIGENTE|FIO DE SUTURA AGULHADO, MATERIAL FIO: POLIPROPILENO AZUL , MODELO FIO: MONOFILAMENTAR , DIÂMETRO FIO: 3-0 , COMPRIMENTO FIO: CERCA DE 70 CM, TIPO AGULHA: AGULHA 1/2 CÍRCULO , MODELO AGULHA: CILÍNDRICA , COMPRIMENTO AGULHA: CERCA DE 30 MM, ESTERILIDADE: ESTÉRIL , APRESENTAçãO: EMBALAGEM INDIVIDUAL 
470|MAPEAMENTO_INCERTO|False|False|True|MATERIAIS DE USO TECNICO HOSPITALAR|INSTRUMENTOS, EQUIPAMENTOS E SUPRIMENTOS MÉDICOS  E  CIRÚRGICOS|1556541|487522|FIO DE SUTURA DE POLIPROPILENO - EM MONOFILAMENTO GASTRO C/01 AGULHA ATRAUMATICA 3-0 COM AGULHA DE 3,0CM, INABSORVIVEL, COM FIO DE 70CM DE COMPRIMENTO, INCOLOR, EM ENVELOPE INDIVIDUAL, EM MATERIAL QUE GARANTA BARREIRA MICROBIANA E EM PAPEL GRAU CIRURGICO, CAIXA COM 24 ENVELOPES, A APRESENTACAO DO PRODUTO DEVERA OBEDECER A LEGISLACAO VIGENTE|FIO DE SUTURA AGULHADO, MATERIAL FIO: POLIPROPILENO AZUL , MODELO FIO: MONOFILAMENTAR , DIÂMETRO FIO: 3-0 , COMPRIMENTO FIO: CERCA DE 70 CM, TIPO AGULHA: AGULHA 3/8 CÍRCULO , MODELO AGULHA: CILÍNDRICA , COMPRIMENTO AGULHA: CERCA DE 30 MM, ESTERILIDADE: ESTÉRIL , APRESENTAçãO: EMBALAGEM INDIVIDUAL 
471|MAPEAMENTO_INCERTO|False|False|True|MATERIAIS DE USO TECNICO HOSPITALAR|INSTRUMENTOS, EQUIPAMENTOS E SUPRIMENTOS MÉDICOS  E  CIRÚRGICOS|1557327|487516|FIO DE SUTURA DE POLIPROPILENO - EM POPIPROPILENO MONOFILAMENTO ,CARDIOVASCULAR C/02 AGULHAS ATRAUMATICAS TAM 3-0C/AGULHA DE 2,0CM, INABSORVIVEL, COM FIO DE 70CM DE COMPRIMENTO, INCOLOR, EM ENVELOPE INDIVIDUAL, EM MATERIAL QUE GARANTA BARREIRA MICROBIANA E EM PAPEL GRAU CIRURGICO,CX C/24 ENVELOPES, A APRESENTACAO DO PRODUTO DEVERA OBEDECER A RESPEITANDO O DECRETO LEI 79094/77 ART.31 L.8078 / 90 PORT.CONJ.N.1 DE 23/01/96 - MINISTERIO DA SAUD|FIO DE SUTURA AGULHADO, MATERIAL FIO: POLIPROPILENO AZUL , MODELO FIO: MONOFILAMENTAR , DIÂMETRO FIO: 3-0 , COMPRIMENTO FIO: CERCA DE 70 CM, TIPO AGULHA: 2 AGULHAS 1/2 CÍRCULO NAS EXTREMIDADES , MODELO AGULHA: CILÍNDRICA , COMPRIMENTO AGULHA: CERCA DE 20 MM, ESTERILIDADE: ESTÉRIL , APRESENTAçãO: EMBALAGEM INDIVIDUAL 
472|MAPEAMENTO_INCERTO|False|False|True|MATERIAIS DE USO TECNICO HOSPITALAR|INSTRUMENTOS, EQUIPAMENTOS E SUPRIMENTOS MÉDICOS  E  CIRÚRGICOS|1988948|487519|FIO DE SUTURA DE POLIPROPILENO - EM MONOFILAMENTO CARDIOVASCULAR, CALIBRE 3-0, COM 2 AGULHAS CILINDRICAS DE 3,0CM, 1/2 CIRCULAR,FIO COM 75CM DE COMPRIMENTO, COR AZUL, EM ENVELOPE INDIVIDUAL, INVOLUCRO INTERNO ESTERIL, EM MATERIAL QUE GARANTA BARREIRA MICROBIANA E COMBINADO COM O ARTIGO 31 DA LEI 8078/90, A APRESENTACAO DO PRODUTO DEVERA OBEDECER A LEGISLACAO VIGENTE MS|FIO DE SUTURA AGULHADO, MATERIAL FIO: POLIPROPILENO AZUL , MODELO FIO: MONOFILAMENTAR , DIÂMETRO FIO: 3-0 , COMPRIMENTO FIO: CERCA DE 70 CM, TIPO AGULHA: 2 AGULHAS 1/2 CÍRCULO NAS EXTREMIDADES , MODELO AGULHA: CILÍNDRICA , COMPRIMENTO AGULHA: CERCA DE 30 MM, ESTERILIDADE: ESTÉRIL , APRESENTAçãO: EMBALAGEM INDIVIDUAL 
472|MAPEAMENTO_INCERTO|False|False|True|MATERIAIS DE USO TECNICO HOSPITALAR|INSTRUMENTOS, EQUIPAMENTOS E SUPRIMENTOS MÉDICOS  E  CIRÚRGICOS|1988948|487524|FIO DE SUTURA DE POLIPROPILENO - EM MONOFILAMENTO CARDIOVASCULAR, CALIBRE 3-0, COM 2 AGULHAS CILINDRICAS DE 3,0CM, 1/2 CIRCULAR,FIO COM 75CM DE COMPRIMENTO, COR AZUL, EM ENVELOPE INDIVIDUAL, INVOLUCRO INTERNO ESTERIL, EM MATERIAL QUE GARANTA BARREIRA MICROBIANA E COMBINADO COM O ARTIGO 31 DA LEI 8078/90, A APRESENTACAO DO PRODUTO DEVERA OBEDECER A LEGISLACAO VIGENTE MS|FIO DE SUTURA AGULHADO, MATERIAL FIO: POLIPROPILENO AZUL , MODELO FIO: MONOFILAMENTAR , DIÂMETRO FIO: 3-0 , COMPRIMENTO FIO: CERCA DE 90 CM, TIPO AGULHA: 2 AGULHAS 1/2 CÍRCULO NAS EXTREMIDADES , MODELO AGULHA: CILÍNDRICA , COMPRIMENTO AGULHA: CERCA DE 30 MM, ESTERILIDADE: ESTÉRIL , APRESENTAçãO: EMBALAGEM INDIVIDUAL 
473|OK_SEM_FLAGS|False|False|False|MATERIAIS DE USO TECNICO HOSPITALAR|INSTRUMENTOS, EQUIPAMENTOS E SUPRIMENTOS MÉDICOS  E  CIRÚRGICOS|635138|487522|FIO DE SUTURA DE POLIPROPILENO - EM POLIPROPILENO, CALIBRE 3-0, 01 AGULHA CILINDRICA 3/8 CIRCULO E 30 MM, COR AZUL ( GASTRINTESTINAL), EM ENVELOPE INDIVIDUAL, EM MATERIAL QUE GARANTA BARREIRA MICROBIANA E COMBINADO COM ARTIGO 31 DA LEI 8078/90, CONTENDO DADOS DE IDENTIFICACAO E PROCEDENCIA, A APRESENTACAO DO PRODUTO DEVERA OBEDECER A ART.31 L.8078/90 PORT.CONJ.N.1 DE 23/1/96-M.SAUDE, CONTENDO VALIDADE, LOTE E REGISTRO DO MS|FIO DE SUTURA AGULHADO, MATERIAL FIO: POLIPROPILENO AZUL , MODELO FIO: MONOFILAMENTAR , DIÂMETRO FIO: 3-0 , COMPRIMENTO FIO: CERCA DE 70 CM, TIPO AGULHA: AGULHA 3/8 CÍRCULO , MODELO AGULHA: CILÍNDRICA , COMPRIMENTO AGULHA: CERCA DE 30 MM, ESTERILIDADE: ESTÉRIL , APRESENTAçãO: EMBALAGEM INDIVIDUAL 
474|MAPEAMENTO_INCERTO|False|False|True|MATERIAIS DE USO TECNICO HOSPITALAR|INSTRUMENTOS, EQUIPAMENTOS E SUPRIMENTOS MÉDICOS  E  CIRÚRGICOS|333557|487520|FIO DE SUTURA DE POLIPROPILENO - EM POLIPROPILENO, CALIBRE 3-0, 01 AGULHA CILINDRICA 1/2 CIRCULO E 2,5CM, COR AZUL (GASTRO), EM ENVELOPE INDIVIDUAL, EM MATERIAL QUE GARANTA BARREIRA MICROBIANA E COMBINADO COM ARTIGO 31 DA LEI 8078/90, CONTENDO DADOS DE IDENTIFICACAO E PROCEDENCIA, A APRESENTACAO DO PRODUTO DEVERA OBEDECER A ART.31 L.8078/90 PORT.CONJ.N.1 DE 23/1/96-M.SAUDE, CONTENDO VALIDADE, LOTE E REGISTRO DO MS|FIO DE SUTURA AGULHADO, MATERIAL FIO: POLIPROPILENO AZUL , MODELO FIO: MONOFILAMENTAR , DIÂMETRO FIO: 3-0 , COMPRIMENTO FIO: CERCA DE 70 CM, TIPO AGULHA: AGULHA 1/2 CÍRCULO , MODELO AGULHA: CILÍNDRICA , COMPRIMENTO AGULHA: CERCA DE 26 MM, ESTERILIDADE: ESTÉRIL , APRESENTAçãO: EMBALAGEM INDIVIDUAL 
475|MAPEAMENTO_INCERTO|False|False|True|MATERIAIS DE USO TECNICO HOSPITALAR|INSTRUMENTOS, EQUIPAMENTOS E SUPRIMENTOS MÉDICOS  E  CIRÚRGICOS|1735632|487518|FIO DE SUTURA DE POLIPROPILENO - EM POLIPROPILENO, FIO DE SUTURA CALIBRE 3-0, COM 2 AGULHAS E 2,5 CM DE CORDA P/CIRURGIA CARDIO-VASCULAR, .., EM ENVELOPE INDIVIDUAL, EM MATERIAL QUE GARANTA BARREIRA MICROBIANA E COMBINADO COM O ARTIGO 31 DA LEI 8078/90, A APRESENTACAO DO PRODUTO DEVERA OBEDECER A ART.31 L.8078/90 PORT.CONJ.N.1 DE 23/1/96-M.SAUDE|FIO DE SUTURA AGULHADO, MATERIAL FIO: POLIPROPILENO AZUL , MODELO FIO: MONOFILAMENTAR , DIÂMETRO FIO: 3-0 , COMPRIMENTO FIO: CERCA DE 70 CM, TIPO AGULHA: 2 AGULHAS 1/2 CÍRCULO NAS EXTREMIDADES , MODELO AGULHA: CILÍNDRICA , COMPRIMENTO AGULHA: CERCA DE 26 MM, ESTERILIDADE: ESTÉRIL , APRESENTAçãO: EMBALAGEM INDIVIDUAL 
475|MAPEAMENTO_INCERTO|False|False|True|MATERIAIS DE USO TECNICO HOSPITALAR|INSTRUMENTOS, EQUIPAMENTOS E SUPRIMENTOS MÉDICOS  E  CIRÚRGICOS|1735632|487523|FIO DE SUTURA DE POLIPROPILENO - EM POLIPROPILENO, FIO DE SUTURA CALIBRE 3-0, COM 2 AGULHAS E 2,5 CM DE CORDA P/CIRURGIA CARDIO-VASCULAR, .., EM ENVELOPE INDIVIDUAL, EM MATERIAL QUE GARANTA BARREIRA MICROBIANA E COMBINADO COM O ARTIGO 31 DA LEI 8078/90, A APRESENTACAO DO PRODUTO DEVERA OBEDECER A ART.31 L.8078/90 PORT.CONJ.N.1 DE 23/1/96-M.SAUDE|FIO DE SUTURA AGULHADO, MATERIAL FIO: POLIPROPILENO AZUL , MODELO FIO: MONOFILAMENTAR , DIÂMETRO FIO: 3-0 , COMPRIMENTO FIO: CERCA DE 90 CM, TIPO AGULHA: 2 AGULHAS 1/2 CÍRCULO NAS EXTREMIDADES , MODELO AGULHA: CILÍNDRICA , COMPRIMENTO AGULHA: CERCA DE 26 MM, ESTERILIDADE: ESTÉRIL , APRESENTAçãO: EMBALAGEM INDIVIDUAL 
477|MAPEAMENTO_INCERTO|False|False|True|MATERIAIS DE USO TECNICO HOSPITALAR|INSTRUMENTOS, EQUIPAMENTOS E SUPRIMENTOS MÉDICOS  E  CIRÚRGICOS|723894|487509|FIO DE SUTURA DE POLIPROPILENO - EM POLIPROPILENO, CALIBRE 4-0, 01 AGULHA CILINDRICA 1/2 CIRCULO E 2,5CM E 75 CM DE CORDA, COR AZUL (APARELHO DIGESTORIO), EM ENVELOPE INDIVIDUAL, EM MATERIAL QUE GARANTA BARREIRA MICROBIANA E COMBINADO COM ARTIGO 31 DA LEI 8078/90, CONTENDO DADOS DE IDENTIFICACAO E PROCEDENCIA, A APRESENTACAO DO PRODUTO DEVERA OBEDECER A ART.31 L.8078/90 PORT.CONJ.N.1 DE 23/1/96-M.SAUDE, CONTENDO VALIDADE, LOTE E REGISTRO DO MS|FIO DE SUTURA AGULHADO, MATERIAL FIO: POLIPROPILENO AZUL , MODELO FIO: MONOFILAMENTAR , DIÂMETRO FIO: 4-0 , COMPRIMENTO FIO: CERCA DE 70 CM, TIPO AGULHA: AGULHA 1/2 CÍRCULO , MODELO AGULHA: CILÍNDRICA , COMPRIMENTO AGULHA: CERCA DE 26 MM, ESTERILIDADE: ESTÉRIL , APRESENTAçãO: EMBALAGEM INDIVIDUAL 
478|OK_SEM_FLAGS|False|False|False|MATERIAIS DE USO TECNICO HOSPITALAR|INSTRUMENTOS, EQUIPAMENTOS E SUPRIMENTOS MÉDICOS  E  CIRÚRGICOS|268607|487502|FIO DE SUTURA DE POLIPROPILENO - EM POLIPROPILENO N. 4-0, 2 AGULHAS, DE 1/2 CIRCULO CILINDRICA DE 1,5 CM., AZUL, EM ENVELOPE INDIVIDUAL, EM MATERIAL QUE GARANTA BARREIRA MICROBIANA E COMBINADO COM O ARTIGO 31 DA LEI 8078/90, CONTENDO DADOS DE IDENTIFICACAO E PROCEDENCIA, A APRESENTACAO DO PRODUTO DEVERA OBEDECER A ART.31 L.8078/90 PORT.CONJ.N.1 DE 23/1/96-M.SAUDE, CONTENDO VALIDADE, LOTE, E REGISTRO DO MS|FIO DE SUTURA AGULHADO, MATERIAL FIO: POLIPROPILENO AZUL , MODELO FIO: MONOFILAMENTAR , DIÂMETRO FIO: 4-0 , COMPRIMENTO FIO: CERCA DE 60 CM, TIPO AGULHA: 2 AGULHAS 1/2 CÍRCULO NAS EXTREMIDADES , MODELO AGULHA: CILÍNDRICA , COMPRIMENTO AGULHA: CERCA DE 14 MM, ESTERILIDADE: ESTÉRIL , APRESENTAçãO: EMBALAGEM INDIVIDUAL 
478|OK_SEM_FLAGS|False|False|False|MATERIAIS DE USO TECNICO HOSPITALAR|INSTRUMENTOS, EQUIPAMENTOS E SUPRIMENTOS MÉDICOS  E  CIRÚRGICOS|268607|487503|FIO DE SUTURA DE POLIPROPILENO - EM POLIPROPILENO N. 4-0, 2 AGULHAS, DE 1/2 CIRCULO CILINDRICA DE 1,5 CM., AZUL, EM ENVELOPE INDIVIDUAL, EM MATERIAL QUE GARANTA BARREIRA MICROBIANA E COMBINADO COM O ARTIGO 31 DA LEI 8078/90, CONTENDO DADOS DE IDENTIFICACAO E PROCEDENCIA, A APRESENTACAO DO PRODUTO DEVERA OBEDECER A ART.31 L.8078/90 PORT.CONJ.N.1 DE 23/1/96-M.SAUDE, CONTENDO VALIDADE, LOTE, E REGISTRO DO MS|FIO DE SUTURA AGULHADO, MATERIAL FIO: POLIPROPILENO AZUL , MODELO FIO: MONOFILAMENTAR , DIÂMETRO FIO: 4-0 , COMPRIMENTO FIO: CERCA DE 70 CM, TIPO AGULHA: 2 AGULHAS 1/2 CÍRCULO NAS EXTREMIDADES , MODELO AGULHA: CILÍNDRICA , COMPRIMENTO AGULHA: CERCA DE 14 MM, ESTERILIDADE: ESTÉRIL , APRESENTAçãO: EMBALAGEM INDIVIDUAL 
479|MAPEAMENTO_INCERTO|False|False|True|MATERIAIS DE USO TECNICO HOSPITALAR|INSTRUMENTOS, EQUIPAMENTOS E SUPRIMENTOS MÉDICOS  E  CIRÚRGICOS|268364|487505|FIO DE SUTURA DE POLIPROPILENO - EM MONOFILAMENTO DE POLIPROPILENO 4-0 DE 75 CM. CORDA ( CARDIO ), 2 AGULHAS, DE 1/2 CIRCULO CILINDRICA DE 2,0 CM., AZUL, EM ENVELOPE INDIVIDUAL, EM MATERIAL QUE GARANTA BARREIRA MICROBIANA E COMBINADO COM O ARTIGO 31 DA LEI 8078/90, A APRESENTACAO DO PRODUTO DEVERA OBEDECER A ART.31 L.8078/90 PORT.CONJ.N.1 DE 23/1/96-M.SAUDE|FIO DE SUTURA AGULHADO, MATERIAL FIO: POLIPROPILENO AZUL , MODELO FIO: MONOFILAMENTAR , DIÂMETRO FIO: 4-0 , COMPRIMENTO FIO: CERCA DE 70 CM, TIPO AGULHA: 2 AGULHAS 1/2 CÍRCULO NAS EXTREMIDADES , MODELO AGULHA: CILÍNDRICA , COMPRIMENTO AGULHA: CERCA DE 20 MM, ESTERILIDADE: ESTÉRIL , APRESENTAçãO: EMBALAGEM INDIVIDUAL 
480|MAPEAMENTO_INCERTO|False|False|True|MATERIAIS DE USO TECNICO HOSPITALAR|INSTRUMENTOS, EQUIPAMENTOS E SUPRIMENTOS MÉDICOS  E  CIRÚRGICOS|1988964|487507|FIO DE SUTURA DE POLIPROPILENO - EM MONOFILAMENTO CARDIOVASCULAR, CALIBRE 4-0, COM 2 AGULHAS CILINDRICAS DE 3,0CM, 1/2 CIRCULAR,FIO COM 75CM DE COMPRIMENTO, COR AZUL, EM ENVELOPE INDIVIDUAL, INVOLUCRO INTERNO ESTERIL, EM MATERIAL QUE GARANTA BARREIRA MICROBIANA E COMBINADO COM O ARTIGO 31 DA LEI 8078/90, A APRESENTACAO DO PRODUTO DEVERA OBEDECER A LEGISLACAO VIGENTE MS|FIO DE SUTURA AGULHADO, MATERIAL FIO: POLIPROPILENO AZUL , MODELO FIO: MONOFILAMENTAR , DIÂMETRO FIO: 4-0 , COMPRIMENTO FIO: CERCA DE 70 CM, TIPO AGULHA: 2 AGULHAS 1/2 CÍRCULO NAS EXTREMIDADES , MODELO AGULHA: CILÍNDRICA , COMPRIMENTO AGULHA: CERCA DE 26 MM, ESTERILIDADE: ESTÉRIL , APRESENTAçãO: EMBALAGEM INDIVIDUAL 
483|MAPEAMENTO_INCERTO|False|False|True|MATERIAIS DE USO TECNICO HOSPITALAR|INSTRUMENTOS, EQUIPAMENTOS E SUPRIMENTOS MÉDICOS  E  CIRÚRGICOS|2990970|605419|FIO DE SUTURA DE POLIPROPILENO - EM 6-0 C/02 AGULHAS 1,3CM,1/2 CIRCULO CILINDRICA,INABSORVIVEL, COM FIO DE 70CM DE COMPRIMENTO,AZUL,EMBALAGEM ESTERIL,INDIVIDUAL,A APRESENTACAO DO PRODUTO DEVERA OBEDECER A LEGISLACAO VIGENTE DO MS.|FIO DE SUTURA AGULHADO, MATERIAL FIO: POLIPROPILENO AZUL , MODELO FIO: MONOFILAMENTAR , DIÂMETRO FIO: 6-0 , COMPRIMENTO FIO: CERCA DE 60 CM, TIPO AGULHA: 2 AGULHAS 1/2 CÍRCULO NAS EXTREMIDADES , MODELO AGULHA: CILÍNDRICA , COMPRIMENTO AGULHA: CERCA DE 10 MM, ESTERILIDADE: ESTÉRIL , APRESENTAçãO: EMBALAGEM INDIVIDUAL 
484|MAPEAMENTO_INCERTO|False|False|True|MATERIAIS DE USO TECNICO HOSPITALAR|INSTRUMENTOS, EQUIPAMENTOS E SUPRIMENTOS MÉDICOS  E  CIRÚRGICOS|1559176|605419|FIO DE SUTURA DE POLIPROPILENO - EM POLIPROPILENO, CALIBRE 6-0, 2 AGULHAS CILINDRICAS, 1/2 CIRCULO DE 1,1CM, COR INDEFINIDA, EM ENVELOPE INDIVIDUAL, EM MATERIAL QUE GARANTA BARREIRA MICROBIANA E COMBINADO COM O ARTIGO 31 DA LEI 8078/90, A APRESENTACAO DO PRODUTO DEVERA OBEDECER A ART.31 L.8078/90 PORT.CONJ.N.1 DE 23/1/96-M.SAUDE|FIO DE SUTURA AGULHADO, MATERIAL FIO: POLIPROPILENO AZUL , MODELO FIO: MONOFILAMENTAR , DIÂMETRO FIO: 6-0 , COMPRIMENTO FIO: CERCA DE 60 CM, TIPO AGULHA: 2 AGULHAS 1/2 CÍRCULO NAS EXTREMIDADES , MODELO AGULHA: CILÍNDRICA , COMPRIMENTO AGULHA: CERCA DE 10 MM, ESTERILIDADE: ESTÉRIL , APRESENTAçãO: EMBALAGEM INDIVIDUAL 
485|OK_SEM_FLAGS|False|False|False|MATERIAIS DE USO TECNICO HOSPITALAR|INSTRUMENTOS, EQUIPAMENTOS E SUPRIMENTOS MÉDICOS  E  CIRÚRGICOS|268623|487488|FIO DE SUTURA DE POLIPROPILENO - EM MONOFILAMENTO DE POLIPROPILENO N. 6-0 DE 75 CM. DE, 2 AGULHAS, 3/8 CIRCULO CILINDRICA DE 1,3 CM., AZUL, EM ENVELOPE INDIVIDUAL, EM MATERIAL QUE GARANTA BARREIRA MICROBIANA E COMBINADO COM O ARTIGO 31 DA LEI 8078/90, A APRESENTACAO DO PRODUTO DEVERA OBEDECER A ART.31 L.8078/90 PORT.CONJ.N.1 DE 23/1/96-M.SAUDE|FIO DE SUTURA AGULHADO, MATERIAL FIO: POLIPROPILENO AZUL , MODELO FIO: MONOFILAMENTAR , DIÂMETRO FIO: 6-0 , COMPRIMENTO FIO: CERCA DE 70 CM, TIPO AGULHA: 2 AGULHAS 3/8 CÍRCULO NAS EXTREMIDADES , MODELO AGULHA: CILÍNDRICA , COMPRIMENTO AGULHA: CERCA DE 14 MM, ESTERILIDADE: ESTÉRIL , APRESENTAçãO: EMBALAGEM INDIVIDUAL 
485|OK_SEM_FLAGS|False|False|False|MATERIAIS DE USO TECNICO HOSPITALAR|INSTRUMENTOS, EQUIPAMENTOS E SUPRIMENTOS MÉDICOS  E  CIRÚRGICOS|268623|487487|FIO DE SUTURA DE POLIPROPILENO - EM MONOFILAMENTO DE POLIPROPILENO N. 6-0 DE 75 CM. DE, 2 AGULHAS, 3/8 CIRCULO CILINDRICA DE 1,3 CM., AZUL, EM ENVELOPE INDIVIDUAL, EM MATERIAL QUE GARANTA BARREIRA MICROBIANA E COMBINADO COM O ARTIGO 31 DA LEI 8078/90, A APRESENTACAO DO PRODUTO DEVERA OBEDECER A ART.31 L.8078/90 PORT.CONJ.N.1 DE 23/1/96-M.SAUDE|FIO DE SUTURA AGULHADO, MATERIAL FIO: POLIPROPILENO AZUL , MODELO FIO: MONOFILAMENTAR , DIÂMETRO FIO: 6-0 , COMPRIMENTO FIO: CERCA DE 70 CM, TIPO AGULHA: 2 AGULHAS 3/8 CÍRCULO NAS EXTREMIDADES , MODELO AGULHA: CILÍNDRICA , COMPRIMENTO AGULHA: CERCA DE 10 MM, ESTERILIDADE: ESTÉRIL , APRESENTAçãO: EMBALAGEM INDIVIDUAL 
486|MAPEAMENTO_INCERTO|False|False|True|MATERIAIS DE USO TECNICO HOSPITALAR|INSTRUMENTOS, EQUIPAMENTOS E SUPRIMENTOS MÉDICOS  E  CIRÚRGICOS|1887203|487482|FIO DE SUTURA DE POLIPROPILENO - EM MONOFILAMENTO CARDIOVASCULAR, COM 2 AGULHAS RETANGULARES 7-0, 0,93 CM, 3/8 CIRCUITO CILINDRICO, INABSORVIVEL, COM FIO DE 75CM DE COMPRIMENTO, AZUL, EM INTERNO, EM MATERIAL QUE GARANTA BARREIRA MICROBIANA E EM PAPEL GRAU CIRURGICO, A APRESENTACAO DO PRODUTO DEVERA OBEDECER A RESPEITANDO O DECRETO LEI 79094/77 ART.31 L.8078 / 90 PORT.CONJ.N.1 DE 23/01/96 - MINISTERIO DA SAUD|FIO DE SUTURA AGULHADO, MATERIAL FIO: POLIPROPILENO AZUL , MODELO FIO: MONOFILAMENTAR , DIÂMETRO FIO: 7-0 , COMPRIMENTO FIO: CERCA DE 70 CM, TIPO AGULHA: 2 AGULHAS 3/8 CÍRCULO NAS EXTREMIDADES , MODELO AGULHA: CILÍNDRICA , COMPRIMENTO AGULHA: CERCA DE 10 MM, ESTERILIDADE: ESTÉRIL , APRESENTAçãO: EMBALAGEM INDIVIDUAL 
488|MAPEAMENTO_INCERTO|False|False|True|MATERIAIS DE USO TECNICO HOSPITALAR|INSTRUMENTOS, EQUIPAMENTOS E SUPRIMENTOS MÉDICOS  E  CIRÚRGICOS|268640|487477|FIO DE SUTURA DE POLIPROPILENO - EM POLIPROPILENO, CALIBRE 7-0, 02 AGULHAS CILINDRICAS 3/8 CIRCULO E 1,3CM, COR VARIADA, EM ENVELOPE INDIVIDUAL, EM MATERIAL QUE GARANTA BARREIRA MICROBIANA E COMBINADO COM ARTIGO 31 DA LEI 8078/90, CONTENDO DADOS DE IDENTIFICACAO E PROCEDENCIA, A APRESENTACAO DO PRODUTO DEVERA OBEDECER A ART.31 L.8078/90 PORT.CONJ.N.1 DE 23/1/96-M.SAUDE, CONTENDO VALIDADE, LOTE E REGISTRO DO MS|FIO DE SUTURA AGULHADO, MATERIAL FIO: POLIPROPILENO AZUL , MODELO FIO: MONOFILAMENTAR , DIÂMETRO FIO: 7-0 , COMPRIMENTO FIO: CERCA DE 60 CM, TIPO AGULHA: 2 AGULHAS 3/8 CÍRCULO NAS EXTREMIDADES , MODELO AGULHA: CILÍNDRICA , COMPRIMENTO AGULHA: CERCA DE 14 MM, ESTERILIDADE: ESTÉRIL , APRESENTAçãO: EMBALAGEM INDIVIDUAL 
489|MAPEAMENTO_INCERTO|False|False|True|MATERIAIS DE USO TECNICO HOSPITALAR|INSTRUMENTOS, EQUIPAMENTOS E SUPRIMENTOS MÉDICOS  E  CIRÚRGICOS|799394|487571|FIO DE SUTURA DE SEDA - DE SEDA, CALIBRE 2-0, 1 AGULHA, AGULHA CILINDRICA 3/8 CIRCULO E 3,0CM, FIO COM COMPRIMENTO DE 75 CM ( APARELHO DIGESTIVO), ROTULAGEM RESPEITANDO O DECRETO LEI 79094/77 ART.31 L.8078/90 PORT.CONJ.N.1 DE 23/1/96-M.SAUDE,CONTENDO DADOS DE VALIDADE, LOTE E REGISTRO NO MS, APRESENTACAO CONFORME O DECRETO LEI 79094/77 COMBINADO COM O ARTIGO 31 DA LEI 8078/90, CONTENDO DADOS DE IDENTIFICACAO E PROCEDENCIA|FIO DE SUTURA AGULHADO, MATERIAL FIO: SEDA PRETO , MODELO FIO: MULTIFILAMENTAR , DIÂMETRO FIO: 2-0 , COMPRIMENTO FIO: CERCA DE 70 CM, TIPO AGULHA: AGULHA 3/8 CÍRCULO , MODELO AGULHA: CILÍNDRICA , COMPRIMENTO AGULHA: CERCA DE 30 MM, ESTERILIDADE: ESTÉRIL , APRESENTAçãO: EMBALAGEM INDIVIDUAL 
490|MAPEAMENTO_INCERTO|False|False|True|MATERIAIS DE USO TECNICO HOSPITALAR|INSTRUMENTOS, EQUIPAMENTOS E SUPRIMENTOS MÉDICOS  E  CIRÚRGICOS|1476378|487564|FIO DE SUTURA DE SEDA - DE 3-0 ESTERIL - INABSORVIVEL - INVOLUCRO INTERNO, COM AGULHA, 3,0CM,3/8 CIRCULO CILINDRICA, FIO COM COMPRIMENTO DE COM FIO DE 70CM DE COMPRIMENTO, ROTULAGEM RESPEITANDO O DECRETO LEI 79094/77 RESPEITANDO O DECRETO LEI N.79094/77 ART.31 L.8078/90 PORT.CONJ.N.1 DE 23/01/96-MINISTERIO DA SAUDE., APRESENTACAO CONFORME O DECRETO LEI 79094/77 EM PAPEL GRAU CIRURGICO|FIO DE SUTURA AGULHADO, MATERIAL FIO: SEDA PRETO , MODELO FIO: MULTIFILAMENTAR , DIÂMETRO FIO: 3-0 , COMPRIMENTO FIO: CERCA DE 70 CM, TIPO AGULHA: AGULHA 3/8 CÍRCULO , MODELO AGULHA: CILÍNDRICA , COMPRIMENTO AGULHA: CERCA DE 30 MM, ESTERILIDADE: ESTÉRIL , APRESENTAçãO: EMBALAGEM INDIVIDUAL 
491|MAPEAMENTO_INCERTO|False|False|True|MATERIAIS DE USO TECNICO HOSPITALAR|INSTRUMENTOS, EQUIPAMENTOS E SUPRIMENTOS MÉDICOS  E  CIRÚRGICOS|646296|487551|FIO DE SUTURA DE SEDA - DE SEDA, CALIBRE 4-0, 1 AGULHA, AGULHA CILINDRICA 3/8 CIRCULO E 1,2CM, FIO COM COMPRIMENTO DE 75 CM, ROTULAGEM RESPEITANDO O DECRETO LEI 79094/77 ART.31 L.8078/90 PORT.CONJ.N.1 DE 23/1/96-M.SAUDE,CONTENDO DADOS DE VALIDADE, LOTE E REGISTRO NO MS, APRESENTACAO CONFORME O DECRETO LEI 79094/77 COMBINADO COM O ARTIGO 31 DA LEI 8078/90, CONTENDO DADOS DE IDENTIFICACAO E PROCEDENCIA|FIO DE SUTURA AGULHADO, MATERIAL FIO: SEDA PRETO , MODELO FIO: MULTIFILAMENTAR , DIÂMETRO FIO: 4-0 , COMPRIMENTO FIO: CERCA DE 45 CM, TIPO AGULHA: AGULHA 3/8 CÍRCULO , MODELO AGULHA: CILÍNDRICA , COMPRIMENTO AGULHA: CERCA DE 14 MM, ESTERILIDADE: ESTÉRIL , APRESENTAçãO: EMBALAGEM INDIVIDUAL 
492|MAPEAMENTO_INCERTO|False|False|True|MATERIAIS DE USO TECNICO HOSPITALAR|INSTRUMENTOS, EQUIPAMENTOS E SUPRIMENTOS MÉDICOS  E  CIRÚRGICOS|1735314|487551|FIO DE SUTURA DE SEDA - DE SEDA, CALIBRE 4-0, 1 AGULHA, AGULHA CILINDRICA 3/8 CIRCULO E 1,3CM DE CORDA, FIO COM COMPRIMENTO DE ..., ROTULAGEM RESPEITANDO O DECRETO LEI 79094/77 ART.31 L.8078/90 PORT.CONJ.N.1 DE 23/1/96-M.SAUDE,CONTENDO DADOS DE VALIDADE, LOTE E REGISTRO NO MS, APRESENTACAO CONFORME O DECRETO LEI 79094/77 COMBINADO COM O ARTIGO 31 DA LEI 8078/90, CONTENDO DADOS DE IDENTIFICACAO E PROCEDENCIA|FIO DE SUTURA AGULHADO, MATERIAL FIO: SEDA PRETO , MODELO FIO: MULTIFILAMENTAR , DIÂMETRO FIO: 4-0 , COMPRIMENTO FIO: CERCA DE 45 CM, TIPO AGULHA: AGULHA 3/8 CÍRCULO , MODELO AGULHA: CILÍNDRICA , COMPRIMENTO AGULHA: CERCA DE 14 MM, ESTERILIDADE: ESTÉRIL , APRESENTAçãO: EMBALAGEM INDIVIDUAL 
493|OK_SEM_FLAGS|False|False|False|MATERIAIS DE USO TECNICO HOSPITALAR|INSTRUMENTOS, EQUIPAMENTOS E SUPRIMENTOS MÉDICOS  E  CIRÚRGICOS|1934619|600181|KIT - FIO SUTURA - IMPLANTE DE VALVULA CARDIACA EM POLIESTER VERDE TRANCADO E POLIESTER BRANCO TRANCADO, TAMANHO 2,0, COMPOSTO POR 2 AGULHAS DE 1/2 CIRCULO, 2,0CM (15X75)CM, COM ALMOFADA DE TEFLON, APRESENTACAO CONFORME DECRETO LEI 79094/77 MS, ROTULAGEM RESPEITANDO O DECRETO LEI 79094/77 MS|KIT FIOS DE SUTURA, APLICAÇÃO: P/ CARDIOLOGIA / TROCA VALVAR , MODELO: C/ 15 FIOS AGULHADOS , COMPONENTE 1: 8 X POLIÉSTER VERDE  2-0, REVESTIMENTO DESLIZANTE , COMPONENTE 2: 7 X POLIÉSTER BRANCO  2-0 , COMPONENTE ADICIONAL: C/ ALMOFADA , ESTERILIDADE: ESTÉRIL , APRESENTAÇÃO: CONJUNTO COMPLETO 
494|OK_SEM_FLAGS|False|False|False|MATERIAIS DE USO TECNICO HOSPITALAR|INSTRUMENTOS, EQUIPAMENTOS E SUPRIMENTOS MÉDICOS  E  CIRÚRGICOS|4754204|600180|KIT - FIO SUTURA - PARA IMPLANTE DE VALVULA CARDIACA,COMPOSTO POR 02 FIOS DE POLIESTER COM ALMOFADA DE TEFLON,VERDE TRANCADO (08 FIOS DE 75,00CM) E BRANCO TRANCADO (07 FIOS DE 75,00CM),N. 2-0,COM 02 AGULHAS CILINDRICAS, ATRAUMATICAS DE APROXIMADAMENTE 1,50 CM,1/2 CIRCULO|KIT FIOS DE SUTURA, APLICAÇÃO: P/ CARDIOLOGIA / TROCA VALVAR , MODELO: C/ 15 FIOS AGULHADOS , COMPONENTE 1: 8 X POLIÉSTER VERDE  2-0, REVESTIMENTO DESLIZANTE , COMPONENTE 2: 7 X POLIÉSTER BRANCO  2-0 , ESTERILIDADE: ESTÉRIL , APRESENTAÇÃO: CONJUNTO COMPLETO 
496|OK_SEM_FLAGS|False|False|False|MATERIAIS DE USO TECNICO HOSPITALAR|INSTRUMENTOS, EQUIPAMENTOS E SUPRIMENTOS MÉDICOS  E  CIRÚRGICOS|4380231|389556|TIRA REAGENTE P/DET. DE GLICOSE NO SANGUE - POR SENSOR, SEM CONTATO DIRETO DO SANGUE NO APARELHO, COM ACAO POR CAPILARIDADE, FAIXA DE MEDICAO ENTRE: 10 E 600 MG/DL,EM SANGUE CAPILAR/VENOSO,TIRAS REAGENTES EMBALADAS EM FRASCO. ROTULO N. LOTE, DATA FABRICACAO/VALIDADE, PROCEDENCIA, DATA E TIPO DE ESTERILIZACAO, REGISTRO MS.|MONITOR PORTÁTIL, OPERAÇÃO: DIGITAL , TIPO AMOSTRA: SANGUE CAPILAR , TIPO DE ANÁLISE: QUANTITATIVO DE GLICOSE , FAIXA DE OPERAÇÃO: ATÉ 600 MG/DL, TEMPO RESPOSTA: ATÉ 10 S, MEMÓRIA: 250 A 500 TESTES 
498|OK_SEM_FLAGS|False|False|False|KITS/REAGENTES PARA EXAMES IMUNOLOGICOS/SOROLOGICOS|"SUBSTÂNCIAS PARA DIAGNÓSTICO ""IN VITRO"",  REAGENTES,  CONJUNTOS E JOGOS PARA TESTE"|2364247|383459|TESTE - DA UREASE- PARA DETECCAO DE HELICOBACTER PYLORI, EM AMOSTRAS FRAGMENTADAS DE MUCOSA DO ANTRO GASTRICO BASEANDO-SE NA PRESENCA DE UREASE COM TEMPO MAXIMO DE REACAO DE 30 MINITOS., KIT REAGENTE PRONTO PARA USO, ACONDICIONADO EM EMBALAGEM APROPRIADA, CONTENDO 50 FRASCOS COM 1 ML CADA., COM MANUAL DE INSTRUCAO, ROTULO C/N.LOTE, DATA DE FABRIC/VAL, PROCEDENCIA, TEMPERATURA DE ESTOCAGEM E REGISTRO NO MINISTERIO DA SAUDE|REAGENTE PARA DIAGNÓSTICO CLÍNICO 4, TIPO: CONJUNTO COMPLETO PARA AUTOMAÇÃO , TIPO DE ANÁLISE: QUANTITATIVO DE ANTI HELICOBACTER PYLORI , MÉTODO: ELISA , APRESENTAÇÃO: TESTE 
499|OK_SEM_FLAGS|False|False|False|INSUMOS PARA EQUIPAMENTOS MEDICO HOSPITALARES|INSTRUMENTOS, EQUIPAMENTOS E SUPRIMENTOS MÉDICOS  E  CIRÚRGICOS|3551520|438065|PAPEL - DO TIPO TERMOSSENSIVEL,PARA ELETROCARDIOGRAFO,80X90X280 BL280,MAC600, TCHNPRT01|"PAPEL PARA IMPRESSÃO - USO HOSPITALAR, MATERIAL: TERMOSENSÍVEL , MODELO: MILIMETRADO , DIMENSÕES: CERCA 230 X 300 MM, APRESENTAÇÃO: FORMULÁRIO CONTÍNUO, DOBRA EM ""Z"" , COMPATIBILIDADE: COMPATIBILIDADE C/ EQUIPAMENTO "
500|CATMAT_ALTERNATIVO|False|False|False|INSUMOS PARA EQUIPAMENTOS MEDICO HOSPITALARES|INSTRUMENTOS, EQUIPAMENTOS E SUPRIMENTOS MÉDICOS  E  CIRÚRGICOS|1002929|438058|PAPEL - MILIMETRADO, PARA ELETROCARDIOGRAFO, MEDIDA 216 MM X 316 MM, COMPATIVEL COM ELETROCARDIOGRAFO DIXTAL EP-3|PAPEL PARA IMPRESSÃO - USO HOSPITALAR, MATERIAL: TERMOSENSÍVEL , MODELO: MILIMETRADO , DIMENSÕES: CERCA 60 MM, APRESENTAÇÃO: BOBINA , COMPATIBILIDADE: COMPATIBILIDADE C/ EQUIPAMENTO 
501|OK_SEM_FLAGS|False|False|False|INSUMOS PARA EQUIPAMENTOS MEDICO HOSPITALARES|INSTRUMENTOS, EQUIPAMENTOS E SUPRIMENTOS MÉDICOS  E  CIRÚRGICOS|5152984|438058|PAPEL - TERMOSSENSIVEL, MILIMETRADO,COMPATIVEL COM ELETROCARDIOGRAFO, MARCA CARDIOLINE, MODELO 100L,MEDIDAS 100,00MM X 20,00M (L X C)|PAPEL PARA IMPRESSÃO - USO HOSPITALAR, MATERIAL: TERMOSENSÍVEL , MODELO: MILIMETRADO , DIMENSÕES: CERCA 60 MM, APRESENTAÇÃO: BOBINA , COMPATIBILIDADE: COMPATIBILIDADE C/ EQUIPAMENTO 
502|OK_SEM_FLAGS|False|False|False|INSUMOS PARA EQUIPAMENTOS MEDICO HOSPITALARES|INSTRUMENTOS, EQUIPAMENTOS E SUPRIMENTOS MÉDICOS  E  CIRÚRGICOS|2268639|438058|PAPEL - PARA ECG, PARA ELETROCARDIOGRAMA, AR 600 ADV, 60MM X 15M, CODIGO PACOTE COM 10 ROLOS|PAPEL PARA IMPRESSÃO - USO HOSPITALAR, MATERIAL: TERMOSENSÍVEL , MODELO: MILIMETRADO , DIMENSÕES: CERCA 60 MM, APRESENTAÇÃO: BOBINA , COMPATIBILIDADE: COMPATIBILIDADE C/ EQUIPAMENTO 
503|CATMAT_ALTERNATIVO|False|False|False|MATERIAIS DE USO TECNICO HOSPITALAR|INSTRUMENTOS, EQUIPAMENTOS E SUPRIMENTOS MÉDICOS  E  CIRÚRGICOS|3859401|438062|PAPEL PARA ECG - TERMOSSENSIVEL COMPATIVEL COM ELETROCARDIOGRAFO  MODELO ECG12, MARCA ECAFIX,FOLHA MEDINDO 80MMX30M E REGISTRO NO MS|"PAPEL PARA IMPRESSÃO - USO HOSPITALAR, MATERIAL: TERMOSENSÍVEL , MODELO: MILIMETRADO , DIMENSÕES: CERCA 90 X 90 MM, APRESENTAÇÃO: FORMULÁRIO CONTÍNUO, DOBRA EM ""Z"" , COMPATIBILIDADE: COMPATIBILIDADE C/ EQUIPAMENTO "
503|CATMAT_ALTERNATIVO|False|False|False|MATERIAIS DE USO TECNICO HOSPITALAR|INSTRUMENTOS, EQUIPAMENTOS E SUPRIMENTOS MÉDICOS  E  CIRÚRGICOS|3859401|438058|PAPEL PARA ECG - TERMOSSENSIVEL COMPATIVEL COM ELETROCARDIOGRAFO  MODELO ECG12, MARCA ECAFIX,FOLHA MEDINDO 80MMX30M E REGISTRO NO MS|PAPEL PARA IMPRESSÃO - USO HOSPITALAR, MATERIAL: TERMOSENSÍVEL , MODELO: MILIMETRADO , DIMENSÕES: CERCA 60 MM, APRESENTAÇÃO: BOBINA , COMPATIBILIDADE: COMPATIBILIDADE C/ EQUIPAMENTO 
504|OK_SEM_FLAGS|False|False|False|INSUMOS PARA EQUIPAMENTOS MEDICO HOSPITALARES|INSTRUMENTOS, EQUIPAMENTOS E SUPRIMENTOS MÉDICOS  E  CIRÚRGICOS|5634830|463243|GEL CONDUTOR - EXCELENTE CONDUTIVIDADE, ALTA TAXA DE FIXACAO E FACIL REMOCAO, HIDROFILICO, EMOLIENTE, EMULSIFICANTE, NAO IONICO,SAIS DE ALTA CONDUTIVIDADE E AGENTES BACTERIOSTATICO CONSERVANTES, USO EXTERNO EM POLISSONOGRAFIA|PASTA CONDUTORA, TIPO: PARA POLISSONOGRAFIA 
505|MAPEAMENTO_INCERTO|False|False|True|INSUMOS PARA EQUIPAMENTOS MEDICO HOSPITALARES|INSTRUMENTOS, EQUIPAMENTOS E SUPRIMENTOS MÉDICOS  E  CIRÚRGICOS|157708|438929|GEL PARA ECG - INODORO, PH NEUTRO, AZUL, ELETRICAMENTE CONDUTIVO, ISENTO DE GORDURA, SAL NACL, ACONDICIONADO EM FRASCO APROPRIADO, COM DADOS DE IDENTIFICACAO, VAL|GEL, COMPOSIÇÃO: A BASE DE ÁGUA , CARACTERÍSTICAS ADICIONAIS: PH NEUTRO 
506|OK_SEM_FLAGS|False|False|False|INSUMOS PARA EQUIPAMENTOS MEDICO HOSPITALARES|INSTRUMENTOS, EQUIPAMENTOS E SUPRIMENTOS MÉDICOS  E  CIRÚRGICOS|682110|475840|GEL PARA ULTRA-SONOGRAFIA - INODORO, INCOLOR, PH NEUTRO,COMPOSTO DE CELULOSE NEUTRA PURA, AGUA DESTILADA,ISENTO DE GORDURA, SUJIDADE,COM DADOS DE IDENTIFICACAO.|GEL, COMPOSIÇÃO: A BASE DE ÁGUA , APLICAÇÃO: CONDUTOR , CARACTERÍSTICAS ADICIONAIS: PH NEUTRO , ESTERILIDADE: ESTÉRIL 
507|OK_SEM_FLAGS|False|False|False|MATERIAIS DE USO TECNICO HOSPITALAR|INSTRUMENTOS, EQUIPAMENTOS E SUPRIMENTOS MÉDICOS  E  CIRÚRGICOS|1930370|475840|GEL PARA ECG - INODORO ,PH NEUTRO, LEITOSO, ELETRICAMENTE CONDUTIVO, ISENTO DE GORDURA ,SAL ,NACL.FORMA DE APRESENTACAO EM EMBALAGEM COM 1 LITRO,, EM FRASCO APROPRIADO COM DADOS DE IDENTIFICACAO,VALIDADE E REGISTRO NO MS.|GEL, COMPOSIÇÃO: A BASE DE ÁGUA , APLICAÇÃO: CONDUTOR , CARACTERÍSTICAS ADICIONAIS: PH NEUTRO , ESTERILIDADE: ESTÉRIL 
508|OK_SEM_FLAGS|False|False|False|INSUMOS PARA EQUIPAMENTOS MEDICO HOSPITALARES|INSTRUMENTOS, EQUIPAMENTOS E SUPRIMENTOS MÉDICOS  E  CIRÚRGICOS|1543458|475840|GEL PARA ULTRA-SONOGRAFIA - INODORO, INCOLOR, PH NEUTRO, COMPOSTO DE CELULOSE NEUTRA PURA E AGUA DESTILADA, ISENTO DE SUJIDADES E GORDURA, ACONDICIONADO EM GALAO COM 5 KG|GEL, COMPOSIÇÃO: A BASE DE ÁGUA , APLICAÇÃO: CONDUTOR , CARACTERÍSTICAS ADICIONAIS: PH NEUTRO , ESTERILIDADE: ESTÉRIL 
509|OK_SEM_FLAGS|False|False|False|INSUMOS PARA EQUIPAMENTOS MEDICO HOSPITALARES|INSTRUMENTOS, EQUIPAMENTOS E SUPRIMENTOS MÉDICOS  E  CIRÚRGICOS|711160|475840|GEL PARA ULTRA-SONOGRAFIA - INODORO, INCOLOR, PH NEUTRO, COMPOSTO DE CELULOSE NEUTRA PURA, AGUA DESTILADA, ISENTO DE GORDURA, SUJIDADE, ACONDICIONADO EM FRASCO COM 1000 ML C/ DADOS DE IDENTIFICACAO|GEL, COMPOSIÇÃO: A BASE DE ÁGUA , APLICAÇÃO: CONDUTOR , CARACTERÍSTICAS ADICIONAIS: PH NEUTRO , ESTERILIDADE: ESTÉRIL 
510|OK_SEM_FLAGS|False|False|False|INSUMOS PARA EQUIPAMENTOS MEDICO HOSPITALARES|INSTRUMENTOS, EQUIPAMENTOS E SUPRIMENTOS MÉDICOS  E  CIRÚRGICOS|711160|475840|GEL PARA ULTRA-SONOGRAFIA - INODORO, INCOLOR, PH NEUTRO, COMPOSTO DE CELULOSE NEUTRA PURA, AGUA DESTILADA, ISENTO DE GORDURA, SUJIDADE, ACONDICIONADO EM FRASCO COM 1000 ML C/ DADOS DE IDENTIFICACAO|GEL, COMPOSIÇÃO: A BASE DE ÁGUA , APLICAÇÃO: CONDUTOR , CARACTERÍSTICAS ADICIONAIS: PH NEUTRO , ESTERILIDADE: ESTÉRIL 
511|OK_SEM_FLAGS|False|False|False|INSUMOS PARA EQUIPAMENTOS MEDICO HOSPITALARES|EQUIPAMENTOS E SUPRIMENTOS DE RAIOS-X DE USO  MÉDICO,  DENTÁRIO E VETERINÁRIO|4221605|415180|FILME PARA RAIOS X - PARA MAMOGRAFIA DIGITAL,TAMANHO 20,00 X 25,00CM,DO TIPO IMPRESSAO A SECO,QUE NAO SEJAM SENSIVEL A LUZ,CAIXA COM 100 PELICULAS,COMPATIVEL COM IMPRESSORA AGFA 5300, 5302, 5503.|FILME RADIOLÓGICO, TIPO: MAMOGRAFIA , ADICIONAL: PARA PROCESSAMENTO SECO , DIMENSÕES: 20 X 25 CM
512|OK_SEM_FLAGS|False|False|False|INSUMOS PARA EQUIPAMENTOS MEDICO HOSPITALARES|EQUIPAMENTOS E SUPRIMENTOS DE RAIOS-X DE USO  MÉDICO,  DENTÁRIO E VETERINÁRIO|4221613|415181|FILME PARA RAIOS X - PARA MAMOGRAFIA DIGITAL,TAMANHO 25,00 X 30,00CM,DO TIPO IMPRESSAO A SECO,QUE NAO SEJAM SENSIVEL A LUZ,CAIXA COM 100 PELICULAS,COMPATIVEL  COM IMPRESSORA AGFA 5300, 5302, 5503.|FILME RADIOLÓGICO, TIPO: MAMOGRAFIA , ADICIONAL: PARA PROCESSAMENTO SECO , DIMENSÕES: 25 X 30 CM
513|OK_SEM_FLAGS|False|False|False|INSUMOS PARA EQUIPAMENTOS MEDICO HOSPITALARES|EQUIPAMENTOS E SUPRIMENTOS DE RAIOS-X DE USO  MÉDICO,  DENTÁRIO E VETERINÁRIO|4221575|415182|FILME PARA RAIOS X - PARA RADIOLOGIA DIGITAL,TAMANHO 20,00 X 25,00CM,DO TIPO IMPRESSAO A SECO,QUE NAO SEJAM SENSIVEL A LUZ,CAIXA COM 100 PELICULAS,COMPATIVEL COM IMPRESSORA AGFA 5300, 5302, 5503|FILME RADIOLÓGICO, TIPO: RAIO-X , ADICIONAL: PARA PROCESSAMENTO SECO , DIMENSÕES: 20 X 25 CM
514|OK_SEM_FLAGS|False|False|False|INSUMOS PARA EQUIPAMENTOS MEDICO HOSPITALARES|EQUIPAMENTOS E SUPRIMENTOS DE RAIOS-X DE USO  MÉDICO,  DENTÁRIO E VETERINÁRIO|4058895|415183|FILME PARA RAIOS X - PARA RADIOLOGIA DIGITAL,TAMANHO 25X30CM,DO TIPO IMPRESSAO A SECO,.|FILME RADIOLÓGICO, TIPO: RAIO-X , ADICIONAL: PARA PROCESSAMENTO SECO , DIMENSÕES: 25 X 30 CM
515|OK_SEM_FLAGS|False|False|False|INSUMOS PARA EQUIPAMENTOS MEDICO HOSPITALARES|PEÇAS E ACESSÓRIOS PARA COMPUTADORES|4058909|415484|FILME PARA RAIOS X - PARA RADIOLOGIA DIGITAL,TAMANHO 28X35CM,DO TIPO IMPRESSAO A SECO,.|MEMÓRIA PORTÁTIL MICROCOMPUTADOR, CAPACIDADE MEMÓRIA: 16 GB, INTERFACE: USB 2.0 , CARACTERÍSTICAS ADICIONAIS: CORPO PLÁSTICO, ADAPTADOR COM PROTEÇÃO METÁLICA , TIPO: PEN DRIVE 
516|OK_SEM_FLAGS|False|False|False|INSUMOS PARA EQUIPAMENTOS MEDICO HOSPITALARES|EQUIPAMENTOS E SUPRIMENTOS DE RAIOS-X DE USO  MÉDICO,  DENTÁRIO E VETERINÁRIO|4221583|415610|FILME PARA RAIOS X - PARA RADIOLOGIA DIGITAL,TAMANHO 35,00 X 43,00CM,DO  TIPO IMPRESSAO A SECO,QUE NAO SEJAM SENSIVEL A LUZ,CAIXA COM 100 PELICULAS,COMPATIVEL COM IMPRESSORA AGFA 5300, 5302, 5503|FILME RADIOLÓGICO, TIPO: RAIO-X , DIMENSÕES: 35 X 43 CM
517|OK_SEM_FLAGS|False|False|False|MATERIAIS DE USO TECNICO HOSPITALAR|EQUIPAMENTOS E SUPRIMENTOS DE RAIOS-X DE USO  MÉDICO,  DENTÁRIO E VETERINÁRIO|4263030|415613|FILME PARA TOMOGRAFIA - EM PELICULA, TAMANHO: 35 X 43CM,EMBALAGEM APROPRIADA. ROTULO N. LOTE, DATA FABRICACAO/VALIDADE E PROCEDENCIA|FILME RADIOLÓGICO, TIPO: TOMOGRAFIA , ADICIONAL: PARA PROCESSAMENTO SECO , DIMENSÕES: 35 X 43 CM
518|CATMAT_ALTERNATIVO|False|False|False|INSUMOS PARA EQUIPAMENTOS MEDICO HOSPITALARES|SUPRIMENTOS FOTOGRÁFICOS|4002075|276722|FILME PARA RAIOS X - PARA RADIOLOGIA DIGITAL,TAM. 28 X 35CM,DO TIPO IMPRESSAO A SECO,.,CX C/ 100 PELICULAS,COMPATIVEL COM IMPRESSORA AGFA 5300,5302,5503|PAPEL VIDEOIMPRESSÃO, TIPO PAPEL: TERMOSENSÍVEL , LARGURA: 110 MM, COMPRIMENTO: 18 M, TIPO IMPRESSORA: VÍDEO PRINTER UPPHA 110 
518|CATMAT_ALTERNATIVO|False|False|False|INSUMOS PARA EQUIPAMENTOS MEDICO HOSPITALARES|EQUIPAMENTOS E SUPRIMENTOS DE RAIOS-X DE USO  MÉDICO,  DENTÁRIO E VETERINÁRIO|4002075|415184|FILME PARA RAIOS X - PARA RADIOLOGIA DIGITAL,TAM. 28 X 35CM,DO TIPO IMPRESSAO A SECO,.,CX C/ 100 PELICULAS,COMPATIVEL COM IMPRESSORA AGFA 5300,5302,5503|FILME RADIOLÓGICO, TIPO: RAIO-X , ADICIONAL: PARA PROCESSAMENTO SECO , DIMENSÕES: 28 X 35 CM
519|OK_SEM_FLAGS|False|False|False|INSUMOS PARA EQUIPAMENTOS MEDICO HOSPITALARES|SUPRIMENTOS FOTOGRÁFICOS|1885332|276722|FILME PARA RAIOS X - PARA ULTRASOM, TAMANHO 110X20M, CONFORME EDITAL, MONOEMULSIONADO, UPP110S|PAPEL VIDEOIMPRESSÃO, TIPO PAPEL: TERMOSENSÍVEL , LARGURA: 110 MM, COMPRIMENTO: 18 M, TIPO IMPRESSORA: VÍDEO PRINTER UPPHA 110 
520|OK_SEM_FLAGS|False|False|False|INSUMOS PARA EQUIPAMENTOS MEDICO HOSPITALARES|INSTRUMENTOS, EQUIPAMENTOS E SUPRIMENTOS MÉDICOS  E  CIRÚRGICOS|2003783|617336|SERINGA DESCARTAVEL PARA BOMBA INJETORA - CONFECCIONADO EM PVC, 200ML, COMPATIVEL COM SERINGA INJETORA DE CONTRASTE, COMPATIVEL COM BOMBA INJETORA LFCT 9000 / CT 9000 ADU E TUBO EM J, P/ENCHIMENTO DA SERINGA, PARA O TOMOGRAFO PHILIPSBRILLIANCE MULT SLICE DE 10 CANAIS, EMBALAGEM: INDIVIDUAL EM PAPEL GRAU CIRURGICO, COM DADOS DE IDENTIFICACAO E VALIDADE DE ESTERILIZACAO|SERINGA PARA BOMBA, APLICAçãO: COMPATÍVEL C/ INJETORA CONTRASTE, ATÉ 1200 PSI , MATERIAL: POLIPROPILENO , CAPACIDADE: CERCA 200 ML, ESTERILIDADE: ESTéRIL , APRESENTAÇÃO: EMBALAGEM INDIVIDUAL 
521|OK_SEM_FLAGS|False|False|False|INSUMOS PARA EQUIPAMENTOS MEDICO HOSPITALARES|INSTRUMENTOS, EQUIPAMENTOS E SUPRIMENTOS MÉDICOS  E  CIRÚRGICOS|4242580|617320|SERINGA DESCARTAVEL PARA BOMBA INJETORA - CONFECCIONADO EM POLIPROPILENO,20,00ML,COMPATIVEL COM BOMBA A SER ADQUIRIDA POR COMODATO/CONSIGNADO,ESTERIL,EMBALAGEM: INDIVIDUAL EM BLISTER,COM DADOS DE IDENTIFICACAO E VALIDADE DE ESTERILIZACAO|SERINGA PARA BOMBA, APLICAçãO: COMPATÍVEL C/ BOMBA INFUSORA , MATERIAL: POLIPROPILENO , CAPACIDADE: CERCA 20 ML, CARACTERÍSTICA ADICIONAL: GRADUADA , ESTERILIDADE: ESTéRIL , APRESENTAÇÃO: EMBALAGEM INDIVIDUAL 
522|OK_SEM_FLAGS|False|False|False|INSUMOS PARA EQUIPAMENTOS MEDICO HOSPITALARES|INSTRUMENTOS, EQUIPAMENTOS E SUPRIMENTOS MÉDICOS  E  CIRÚRGICOS|3701352|617321|SERINGA DESCARTAVEL PARA BOMBA INJETORA - CONFECCIONADO EM POLIPROPILENO,50,00 ML,COMPATIVEL COM BOMBA A SER ADQUIRIDA POR COMODATO,ESTERIL,EMBALAGEM INDIVIDUAL EM BLISTER,COM DADOS DE IDENTIFICACAO E VALIDADE DE ESTERILIZACAO|SERINGA PARA BOMBA, APLICAçãO: COMPATÍVEL C/ BOMBA INFUSORA , MATERIAL: POLIPROPILENO , CAPACIDADE: CERCA 50 ML, CARACTERÍSTICA ADICIONAL: GRADUADA , ESTERILIDADE: ESTéRIL , APRESENTAÇÃO: EMBALAGEM INDIVIDUAL 
523|OK_SEM_FLAGS|False|False|False|INSUMOS PARA EQUIPAMENTOS MEDICO HOSPITALARES|INSTRUMENTOS, EQUIPAMENTOS E SUPRIMENTOS MÉDICOS  E  CIRÚRGICOS|3759113|457542|EXTENSOR - PARA BOMBA INJETORA DE TOMOGRAFOS OU RESSONANCIA, DESCARTAVEL, BIFURCADO, DEHP FREE, COM VALVULA ANTIREFLUXO E VALVULA EM SILICONE COM SAIDA LATERAL, CONECTOR MACHO REVERSIVEL NA PARTE DISTAL E TAMPA PROTETORA EM POLIETILENO DE ALTA DENSIDADE, CLAMP NAO REMOVIVEL,ESTERIL, EM PVC, CONECTOR DE SISTEMA FECHADO DE PRESSAO POSITIVA,COM 12 FR X 30CM,COMPATIVEL COM O CONECTOR ESPIRALADO|EXTENSOR INFUSÃO VASCULAR, TIPO: P/ BOMBA INJETORA CONTRASTE , VIAS: 1 VIA , MATERIAL: POLÍMERO , COMPRIMENTO: CERCA 30 CM, CALIBRE: CERCA 12 FRENCH, TIPO CONEXÃO: LUER LOCK / SLIP , PRESSÃO MÁXIMA: ALTA PRESSÃO ATÉ 1200 PSI, TIPO USO: ESTÉRIL, USO ÚNICO 
524|OK_SEM_FLAGS|False|False|False|MATERIAIS DE USO TECNICO HOSPITALAR|INSTRUMENTOS, EQUIPAMENTOS E SUPRIMENTOS MÉDICOS  E  CIRÚRGICOS|2857537|468315|CONECTOR ESPIRALADO PARA TOMOGRAFIA - ATE 300 PSI, APROXIMADAMENTE 180CM, EM PVC ATOXICO,EMBALADO EM PAPEL GRAU CIRURGICO, CONTENDO DATA DE FABRICACAO, VALIDADE, LOTE, TIPO DE ESTERELIZACAO,RESGISTRO NO MS.|EXTENSOR INFUSÃO VASCULAR, TIPO: P/ BOMBA INJETORA CONTRASTE , VIAS: 1 VIA , MODELO: ESPIRALADO , MATERIAL: POLÍMERO , COMPRIMENTO: CERCA 150 CM, TIPO CONEXÃO: LUER LOCK / SLIP , PRESSÃO MÁXIMA: ATÉ CERCA DE 300 PSI, CARACTERíSTICAS ADICIONAIS: C/ VÁLVULA ANTIRREFLUXO , TIPO USO: ESTÉRIL, USO ÚNICO 
525|OK_SEM_FLAGS|False|False|False|MATERIAIS DE USO TECNICO HOSPITALAR|INSTRUMENTOS, EQUIPAMENTOS E SUPRIMENTOS MÉDICOS  E  CIRÚRGICOS|5224675|458076|CONECTOR VALVULADO PARA SISTEMA DE INFUSAO VENOSA FECHADO - PARA SISTEMA DE ENCHIMENTO E INJECAO AUTOMATICA DE CONTRASTE NOS EXAMES DE TOMOGRAFIA COMPUTADORIZADA TIPO MANYFILL OU SIMILAR, COMPRIMENTO MINIMO 150,00 CM, COM CONECTOR LUER LOCK MACHO EM UMA EXTREMIDADE E NA OUTRA EXTREMIDADE COM 2 VIAS, PARA USO EM BOMBA INJETORA DE DUPLA CABECA VALVULADA, SISTEMA FECHADO DE INFUSAO MULTIPACIENTE, ESTERIL,EM PVC CRISTAL, ATOXICO|EXTENSOR INFUSÃO VASCULAR, TIPO: P/ BOMBA INJETORA CONTRASTE , VIAS: 2 VIAS , MODELO: ESPIRALADO , MATERIAL: POLÍMERO , COMPRIMENTO: CERCA 120 CM, TIPO CONEXÃO: LUER LOCK / SLIP , PRESSÃO MÁXIMA: ATÉ CERCA DE 300 PSI, CARACTERíSTICAS ADICIONAIS: C/ VÁLVULA ANTIRREFLUXO , TIPO USO: ESTÉRIL, USO ÚNICO 
526|OK_SEM_FLAGS|False|False|False|MATERIAIS DE USO TECNICO HOSPITALAR|INSTRUMENTOS, EQUIPAMENTOS E SUPRIMENTOS MÉDICOS  E  CIRÚRGICOS|3462307|617336|KIT DE SERINGA PARA TOMOGRAFIA COMPUTADORIZADA - PARA USO COM SISTEMA DE INJECAO DE CONTRASTE EM TOMOGRAFIA COMPUTADORIZADA,KIT COMPOSTO POR 1 SERINGA DE 200ML, 01 CONECTOR DE BAIXA PRESSAO E 01 TUBO DE ENCHIMENTO|SERINGA PARA BOMBA, APLICAçãO: COMPATÍVEL C/ INJETORA CONTRASTE, ATÉ 1200 PSI , MATERIAL: POLIPROPILENO , CAPACIDADE: CERCA 200 ML, ESTERILIDADE: ESTéRIL , APRESENTAÇÃO: EMBALAGEM INDIVIDUAL 
527|CATMAT_ALTERNATIVO|False|False|False|MATERIAIS DE USO TECNICO HOSPITALAR|INSTRUMENTOS, EQUIPAMENTOS E SUPRIMENTOS MÉDICOS  E  CIRÚRGICOS|3592464|606121|CONECTOR VALVULADO PARA SISTEMA DE INFUSAO VENOSA FECHADO - PARA TOMOGRAFIA E RESSONANCIA, DESCARTAVEL,COM DUPLA VALVULA DE SEGURANCA, ANTI-REFLUXO QUE IMPEDE A CONTAMINACAO POR FLUXO REVERSO,ESTERIL,EM PVC,USADO COMO LINHA DO PACIENTE E INDICADO PARA CONDUCAO DE MEIOS DE CONTRASTE RADIOLOGICOS ATRAVES DE BOMBA INJETORA DE BAIXA PRESSAO,APROXIMADAMENTE 23,00 CM DE COMPRIMENTO, COMPATIVEL COM SISTEMA MULTIPACIENTE,UNIVERSAL|CONECTOR USO MÉDICO, APLICAÇÃO: P/ACESSO VASCULAR , MATERIAL 1: POLÍMERO , MATERIAL 2: C/ MEMBRANA SILICONE , MODELO: SISTEMA FECHADO , COMPONENTE 1: CONEXÃO LUER , COMPONENTE 2: VALVULADO , CARACTERÍSTICA ADICIONAL: P/ USO SEM AGULHA , TIPO USO: ESTÉRIL, USO ÚNICO 
527|CATMAT_ALTERNATIVO|False|False|False|MATERIAIS DE USO TECNICO HOSPITALAR|INSTRUMENTOS, EQUIPAMENTOS E SUPRIMENTOS MÉDICOS  E  CIRÚRGICOS|3592464|458080|CONECTOR VALVULADO PARA SISTEMA DE INFUSAO VENOSA FECHADO - PARA TOMOGRAFIA E RESSONANCIA, DESCARTAVEL,COM DUPLA VALVULA DE SEGURANCA, ANTI-REFLUXO QUE IMPEDE A CONTAMINACAO POR FLUXO REVERSO,ESTERIL,EM PVC,USADO COMO LINHA DO PACIENTE E INDICADO PARA CONDUCAO DE MEIOS DE CONTRASTE RADIOLOGICOS ATRAVES DE BOMBA INJETORA DE BAIXA PRESSAO,APROXIMADAMENTE 23,00 CM DE COMPRIMENTO, COMPATIVEL COM SISTEMA MULTIPACIENTE,UNIVERSAL|EXTENSOR INFUSÃO VASCULAR, TIPO: P/ BOMBA INJETORA CONTRASTE , VIAS: 1 VIA , MATERIAL: POLÍMERO , COMPRIMENTO: CERCA 25 CM, TIPO CONEXÃO: LUER LOCK / SLIP , PRESSÃO MÁXIMA: ATÉ CERCA DE 300 PSI, CARACTERíSTICAS ADICIONAIS: C/ VÁLVULA ANTIRREFLUXO , TIPO USO: ESTÉRIL, USO ÚNICO 
528|OK_SEM_FLAGS|False|False|False|MATERIAIS DE USO TECNICO HOSPITALAR|INSTRUMENTOS, EQUIPAMENTOS E SUPRIMENTOS MÉDICOS  E  CIRÚRGICOS|1553682|483111|LAMINA PARA FACA DE BLAIR - DE ACO INOX, 10CM, ESTERIL DESCARTAVEL, ISENTA DE REBARBAS E SINASI DE OXIDACAO, APRESENTACAO CONFORME O DECRETO LEI 79094/77 COMBINADO COM O ART. 31 DA LEI 8078/90|FACA USO MÉDICO, MODELO: DE BLAIR , APLICAÇÃO: P/ ENXERTO DE PELE , TIPO PONTA: P/ LÂMINA DE 4 POLEGADAS , MATERIAL: AÇO INOXIDÁVEL , ESTERILIDADE: ESTERILIZÁVEL 
529|OK_SEM_FLAGS|False|False|False|MATERIAIS DE USO TECNICO HOSPITALAR|INSTRUMENTOS, EQUIPAMENTOS E SUPRIMENTOS MÉDICOS  E  CIRÚRGICOS|1553690|483112|LAMINA PARA FACA DE BLAIR - DE ACO INOX, 15CM, ESTERIL DESCARTAVEL, ISENTO DE REBARBAS E SINAIS DE OXIDACAO, APRESENTACAO CONFORME O DECRETO LEI 79094/77 COMBINADO COM O ART. 31 DA LEI 8078/90|FACA USO MÉDICO, MODELO: DE BLAIR , APLICAÇÃO: P/ ENXERTO DE PELE , TIPO PONTA: P/ LÂMINA DE 6 POLEGADAS , MATERIAL: AÇO INOXIDÁVEL , ESTERILIDADE: ESTERILIZÁVEL 
531|OK_SEM_FLAGS|False|False|False|MATERIAIS DE USO TECNICO HOSPITALAR|INSTRUMENTOS, EQUIPAMENTOS E SUPRIMENTOS MÉDICOS  E  CIRÚRGICOS|214469|445300|LAMINA DE BISTURI - EM ACO INOXIDAVEL CORTANTE, FIO CURVADO NA PONTA, PERFEITA ADAPTACAO AO CABO, NUMERO 11, ESTERILIZADO A COBALTO 60, DESCARTAVEL, COM PERFEITO ACABAMENTO SEM SINAIS DE OXIDACAO,SEM REBARBAS, O PRODUTO DEVERA SER ENTREGUE COM LAUDO QUE COMPROVE SUA ESTERILIDADE, PROCEDENCIA, LOTE, VALIDADE E REGISTRO NO MS|LÂMINA BISTURI, MATERIAL: AÇO INOXIDÁVEL , TAMANHO: Nº 11 , TIPO: DESCARTÁVEL , ESTERILIDADE: ESTÉRIL , CARACTERÍSTICAS ADICIONAIS: EMBALADA INDIVIDUALMENTE 
532|OK_SEM_FLAGS|False|False|False|MATERIAIS DE USO TECNICO HOSPITALAR|INSTRUMENTOS, EQUIPAMENTOS E SUPRIMENTOS MÉDICOS  E  CIRÚRGICOS|1553674|273178|LAMINA DE BISTURI - EM ACO CARBONO, COM FIO CURVADO NA PONTA, PERFEITA ADAPTACAO AO CABO ESTERELIZADO A COBALTO 60, NUMERO 15, EM ENVELOPE EM ALUMINIO HERMETICAMENTE FECHADO COM FORRO INTERNO PARA PROTECAO DO FIO DA LAMINA, COM PERFEITO ACABAMENTO SEM SINAIS DE OXIDACAO,SEM REBARBAS, ESTERIL, DESCARTAVEL, O PRODUTO DEVERA SER ENTREGUE COM LAUDO QUE COMPROVE A SUA ESTERILIDADEATENDENDO A LEGISLACAOVIGENTE|LÂMINA BISTURI, MATERIAL: AÇO CARBONO , TAMANHO: Nº 15 , TIPO: DESCARTÁVEL , ESTERILIDADE: ESTÉRIL , CARACTERÍSTICAS ADICIONAIS: EMBALADA INDIVIDUALMENTE 
533|OK_SEM_FLAGS|False|False|False|MATERIAIS DE USO TECNICO HOSPITALAR|INSTRUMENTOS, EQUIPAMENTOS E SUPRIMENTOS MÉDICOS  E  CIRÚRGICOS|214736|366903|LAMINA DE BISTURI - EM ACO INOXIDAVEL CORTANTE, NUMERO 15, ESTERIL, COM PERFEITO ACABAMENTO SEM SINAIS DE OXIDACAO,SEM REBARBAS, O PRODUTO DEVERA SER ENTREGUE COM LAUDO QUE COMPROVE SUA ESTERILIDADE|LÂMINA BISTURI, MATERIAL: AÇO INOXIDÁVEL , TAMANHO: Nº 15 , TIPO: DESCARTÁVEL , ESTERILIDADE: ESTÉRIL , CARACTERÍSTICAS ADICIONAIS: EMBALADA INDIVIDUALMENTE 
534|OK_SEM_FLAGS|False|False|False|MATERIAIS DE USO TECNICO HOSPITALAR|INSTRUMENTOS, EQUIPAMENTOS E SUPRIMENTOS MÉDICOS  E  CIRÚRGICOS|263885|361077|LAMINA DE BISTURI - EM ACO INOXIDAVEL CORTANTE, NUMERO 20, FIO CURVADO NA PONTA, PERFEITA ADAPTACAO AO CABO, ESTERILIZADO A COBALTO 60, COM PERFEITO ACABAMENTO SEM SINAIS DE OXIDACAO E SEM REBARBAS,, O PRODUTO DEVERA SER ENTREGUE COM LAUDO QUE COMPROVE SUA ESTERILIDADE, EM ENVELOPE EM ALUMINIO COM FORRO INTERNO P/ PROTECAO DO FIO DA LAMINA|LÂMINA BISTURI, MATERIAL: AÇO INOXIDÁVEL , TAMANHO: Nº 20 , TIPO: DESCARTÁVEL , ESTERILIDADE: ESTÉRIL , CARACTERÍSTICAS ADICIONAIS: EMBALADA INDIVIDUALMENTE 
535|OK_SEM_FLAGS|False|False|False|MATERIAIS DE USO TECNICO HOSPITALAR|INSTRUMENTOS, EQUIPAMENTOS E SUPRIMENTOS MÉDICOS  E  CIRÚRGICOS|2817624|299242|LAMINA DE BISTURI - Nº21, ESTERIL, EM ACO INOXIDAVEL OU ACO CARBONO ISENTA DE REBARBAS E SINAIS DE OXIDACAO FIO CURVADO EM SUA PONTA  PERFEITA ADAPTACAO AO CABO,.,ESTERILIZADO A COBALTO 60, ENVELOPE EM ALUMINIO QUE PERMITA ABERTURA,COM PERFEITO ACABAMENTO, ASSEPTICA HERMETICAMENTE FECHADO, COM FORRO INTERNO DE PROTECAO PARA O FIO DA LAMINA,O PRODUTO DEVERA SER ENTREGUE COM LAUDO CONTENDO DADOS DE IDENTIFICACAO, PROCEDENCIA, LOTE, VALIDADE E REGISTRO NO MS.|LÂMINA BISTURI, MATERIAL: AÇO INOXIDÁVEL , TAMANHO: Nº 21 , TIPO: DESCARTÁVEL , ESTERILIDADE: ESTÉRIL , CARACTERÍSTICAS ADICIONAIS: EMBALADA INDIVIDUALMENTE 
535|OK_SEM_FLAGS|False|False|False|MATERIAIS DE USO TECNICO HOSPITALAR|INSTRUMENTOS, EQUIPAMENTOS E SUPRIMENTOS MÉDICOS  E  CIRÚRGICOS|2817624|273179|LAMINA DE BISTURI - Nº21, ESTERIL, EM ACO INOXIDAVEL OU ACO CARBONO ISENTA DE REBARBAS E SINAIS DE OXIDACAO FIO CURVADO EM SUA PONTA  PERFEITA ADAPTACAO AO CABO,.,ESTERILIZADO A COBALTO 60, ENVELOPE EM ALUMINIO QUE PERMITA ABERTURA,COM PERFEITO ACABAMENTO, ASSEPTICA HERMETICAMENTE FECHADO, COM FORRO INTERNO DE PROTECAO PARA O FIO DA LAMINA,O PRODUTO DEVERA SER ENTREGUE COM LAUDO CONTENDO DADOS DE IDENTIFICACAO, PROCEDENCIA, LOTE, VALIDADE E REGISTRO NO MS.|LÂMINA BISTURI, MATERIAL: AÇO CARBONO , TAMANHO: Nº 21 , TIPO: DESCARTÁVEL , ESTERILIDADE: ESTÉRIL , CARACTERÍSTICAS ADICIONAIS: EMBALADA INDIVIDUALMENTE 
537|OK_SEM_FLAGS|False|False|False|MATERIAIS DE USO TECNICO HOSPITALAR|INSTRUMENTOS, EQUIPAMENTOS E SUPRIMENTOS MÉDICOS  E  CIRÚRGICOS|245550|242918|LAMINA DE BISTURI - EM ACO INOXIDAVEL CORTANTE, NUMERO 22, FIO CURVADO NA PONTA, PERFEITA ADAPTACAO AO CABO, ESTERILIZADO A COBALTO 60, DESCARTAVEL, COM PERFEITO ACABAMENTO SEM SINAIS DE OXIDACAO E SEM REBARBAS, O PRODUTO DEVERA SER ENTREGUE COM LAUDO QUE COMPROVE SUA ESTERILIDADE|LÂMINA BISTURI, MATERIAL: AÇO INOXIDÁVEL , TAMANHO: Nº 22 , TIPO: DESCARTÁVEL , ESTERILIDADE: ESTÉRIL , CARACTERÍSTICAS ADICIONAIS: EMBALADA INDIVIDUALMENTE 
539|OK_SEM_FLAGS|False|False|False|MATERIAIS DE USO TECNICO HOSPITALAR|INSTRUMENTOS, EQUIPAMENTOS E SUPRIMENTOS MÉDICOS  E  CIRÚRGICOS|214590|361078|LAMINA DE BISTURI - EM ACO INOXIDAVEL CORTANTE, NUMERO 23, FIO CURVADO NA PONTA, PERFEITA ADAPTACAO AO CABO, ESTERILIZADO A COBALTO 60, DESCARTAVEL, COM PERFEITO ACABAMENTO SEM SINAIS DE OXIDACAO E SEM REBARBAS, O PRODUTO DEVERA SER ENTREGUE COM LAUDO QUE COMPROVE SUA ESTERILIDADE|LÂMINA BISTURI, MATERIAL: AÇO INOXIDÁVEL , TAMANHO: Nº 23 , TIPO: DESCARTÁVEL , ESTERILIDADE: ESTÉRIL , CARACTERÍSTICAS ADICIONAIS: EMBALADA INDIVIDUALMENTE 
540|OK_SEM_FLAGS|False|False|False|MATERIAIS DE USO TECNICO HOSPITALAR|INSTRUMENTOS, EQUIPAMENTOS E SUPRIMENTOS MÉDICOS  E  CIRÚRGICOS|1930826|366902|LAMINA DE BISTURI - EM N.24, ESTERIL EM ACO INOXIDAVEL OU ACO CARBONO, ISENTA DE REBARBAS E SINAIS DE, CURVADO EM SUA PONTA , PERFEITA ADAPTACAO AO CABO, ESTERILIZADO A COBALTO 60., ENVELOPE EM ALUMINIO QUE PERMITA ABERTURA, COM PERFEITO ACABAMENTO ASSEPTICA ,HERMETICAMENTE FECHADO, COM FORROINTERNO DE PROTECAO PARA O FIO DA L, O PRODUTO DEVERA SER ENTREGUE COM LAUDO QUE CONTENDO DADOS DE IDENTIFICACAO, PROCEDENCIA, LOTE ,VALIDADE E REGISTRO NO MS.|LÂMINA BISTURI, MATERIAL: AÇO INOXIDÁVEL , TAMANHO: Nº 24 , TIPO: DESCARTÁVEL , ESTERILIDADE: ESTÉRIL , CARACTERÍSTICAS ADICIONAIS: EMBALADA INDIVIDUALMENTE 
542|OK_SEM_FLAGS|False|False|False|MATERIAIS DE USO TECNICO HOSPITALAR|INSTRUMENTOS, EQUIPAMENTOS E SUPRIMENTOS MÉDICOS  E  CIRÚRGICOS|2818086|445396|"LAMINA DE DERMATONO - LAMINA DESCARTAVEL PARA DERMATOMO EM ACO INOXIDAVEL ISENTA DE REBARBAS E SINAIS DE OXIDACAO, PARA RETIRADA DE ENXERTIAS,COMPATIVEL COM DERMATOMO ELETRICO 80 MODELO ""D"",ESTERIL,EMBALAGEM CONTENDO DADOS DE IDENTIFICACAO, PROCEDENCIA, VALIDADE E REGISTRO NO MS."|ACESSÓRIO PARA EQUIPAMENTO MÉDICO, TIPO: LÂMINA , APLICAÇÃO: COMPATÍVEL COM DERMÁTOMO , MATERIAL: AÇO INOXIDÁVEL , ESTERILIDADE: ESTÉRIL, USO ÚNICO 
543|OK_SEM_FLAGS|False|False|False|INSUMOS PARA EQUIPAMENTOS MEDICO HOSPITALARES|INSTRUMENTOS, EQUIPAMENTOS E SUPRIMENTOS MÉDICOS  E  CIRÚRGICOS|2944669|445397|LAMINA PARA TRICOTOMIZADOR CIRURGICO - EM PLASTICO ABS E ACO CARBONO, DESCARTAVEL,PARA TRICOTOMIZADOR CIRURGICO ELETRICO,ACONDICIONAMENTO ADEQUADO AO USO,COMPATIVEL COM O TRICOTOMIZADOR QUE DEVERA ACOMPANHAR A LAMINA, DE ACORDO COM EDITAL,EMBALADO EM CAIXA COM 50 UNIDADES|ACESSÓRIO PARA EQUIPAMENTO MÉDICO, TIPO: LÂMINA , APLICAÇÃO: COMPATÍVEL COM TRICOTOMIZADOR , MATERIAL: AÇO INOXIDÁVEL E PLÁSTICO , ESTERILIDADE: ESTÉRIL, USO ÚNICO 
544|OK_SEM_FLAGS|False|False|False|MATERIAIS DE USO TECNICO HOSPITALAR|INSTRUMENTOS, EQUIPAMENTOS E SUPRIMENTOS MÉDICOS  E  CIRÚRGICOS|2445140|422824|CANULA DE GUEDEL - TAMANHO 0, DE MATERIAL ATOXICO COM CONFECCIONADO EM PVC ATOXICO, COM FLEXIBILIDADE E CURVATURA ADEQUADAS, TRANPARENTE, INODORA, COM ORIFICIO CENTRAL E BORDA DE SEGURANCA, RESISTENTE A DESINFECCAO E LAVAVEL;, EM EMBALAGEM APROPRIADA E INDIVIDUAL;, APRESENTACAO CONFORME DECRETO LEI 79094/77 APRESENTACAO CONFORME DECRETO LEI 79094/77, COMBINADO COM ART.31 DE LEI 8078/90.|CÂNULA OROFARÍNGEA GUEDEL, MATERIAL*: POLÍMERO , TAMANHO*: TAMANHO Nº 0 , ESTERELIDADE*: ESTÉRIL , EMBALAGEM INDIVIDUAL*: EMBALAGEM INDIVIDUAL 
544|OK_SEM_FLAGS|False|False|False|MATERIAIS DE USO TECNICO HOSPITALAR|INSTRUMENTOS, EQUIPAMENTOS E SUPRIMENTOS MÉDICOS  E  CIRÚRGICOS|2445140|450962|CANULA DE GUEDEL - TAMANHO 0, DE MATERIAL ATOXICO COM CONFECCIONADO EM PVC ATOXICO, COM FLEXIBILIDADE E CURVATURA ADEQUADAS, TRANPARENTE, INODORA, COM ORIFICIO CENTRAL E BORDA DE SEGURANCA, RESISTENTE A DESINFECCAO E LAVAVEL;, EM EMBALAGEM APROPRIADA E INDIVIDUAL;, APRESENTACAO CONFORME DECRETO LEI 79094/77 APRESENTACAO CONFORME DECRETO LEI 79094/77, COMBINADO COM ART.31 DE LEI 8078/90.|CÂNULA OROFARÍNGEA GUEDEL, MATERIAL*: POLÍMERO , TAMANHO*: TAMANHO Nº 0 
545|OK_SEM_FLAGS|False|False|False|MATERIAIS DE USO TECNICO HOSPITALAR|INSTRUMENTOS, EQUIPAMENTOS E SUPRIMENTOS MÉDICOS  E  CIRÚRGICOS|2445158|422819|CANULA DE GUEDEL - TAMANHO 1, DE MATERIAL ATOXICO COM CONFECCIONADO EM PVC ATOXICO, COM FLEXIBILIDADE E CURVATURA ADEQUADAS, TRANPARENTE, INODORA, COM ORIFICIO CENTRAL E BORDA DE SEGURANCA, NA COR AZUL, RESISTENTE A DESINFECCAO E LAVAVEL;, EM EMBALAGEM APROPRIADA E INDIVIDUAL;, APRESENTACAO CONFORME DECRETO LEI 79094/77 APRESENTACAO CONFORME DECRETO LEI 79094/77, COMBINADO COM ART.31 DE LEI 8078/90.|CÂNULA OROFARÍNGEA GUEDEL, MATERIAL*: POLÍMERO , TAMANHO*: TAMANHO Nº 1 , ESTERELIDADE*: ESTÉRIL , EMBALAGEM INDIVIDUAL*: EMBALAGEM INDIVIDUAL 
545|OK_SEM_FLAGS|False|False|False|MATERIAIS DE USO TECNICO HOSPITALAR|INSTRUMENTOS, EQUIPAMENTOS E SUPRIMENTOS MÉDICOS  E  CIRÚRGICOS|2445158|450963|CANULA DE GUEDEL - TAMANHO 1, DE MATERIAL ATOXICO COM CONFECCIONADO EM PVC ATOXICO, COM FLEXIBILIDADE E CURVATURA ADEQUADAS, TRANPARENTE, INODORA, COM ORIFICIO CENTRAL E BORDA DE SEGURANCA, NA COR AZUL, RESISTENTE A DESINFECCAO E LAVAVEL;, EM EMBALAGEM APROPRIADA E INDIVIDUAL;, APRESENTACAO CONFORME DECRETO LEI 79094/77 APRESENTACAO CONFORME DECRETO LEI 79094/77, COMBINADO COM ART.31 DE LEI 8078/90.|CÂNULA OROFARÍNGEA GUEDEL, MATERIAL*: POLÍMERO , TAMANHO*: TAMANHO Nº 1 
546|OK_SEM_FLAGS|False|False|False|MATERIAIS DE USO TECNICO HOSPITALAR|INSTRUMENTOS, EQUIPAMENTOS E SUPRIMENTOS MÉDICOS  E  CIRÚRGICOS|2445174|450964|CANULA DE GUEDEL - TAMANHO 2, DE MATERIAL ATOXICO COM CONFECCIONADO EM PVC ATOXICO, COM FLEXIBILIDADE E CURVATURA ADEQUADAS, TRANPARENTE, INODORA, COM ORIFICIO CENTRAL E BORDA DE SEGURANCA;COR PRETA, RESISTENTE A DESINFECCAO E LAVAVEL;, EM EMBALAGEM APROPRIADA E INDIVIDUAL;, APRESENTACAO CONFORME DECRETO LEI 79094/77 APRESENTACAO CONFORME DECRETO LEI 79094/77, COMBINADO COM ART.31 DE LEI 8078/90.|CÂNULA OROFARÍNGEA GUEDEL, MATERIAL*: POLÍMERO , TAMANHO*: TAMANHO Nº 2 
546|OK_SEM_FLAGS|False|False|False|MATERIAIS DE USO TECNICO HOSPITALAR|INSTRUMENTOS, EQUIPAMENTOS E SUPRIMENTOS MÉDICOS  E  CIRÚRGICOS|2445174|427150|CANULA DE GUEDEL - TAMANHO 2, DE MATERIAL ATOXICO COM CONFECCIONADO EM PVC ATOXICO, COM FLEXIBILIDADE E CURVATURA ADEQUADAS, TRANPARENTE, INODORA, COM ORIFICIO CENTRAL E BORDA DE SEGURANCA;COR PRETA, RESISTENTE A DESINFECCAO E LAVAVEL;, EM EMBALAGEM APROPRIADA E INDIVIDUAL;, APRESENTACAO CONFORME DECRETO LEI 79094/77 APRESENTACAO CONFORME DECRETO LEI 79094/77, COMBINADO COM ART.31 DE LEI 8078/90.|CÂNULA OROFARÍNGEA GUEDEL, MATERIAL*: POLÍMERO , TAMANHO*: TAMANHO Nº 2 , ESTERELIDADE*: ESTÉRIL , EMBALAGEM INDIVIDUAL*: EMBALAGEM INDIVIDUAL 
547|OK_SEM_FLAGS|False|False|False|MATERIAIS DE USO TECNICO HOSPITALAR|INSTRUMENTOS, EQUIPAMENTOS E SUPRIMENTOS MÉDICOS  E  CIRÚRGICOS|2445182|450965|CANULA DE GUEDEL - TAMANHO 3, DE MATERIAL ATOXICO COM CONFECCIONADO EM PVC ATOXICO, COM FLEXIBILIDADE E CURVATURA ADEQUADAS, TRANPARENTE, INODORA, COM ORIFICIO CENTRAL E BORDA DE SEGURANCA;COR BRANCA, RESISTENTE A DESINFECCAO E LAVAVEL;, EM EMBALAGEM APROPRIADA E INDIVIDUAL;, APRESENTACAO CONFORME DECRETO LEI 79094/77 APRESENTACAO CONFORME DECRETO LEI 79094/77, COMBINADO COM ART.31 DE LEI 8078/90.|CÂNULA OROFARÍNGEA GUEDEL, MATERIAL*: POLÍMERO , TAMANHO*: TAMANHO Nº 3 
547|OK_SEM_FLAGS|False|False|False|MATERIAIS DE USO TECNICO HOSPITALAR|INSTRUMENTOS, EQUIPAMENTOS E SUPRIMENTOS MÉDICOS  E  CIRÚRGICOS|2445182|422817|CANULA DE GUEDEL - TAMANHO 3, DE MATERIAL ATOXICO COM CONFECCIONADO EM PVC ATOXICO, COM FLEXIBILIDADE E CURVATURA ADEQUADAS, TRANPARENTE, INODORA, COM ORIFICIO CENTRAL E BORDA DE SEGURANCA;COR BRANCA, RESISTENTE A DESINFECCAO E LAVAVEL;, EM EMBALAGEM APROPRIADA E INDIVIDUAL;, APRESENTACAO CONFORME DECRETO LEI 79094/77 APRESENTACAO CONFORME DECRETO LEI 79094/77, COMBINADO COM ART.31 DE LEI 8078/90.|CÂNULA OROFARÍNGEA GUEDEL, MATERIAL*: POLÍMERO , TAMANHO*: TAMANHO Nº 3 , ESTERELIDADE*: ESTÉRIL , EMBALAGEM INDIVIDUAL*: EMBALAGEM INDIVIDUAL 
548|OK_SEM_FLAGS|False|False|False|MATERIAIS DE USO TECNICO HOSPITALAR|INSTRUMENTOS, EQUIPAMENTOS E SUPRIMENTOS MÉDICOS  E  CIRÚRGICOS|2445204|450966|CANULA DE GUEDEL - TAMANHO 4, DE MATERIAL ATOXICO COM CONFECCIONADO EM PVC ATOXICO, COM FLEXIBILIDADE E CURVATURA ADEQUADAS, TRANPARENTE, INODORA, COM ORIFICIO CENTRAL E BORDA DE SEGURANCA;COR VERDE, RESISTENTE A DESINFECCAO E LAVAVEL;, EM EMBALAGEM APROPRIADA E INDIVIDUAL;, APRESENTACAO CONFORME DECRETO LEI 79094/77 APRESENTACAO CONFORME DECRETO LEI 79094/77, COMBINADO COM ART.31 DE LEI 8078/90.|CÂNULA OROFARÍNGEA GUEDEL, MATERIAL*: POLÍMERO , TAMANHO*: TAMANHO Nº 4 
548|OK_SEM_FLAGS|False|False|False|MATERIAIS DE USO TECNICO HOSPITALAR|INSTRUMENTOS, EQUIPAMENTOS E SUPRIMENTOS MÉDICOS  E  CIRÚRGICOS|2445204|422820|CANULA DE GUEDEL - TAMANHO 4, DE MATERIAL ATOXICO COM CONFECCIONADO EM PVC ATOXICO, COM FLEXIBILIDADE E CURVATURA ADEQUADAS, TRANPARENTE, INODORA, COM ORIFICIO CENTRAL E BORDA DE SEGURANCA;COR VERDE, RESISTENTE A DESINFECCAO E LAVAVEL;, EM EMBALAGEM APROPRIADA E INDIVIDUAL;, APRESENTACAO CONFORME DECRETO LEI 79094/77 APRESENTACAO CONFORME DECRETO LEI 79094/77, COMBINADO COM ART.31 DE LEI 8078/90.|CÂNULA OROFARÍNGEA GUEDEL, MATERIAL*: POLÍMERO , TAMANHO*: TAMANHO Nº 4 , ESTERELIDADE*: ESTÉRIL , EMBALAGEM INDIVIDUAL*: EMBALAGEM INDIVIDUAL 
549|OK_SEM_FLAGS|False|False|False|MATERIAIS DE USO TECNICO HOSPITALAR|INSTRUMENTOS, EQUIPAMENTOS E SUPRIMENTOS MÉDICOS  E  CIRÚRGICOS|2445212|450967|CANULA DE GUEDEL - TAMANHO 5, DE MATERIAL ATOXICO COM CONFECCIONADO EM PVC ATOXICO, COM FLEXIBILIDADE E CURVATURA ADEQUADAS, TRANPARENTE, INODORA, COM ORIFICIO CENTRAL E BORDA DE SEGURANCA;COR AMARELA, RESISTENTE A DESINFECCAO E LAVAVEL;, EM EMBALAGEM APROPRIADA E INDIVIDUAL;, APRESENTACAO CONFORME DECRETO LEI 79094/77 APRESENTACAO CONFORME DECRETO LEI 79094/77, COMBINADO COM ART.31 DE LEI 8078/90.|CÂNULA OROFARÍNGEA GUEDEL, MATERIAL*: POLÍMERO , TAMANHO*: TAMANHO Nº 5 
549|OK_SEM_FLAGS|False|False|False|MATERIAIS DE USO TECNICO HOSPITALAR|INSTRUMENTOS, EQUIPAMENTOS E SUPRIMENTOS MÉDICOS  E  CIRÚRGICOS|2445212|422818|CANULA DE GUEDEL - TAMANHO 5, DE MATERIAL ATOXICO COM CONFECCIONADO EM PVC ATOXICO, COM FLEXIBILIDADE E CURVATURA ADEQUADAS, TRANPARENTE, INODORA, COM ORIFICIO CENTRAL E BORDA DE SEGURANCA;COR AMARELA, RESISTENTE A DESINFECCAO E LAVAVEL;, EM EMBALAGEM APROPRIADA E INDIVIDUAL;, APRESENTACAO CONFORME DECRETO LEI 79094/77 APRESENTACAO CONFORME DECRETO LEI 79094/77, COMBINADO COM ART.31 DE LEI 8078/90.|CÂNULA OROFARÍNGEA GUEDEL, MATERIAL*: POLÍMERO , TAMANHO*: TAMANHO Nº 5 , ESTERELIDADE*: ESTÉRIL , EMBALAGEM INDIVIDUAL*: EMBALAGEM INDIVIDUAL 
550|OK_SEM_FLAGS|False|False|False|MATERIAIS DE USO TECNICO HOSPITALAR|JOGOS E CONJUNTOS MÉDICOS|1260103|425444|CANULA DE TRAQUEOSTOMIA - ACO INOX, COM CANULA EXTERNA INTERNA, CALIBRE 0|CÂNULA DE TRAQUEOSTOMIA, MATERIAL*: AÇO INOXIDÁVEL , DIÂMETRO: 6 MM, ACESSÓRIOS: MANDRIL COM GUIA , ACESSÓRIOS 01: COM HASTE , ACESSÓRIOS 02: CÂNULA INTERNA , ESTERELIDADE: ESTÉRIL , EMBALAGEM: EMBALAGEM INDIVIDUAL 
551|OK_SEM_FLAGS|False|False|False|MATERIAIS DE USO TECNICO HOSPITALAR|JOGOS E CONJUNTOS MÉDICOS|118940|429769|CANULA DE TRAQUEOSTOMIA - ACO INOX, CANULA INTERNA E EXTERNA, COM MANDRIL DE PONTA ARREDONDADA, N-. 00 IMPRESSO EM LOCAL VISIVEL|CÂNULA DE TRAQUEOSTOMIA, MATERIAL*: AÇO INOXIDÁVEL , DIÂMETRO: 5 MM, ACESSÓRIOS: MANDRIL COM GUIA , ACESSÓRIOS 01: COM HASTE , ACESSÓRIOS 02: CÂNULA INTERNA , EMBALAGEM: EMBALAGEM INDIVIDUAL 
552|OK_SEM_FLAGS|False|False|False|MATERIAIS DE USO TECNICO HOSPITALAR|JOGOS E CONJUNTOS MÉDICOS|1998366|423733|CANULA DE METAL PARA TRAQUEOSTOMIA - CANULA DE METAL PARA TRAQUEOSTOMIA, MEDIA NUMERO 4,0.|CÂNULA DE TRAQUEOSTOMIA, MATERIAL*: METAL , DIÂMETRO: 10 MM, EMBALAGEM: EMBALAGEM INDIVIDUAL 
552|OK_SEM_FLAGS|False|False|False|MATERIAIS DE USO TECNICO HOSPITALAR|JOGOS E CONJUNTOS MÉDICOS|1998366|423716|CANULA DE METAL PARA TRAQUEOSTOMIA - CANULA DE METAL PARA TRAQUEOSTOMIA, MEDIA NUMERO 4,0.|CÂNULA DE TRAQUEOSTOMIA, MATERIAL*: METAL , DIÂMETRO: 10 MM, ACESSÓRIOS: MANDRIL COM GUIA , EMBALAGEM: EMBALAGEM INDIVIDUAL 
553|OK_SEM_FLAGS|False|False|False|MATERIAIS DE USO TECNICO HOSPITALAR|JOGOS E CONJUNTOS MÉDICOS|2006693|423703|CANULA DE METAL PARA TRAQUEOSTOMIA - MEDIA, NUMERO 5,0.|CÂNULA DE TRAQUEOSTOMIA, MATERIAL*: METAL , DIÂMETRO: 11 MM, ACESSÓRIOS: MANDRIL COM GUIA , EMBALAGEM: EMBALAGEM INDIVIDUAL 
553|OK_SEM_FLAGS|False|False|False|MATERIAIS DE USO TECNICO HOSPITALAR|JOGOS E CONJUNTOS MÉDICOS|2006693|423720|CANULA DE METAL PARA TRAQUEOSTOMIA - MEDIA, NUMERO 5,0.|CÂNULA DE TRAQUEOSTOMIA, MATERIAL*: METAL , DIÂMETRO: 11 MM, EMBALAGEM: EMBALAGEM INDIVIDUAL 
554|OK_SEM_FLAGS|False|False|False|MATERIAIS DE USO TECNICO HOSPITALAR|JOGOS E CONJUNTOS MÉDICOS|3880796|423757|CANULA DE TRAQUEOSTOMIA - EM METAL,LONGA, COMPOSTA POR CANULA EXTERNA, CANULA INTERNA E MANDRIL GUIA,NUMERO 5,0, NAS DIMENSOES 10,00MM X 9,0CM. EMBALAGEM INDIVIDUAL.|CÂNULA DE TRAQUEOSTOMIA, MATERIAL*: METAL , MODELO: LONGA , DIÂMETRO: 11 MM, ACESSÓRIOS: MANDRIL COM GUIA , EMBALAGEM: EMBALAGEM INDIVIDUAL 
556|OK_SEM_FLAGS|False|False|False|MATERIAIS DE USO TECNICO HOSPITALAR|JOGOS E CONJUNTOS MÉDICOS|3880745|423771|CANULA DE TRAQUEOSTOMIA - EM METAL,LONGA, COMPOSTA POR CANULA EXTERNA, CANULA INTERNA E MANDRIL GUIA,NUMERO 6,0, NAS DIMENSOES 12,00MM X 10,00CM. EMBALAGEM INDIVIDUAL.|CÂNULA DE TRAQUEOSTOMIA, MATERIAL*: METAL , MODELO: LONGA , DIÂMETRO: 12 MM, ACESSÓRIOS: MANDRIL COM GUIA , EMBALAGEM: EMBALAGEM INDIVIDUAL 
557|OK_SEM_FLAGS|False|False|False|MATERIAIS DE USO TECNICO HOSPITALAR|JOGOS E CONJUNTOS MÉDICOS|1409743|483955|CANULA DE TRAQUEOSTOMIA ESTERIL DESCARTAVEL - CONFECCIONADA EM PVC ATOXICO,FLEXIVEL,TRANSPARENTE,SILICONIZADO,LINHA RADIOPACA, COMPOSTA POR OBTURADOR DE PONTA ARREDONDADA, CANULA INTERIOR E ADAPTAVEL A QUALQUER TIPO DE SERINGA COM TAMPA DEVEDACAO, ASAS PARA FIXACAO COM IMPRESSAO DO NUMERO EM LOCAL VISIVEL, DE FACIL MANUSEIO QUE NAO CAUSE TRAUMATISMO COM DISPOSITIVO, MANDRIL COM PONTA ARREDONDADA E DE FACIL MANUSEIO, GUARNICAO DE INSUFLACAO UNIVERSAL PARA SERINGAS, TAMANHO CALIBRE 2,5CH, EMBALADO EM PAPEL GRAU CIRURGICO E FILME TRANSPARENTE, INDIVIDUAL E ESTERIL, CONTENDO DADOS DE IDENTIFICACAO E PROCEDENCIA, ROTULAGEM RESPEITANDO O DECRETO LEI 79094/77 ART.31 L.8078/90 PORT.CONJ.N.1 DE 23/1/96-MS, CONTENDO DADOS DE VALIDADE, LOTE E REGISTRO NO MS|CÂNULA DE TRAQUEOSTOMIA, MATERIAL*: SILICONE , TIPO: RADIOPACO , DIÂMETRO: CERCA DE 2,5 MM, CARACTERÍSTICAS ADICIONAIS*: SUPERFÍCIE LISA PONTA ARREDONDADA , ACESSÓRIOS 02: CONECTOR UNIVERSAL , COMPONENTES*: SEM BALÃO , ESTERELIDADE: ESTÉRIL, DESCARTÁVEL , EMBALAGEM: EMBALAGEM INDIVIDUAL 
558|OK_SEM_FLAGS|False|False|False|MATERIAIS DE USO TECNICO HOSPITALAR|JOGOS E CONJUNTOS MÉDICOS|1919105|615901|CANULA P/TRAQUEOSTOMIA COM OBTURADOR - CANULA P/TRAQUEOSTOMIA COM OBTURADOR DE PONTAARREDONDADA,, CALIBRE 3,0 CHDESCARTAVEL, COM BALAO, EM PVC ATOXICO, FLEXIVEL, TRANSPARENTE, SILICONIZADA,, LINHA RADIOPACA,ASAS PARA FIXACAO COM IMPRESSAO DO NUMERO, EM LOCAL VISIVEL,ACABAMENTO ATRAUMATICO COM DISPOSITIVO, ADAPTAVEL, A QUALQUER TIPO DE SERINGA COM TAMPA DE VEDACAO, MANDRIL COM PONTA ARREDONDADA E DE FACIL MANUSEIO, ESTERILIZADA., EMBALAGEM INDIVIDUALIZADA CONTENDO DADOS DE, IDENTIFICACAO, PROCEDENCIA, TIPO DE ESTERILIZACAO, VALIDADE E REGISTRO DE ISENCAO NO MS.|CÂNULA DE TRAQUEOSTOMIA, MATERIAL*: PVC , TIPO: RADIOPACO , DIÂMETRO: CERCA DE 3,0 MM, CARACTERÍSTICAS ADICIONAIS*: C/ ASA DE FIXAÇÃO LATERAL FLEXÍVEL , ACESSÓRIOS: C/ FITA P/ FIXAÇÃO , ACESSÓRIOS 02: CONECTOR UNIVERSAL , COMPONENTES*: BALÃO DE ALTO VOLUME E BAIXA PRESSÃO , ESTERELIDADE: ESTÉRIL, DESCARTÁVEL , EMBALAGEM: EMBALAGEM INDIVIDUAL 
559|OK_SEM_FLAGS|False|False|False|MATERIAIS DE USO TECNICO HOSPITALAR|JOGOS E CONJUNTOS MÉDICOS|382230|428137|CANULA DE TRAQUEOSTOMIA ESTERIL DESCARTAVEL - CONFECCIONADA EM MATERIAL ATOXICO-FLEXIVEL-TRANSPARENTE, COMPOSTA POR CANULA EXTERNA SEM BALAO, CANULA INTERIOR E TAMPA DE VEDACAO, LINHA RADIOPACA, ASAS PARA FIXACAO COM IMPRESSAO DO NUMERO EM LOCAL VISIVEL, DE FACIL MANUSEIO QUE NAO CAUSE TRAUMATISMO TRAQUEAL E MANDRIL COM PONTA ARREDONDADA, GUARNICAO DE INSUFLACAO UNIVERSAL PARA SERINGAS, TAMANHO CALIBRE 3.0, EMBALADO EM PAPEL GRAU CIRURGICO E FILME TRANSPARENTE, INDIVIDUAL E ESTERIL, ROTULAGEM RESPEITANDO O DECRETO LEI 79094/77 ART.31 L.8078/90 E PORT.CONJ.N1 DE 23/1/96-M.SAUDE|CÂNULA DE TRAQUEOSTOMIA, MATERIAL*: POLÍMERO , TIPO: RADIOPACO , DIÂMETRO: CERCA DE 3,0 MM, CARACTERÍSTICAS ADICIONAIS*: SUPERFÍCIE LISA PONTA ARREDONDADA , ACESSÓRIOS 02: CONECTOR UNIVERSAL , ESTERELIDADE: ESTÉRIL, DESCARTÁVEL , EMBALAGEM: EMBALAGEM INDIVIDUAL 
562|OK_SEM_FLAGS|False|False|False|MATERIAIS DE USO TECNICO HOSPITALAR|JOGOS E CONJUNTOS MÉDICOS|1919121|423635|CANULA P/TRAQUEOSTOMIA COM OBTURADOR - CANULA P/TRAQUEOSTOMIA COM OBTURADOR DEPONTA ARREDONDADA, CALIBRE 4,0 CH DESCARTAVEL,COM BALAO, EM PVCATOXICO, FLEXIVEL, TRANSPARENTE, SILICONIZADA, ., LINHA RADIOPACA,ASAS PARA FIXACAO COM IMPRESSAODO NUMERO, EM LOCAL VISIVEL,ACABAMENTO ATRAUMATICO COMDISPOSITIVO ADAPTAVEL, A QUALQUER TIPO DE SERINGA COM TAMPA DE VEDACAO, MANDRIL COM PONTA ARREDONDADA E DE FACILMANUSEIO , ESTERILIZADA, EMBALAGEM INDIVIDUALIZADA CONTENDO DADOS DE, IDENTIFICACAO, PROCEDENCIA, TIPO DE ESTERILIZACAO, VALIDADE E REGISTRO DE ISENCAO NO MS.|CÂNULA DE TRAQUEOSTOMIA, MATERIAL*: POLÍMERO , MODELO: CURTA , DIÂMETRO: 4 MM, CARACTERÍSTICAS ADICIONAIS*: SUPERFÍCIE LISA PONTA ARREDONDADA , ACESSÓRIOS: MANDRIL COM GUIA , COMPONENTES*: BALÃO DE ALTO VOLUME E BAIXA PRESSÃO , OUTROS COMPONENTES*: COM DISPOSITIVO DE FONAÇÃO , ESTERELIDADE: ESTÉRIL , EMBALAGEM: EMBALAGEM INDIVIDUAL 
562|OK_SEM_FLAGS|False|False|False|MATERIAIS DE USO TECNICO HOSPITALAR|JOGOS E CONJUNTOS MÉDICOS|1919121|427908|CANULA P/TRAQUEOSTOMIA COM OBTURADOR - CANULA P/TRAQUEOSTOMIA COM OBTURADOR DEPONTA ARREDONDADA, CALIBRE 4,0 CH DESCARTAVEL,COM BALAO, EM PVCATOXICO, FLEXIVEL, TRANSPARENTE, SILICONIZADA, ., LINHA RADIOPACA,ASAS PARA FIXACAO COM IMPRESSAODO NUMERO, EM LOCAL VISIVEL,ACABAMENTO ATRAUMATICO COMDISPOSITIVO ADAPTAVEL, A QUALQUER TIPO DE SERINGA COM TAMPA DE VEDACAO, MANDRIL COM PONTA ARREDONDADA E DE FACILMANUSEIO , ESTERILIZADA, EMBALAGEM INDIVIDUALIZADA CONTENDO DADOS DE, IDENTIFICACAO, PROCEDENCIA, TIPO DE ESTERILIZACAO, VALIDADE E REGISTRO DE ISENCAO NO MS.|CÂNULA DE TRAQUEOSTOMIA, MATERIAL*: POLÍMERO , TIPO: RADIOPACO , DIÂMETRO: CERCA DE 4,0 MM, CARACTERÍSTICAS ADICIONAIS*: C/ ASA DE FIXAÇÃO LATERAL FLEXÍVEL , ACESSÓRIOS: C/ FITA P/ FIXAÇÃO , ACESSÓRIOS 01: OBTURADOR , ACESSÓRIOS 02: CONECTOR UNIVERSAL , COMPONENTES*: BALÃO DE ALTO VOLUME E BAIXA PRESSÃO , ESTERELIDADE: ESTÉRIL , EMBALAGEM: EMBALAGEM INDIVIDUAL 
563|OK_SEM_FLAGS|False|False|False|MATERIAIS DE USO TECNICO HOSPITALAR|JOGOS E CONJUNTOS MÉDICOS|1818201|428135|CANULA DE TRAQUEOSTOMIA ESTERIL DESCARTAVEL - CONFECCIONADA EM PVC ATOXICO,FLEXIVEL,SEM BALAO, SILICONIZADO,LINHA RADIOPACA, TRANSPARENTE, COMPOSTA POR OBTURADOR DE PONTA ARREDONDADA, CANULA INTERIOR E ADAPTAVEL A QUALQUER TIPO DE SERINGA COM TAMPA DEVEDACAO, ASAS PARA FIXACAO COM IMPRESSAO DO NUMERO EM LOCAL VISIVEL, DE FACIL MANUSEIO QUE NAO CAUSE TRAUMATISMO COM DISPOSITIVO, MANDRIL COM PONTA ARREDONDADA E DE FACIL MANUSEIO, GUARNICAO DE INSUFLACAO UNIVERSAL PARA SERINGAS, TAMANHO CALIBRE 4,0CH, EMBALADO EM PAPEL GRAU CIRURGICO E FILME TRANSPARENTE, INDIVIDUAL E ESTERIL, CONTENDO DADOS DE IDENTIFICACAO E PROCEDENCIA, ROTULAGEM RESPEITANDO O DECRETO LEI 79094/77 ART.31 L.8078/90 E PORT.CONJ.N1 DE 23/1/96-MS, CONTENDO DADOS DE VALIDADE, LOTE E REGISTRO NO MS|CÂNULA DE TRAQUEOSTOMIA, MATERIAL*: POLÍMERO , TIPO: RADIOPACO , DIÂMETRO: CERCA DE 4,0 MM, CARACTERÍSTICAS ADICIONAIS*: SUPERFÍCIE LISA PONTA ARREDONDADA , ACESSÓRIOS 02: CONECTOR UNIVERSAL , ESTERELIDADE: ESTÉRIL, DESCARTÁVEL , EMBALAGEM: EMBALAGEM INDIVIDUAL 
564|OK_SEM_FLAGS|False|False|False|MATERIAIS DE USO TECNICO HOSPITALAR|JOGOS E CONJUNTOS MÉDICOS|1919130|617764|CANULA P/TRAQUEOSTOMIA COM OBTURADOR - CANULA P/TRAQUEOSTOMIA COM OBTURADOR DEPONTA ARREDONDADA, CALIBRE 4,5 CH DESCARTAVEL,COM BALAO, EM PVCATOXICO, FLEXIVEL, TRANSPARENTE, SILICONIZADA, ., LINHA RADIOPACA,ASAS PARA FIXACAO COM IMPRESSAODO NUMERO, EM LOCAL VISIVEL,ACABAMENTO ATRAUMATICO COMDISPOSITIVO ADAPTAVEL, A QUALQUER TIPO DE SERINGA COM TAMPA DE VEDACAO, MANDRIL COM PONTA ARREDONDADA E DE FACILMANUSEIO , ESTERILIZADA, EMBALAGEM INDIVIDUALIZADA CONTENDO DADOS DE, IDENTIFICACAO, PROCEDENCIA, TIPO DE ESTERILIZACAO, VALIDADE E REGISTRO DE ISENCAO NO MS.|CÂNULA DE TRAQUEOSTOMIA, MATERIAL*: PVC , TIPO: RADIOPACO , DIÂMETRO: CERCA DE 4,5 MM, CARACTERÍSTICAS ADICIONAIS*: C/ ASA DE FIXAÇÃO LATERAL FLEXÍVEL , ACESSÓRIOS: C/ FITA P/ FIXAÇÃO , ACESSÓRIOS 02: CONECTOR UNIVERSAL , COMPONENTES*: BALÃO DE ALTO VOLUME E BAIXA PRESSÃO , ESTERELIDADE: ESTÉRIL, DESCARTÁVEL , EMBALAGEM: EMBALAGEM INDIVIDUAL 
566|OK_SEM_FLAGS|False|False|False|MATERIAIS DE USO TECNICO HOSPITALAR|JOGOS E CONJUNTOS MÉDICOS|1919148|423632|CANULA P/TRAQUEOSTOMIA COM OBTURADOR - CANULA P/TRAQUEOSTOMIA COM OBTURADOR DEPONTA ARREDONDADA, CALIBRE 5,0 CH DESCARTAVEL,COM BALAO, EM PVCATOXICO, FLEXIVEL, TRANSPARENTE, SILICONIZADA, ., LINHA RADIOPACA,ASAS PARA FIXACAO COM IMPRESSAODO NUMERO, EM LOCAL VISIVEL,ACABAMENTO ATRAUMATICO COMDISPOSITIVO ADAPTAVEL, A QUALQUER TIPO DE SERINGA COM TAMPA DE VEDACAO, MANDRIL COM PONTA ARREDONDADA E DE FACILMANUSEIO, ESTERILIZADA, EMBALAGEM INDIVIDUALIZADA CONTENDO DADOS DE, IDENTIFICACAO, PROCEDENCIA, TIPO DE ESTERILIZACAO, VALIDADE E REGISTRO DE ISENCAO NO MS.|CÂNULA DE TRAQUEOSTOMIA, MATERIAL*: POLÍMERO , MODELO: CURTA , DIÂMETRO: 5 MM, CARACTERÍSTICAS ADICIONAIS*: SUPERFÍCIE LISA PONTA ARREDONDADA , ACESSÓRIOS: MANDRIL COM GUIA , COMPONENTES*: BALÃO DE ALTO VOLUME E BAIXA PRESSÃO , OUTROS COMPONENTES*: COM DISPOSITIVO DE FONAÇÃO , ESTERELIDADE: ESTÉRIL , EMBALAGEM: EMBALAGEM INDIVIDUAL 
567|OK_SEM_FLAGS|False|False|False|MATERIAIS DE USO TECNICO HOSPITALAR|JOGOS E CONJUNTOS MÉDICOS|1818228|428136|CANULA DE TRAQUEOSTOMIA ESTERIL DESCARTAVEL - CONFECCIONADA EM PVC ATOXICO,FLEXIVEL,SEM BALAO, SILICONIZADO,LINHA RADIOPACA, TRANSPARENTE, COMPOSTA POR OBTURADOR DE PONTA ARREDONDADA, CANULA INTERIOR E ADAPTAVEL A QUALQUER TIPO DE SERINGA COM TAMPA DEVEDACAO, ASAS PARA FIXACAO COM IMPRESSAO DO NUMERO EM LOCAL VISIVEL, DE FACIL MANUSEIO QUE NAO CAUSE TRAUMATISMO COM DISPOSITIVO, MANDRIL COM PONTA ARREDONDADA E DE FACIL MANUSEIO, GUARNICAO DE INSUFLACAO UNIVERSAL PARA SERINGAS, TAMANHO CALIBRE 5,0CH, EMBALADO EM PAPEL GRAU CIRURGICO E FILME TRANSPARENTE, INDIVIDUAL E ESTERIL, CONTENDO DADOS DE IDENTIFICACAO E PROCEDENCIA, ROTULAGEM RESPEITANDO O DECRETO LEI 79094/77 ART.31 L.8078/90 E PORT.CONJ.N1 DE 23/1/96-MS, CONTENDO DADOS DE VALIDADE, LOTE E REGISTRO NO MS|CÂNULA DE TRAQUEOSTOMIA, MATERIAL*: POLÍMERO , TIPO: RADIOPACO , DIÂMETRO: CERCA DE 5,0 MM, CARACTERÍSTICAS ADICIONAIS*: SUPERFÍCIE LISA PONTA ARREDONDADA , ACESSÓRIOS 02: CONECTOR UNIVERSAL , ESTERELIDADE: ESTÉRIL, DESCARTÁVEL , EMBALAGEM: EMBALAGEM INDIVIDUAL 
569|OK_SEM_FLAGS|False|False|False|MATERIAIS DE USO TECNICO HOSPITALAR|JOGOS E CONJUNTOS MÉDICOS|762717|428140|CANULA DE TRAQUEOSTOMIA ESTERIL DESCARTAVEL - CONFECCIONADA EM MATERIAL ATOXICO-FLEXIVEL-TRANSPARENTE, COMPOSTA POR CANULA EXTERNA SEM BALAO, CANULA INTERIOR E TAMPA DE VEDACAO, LINHA RADIOPACA, ASAS PARA FIXACAO COM IMPRESSAO DO NUMERO EM LOCAL VISIVEL, DE FACIL MANUSEIO QUE NAO CAUSE TRAUMATISMO TRAQUEAL E MANDRIL COM PONTA ARREDONDADA, GUARNICAO DE INSUFLACAO UNIVERSAL PARA SERINGAS, TAMANHO CALIBRE 5.5, EMBALADO EM PAPEL GRAU CIRURGICO E FILME TRANSPARENTE, INDIVIDUAL E ESTERIL, ROTULAGEM RESPEITANDO O DECRETO LEI 79094/77 ART.31 L.8078/90 E PORT.CONJ.N1 DE 23/1/96-M.SAUDE|CÂNULA DE TRAQUEOSTOMIA, MATERIAL*: POLÍMERO , TIPO: RADIOPACO , DIÂMETRO: CERCA DE 5,5 MM, CARACTERÍSTICAS ADICIONAIS*: SUPERFÍCIE LISA PONTA ARREDONDADA , ACESSÓRIOS 02: CONECTOR UNIVERSAL , ESTERELIDADE: ESTÉRIL, DESCARTÁVEL , EMBALAGEM: EMBALAGEM INDIVIDUAL 
570|OK_SEM_FLAGS|False|False|False|MATERIAIS DE USO TECNICO HOSPITALAR|JOGOS E CONJUNTOS MÉDICOS|1919164|423633|CANULA P/TRAQUEOSTOMIA COM OBTURADOR - CANULA P/TRAQUEOSTOMIA COM OBTURADOR DEPONTA ARREDONDADA, CALIBRE 6,0 CH DESCARTAVEL,COM BALAO, EM PVCATOXICO, FLEXIVEL, TRANSPARENTE, SILICONIZADA, ., LINHA RADIOPACA,ASAS PARA FIXACAO COM IMPRESSAODO NUMERO, EM LOCAL VISIVEL,ACABAMENTO ATRAUMATICO COMDISPOSITIVO ADAPTAVEL, A QUALQUER TIPO DE SERINGA COM TAMPA DE VEDACAO, MANDRIL COM PONTA ARREDONDADA E DE FACILMANUSEIO, ESTERILIZADA, EMBALAGEM INDIVIDUALIZADA CONTENDO DADOS DE, IDENTIFICACAO, PROCEDENCIA, TIPO DE ESTERILIZACAO, VALIDADE E REGISTRO DE ISENCAO NO MS.|CÂNULA DE TRAQUEOSTOMIA, MATERIAL*: POLÍMERO , MODELO: CURTA , DIÂMETRO: 6 MM, CARACTERÍSTICAS ADICIONAIS*: SUPERFÍCIE LISA PONTA ARREDONDADA , ACESSÓRIOS: MANDRIL COM GUIA , COMPONENTES*: BALÃO DE ALTO VOLUME E BAIXA PRESSÃO , OUTROS COMPONENTES*: COM DISPOSITIVO DE FONAÇÃO , ESTERELIDADE: ESTÉRIL , EMBALAGEM: EMBALAGEM INDIVIDUAL 
570|OK_SEM_FLAGS|False|False|False|MATERIAIS DE USO TECNICO HOSPITALAR|JOGOS E CONJUNTOS MÉDICOS|1919164|615900|CANULA P/TRAQUEOSTOMIA COM OBTURADOR - CANULA P/TRAQUEOSTOMIA COM OBTURADOR DEPONTA ARREDONDADA, CALIBRE 6,0 CH DESCARTAVEL,COM BALAO, EM PVCATOXICO, FLEXIVEL, TRANSPARENTE, SILICONIZADA, ., LINHA RADIOPACA,ASAS PARA FIXACAO COM IMPRESSAODO NUMERO, EM LOCAL VISIVEL,ACABAMENTO ATRAUMATICO COMDISPOSITIVO ADAPTAVEL, A QUALQUER TIPO DE SERINGA COM TAMPA DE VEDACAO, MANDRIL COM PONTA ARREDONDADA E DE FACILMANUSEIO, ESTERILIZADA, EMBALAGEM INDIVIDUALIZADA CONTENDO DADOS DE, IDENTIFICACAO, PROCEDENCIA, TIPO DE ESTERILIZACAO, VALIDADE E REGISTRO DE ISENCAO NO MS.|CÂNULA DE TRAQUEOSTOMIA, MATERIAL*: PVC , TIPO: RADIOPACO , DIÂMETRO: CERCA DE 6,0 MM, CARACTERÍSTICAS ADICIONAIS*: C/ ASA DE FIXAÇÃO LATERAL FLEXÍVEL , ACESSÓRIOS: C/ FITA P/ FIXAÇÃO , ACESSÓRIOS 02: CONECTOR UNIVERSAL , COMPONENTES*: BALÃO DE ALTO VOLUME E BAIXA PRESSÃO , ESTERELIDADE: ESTÉRIL, DESCARTÁVEL , EMBALAGEM: EMBALAGEM INDIVIDUAL 
571|OK_SEM_FLAGS|False|False|False|MATERIAIS DE USO TECNICO HOSPITALAR|JOGOS E CONJUNTOS MÉDICOS|1998374|423734|CANULA DE METAL PARA TRAQUEOSTOMIA - CANULA DE METAL PARA TRAQUEOSTOMIA, MEDIA NUMERO 6,0.|CÂNULA DE TRAQUEOSTOMIA, MATERIAL*: METAL , DIÂMETRO: 12 MM, EMBALAGEM: EMBALAGEM INDIVIDUAL 
571|OK_SEM_FLAGS|False|False|False|MATERIAIS DE USO TECNICO HOSPITALAR|JOGOS E CONJUNTOS MÉDICOS|1998374|423717|CANULA DE METAL PARA TRAQUEOSTOMIA - CANULA DE METAL PARA TRAQUEOSTOMIA, MEDIA NUMERO 6,0.|CÂNULA DE TRAQUEOSTOMIA, MATERIAL*: METAL , DIÂMETRO: 12 MM, ACESSÓRIOS: MANDRIL COM GUIA , EMBALAGEM: EMBALAGEM INDIVIDUAL 
572|OK_SEM_FLAGS|False|False|False|MATERIAIS DE USO TECNICO HOSPITALAR|JOGOS E CONJUNTOS MÉDICOS|1919172|423629|CANULA P/TRAQUEOSTOMIA COM OBTURADOR - CANULA P/TRAQUEOSTOMIA COM OBTURADOR DEPONTA ARREDONDADA, CALIBRE 6,5 CHDESCARTAVEL, COM BALAO, EM PVCATOXICO, FLEXIVEL, TRANSPARENTE, SILICONIZADA, ., LINHA RADIOPACA,ASAS PARA FIXACAO COMIMPRESSAO DO NUMERO, EM LOCAL VISIVEL,ACABAMENTO ATRAUMATICO COMDISPOSITIVO ADAPTAVEL, A QUALQUER TIPO DE SERINGA COM TAMPA DE VEDACAO, MANDRIL COM PONTA ARREDONDADA E DE FACILMANUSEIO , ESTERILIZADA, EMBALAGEM INDIVIDUALIZADA CONTENDO DADOS DE, IDENTIFICACAO, PROCEDENCIA, TIPO DE ESTERILIZACAO, VALIDADE E REGISTRO DE ISENCAO NO MS.|CÂNULA DE TRAQUEOSTOMIA, MATERIAL*: POLÍMERO , TIPO: RADIOPACO , MODELO: LONGA , DIÂMETRO: 6,5 MM, CARACTERÍSTICAS ADICIONAIS*: SUPERFÍCIE LISA PONTA ARREDONDADA , ACESSÓRIOS: MANDRIL COM GUIA E OBTURADOR , COMPONENTES*: BALÃO DE ALTO VOLUME E BAIXA PRESSÃO , ESTERELIDADE: ESTÉRIL , EMBALAGEM: EMBALAGEM INDIVIDUAL 
573|OK_SEM_FLAGS|False|False|False|MATERIAIS DE USO TECNICO HOSPITALAR|JOGOS E CONJUNTOS MÉDICOS|1919180|423636|CANULA P/TRAQUEOSTOMIA COM OBTURADOR - CANULA P/TRAQUEOSTOMIA COM OBTURADOR DEPONTA ARREDONDADA, CALIBRE 7,0 CH DESCARTAVEL,COM BALAO, EM PVCATOXICO, FLEXIVEL, TRANSPARENTE, SILICONIZADA, ., LINHA RADIOPACA,ASAS PARA FIXACAO COMIMPRESSAO DO NUMERO, EM LOCAL VISIVEL,ACABAMENTO ATRAUMATICO COMDISPOSITIVO ADAPTAVEL, A QUALQUER TIPO DE SERINGA COM TAMPA DE VEDACAO, MANDRIL COM PONTA ARREDONDADA E DE FACILMANUSEIO, ESTERILIZADA, EMBALAGEM INDIVIDUALIZADA CONTENDO DADOS DE, IDENTIFICACAO, PROCEDENCIA, TIPO DE ESTERILIZACAO, VALIDADE E REGISTRO DE ISENCAO NO MS.|CÂNULA DE TRAQUEOSTOMIA, MATERIAL*: POLÍMERO , MODELO: CURTA , DIÂMETRO: 7 MM, CARACTERÍSTICAS ADICIONAIS*: SUPERFÍCIE LISA PONTA ARREDONDADA , ACESSÓRIOS: MANDRIL COM GUIA , COMPONENTES*: BALÃO DE ALTO VOLUME E BAIXA PRESSÃO , OUTROS COMPONENTES*: COM DISPOSITIVO DE FONAÇÃO , ESTERELIDADE: ESTÉRIL , EMBALAGEM: EMBALAGEM INDIVIDUAL 
574|OK_SEM_FLAGS|False|False|False|MATERIAIS DE USO TECNICO HOSPITALAR|JOGOS E CONJUNTOS MÉDICOS|1919199|423623|CANULA P/TRAQUEOSTOMIA COM OBTURADOR - CANULA P/TRAQUEOSTOMIA COM OBTURADOR DEPONTA ARREDONDADA, CALIBRE 7,5 CH DESCARTAVEL,COM BALAO, EM PVCATOXICO, FLEXIVEL, TRANSPARENTE, SILICONIZADA, ., LINHA RADIOPACA,ASAS PARA FIXACAO COMIMPRESSAO DO NUMERO, EM LOCAL VISIVEL,ACABAMENTO ATRAUMATICO COMDISPOSITIVO ADAPTAVEL, A QUALQUER TIPO DE SERINGA COM TAMPA DE VEDACAO, MANDRIL COM PONTA ARREDONDADA E DE FACILMANUSEIO, ESTERILIZADA, EMBALAGEM INDIVIDUALIZADA CONTENDO DADOS DE, IDENTIFICACAO, PROCEDENCIA, TIPO DE ESTERILIZACAO, VALIDADE E REGISTRO DE ISENCAO NO MS.|CÂNULA DE TRAQUEOSTOMIA, MATERIAL*: POLÍMERO , TIPO: RADIOPACO , MODELO: LONGA , DIÂMETRO: 7,5 MM, CARACTERÍSTICAS ADICIONAIS*: SUPERFÍCIE LISA PONTA ARREDONDADA , ACESSÓRIOS: MANDRIL COM GUIA E OBTURADOR , COMPONENTES*: BALÃO DE ALTO VOLUME E BAIXA PRESSÃO , ESTERELIDADE: ESTÉRIL , EMBALAGEM: EMBALAGEM INDIVIDUAL 
575|OK_SEM_FLAGS|False|False|False|MATERIAIS DE USO TECNICO HOSPITALAR|JOGOS E CONJUNTOS MÉDICOS|740055|428731|CANULA DE TRAQUEOSTOMIA ESTERIL DESCARTAVEL - CONFECCIONADA EM MATERIAL ATOXICO-FLEXIVEL-TRANSPARENTE, COMPOSTA POR CANULA EXTERNA SEM BALAO DE BAIXA PRESSAO, CANULA INTERIOR E TAMPA DE VEDACAO, LINHA RADIOPACA, ASAS PARA FIXACAO COM IMPRESSAO DO NUMERO EM LOCAL VISIVEL, DE FACIL MANUSEIO QUE NAO CAUSE TRAUMATISMO TRAQUEAL E MANDRIL COM PONTA ARREDONDADA, GUARNICAO DE INSUFLACAO UNIVERSAL PARA SERINGAS, TAMANHO CALIBRE 7,5, EMBALADO EM PAPEL GRAU CIRURGICO E FILME TRANSPARENTE, INDIVIDUAL E ESTERIL, ROTULAGEM RESPEITANDO O DECRETO LEI 79094/77 ART.31 L.8078/90 E PORT.CONJ.N1 DE 23/1/96-M.SAUDE|CÂNULA DE TRAQUEOSTOMIA, MATERIAL*: POLÍMERO , TIPO: RADIOPACO , DIÂMETRO: CERCA DE 7,5 MM, CARACTERÍSTICAS ADICIONAIS*: SUPERFÍCIE LISA PONTA ARREDONDADA , ACESSÓRIOS 02: CONECTOR UNIVERSAL , ESTERELIDADE: ESTÉRIL, DESCARTÁVEL , EMBALAGEM: EMBALAGEM INDIVIDUAL 
576|OK_SEM_FLAGS|False|False|True|MATERIAIS DE USO TECNICO HOSPITALAR|JOGOS E CONJUNTOS MÉDICOS|1919202|423634|CANULA P/TRAQUEOSTOMIA COM OBTURADOR - CANULA P/TRAQUEOSTOMIA COM OBTURADOR DE PONTA ARREDONDADA,, CALIBRE 8,0 CH DESCARTAVEL, C/ BALAO, EM PVC ATOXICO, FLEXIVEL, TRANSPARENTE, SILICONIZADA, ., LINHA RADIOPACA,ASAS PARA FIXACAO COM IMPRESSAO DO NUMERO, EM LOCAL VISIVEL,ACABAMENTO ATRAUMATICO COM DISPOSITIVO ADAPTAVEL, A QUALQUER TIPO DE SERINGA COM TAMPA DE VEDACAO, MANDRIL COM PONTA ARREDONDADA E DE FACIL MANUSEIO , ESTERILIZADA, EMBALAGEM INDIVIDUALIZADA CONTENDO DADOS DE, IDENTIFICACAO, PROCEDENCIA, TIPO DE ESTERILIZACAO, VALIDADE E REGISTRO DE ISENCAO NO MS.|CÂNULA DE TRAQUEOSTOMIA, MATERIAL*: POLÍMERO , MODELO: CURTA , DIÂMETRO: 8 MM, CARACTERÍSTICAS ADICIONAIS*: SUPERFÍCIE LISA PONTA ARREDONDADA , ACESSÓRIOS: MANDRIL COM GUIA , COMPONENTES*: BALÃO DE ALTO VOLUME E BAIXA PRESSÃO , OUTROS COMPONENTES*: COM DISPOSITIVO DE FONAÇÃO , ESTERELIDADE: ESTÉRIL , EMBALAGEM: EMBALAGEM INDIVIDUAL 
576|OK_SEM_FLAGS|False|False|True|MATERIAIS DE USO TECNICO HOSPITALAR|JOGOS E CONJUNTOS MÉDICOS|1919202|433147|CANULA P/TRAQUEOSTOMIA COM OBTURADOR - CANULA P/TRAQUEOSTOMIA COM OBTURADOR DE PONTA ARREDONDADA,, CALIBRE 8,0 CH DESCARTAVEL, C/ BALAO, EM PVC ATOXICO, FLEXIVEL, TRANSPARENTE, SILICONIZADA, ., LINHA RADIOPACA,ASAS PARA FIXACAO COM IMPRESSAO DO NUMERO, EM LOCAL VISIVEL,ACABAMENTO ATRAUMATICO COM DISPOSITIVO ADAPTAVEL, A QUALQUER TIPO DE SERINGA COM TAMPA DE VEDACAO, MANDRIL COM PONTA ARREDONDADA E DE FACIL MANUSEIO , ESTERILIZADA, EMBALAGEM INDIVIDUALIZADA CONTENDO DADOS DE, IDENTIFICACAO, PROCEDENCIA, TIPO DE ESTERILIZACAO, VALIDADE E REGISTRO DE ISENCAO NO MS.|CÂNULA DE TRAQUEOSTOMIA, MATERIAL*: POLÍMERO , TIPO: RADIOPACO , MODELO: LONGA , DIÂMETRO: 8 MM, CARACTERÍSTICAS ADICIONAIS*: SUPERFÍCIE LISA PONTA ARREDONDADA , ACESSÓRIOS: MANDRIL COM GUIA E OBTURADOR , COMPONENTES*: BALÃO DE ALTO VOLUME E BAIXA PRESSÃO , ESTERELIDADE: ESTÉRIL , EMBALAGEM: EMBALAGEM INDIVIDUAL 
577|OK_SEM_FLAGS|False|False|False|MATERIAIS DE USO TECNICO HOSPITALAR|JOGOS E CONJUNTOS MÉDICOS|1919210|423626|CANULA P/TRAQUEOSTOMIA COM OBTURADOR - CANULA P/TRAQUEOSTOMIA COM OBTURADOR DE PONTA ARREDONDADA, CALIBRE 8,5 CH DESCARTAVEL, C/ BALAO, EM PVC ATOXICO, FLEXIVEL, TRANSPARENTE, SILICONIZADA, ., LINHA RADIOPACA,ASAS PARA FIXACAO COM IMPRESSAO DO NUMERO, EM LOCAL VISIVEL,ACABAMENTO ATRAUMATICO COM DISPOSITIVO ADAPTAVEL, A QUALQUER TIPO DE SERINGA COM TAMPA DE VEDACAO, MANDRIL COM PONTA ARREDONDADA E DE FACIL MANUSEIO , ESTERILIZADA, EMBALAGEM INDIVIDUALIZADA CONTENDO DADOS DE, IDENTIFICACAO, PROCEDENCIA, TIPO DE ESTERILIZACAO, VALIDADE E REGISTRO DE ISENCAO NO MS.|CÂNULA DE TRAQUEOSTOMIA, MATERIAL*: POLÍMERO , TIPO: RADIOPACO , MODELO: LONGA , DIÂMETRO: 8,5 MM, CARACTERÍSTICAS ADICIONAIS*: SUPERFÍCIE LISA PONTA ARREDONDADA , ACESSÓRIOS: MANDRIL COM GUIA E OBTURADOR , COMPONENTES*: BALÃO DE ALTO VOLUME E BAIXA PRESSÃO , ESTERELIDADE: ESTÉRIL , EMBALAGEM: EMBALAGEM INDIVIDUAL 
578|OK_SEM_FLAGS|False|False|False|MATERIAIS DE USO TECNICO HOSPITALAR|JOGOS E CONJUNTOS MÉDICOS|307092|438091|CANULA DE TRAQUEOSTOMIA ESTERIL DESCARTAVEL - CONFECCIONADA EM MATERIAL ATOXICO-FLEXIVEL-TRANSPARENTE, COMPOSTA POR CANULA EXTERNA COM BALAO DE BAIXA PRESSAO, CANULA INTERIOR E TAMPA DE VEDACAO, LINHA RADIOPACA, ASAS PARA FIXACAO COM IMPRESSAO DO NUMERO EM LOCAL VISIVEL, DE FACIL MANUSEIO QUE NAO CAUSE TRAUMATISMO TRAQUEAL E MANDRIL COM PONTA ARREDONDADA, GUARNICAO DE INSUFLACAO UNIVERSAL PARA SERINGAS, TAMANHO CALIBRE 9, EMBALADO EM PAPEL GRAU CIRURGICO E FILME TRANSPARENTE, INDIVIDUAL E ESTERIL, ROTULAGEM RESPEITANDO O DECRETO LEI 79094/77 ART.31 L.8078/90 E PORT.CONJ.N1 DE 23/1/96-M.SAUDE|CÂNULA DE TRAQUEOSTOMIA, MATERIAL*: PVC , TIPO: RADIOPACO , MODELO: C/ LÚMEN ADICIONAL P/ ASPIRAÇÃO SUBGLÓTICA , DIÂMETRO: CERCA DE 9,0 MM, COMPONENTES*: BALÃO DE ALTO VOLUME E BAIXA PRESSÃO , OUTROS COMPONENTES*: C/ SISTEMA DE CONTROLE DE PRESSÃO , ESTERELIDADE: ESTÉRIL , EMBALAGEM: EMBALAGEM INDIVIDUAL 
578|OK_SEM_FLAGS|False|False|False|MATERIAIS DE USO TECNICO HOSPITALAR|JOGOS E CONJUNTOS MÉDICOS|307092|395167|CANULA DE TRAQUEOSTOMIA ESTERIL DESCARTAVEL - CONFECCIONADA EM MATERIAL ATOXICO-FLEXIVEL-TRANSPARENTE, COMPOSTA POR CANULA EXTERNA COM BALAO DE BAIXA PRESSAO, CANULA INTERIOR E TAMPA DE VEDACAO, LINHA RADIOPACA, ASAS PARA FIXACAO COM IMPRESSAO DO NUMERO EM LOCAL VISIVEL, DE FACIL MANUSEIO QUE NAO CAUSE TRAUMATISMO TRAQUEAL E MANDRIL COM PONTA ARREDONDADA, GUARNICAO DE INSUFLACAO UNIVERSAL PARA SERINGAS, TAMANHO CALIBRE 9, EMBALADO EM PAPEL GRAU CIRURGICO E FILME TRANSPARENTE, INDIVIDUAL E ESTERIL, ROTULAGEM RESPEITANDO O DECRETO LEI 79094/77 ART.31 L.8078/90 E PORT.CONJ.N1 DE 23/1/96-M.SAUDE|CÂNULA DE TRAQUEOSTOMIA, MATERIAL: PVC FLEXÍVEL , TIPO USO: DESCARTÁVEL , ESTERILIDADE: ESTÉRIL , DIÂMETRO INTERNO: 9 MM, COMPONENTES: C/ GUIA TIPO SONDA, PONTA ARREDONDADA , APLICAÇÃO: PACIENTES C/ VARIAÇÕES ANATÔMICAS , OUTROS COMPONENTES: ASA AJUSTÁVEL C/ ANEL ROSQUEADO , CARACTERÍSTICAS ADICIONAIS: CONECTOR PADRÃO,C/ BALÃO DE BAIXA PRESSÃO 
579|OK_SEM_FLAGS|False|False|False|MATERIAIS DE USO TECNICO HOSPITALAR|JOGOS E CONJUNTOS MÉDICOS|1858327|423624|CANULA DE TRAQUEOSTOMIA ESTERIL DESCARTAVEL - CONFECCIONADA EM MATERIAL PLASTICO ATOXICO, FLEXIVEL, TRANSPARENTE, COMPOSTA POR CANULA EXTERNA COM BALAO DE BAIXA PRESSAO E TAMPADE VEDACAO COM CUFF, CANULA INTERIOR E LINHA RADIOPACA, ASAS PARA FIXACAO COM IMPRESSAO DO NUMERO EM LOCAL VISIVEL, DE FACIL MANUSEIO QUE NAO CAUSE TRAUMATISMO TRAQUEAL E MANDRIL COM PONTA ARREDONDADA, CALIBRE, TAMANHO 9.5, EMBALADO EM PAPEL GRAU CIRURGICO E FILME TRANSPARENTE, ROTULAGEM RESPEITANDO O DECRETO LEI 79094/77 MS|CÂNULA DE TRAQUEOSTOMIA, MATERIAL*: POLÍMERO , TIPO: RADIOPACO , MODELO: LONGA , DIÂMETRO: 9,5 MM, CARACTERÍSTICAS ADICIONAIS*: SUPERFÍCIE LISA PONTA ARREDONDADA , ACESSÓRIOS: MANDRIL COM GUIA E OBTURADOR , COMPONENTES*: BALÃO DE ALTO VOLUME E BAIXA PRESSÃO , ESTERELIDADE: ESTÉRIL , EMBALAGEM: EMBALAGEM INDIVIDUAL 
580|OK_SEM_FLAGS|False|False|False|MATERIAIS DE USO TECNICO HOSPITALAR|JOGOS E CONJUNTOS MÉDICOS|382213|423630|CANULA DE TRAQUEOSTOMIA ESTERIL DESCARTAVEL - CONFECCIONADA EM MATERIAL ATOXICO-FLEXIVEL-TRANSPARENTE, COMPOSTA POR CANULA EXTERNA COM BALAO DE BAIXA PRESSAO, CANULA INTERIOR E TAMPA DE VEDACAO, LINHA RADIOPACA, ASAS PARA FIXACAO COM IMPRESSAO DO NUMERO EM LOCAL VISIVEL, DE FACIL MANUSEIO QUE NAO CAUSE TRAUMATISMO TRAQUEAL E MANDRIL COM PONTA ARREDONDADA, GUARNICAO DE INSUFLACAO UNIVERSAL PARA SERINGAS, TAMANHO CALIBRE 10.0, EMBALADO EM PAPEL GRAU CIRURGICO E FILME TRANSPARENTE, INDIVIDUAL E ESTERIL, ROTULAGEM RESPEITANDO O DECRETO LEI 79094/77 ART.31 L.8078/90 E PORT.CONJ.N1 DE 23/1/96-M.SAUDE|CÂNULA DE TRAQUEOSTOMIA, MATERIAL*: POLÍMERO , TIPO: RADIOPACO , MODELO: LONGA , DIÂMETRO: 10 MM, CARACTERÍSTICAS ADICIONAIS*: SUPERFÍCIE LISA PONTA ARREDONDADA , ACESSÓRIOS: MANDRIL COM GUIA E OBTURADOR , COMPONENTES*: BALÃO DE ALTO VOLUME E BAIXA PRESSÃO , ESTERELIDADE: ESTÉRIL , EMBALAGEM: EMBALAGEM INDIVIDUAL 
581|OK_SEM_FLAGS|False|False|False|MATERIAIS DE USO TECNICO HOSPITALAR|JOGOS E CONJUNTOS MÉDICOS|1986414|395165|CANULA PARA TRAQUEOSTOMIA AJUSTAVEL C/BALAO - CANULA PARA TRAQUEOSTOMIA AJUSTAVEL NUMERO7 MM, (DIAMETRO INTERNO) COM CONECTOR DE 15 MM, PARA CONEXAO EM EQUIPAMENTO AUXILIAR, CONFECCIONDA EM PVC TERMOSENSIVEL,, (ISENTA DE LATEX),BALAO DE ALTO VOLUME E BAIXA PRESSAO. BALAO PILOTO COM VELVULA, UNIDIRECIONAL,LINHA RADIOPACA E ESTERILIZADA EM OXIDO DE ETILENO. COMPOSICAO DO KIT:, CANULA PARA TRAQUEOSTOMIA,OBTURADORARREDONDADO E TIRA PARA FIXACAO.|CÂNULA DE TRAQUEOSTOMIA, MATERIAL: PVC FLEXÍVEL , TIPO USO: DESCARTÁVEL , ESTERILIDADE: ESTÉRIL , DIÂMETRO INTERNO: 7 MM, COMPONENTES: C/ GUIA TIPO SONDA, PONTA ARREDONDADA , APLICAÇÃO: PACIENTES C/ VARIAÇÕES ANATÔMICAS , OUTROS COMPONENTES: ASA AJUSTÁVEL C/ ANEL ROSQUEADO , CARACTERÍSTICAS ADICIONAIS: CONECTOR PADRÃO,C/ BALÃO DE BAIXA PRESSÃO 
582|OK_SEM_FLAGS|False|False|False|MATERIAIS DE USO TECNICO HOSPITALAR|JOGOS E CONJUNTOS MÉDICOS|1986422|395166|CANULA PARA TRAQUEOSTOMIA AJUSTAVEL C/BALAO - CANULA PARA TRAQUEOSTOMIA AJUSTAVEL N.8 MM, (DIAMETRO INTERNO) COM CONECTOR DE 15 MM, PARA CONEXAO EM EQUIPAMENTO AUXILIAR,CONFECCIONADA EM PVC TERMOSENSIVEL,, (ISENTA DE LATEX),BALAO DE ALTO VOLUME EBAIXA PRESSAO. BALAO PILOTO COM VALVULA, UNIDIRECIONAL,LINHA RADIOPACA E ESTERILIZADAEM OXIDO DE ETILENO. COMPOSICAO DO KIT:, CANULA PARA TRAQUEOSTOMIA,OBTURADOR ARREDONDADO E TIRA PARA FIXACAO.|CÂNULA DE TRAQUEOSTOMIA, MATERIAL: PVC FLEXÍVEL , TIPO USO: DESCARTÁVEL , ESTERILIDADE: ESTÉRIL , DIÂMETRO INTERNO: 8 MM, COMPONENTES: C/ GUIA TIPO SONDA, PONTA ARREDONDADA , APLICAÇÃO: PACIENTES C/ VARIAÇÕES ANATÔMICAS , OUTROS COMPONENTES: ASA AJUSTÁVEL C/ ANEL ROSQUEADO , CARACTERÍSTICAS ADICIONAIS: CONECTOR PADRÃO,C/ BALÃO DE BAIXA PRESSÃO 
583|OK_SEM_FLAGS|False|False|False|MATERIAIS DE USO TECNICO HOSPITALAR|JOGOS E CONJUNTOS MÉDICOS|3722457|395167|CANULA PARA TRAQUEOSTOMIA AJUSTAVEL C/BALAO - N.9 MM, (DIAMETRO INTERNO) COM CONECTOR DE 15 MM,PARA CONEXAO EM EQUIPAMENTO AUXILIAR,CONFECCIONADA EM PVC TERMOSENSIVEL,,(ISENTA DE LATEX),BALAO DE ALTO VOLUME EBAIXA PRESSAO. BALAO PILOTO COM VALVULA,UNIDIRECIONAL,LINHA RADIOPACA E ESTERILIZADAEM OXIDO DE ETILENO. COMPOSICAO DO KIT:,OBTURADOR ARREDONDADO E TIRA PARA FIXACAO.|CÂNULA DE TRAQUEOSTOMIA, MATERIAL: PVC FLEXÍVEL , TIPO USO: DESCARTÁVEL , ESTERILIDADE: ESTÉRIL , DIÂMETRO INTERNO: 9 MM, COMPONENTES: C/ GUIA TIPO SONDA, PONTA ARREDONDADA , APLICAÇÃO: PACIENTES C/ VARIAÇÕES ANATÔMICAS , OUTROS COMPONENTES: ASA AJUSTÁVEL C/ ANEL ROSQUEADO , CARACTERÍSTICAS ADICIONAIS: CONECTOR PADRÃO,C/ BALÃO DE BAIXA PRESSÃO 
584|OK_SEM_FLAGS|False|False|False|MATERIAIS DE USO TECNICO HOSPITALAR|JOGOS E CONJUNTOS MÉDICOS|5014425|395168|CANULA PARA TRAQUEOSTOMIA AJUSTAVEL C/BALAO - NUMERO 10,EM PVC TRANSPARENTE, DESCARTAVEL, LONGA, CURVATURA EM ANGULO RETO, COM BALAO DE BAIXA PRESSAO E ALTO VOLUME,VALVULA DE SEGURANCA E ENCAIXE PARA SERINGA LUER LOCK, PONTA RETRAIDA, ATRAUMATICA, MANDRIL AUXILIAR, LINHA RADIOPACA,CONECT COLOCADO E ANEL ROSQUEAVEL PERMITE AJUSTE DA PROFUNDIDADE, ASA DE FIXACAO FLEXIVEL E FITA DE FIXACAO, ESTERIL,EMBALAGEM INDIVIDUAL|CÂNULA DE TRAQUEOSTOMIA, MATERIAL: PVC FLEXÍVEL , TIPO USO: DESCARTÁVEL , ESTERILIDADE: ESTÉRIL , DIÂMETRO INTERNO: 10 MM, COMPONENTES: C/ GUIA TIPO SONDA, PONTA ARREDONDADA , APLICAÇÃO: PACIENTES C/ VARIAÇÕES ANATÔMICAS , OUTROS COMPONENTES: ASA AJUSTÁVEL C/ ANEL ROSQUEADO , CARACTERÍSTICAS ADICIONAIS: CONECTOR PADRÃO,C/ BALÃO DE BAIXA PRESSÃO 
585|OK_SEM_FLAGS|False|False|False|MATERIAIS DE USO TECNICO HOSPITALAR|JOGOS E CONJUNTOS MÉDICOS|1986120|615900|CANULA PARA TRAQUEOSTOMIA C/BALAO E C/FENESTRA - CANULA PARA TRAQUEOSTOMIA FENESTRADA N.06,CONFECCIONADA EM PVC TERMOSENSIVEL (ISENTA DE LATEX), ACOMPANHA: 01 CANULA INTERNA TRANSLUCIDACOM CONECTOR 15 MM PARA CONEXAO, EM EQUIPAMENTO AUXILIAR, 1 CANULA INTERNAFENESTRADA,02 PLUGS DE DECANULACAO,, 1 OBTURADOR ARREDONDADO E 1 TIRA PARA FIXACAO.BALAO DE ALTO VOLUME E BAIXA PRESSAO, BALAO, PILOTO PARA INDICAR A INSUFLACAO DO BALAO,LINHA RADIOPACA,DIAMETRO INTERNO 6,4MM,, DIAMETRO EXTERNO 10,8 MM,COMPRIMENTO 76 MM,ESTERILIZADA EM OXIDO DE ETILENO.|CÂNULA DE TRAQUEOSTOMIA, MATERIAL*: PVC , TIPO: RADIOPACO , DIÂMETRO: CERCA DE 6,0 MM, CARACTERÍSTICAS ADICIONAIS*: C/ ASA DE FIXAÇÃO LATERAL FLEXÍVEL , ACESSÓRIOS: C/ FITA P/ FIXAÇÃO , ACESSÓRIOS 02: CONECTOR UNIVERSAL , COMPONENTES*: BALÃO DE ALTO VOLUME E BAIXA PRESSÃO , ESTERELIDADE: ESTÉRIL, DESCARTÁVEL , EMBALAGEM: EMBALAGEM INDIVIDUAL 
586|OK_SEM_FLAGS|False|False|False|MATERIAIS DE USO TECNICO HOSPITALAR|JOGOS E CONJUNTOS MÉDICOS|3785661|428732|CANULA PARA TRAQUEOSTOMIA C/BALAO E S/FENESTRA - TIPO SHILEY N.07,ACABAMENTO ARREDONDADO,FORMATO ANATOMICO,COM DIAMETRO INTERNO 7,00MM E DIAMETRO EXTERNO 9,60MM,ESTERILIZADA EM OXIDO DE ETILENO,OBTURADOR MALEAVEL DE EXTREMIDADE ARREDONDADA|CÂNULA DE TRAQUEOSTOMIA, MATERIAL*: POLÍMERO , TIPO: RADIOPACO , DIÂMETRO: CERCA DE 7,0 MM, CARACTERÍSTICAS ADICIONAIS*: SUPERFÍCIE LISA PONTA ARREDONDADA , ACESSÓRIOS 02: CONECTOR UNIVERSAL , ESTERELIDADE: ESTÉRIL, DESCARTÁVEL , EMBALAGEM: EMBALAGEM INDIVIDUAL 
587|OK_SEM_FLAGS|False|False|False|MATERIAIS DE USO TECNICO HOSPITALAR|JOGOS E CONJUNTOS MÉDICOS|3626032|427875|CANULA PARA TRAQUEOSTOMIA C/BALAO E C/FENESTRA - CANULA PARA TRAQUEOSTOMIA FENESTRADA N.7,5,CONFECCIONADA EM PVC TERMOSENSIVEL(ISENTA DE LATEX),ACOMPANHA: 01 CANULA INTERNA TRANSLUCIDA COM CONECTOR 15MM,PARA CONEXAO EM EQUIPAMENTO AUXILIAR, 1 CANULA INTERNA FENESTRADA, 2 PLUGS DE DECANULACAO,1 OBTURADOR ARREDONDADO E 1 TIRA PARA FIXACAO.BALAO DE ALTO VOLUME E BAIXA PRESSAO,BALAO PILOTO PARA INDICAR A INSUFLACAO DO BALAO. LINHA RADIOPACA,DIAMETRO INTERNO 7,0 MM. DIAMETRO EXTERNO 11,0 MM. COMPRIMENTO 81 MM, ESTERILIZADA EM OXIDO DE ETILENO|CÂNULA DE TRAQUEOSTOMIA, MATERIAL*: POLÍMERO , TIPO: RADIOPACO , MODELO: FENESTRADA , DIÂMETRO: CERCA DE 7,5 MM, CARACTERÍSTICAS ADICIONAIS*: COM TAMPA DE VEDAÇÃO , ACESSÓRIOS: C/ FITA P/ FIXAÇÃO , ACESSÓRIOS 01: OBTURADOR , ACESSÓRIOS 02: CÂNULA INTERNA , COMPONENTES*: BALÃO DE ALTO VOLUME E BAIXA PRESSÃO , OUTROS COMPONENTES*: MALEÁVEL, TERMOSENSÍVEL, ISENTO DE LÁTEX , ESTERELIDADE: ESTÉRIL 
588|OK_SEM_FLAGS|False|False|False|MATERIAIS DE USO TECNICO HOSPITALAR|JOGOS E CONJUNTOS MÉDICOS|3807096|428731|CANULA PARA TRAQUEOSTOMIA C/BALAO E S/FENESTRA - TIPO SHILEY N.7,5,ACABAMENTO ARREDONDADO,FORMATO ANATOMICO,COM DIAMETRO INTERNO 7,00MM E DIAMETRO EXTERNO 9,60MM,ESTERILIZADA EM OXIDO DE ETILENO,OBTURADOR MALEAVEL DE EXTREMIDADE ARREDONDADA|CÂNULA DE TRAQUEOSTOMIA, MATERIAL*: POLÍMERO , TIPO: RADIOPACO , DIÂMETRO: CERCA DE 7,5 MM, CARACTERÍSTICAS ADICIONAIS*: SUPERFÍCIE LISA PONTA ARREDONDADA , ACESSÓRIOS 02: CONECTOR UNIVERSAL , ESTERELIDADE: ESTÉRIL, DESCARTÁVEL , EMBALAGEM: EMBALAGEM INDIVIDUAL 
589|OK_SEM_FLAGS|False|False|False|MATERIAIS DE USO TECNICO HOSPITALAR|JOGOS E CONJUNTOS MÉDICOS|1986147|398575|CANULA PARA TRAQUEOSTOMIA C/BALAO E C/FENESTRA - CANULA PARA TRAQUEOSTOMIA FENESTRADA N.08,CONFECCIONADA EM PVC TERMOSENSIVEL(ISENTA DE LATEX), ACOMPANHA: 01 CANULA INTERNA TRANSLUCIDACOM CONECTOR 15 MM PARA CONEXAO, EM EQUIPAMENTO AUXILIAR, 1 CANULA INTERNAFENESTRADA,2 PLUGS DE DECANULACAO,, 1 OBTURADOR ARREDONDADO E 1 TIRA PARA FIXACAO.BALAO DE ALTO VOLUME E BAIXA PRESSAO, BALAO, PILOTO PARA INDICAR A INSUFLACAO DO BALAO,LINHA RADIOPACA,DIAMETRO INTERNO 7,6 MM,, DIAMETRO EXTERNO 12,2 MM,COMPRIMENTO 81 MM, ESTERILIZADA EM OXIDO DE ETILENO.|CÂNULA DE TRAQUEOSTOMIA, MATERIAL: MALEÁVEL, TERMOSSENSÍVEL, ISENTO DE LÁTEX , TIPO USO: DESCARTÁVEL , ESTERILIDADE: ESTÉRIL , DIÂMETRO INTERNO: 8 MM, COMPONENTES: BALÃO DE ALTO VOLUME E BAIXA PRESSÃO , OUTROS COMPONENTES: PLUG DE DECANULAÇÃO E CÂNULA INTERNA , CARACTERÍSTICAS ADICIONAIS: OBTURADOR MALEÁVEL C/ PONTA ARREDONDADA 
590|OK_SEM_FLAGS|False|False|False|MATERIAIS DE USO TECNICO HOSPITALAR|JOGOS E CONJUNTOS MÉDICOS|3213056|427876|CANULA PARA TRAQUEOSTOMIA C/BALAO E C/FENESTRA - CANULA PARA TRAQUEOSTOMIA FENESTRADA N.09,CONFECCIONADA EM PVC TERMOSENSIVEL(ISENTA DE LATEX),ACOMPANHA: 01 CANULA INTERNA TRANSLUCIDA COM CONECTOR 15MM,PARA CONEXAO EM EQUIPAMENTO AUXILIAR, 1 CANULA INTERNA FENESTRADA, 2 PLUGS DE DECANULACAO,1 OBTURADOR ARREDONDADO E 1 TIRA PARA FIXACAO.BALAO DE ALTO VOLUME E BAIXA PRESSAO,BALAO PILOTO PARA INDICAR A INSUFLACAO DO BALAO. LINHA RADIOPACA,DIAMETRO INTERNO 9,0 MM. DIAMETRO EXTERNO 13,3 MM. COMPRIMENTO 81 MM, ESTERILIZADA EM OXIDO DE ETILENO|CÂNULA DE TRAQUEOSTOMIA, MATERIAL*: POLÍMERO , TIPO: RADIOPACO , MODELO: FENESTRADA , DIÂMETRO: CERCA DE 9,0 MM, ACESSÓRIOS: C/ FITA P/ FIXAÇÃO , ACESSÓRIOS 01: OBTURADOR , ACESSÓRIOS 02: CÂNULA INTERNA , COMPONENTES*: BALÃO DE ALTO VOLUME E BAIXA PRESSÃO , OUTROS COMPONENTES*: MALEÁVEL, TERMOSENSÍVEL, ISENTO DE LÁTEX , ESTERELIDADE: ESTÉRIL 
591|OK_SEM_FLAGS|False|False|False|MATERIAIS DE USO TECNICO HOSPITALAR|JOGOS E CONJUNTOS MÉDICOS|1986155|423630|CANULA PARA TRAQUEOSTOMIA C/BALAO E C/FENESTRA - CANULA PARA TRAQUEOSTOMIA FENESTRADA N.10,CONFECCIONADA EM PVC TERMOSENSIVEL(ISENTA DE LATEX), ACOMPANHA: 01 CANULA INTERNA TRANSLUCIDACOM CONECTOR 15MM PARA CONEXAO, EM EQUIPAMENTO AUXILIAR, 1 CANULA INTERNA FENESTRADA, 2 PLUGS DE DECANULACAO,, 1 OBTURADOR ARREDONDADO E 1 TIRA PARA FIXACAO.BALAO DE ALTO VOLUME E BAIXA PRESSAO, BALAO, PILOTO PARA INDICAR A INSUFLACAO DO BALAO,LINHA RADIOPACA,DIAMETRO INTERNO 8,9 MM,, DIAMETRO EXTERNO 13,8 MM,COMPRIMENTO 81 MM, ESTERILIZADA EM OXIDO DE ETILENO.|CÂNULA DE TRAQUEOSTOMIA, MATERIAL*: POLÍMERO , TIPO: RADIOPACO , MODELO: LONGA , DIÂMETRO: 10 MM, CARACTERÍSTICAS ADICIONAIS*: SUPERFÍCIE LISA PONTA ARREDONDADA , ACESSÓRIOS: MANDRIL COM GUIA E OBTURADOR , COMPONENTES*: BALÃO DE ALTO VOLUME E BAIXA PRESSÃO , ESTERELIDADE: ESTÉRIL , EMBALAGEM: EMBALAGEM INDIVIDUAL 
592|OK_SEM_FLAGS|False|False|False|MATERIAIS DE USO TECNICO HOSPITALAR|JOGOS E CONJUNTOS MÉDICOS|3812979|615900|CANULA PARA TRAQUEOSTOMIA C/BALAO E S/FENESTRA - TIPO SHILEY N.06,ACABAMENTO ARREDONDADO,FORMATO ANATOMICO,COM DIAMETRO INTERNO 7,00MM E DIAMETRO EXTERNO 9,60MM,ESTERILIZADA EM OXIDO DE ETILENO,OBTURADOR MALEAVEL DE EXTREMIDADE ARREDONDADA|CÂNULA DE TRAQUEOSTOMIA, MATERIAL*: PVC , TIPO: RADIOPACO , DIÂMETRO: CERCA DE 6,0 MM, CARACTERÍSTICAS ADICIONAIS*: C/ ASA DE FIXAÇÃO LATERAL FLEXÍVEL , ACESSÓRIOS: C/ FITA P/ FIXAÇÃO , ACESSÓRIOS 02: CONECTOR UNIVERSAL , COMPONENTES*: BALÃO DE ALTO VOLUME E BAIXA PRESSÃO , ESTERELIDADE: ESTÉRIL, DESCARTÁVEL , EMBALAGEM: EMBALAGEM INDIVIDUAL 
593|OK_SEM_FLAGS|False|False|False|MATERIAIS DE USO TECNICO HOSPITALAR|JOGOS E CONJUNTOS MÉDICOS|3807100|438090|CANULA PARA TRAQUEOSTOMIA C/BALAO E S/FENESTRA - TIPO SHILEY N.08,ACABAMENTO ARREDONDADO,FORMATO ANATOMICO,COM DIAMETRO INTERNO 7,00MM E DIAMETRO EXTERNO 9,60MM,ESTERILIZADA EM OXIDO DE ETILENO,OBTURADOR MALEAVEL DE EXTREMIDADE ARREDONDADA|CÂNULA DE TRAQUEOSTOMIA, MATERIAL*: PVC , TIPO: RADIOPACO , MODELO: C/ LÚMEN ADICIONAL P/ ASPIRAÇÃO SUBGLÓTICA , DIÂMETRO: CERCA DE 8,0 MM, COMPONENTES*: BALÃO DE ALTO VOLUME E BAIXA PRESSÃO , OUTROS COMPONENTES*: C/ SISTEMA DE CONTROLE DE PRESSÃO , ESTERELIDADE: ESTÉRIL , EMBALAGEM: EMBALAGEM INDIVIDUAL 
594|OK_SEM_FLAGS|False|False|False|MATERIAIS DE USO TECNICO HOSPITALAR|JOGOS E CONJUNTOS MÉDICOS|5143772|428730|CANULA PARA TRAQUEOSTOMIA C/BALAO E S/FENESTRA - TIPO SHILEY N.8,5,COM DUPLA CANULA,ACABAMENTO ARREDONDADO,FORMATO ANATOMICO,ESTERILIZADA EM OXIDO DE ETILENO,OBTURADOR MALEAVEL DE EXTREMIDADE ARREDONDADA|CÂNULA DE TRAQUEOSTOMIA, MATERIAL*: POLÍMERO , TIPO: RADIOPACO , DIÂMETRO: CERCA DE 8,5 MM, CARACTERÍSTICAS ADICIONAIS*: SUPERFÍCIE LISA PONTA ARREDONDADA , ACESSÓRIOS 02: CONECTOR UNIVERSAL , ESTERELIDADE: ESTÉRIL, DESCARTÁVEL , EMBALAGEM: EMBALAGEM INDIVIDUAL 
595|OK_SEM_FLAGS|False|False|False|MATERIAIS DE USO TECNICO HOSPITALAR|JOGOS E CONJUNTOS MÉDICOS|5143780|429367|CANULA PARA TRAQUEOSTOMIA C/BALAO E S/FENESTRA - TIPO SHILEY N.9,0,COM DUPLA CANULA,ACABAMENTO ARREDONDADO,FORMATO ANATOMICO,ESTERILIZADA EM OXIDO DE ETILENO,OBTURADOR MALEAVEL DE EXTREMIDADE ARREDONDADA|CÂNULA DE TRAQUEOSTOMIA, MATERIAL*: POLÍMERO , TIPO: RADIOPACO , DIÂMETRO: CERCA DE 9,0 MM, CARACTERÍSTICAS ADICIONAIS*: SUPERFÍCIE LISA PONTA ARREDONDADA , ACESSÓRIOS 02: CONECTOR UNIVERSAL , ESTERELIDADE: ESTÉRIL, DESCARTÁVEL , EMBALAGEM: EMBALAGEM INDIVIDUAL 
596|OK_SEM_FLAGS|False|False|True|MATERIAIS DE USO TECNICO HOSPITALAR|INSTRUMENTOS, EQUIPAMENTOS E SUPRIMENTOS MÉDICOS  E  CIRÚRGICOS|3610918|475376|CANULA - ASPIRADORA/IRRIGADORA- 36,00CM, RECAMBIAVEL 5,00/10,00MM COM SISTEMA DE VALVULA ROTATORIA COM CABO ANGULADO,PARA SUCCAO E IRRIGACAO,COM DIAMETRO DE 5/10,00MM E COMPRIMENTO 36,00CM,DEVENDO POSSUIR REGISTRO NA ANVISA/MS CONFORME LEGISLACAO VIGENTE|CÂNULA INSTRUMENTAL, APLICAÇÃO: P/ ASPIRAÇÃO E IRRIGAÇÃO , MODELO: VIDEOCIRURGIA , DIÂMETRO: CERCA DE 5,0 MM, HASTE: RETA , COMPRIMENTO TOTAL: CERCA DE 36 CM, MATERIAL: AÇO INOXIDÁVEL , ESTERILIDADE: ESTERILIZÁVEL 
596|OK_SEM_FLAGS|False|False|True|MATERIAIS DE USO TECNICO HOSPITALAR|INSTRUMENTOS, EQUIPAMENTOS E SUPRIMENTOS MÉDICOS  E  CIRÚRGICOS|3610918|475377|CANULA - ASPIRADORA/IRRIGADORA- 36,00CM, RECAMBIAVEL 5,00/10,00MM COM SISTEMA DE VALVULA ROTATORIA COM CABO ANGULADO,PARA SUCCAO E IRRIGACAO,COM DIAMETRO DE 5/10,00MM E COMPRIMENTO 36,00CM,DEVENDO POSSUIR REGISTRO NA ANVISA/MS CONFORME LEGISLACAO VIGENTE|CÂNULA INSTRUMENTAL, APLICAÇÃO: P/ ASPIRAÇÃO E IRRIGAÇÃO , MODELO: VIDEOCIRURGIA , DIÂMETRO: CERCA DE 10,0 MM, HASTE: RETA , COMPRIMENTO TOTAL: CERCA DE 36 CM, MATERIAL: AÇO INOXIDÁVEL , ESTERILIDADE: ESTERILIZÁVEL 
597|OK_SEM_FLAGS|False|False|False|MATERIAIS DE USO TECNICO HOSPITALAR|INSTRUMENTOS, EQUIPAMENTOS E SUPRIMENTOS MÉDICOS  E  CIRÚRGICOS|5275407|621738|CANULA - COMPOSTO POR ELASTOMERO, TERMOPLASTICO MACIO E FLEXIVEL, ANATOMICO, EXTENSOES ARAMADAS,PARA OXIGENOTERAPIA DE ALTO FLUXO,TAMANHO INFANTIL COM CONECTOR GIRATORIO 360º, FIXACAO ATRAVES DE ADESIVO DE HIDROCOLOIDE PERMITINDO FLUXOS MAXIMO INDEPENDENTES DE 20LPMT,ESTERIL, ATOXICO, USO UNICO, COMPATIVEL COM UMIDIFICADOR SERVO CONTROLADO E SISTEMA AQUECIDO|CATETER NASAL PARA OXIGÊNIO, MODELO: TIPO ÓCULOS , APLICAçãO: P/ OXIGENOTERAPIA , MATERIAL: TUBO E PRONGA DE SILICONE , CONECTOR: COMPATÍVEL C/ FONTE O2 , TAMANHO: INFANTIL , COMPRIMENTO: CERCA DE 2,5 M , ESTERILIDADE: ESTÉRIL, USO ÚNICO 
597|OK_SEM_FLAGS|False|False|False|MATERIAIS DE USO TECNICO HOSPITALAR|INSTRUMENTOS, EQUIPAMENTOS E SUPRIMENTOS MÉDICOS  E  CIRÚRGICOS|5275407|621732|CANULA - COMPOSTO POR ELASTOMERO, TERMOPLASTICO MACIO E FLEXIVEL, ANATOMICO, EXTENSOES ARAMADAS,PARA OXIGENOTERAPIA DE ALTO FLUXO,TAMANHO INFANTIL COM CONECTOR GIRATORIO 360º, FIXACAO ATRAVES DE ADESIVO DE HIDROCOLOIDE PERMITINDO FLUXOS MAXIMO INDEPENDENTES DE 20LPMT,ESTERIL, ATOXICO, USO UNICO, COMPATIVEL COM UMIDIFICADOR SERVO CONTROLADO E SISTEMA AQUECIDO|CATETER NASAL PARA OXIGÊNIO, MODELO: TIPO ÓCULOS , APLICAçãO: P/ OXIGENOTERAPIA , MATERIAL: TUBO PLÁSTICO C/ PRONGA DE SILICONE , CONECTOR: COMPATÍVEL C/ FONTE O2 , TAMANHO: INFANTIL , COMPRIMENTO: CERCA DE 2,5 M , ESTERILIDADE: ESTÉRIL, USO ÚNICO 
597|OK_SEM_FLAGS|False|False|False|MATERIAIS DE USO TECNICO HOSPITALAR|INSTRUMENTOS, EQUIPAMENTOS E SUPRIMENTOS MÉDICOS  E  CIRÚRGICOS|5275407|621726|CANULA - COMPOSTO POR ELASTOMERO, TERMOPLASTICO MACIO E FLEXIVEL, ANATOMICO, EXTENSOES ARAMADAS,PARA OXIGENOTERAPIA DE ALTO FLUXO,TAMANHO INFANTIL COM CONECTOR GIRATORIO 360º, FIXACAO ATRAVES DE ADESIVO DE HIDROCOLOIDE PERMITINDO FLUXOS MAXIMO INDEPENDENTES DE 20LPMT,ESTERIL, ATOXICO, USO UNICO, COMPATIVEL COM UMIDIFICADOR SERVO CONTROLADO E SISTEMA AQUECIDO|CATETER NASAL PARA OXIGÊNIO, MODELO: TIPO ÓCULOS , APLICAçãO: P/ OXIGENOTERAPIA , MATERIAL: TUBO E PRONGA DE SILICONE , CONECTOR: COMPATÍVEL C/ FONTE O2 , TAMANHO: INFANTIL , COMPRIMENTO: CERCA DE 1,5 M , ESTERILIDADE: ESTÉRIL, USO ÚNICO 
597|OK_SEM_FLAGS|False|False|False|MATERIAIS DE USO TECNICO HOSPITALAR|INSTRUMENTOS, EQUIPAMENTOS E SUPRIMENTOS MÉDICOS  E  CIRÚRGICOS|5275407|621720|CANULA - COMPOSTO POR ELASTOMERO, TERMOPLASTICO MACIO E FLEXIVEL, ANATOMICO, EXTENSOES ARAMADAS,PARA OXIGENOTERAPIA DE ALTO FLUXO,TAMANHO INFANTIL COM CONECTOR GIRATORIO 360º, FIXACAO ATRAVES DE ADESIVO DE HIDROCOLOIDE PERMITINDO FLUXOS MAXIMO INDEPENDENTES DE 20LPMT,ESTERIL, ATOXICO, USO UNICO, COMPATIVEL COM UMIDIFICADOR SERVO CONTROLADO E SISTEMA AQUECIDO|CATETER NASAL PARA OXIGÊNIO, MODELO: TIPO ÓCULOS , APLICAçãO: P/ OXIGENOTERAPIA , MATERIAL: TUBO PLÁSTICO C/ PRONGA DE SILICONE , CONECTOR: COMPATÍVEL C/ FONTE O2 , TAMANHO: INFANTIL , COMPRIMENTO: CERCA DE 1,5 M , ESTERILIDADE: ESTÉRIL, USO ÚNICO 
598|OK_SEM_FLAGS|False|False|False|MATERIAIS DE USO TECNICO HOSPITALAR|INSTRUMENTOS, EQUIPAMENTOS E SUPRIMENTOS MÉDICOS  E  CIRÚRGICOS|5275571|621720|CANULA - COMPOSTO POR ELASTOMERO, TERMOPLASTICO MACIO E FLEXIVEL, ANATOMICO, EXTENSOES ARAMADAS,PARA OXIGENOTERAPIA DE ALTO FLUXO,TAMANHO PEDIATRICA COM CONECTOR GIRATORIO 360º, FIXACAO ATRAVES DE ADESIVO DE HIDROCOLOIDE PERMITINDO FLUXOS MAXIMO INDEPENDENTES DE 25LPMT,ESTERIL, ATOXICO, USO UNICO, COMPATIVEL COM UMIDIFICADOR SERVO CONTROLADO E SISTEMA AQUECIDO|CATETER NASAL PARA OXIGÊNIO, MODELO: TIPO ÓCULOS , APLICAçãO: P/ OXIGENOTERAPIA , MATERIAL: TUBO PLÁSTICO C/ PRONGA DE SILICONE , CONECTOR: COMPATÍVEL C/ FONTE O2 , TAMANHO: INFANTIL , COMPRIMENTO: CERCA DE 1,5 M , ESTERILIDADE: ESTÉRIL, USO ÚNICO 
598|OK_SEM_FLAGS|False|False|False|MATERIAIS DE USO TECNICO HOSPITALAR|INSTRUMENTOS, EQUIPAMENTOS E SUPRIMENTOS MÉDICOS  E  CIRÚRGICOS|5275571|621732|CANULA - COMPOSTO POR ELASTOMERO, TERMOPLASTICO MACIO E FLEXIVEL, ANATOMICO, EXTENSOES ARAMADAS,PARA OXIGENOTERAPIA DE ALTO FLUXO,TAMANHO PEDIATRICA COM CONECTOR GIRATORIO 360º, FIXACAO ATRAVES DE ADESIVO DE HIDROCOLOIDE PERMITINDO FLUXOS MAXIMO INDEPENDENTES DE 25LPMT,ESTERIL, ATOXICO, USO UNICO, COMPATIVEL COM UMIDIFICADOR SERVO CONTROLADO E SISTEMA AQUECIDO|CATETER NASAL PARA OXIGÊNIO, MODELO: TIPO ÓCULOS , APLICAçãO: P/ OXIGENOTERAPIA , MATERIAL: TUBO PLÁSTICO C/ PRONGA DE SILICONE , CONECTOR: COMPATÍVEL C/ FONTE O2 , TAMANHO: INFANTIL , COMPRIMENTO: CERCA DE 2,5 M , ESTERILIDADE: ESTÉRIL, USO ÚNICO 
598|OK_SEM_FLAGS|False|False|False|MATERIAIS DE USO TECNICO HOSPITALAR|INSTRUMENTOS, EQUIPAMENTOS E SUPRIMENTOS MÉDICOS  E  CIRÚRGICOS|5275571|621738|CANULA - COMPOSTO POR ELASTOMERO, TERMOPLASTICO MACIO E FLEXIVEL, ANATOMICO, EXTENSOES ARAMADAS,PARA OXIGENOTERAPIA DE ALTO FLUXO,TAMANHO PEDIATRICA COM CONECTOR GIRATORIO 360º, FIXACAO ATRAVES DE ADESIVO DE HIDROCOLOIDE PERMITINDO FLUXOS MAXIMO INDEPENDENTES DE 25LPMT,ESTERIL, ATOXICO, USO UNICO, COMPATIVEL COM UMIDIFICADOR SERVO CONTROLADO E SISTEMA AQUECIDO|CATETER NASAL PARA OXIGÊNIO, MODELO: TIPO ÓCULOS , APLICAçãO: P/ OXIGENOTERAPIA , MATERIAL: TUBO E PRONGA DE SILICONE , CONECTOR: COMPATÍVEL C/ FONTE O2 , TAMANHO: INFANTIL , COMPRIMENTO: CERCA DE 2,5 M , ESTERILIDADE: ESTÉRIL, USO ÚNICO 
598|OK_SEM_FLAGS|False|False|False|MATERIAIS DE USO TECNICO HOSPITALAR|INSTRUMENTOS, EQUIPAMENTOS E SUPRIMENTOS MÉDICOS  E  CIRÚRGICOS|5275571|621726|CANULA - COMPOSTO POR ELASTOMERO, TERMOPLASTICO MACIO E FLEXIVEL, ANATOMICO, EXTENSOES ARAMADAS,PARA OXIGENOTERAPIA DE ALTO FLUXO,TAMANHO PEDIATRICA COM CONECTOR GIRATORIO 360º, FIXACAO ATRAVES DE ADESIVO DE HIDROCOLOIDE PERMITINDO FLUXOS MAXIMO INDEPENDENTES DE 25LPMT,ESTERIL, ATOXICO, USO UNICO, COMPATIVEL COM UMIDIFICADOR SERVO CONTROLADO E SISTEMA AQUECIDO|CATETER NASAL PARA OXIGÊNIO, MODELO: TIPO ÓCULOS , APLICAçãO: P/ OXIGENOTERAPIA , MATERIAL: TUBO E PRONGA DE SILICONE , CONECTOR: COMPATÍVEL C/ FONTE O2 , TAMANHO: INFANTIL , COMPRIMENTO: CERCA DE 1,5 M , ESTERILIDADE: ESTÉRIL, USO ÚNICO 
600|OK_SEM_FLAGS|False|False|False|MATERIAIS DE USO TECNICO HOSPITALAR|INSTRUMENTOS, EQUIPAMENTOS E SUPRIMENTOS MÉDICOS  E  CIRÚRGICOS|5957044|621757|CANULA - DE FLUXO AEREO, EM SILICONE, COM FILTRO HIDROFOBICO E ANTIMICROBIANO, DESCARTAVEL, TIPO ORONASAL, COM 2 PRONGS NASAIS,PARA MONITORAMENTO DO FLUXO DE AR,TUBOS ESTREITOS E RESSISTENTES A TORCOES, COM AJUSTE FACIAL E PONTA COM CONECTOR,COMPATIVEL COM EQUIPAMENTO DE POLISSONOGRAFIA, MARCA PHILIPS, MODELO ALICE 6 LDX|CATETER NASAL PARA OXIGÊNIO, MODELO: TIPO ÓCULOS , APLICAçãO: P/ POLISSONOGRAFIA , MATERIAL: TUBO PLÁSTICO C/ PRONGA DE SILICONE , CONECTOR: COMPATÍVEL C/ EQUIPAMENTO , TAMANHO: ADULTO , COMPRIMENTO: CERCA DE 2,5 M , COMPONENTE ADICIONAL: C/ FILTRO , ESTERILIDADE: NÃO ESTÉRIL, USO ÚNICO 
600|OK_SEM_FLAGS|False|False|False|MATERIAIS DE USO TECNICO HOSPITALAR|INSTRUMENTOS, EQUIPAMENTOS E SUPRIMENTOS MÉDICOS  E  CIRÚRGICOS|5957044|621755|CANULA - DE FLUXO AEREO, EM SILICONE, COM FILTRO HIDROFOBICO E ANTIMICROBIANO, DESCARTAVEL, TIPO ORONASAL, COM 2 PRONGS NASAIS,PARA MONITORAMENTO DO FLUXO DE AR,TUBOS ESTREITOS E RESSISTENTES A TORCOES, COM AJUSTE FACIAL E PONTA COM CONECTOR,COMPATIVEL COM EQUIPAMENTO DE POLISSONOGRAFIA, MARCA PHILIPS, MODELO ALICE 6 LDX|CATETER NASAL PARA OXIGÊNIO, MODELO: TIPO ÓCULOS , APLICAçãO: P/ POLISSONOGRAFIA , MATERIAL: TUBO PLÁSTICO C/ PRONGA DE SILICONE , CONECTOR: COMPATÍVEL C/ EQUIPAMENTO , TAMANHO: ADULTO , COMPRIMENTO: CERCA DE 2,5 M , COMPONENTE ADICIONAL: C/ FILTRO , ESTERILIDADE: ESTÉRIL, USO ÚNICO 
600|OK_SEM_FLAGS|False|False|False|MATERIAIS DE USO TECNICO HOSPITALAR|INSTRUMENTOS, EQUIPAMENTOS E SUPRIMENTOS MÉDICOS  E  CIRÚRGICOS|5957044|621749|CANULA - DE FLUXO AEREO, EM SILICONE, COM FILTRO HIDROFOBICO E ANTIMICROBIANO, DESCARTAVEL, TIPO ORONASAL, COM 2 PRONGS NASAIS,PARA MONITORAMENTO DO FLUXO DE AR,TUBOS ESTREITOS E RESSISTENTES A TORCOES, COM AJUSTE FACIAL E PONTA COM CONECTOR,COMPATIVEL COM EQUIPAMENTO DE POLISSONOGRAFIA, MARCA PHILIPS, MODELO ALICE 6 LDX|CATETER NASAL PARA OXIGÊNIO, MODELO: TIPO ÓCULOS , APLICAçãO: P/ POLISSONOGRAFIA , MATERIAL: TUBO PLÁSTICO C/ PRONGA DE SILICONE , CONECTOR: COMPATÍVEL C/ EQUIPAMENTO , TAMANHO: ADULTO , COMPRIMENTO: CERCA DE 1,5 M , COMPONENTE ADICIONAL: C/ FILTRO , ESTERILIDADE: NÃO ESTÉRIL, USO ÚNICO 
600|OK_SEM_FLAGS|False|False|False|MATERIAIS DE USO TECNICO HOSPITALAR|INSTRUMENTOS, EQUIPAMENTOS E SUPRIMENTOS MÉDICOS  E  CIRÚRGICOS|5957044|621747|CANULA - DE FLUXO AEREO, EM SILICONE, COM FILTRO HIDROFOBICO E ANTIMICROBIANO, DESCARTAVEL, TIPO ORONASAL, COM 2 PRONGS NASAIS,PARA MONITORAMENTO DO FLUXO DE AR,TUBOS ESTREITOS E RESSISTENTES A TORCOES, COM AJUSTE FACIAL E PONTA COM CONECTOR,COMPATIVEL COM EQUIPAMENTO DE POLISSONOGRAFIA, MARCA PHILIPS, MODELO ALICE 6 LDX|CATETER NASAL PARA OXIGÊNIO, MODELO: TIPO ÓCULOS , APLICAçãO: P/ POLISSONOGRAFIA , MATERIAL: TUBO PLÁSTICO C/ PRONGA DE SILICONE , CONECTOR: COMPATÍVEL C/ EQUIPAMENTO , TAMANHO: ADULTO , COMPRIMENTO: CERCA DE 1,5 M , COMPONENTE ADICIONAL: C/ FILTRO , ESTERILIDADE: ESTÉRIL, USO ÚNICO 
601|OK_SEM_FLAGS|False|False|False|MATERIAIS DE USO TECNICO HOSPITALAR|INSTRUMENTOS, EQUIPAMENTOS E SUPRIMENTOS MÉDICOS  E  CIRÚRGICOS|5957141|621743|CANULA - EM SILICONE, COM 2 PRONGS NASAIS,PARA MEDIR O FLUXO DE AR NASAL, REPROCESSAVEL,TUBOS COM AJUSTE FACIAL, PONTA COM CONECTOR,COMPATIVEL COM EQUIPAMENTO DE POLISSONOGRAFIA, MARCA RESMED, MODELO APNEALINK|CATETER NASAL PARA OXIGÊNIO, MODELO: TIPO ÓCULOS , APLICAçãO: P/ POLISSONOGRAFIA , MATERIAL: TUBO PLÁSTICO C/ PRONGA DE SILICONE , CONECTOR: COMPATÍVEL C/ EQUIPAMENTO , TAMANHO: ADULTO , COMPRIMENTO: CERCA DE 1,5 M , ESTERILIDADE: ESTÉRIL, USO ÚNICO 
601|OK_SEM_FLAGS|False|False|False|MATERIAIS DE USO TECNICO HOSPITALAR|INSTRUMENTOS, EQUIPAMENTOS E SUPRIMENTOS MÉDICOS  E  CIRÚRGICOS|5957141|621753|CANULA - EM SILICONE, COM 2 PRONGS NASAIS,PARA MEDIR O FLUXO DE AR NASAL, REPROCESSAVEL,TUBOS COM AJUSTE FACIAL, PONTA COM CONECTOR,COMPATIVEL COM EQUIPAMENTO DE POLISSONOGRAFIA, MARCA RESMED, MODELO APNEALINK|CATETER NASAL PARA OXIGÊNIO, MODELO: TIPO ÓCULOS , APLICAçãO: P/ POLISSONOGRAFIA , MATERIAL: TUBO PLÁSTICO C/ PRONGA DE SILICONE , CONECTOR: COMPATÍVEL C/ EQUIPAMENTO , TAMANHO: ADULTO , COMPRIMENTO: CERCA DE 2,5 M , ESTERILIDADE: NÃO ESTÉRIL, USO ÚNICO 
601|OK_SEM_FLAGS|False|False|False|MATERIAIS DE USO TECNICO HOSPITALAR|INSTRUMENTOS, EQUIPAMENTOS E SUPRIMENTOS MÉDICOS  E  CIRÚRGICOS|5957141|621751|CANULA - EM SILICONE, COM 2 PRONGS NASAIS,PARA MEDIR O FLUXO DE AR NASAL, REPROCESSAVEL,TUBOS COM AJUSTE FACIAL, PONTA COM CONECTOR,COMPATIVEL COM EQUIPAMENTO DE POLISSONOGRAFIA, MARCA RESMED, MODELO APNEALINK|CATETER NASAL PARA OXIGÊNIO, MODELO: TIPO ÓCULOS , APLICAçãO: P/ POLISSONOGRAFIA , MATERIAL: TUBO PLÁSTICO C/ PRONGA DE SILICONE , CONECTOR: COMPATÍVEL C/ EQUIPAMENTO , TAMANHO: ADULTO , COMPRIMENTO: CERCA DE 2,5 M , ESTERILIDADE: ESTÉRIL, USO ÚNICO 
601|OK_SEM_FLAGS|False|False|False|MATERIAIS DE USO TECNICO HOSPITALAR|INSTRUMENTOS, EQUIPAMENTOS E SUPRIMENTOS MÉDICOS  E  CIRÚRGICOS|5957141|621745|CANULA - EM SILICONE, COM 2 PRONGS NASAIS,PARA MEDIR O FLUXO DE AR NASAL, REPROCESSAVEL,TUBOS COM AJUSTE FACIAL, PONTA COM CONECTOR,COMPATIVEL COM EQUIPAMENTO DE POLISSONOGRAFIA, MARCA RESMED, MODELO APNEALINK|CATETER NASAL PARA OXIGÊNIO, MODELO: TIPO ÓCULOS , APLICAçãO: P/ POLISSONOGRAFIA , MATERIAL: TUBO PLÁSTICO C/ PRONGA DE SILICONE , CONECTOR: COMPATÍVEL C/ EQUIPAMENTO , TAMANHO: ADULTO , COMPRIMENTO: CERCA DE 1,5 M , ESTERILIDADE: NÃO ESTÉRIL, USO ÚNICO 
602|OK_SEM_FLAGS|False|False|False|MATERIAIS DE USO TECNICO HOSPITALAR|INSTRUMENTOS, EQUIPAMENTOS E SUPRIMENTOS MÉDICOS  E  CIRÚRGICOS|4855256|605304|CANULA - PARA BIOPSIA EM ACO INOXIDAVEL, COM DOIS MANDRIS, SENDO UM EMPURRADOR E OUTRO COM SISTEMA DE TRAVAMENTO DA AMOSTRA COLETADO, DESCARTAVEL, EXTRATORA COM CONEXAO LUER-LOK,PARA ASPIRACAO DE MEDULA E FRAGMENTO OSSEO,DIAMETRO EXTERNO 8G,E COMPRIMENTO 10,00CM|AGULHA PUNÇÃO ÓSSEA, MODELO: P/ ASPIRAÇÃO, BIÓPSIA, INFUSÃO , APLICAÇÃO: INTRAÓSSEA / MEDULA ÓSSEA , TIPO: JAMSHIDI , DIMENSÕES: CERCA DE 8 G X 10 CM , MATERIAL AGULHA: AÇO INOXIDÁVEL , PEÇA DE MÃO: C/ EMPUNHADURA , COMPONENTE 1: C/ MANDRIL , COMPONENTE 3: CONECTOR LUER , ESTERILIDADE: ESTÉRIL, USO ÚNICO , EMBALAGEM: INDIVIDUAL 
604|OK_SEM_FLAGS|False|False|False|MATERIAIS DE USO TECNICO HOSPITALAR|INSTRUMENTOS, EQUIPAMENTOS E SUPRIMENTOS MÉDICOS  E  CIRÚRGICOS|4878370|474779|CANULA - TIPO NASOFARINGEA, EM PVC SILICONIZADO, LIVRE DE LATEX,PARA ADMINISTRACAO DE OXIGENIO VIA NASAL,TAMANHO 7.0 MM,EMBALAGEM INDIVIDUAL, DESCARTAVEL|TUBO SUPRAGLÓTICO, TIPO: CÂNULA NASOFARÍNGEA , MATERIAL*: PVC FLEXÍVEL , TAMANHO*: 7,0 MM, ESTERILIDADE*: ESTÉRIL, USO ÚNICO 
606|OK_SEM_FLAGS|False|False|False|MATERIAIS DE USO TECNICO HOSPITALAR|ARTIGOS DE PAPEL PARA HIGIENE|1892827|298019|ABSORVENTE HIGIENICO TIPO HOSPITALAR - MEDINDO TAMANHO GRANDE, ANTIALERGICO, DESCARTAVEL, COM GEL ABSORVENTE, POS-OPERATORIO E POS-PARTO, EMBALADO EM PLASTICO LEITOSO, A APRESENTACAO DO PRODUTO DEVERA OBEDECER A LEGISLACAO VINGENTE|ABSORVENTE HIGIÊNICO, TIPO: PÓS-PARTO , FORMATO: LONGO , APRESENTAÇÃO: HIPOALERGÊNICO , COMPRIMENTO: 35 CM , LARGURA: 13 CM , CARACTERÍSTICAS ADICIONAIS: CAMADA INTERNA ABSORVENTE 
607|OK_SEM_FLAGS|False|False|False|MATERIAIS DE USO TECNICO HOSPITALAR|VESTUÁRIO HOSPITALAR E CIRÚRGICO E ITENS CORRELATOS DE  FINALIDADES ESPECIAIS|2728699|616011|FRALDA DESCARTAVEL GERIATRICA ADULTO - TAMANHO P COM DUAS A TRES CAMADAS DE POLPA DE CELULOSE, COM 03 FIOS DE ELASTICO E 02 FITAS ADESIVAS DE CADA LADO PARA AJUSTE DA FRALDA, COM GEL ABSORVENTE E BARREIRA ANTIVAZAMENTO,,PACOTE COM 8-12UNIDADES|FRALDA DESCARTÁVEL, TIPO FIXAÇÃO: TIRAS AJUSTÁVEIS E REPOSICIONÁVEIS , TAMANHO: ADULTO PEQUENO , MATERIAL: TELA POLÍMERICA E NÚCLEO ABSORVENTE , REVESTIMENTO EXTERNO: IMPERMEÁVEL , CARACTERÍSTICA ADICIONAL: BARREIRA ANTIVAZAMENTO 
608|OK_SEM_FLAGS|False|False|False|PRODUTOS PARA HIGIENE PESSOAL|VESTUÁRIO HOSPITALAR E CIRÚRGICO E ITENS CORRELATOS DE  FINALIDADES ESPECIAIS|1551183|616012|FRALDA DESCARTAVEL - COMPOSTA DE FIBRAS CE CELULOSE E POLIPROPILENO, FILMES DE POLIETILENO E POLIPROPILENO, ADESIVOS TERMOPLASTICOS,FIOS ELASTICOS, ADESIVOS TERMO PLASTICOS,FIOS ESTICOS,FRAGANCIA EFLOGEL., PARA USO DESCARTAVEL ADULTO, COM APRESENTACAO EM UNIDADES, NO TAMANHO MEDIA, E SUAS CONDICOES DEVERAM ESTAR DE ACORDO COM A RESPEITANDO AS ESPECIFICACOES DO MINISTERIO DA SAU DE|FRALDA DESCARTÁVEL, TIPO FIXAÇÃO: TIRAS AJUSTÁVEIS E REPOSICIONÁVEIS , TAMANHO: ADULTO MÉDIO , MATERIAL: TELA POLÍMERICA E NÚCLEO ABSORVENTE , REVESTIMENTO EXTERNO: IMPERMEÁVEL , CARACTERÍSTICA ADICIONAL: BARREIRA ANTIVAZAMENTO 
609|OK_SEM_FLAGS|False|False|False|PRODUTOS PARA HIGIENE PESSOAL|VESTUÁRIO HOSPITALAR E CIRÚRGICO E ITENS CORRELATOS DE  FINALIDADES ESPECIAIS|1493434|616013|FRALDA DESCARTAVEL - COMPOSTA DE COBERTURA INTERNA DE FALSO TECIDO, PELICULA ANTI UMIDADE, POLPA E FLOCOS ABSORVENTES, ADESIVOS TERMOPLASTICOS,FIOS ELASTICOS, COBERTURA EXTERNA IMPERMEAVEL, ELASTICOS NAS PERNAS E FITAS ADESIVAS LATERAIS, PARA USO ADULTO E GERIATRICO, DESCARTAVEL E DE FORMATO ANATOMICO, COM APRESENTACAO EM UNIDADES., NO TAMANHO GRANDE, A PARTIR DE 70KG, E SUAS CONDICOES DEVERAM ESTAR DE ACORDO COM A LEGISLACAO VIGENTE, CONTENDO DADOS DE IDENTIFICACAO E PROCEDENCIA, LOTE E REGISTRO DO MS|FRALDA DESCARTÁVEL, TIPO FIXAÇÃO: TIRAS AJUSTÁVEIS E REPOSICIONÁVEIS , TAMANHO: ADULTO GRANDE , MATERIAL: TELA POLÍMERICA E NÚCLEO ABSORVENTE , REVESTIMENTO EXTERNO: IMPERMEÁVEL , CARACTERÍSTICA ADICIONAL: BARREIRA ANTIVAZAMENTO 
610|OK_SEM_FLAGS|False|False|False|PRODUTOS PARA HIGIENE PESSOAL|VESTUÁRIO HOSPITALAR E CIRÚRGICO E ITENS CORRELATOS DE  FINALIDADES ESPECIAIS|1709364|616014|FRALDA DESCARTAVEL - COMPOSTA DE FIBRAS CE CELULOSE E POLIPROPILENO, FILMES DE POLIETILENO E POLIPROPILENO, ADESIVOS TERMOPLASTICOS,FIOS ELASTICOS, ADESIVOS TERMO PLASTICOS,FIOS ESTICOS,FRAGANCIA EFLOGEL., PARA USO DESCARTAVEL ADULTO., NO TAMANHO GG., E SUAS CONDICOES DEVERAM ESTAR DE ACORDO COM A RESPEITANDO AS ESPECIFICACOES DO MINISTERIO DA SAUDE|FRALDA DESCARTÁVEL, TIPO FIXAÇÃO: TIRAS AJUSTÁVEIS E REPOSICIONÁVEIS , TAMANHO: ADULTO EXTRA GRANDE XG , MATERIAL: TELA POLÍMERICA E NÚCLEO ABSORVENTE , REVESTIMENTO EXTERNO: IMPERMEÁVEL , CARACTERÍSTICA ADICIONAL: BARREIRA ANTIVAZAMENTO 
610|OK_SEM_FLAGS|False|False|False|PRODUTOS PARA HIGIENE PESSOAL|VESTUÁRIO HOSPITALAR E CIRÚRGICO E ITENS CORRELATOS DE  FINALIDADES ESPECIAIS|1709364|616015|FRALDA DESCARTAVEL - COMPOSTA DE FIBRAS CE CELULOSE E POLIPROPILENO, FILMES DE POLIETILENO E POLIPROPILENO, ADESIVOS TERMOPLASTICOS,FIOS ELASTICOS, ADESIVOS TERMO PLASTICOS,FIOS ESTICOS,FRAGANCIA EFLOGEL., PARA USO DESCARTAVEL ADULTO., NO TAMANHO GG., E SUAS CONDICOES DEVERAM ESTAR DE ACORDO COM A RESPEITANDO AS ESPECIFICACOES DO MINISTERIO DA SAUDE|FRALDA DESCARTÁVEL, TIPO FIXAÇÃO: TIRAS AJUSTÁVEIS E REPOSICIONÁVEIS , TAMANHO: ADULTO EXTRA GRANDE XXG , MATERIAL: TELA POLÍMERICA E NÚCLEO ABSORVENTE , REVESTIMENTO EXTERNO: IMPERMEÁVEL , CARACTERÍSTICA ADICIONAL: BARREIRA ANTIVAZAMENTO 
611|OK_SEM_FLAGS|False|False|False|PRODUTOS PARA HIGIENE PESSOAL|VESTUÁRIO HOSPITALAR E CIRÚRGICO E ITENS CORRELATOS DE  FINALIDADES ESPECIAIS|1493426|616001|FRALDA DESCARTAVEL - COMPOSTA DE COBERTURA INTERNA DE FALSO TECIDO, PELICULA ANTI UMIDADE, POLPA E FLOCOS ABSORVENTES, ADESIVOS TERMOPLASTICOS,FIOS ELASTICOS, COBERTURA EXTERNA IMPERMEAVEL, ELASTICOS NAS PERNAS E FITAS ADESIVAS LATERAIS, PARA USO INFANTIL, DESCARTAVEL E DE FORMATO ANATOMICO,COM APRESENTACAO EM UNIDADES, NO TAMANHO PEQUENO UNISSEX, E SUAS CONDICOES DEVERAM ESTAR DE ACORDO COM A LEGISLACAO VIGENTE, CONTENDO DADOS DE IDENTIFICACAO E PROCEDENCIA, LOTE E REGISTRO DO MS|FRALDA DESCARTÁVEL, TIPO FIXAÇÃO: TIRAS AJUSTÁVEIS E REPOSICIONÁVEIS , MATERIAL: TELA POLÍMERICA E NÚCLEO ABSORVENTE , REVESTIMENTO EXTERNO: IMPERMEÁVEL , TAMANHO: INFANTIL PEQUENO , CARACTERÍSTICA ADICIONAL: BARREIRA ANTIVAZAMENTO 
612|OK_SEM_FLAGS|False|False|False|PRODUTOS PARA HIGIENE PESSOAL|VESTUÁRIO HOSPITALAR E CIRÚRGICO E ITENS CORRELATOS DE  FINALIDADES ESPECIAIS|1552902|616002|FRALDA DESCARTAVEL - COMPOSTA DE COBERTURA INTERNA DE FALSO TECIDO, PELICULA ANTI UMIDADE, POLPA E FLOCOS ABSORVENTES, ADESIVOS TERMOPLASTICOS,FIOS ELASTICOS, COBERTURA EXTERNA IMPERMEAVEL, ELASTICOS NAS PERNAS E FITAS ADESIVAS LATERAIS, PARA USO INFANTIL, DESCARTAVEL E DE FORMATO ANATOMICO,COM APRESENTACAO EM UNIDADES, NO TAMANHO MEDIO UNISSEX, E SUAS CONDICOES DEVERAM ESTAR DE ACORDO COM A LEGISLACAO VIGENTE, CONTENDO DADOS DE IDENTIFICACAO E PROCEDENCIA, LOTE E REGISTRO DO MS|FRALDA DESCARTÁVEL, TIPO FIXAÇÃO: TIRAS AJUSTÁVEIS E REPOSICIONÁVEIS , MATERIAL: TELA POLÍMERICA E NÚCLEO ABSORVENTE , REVESTIMENTO EXTERNO: IMPERMEÁVEL , TAMANHO: INFANTIL MÉDIO , CARACTERÍSTICA ADICIONAL: BARREIRA ANTIVAZAMENTO 
613|OK_SEM_FLAGS|False|False|False|PRODUTOS PARA HIGIENE PESSOAL|VESTUÁRIO HOSPITALAR E CIRÚRGICO E ITENS CORRELATOS DE  FINALIDADES ESPECIAIS|1479334|616003|FRALDA DESCARTAVEL - COMPOSTA DE COBERTURA INTERNA DE FALSO TECIDO, PELICULA ANTI UMIDADE, POLPA E FLOCOS ABSORVENTES, ADESIVOS TERMOPLASTICOS,FIOS ELASTICOS, COBERTURA EXTERNA IMPERMEAVEL, ELASTICOS NAS PERNAS E FITAS ADESIVAS LATERAIS, PARA USO INFANTIL, DESCARTAVEL E DE FORMATO ANATOMICO,COM APRESENTACAO EM UNIDADES., NO TAMANHO GRANDE UNISSEX, E SUAS CONDICOES DEVERAM ESTAR DE ACORDO COM A LEGISLACAO VIGENTE, CONTENDO DADOS DE IDENTIFICACAO E PROCEDENCIA, LOTE E REGISTRO DO MS|FRALDA DESCARTÁVEL, TIPO FIXAÇÃO: TIRAS AJUSTÁVEIS E REPOSICIONÁVEIS , MATERIAL: TELA POLÍMERICA E NÚCLEO ABSORVENTE , REVESTIMENTO EXTERNO: IMPERMEÁVEL , TAMANHO: INFANTIL GRANDE , CARACTERÍSTICA ADICIONAL: BARREIRA ANTIVAZAMENTO 
614|OK_SEM_FLAGS|False|False|False|UTENSILIOS PARA HIGIENE PESSOAL|ARTIGOS PARA HIGIENE PESSOAL|139157|481317|HASTE PARA HIGIENE - PESSOAL COM PONTAS DE ALGODAO, EMBALAGEM CAIXA, NA COR CORES DIVERSAS|HASTE FLEXÍVEL, MATERIAL HASTE: PLÁSTICO , MATERIAL PONTA: ALGODÃO , APLICAÇÃO: HIGIENE PESSOAL , CARACTERÍSTICAS ADICIONAIS: COM 2 PONTAS 
615|OK_SEM_FLAGS|False|False|False|MATERIAIS DE USO TECNICO HOSPITALAR|ARTIGOS PARA HIGIENE PESSOAL|1470272|617292|APARELHO DE BARBEAR - DESCARTAVEL, EM CABO DE PLASTICO SEM REBARBAS, COMPOSTO POR 2 LAMINAS AFIADAS EM ACO INOX COM PROTETOR, EMBALAGEM INDIVIDUAL,COM DADOS DE IDENTIFICACAO|APARELHO BARBEAR, TIPO: DESCARTÁVEL , MATERIAL LÂMINA: LÂMINA AÇO INOX , QUANTIDADE LÂMINAS: 2 UN, MATERIAL CABO: PLÁSTICO 
617|OK_SEM_FLAGS|False|False|False|MATERIAIS DE USO TECNICO HOSPITALAR|ARTIGOS PARA HIGIENE PESSOAL|4458532|620663|HASTE PARA HIGIENE ORAL - HASTE:EM PLASTICO FLEXIVEL,PONTA: COM ESPUMA DE URETANO POLIESTER,HASTE C/15CM COMPR.,ESPONJA C/2CMX2CMX2,5CM,ACOMPANHADO COM SACHE ENXAGUATORIO BUCAL DE 3ML COM CLOREXIDINA 0,12%,INDIVIDUAL, EM SACO PLASTICO RESISTENTE,ART.31 L.8078/90 DECR.LEI 79094/77|ESCOVA DENTAL, MATERIAL CERDAS: NAILON E POLIESTER , MATERIAL CABO: PLÁSTICO EMBORRACHADO , TIPO CABO: ANATÔMICO , TIPO CABEÇA: COM CANTOS ARREDONDADOS , FORMATO CABEÇA: TRIANGULAR , MODELO: EXTRA MACIA , COR: AZUL , APLICAÇÃO: ADULTO , CARACTERÍSTICAS ADICIONAIS: ANTIALÉRGICO, ATÓXICO , TIPO CERDAS: ARREDONDADAS 
618|OK_SEM_FLAGS|False|False|False|MATERIAIS DE USO TECNICO HOSPITALAR|COSMÉTICOS E ARTIGOS DE TOUCADOR DE NATUREZA MEDICINAL|5326125|392369|LENCOS UMEDECIDOS PARA HIGIENE - COMPRESSA  EM TECIDO NAO TECIDO (TNT),COM SOLUCAO ALCOOLICA  ISOPROPILICO 70%,EM SACHE DE POLIMERO PLASTICO COM REVESTIMENTO ALUMINIZADO, TERMOSSELADO, INDIVIDUAL,MEDINDO 6,5 X 3,0 CM,PARA REMOCAO DE MATERIAL ORGANICO,ESTERIL|ÁLCOOL ISOPROPÍLICO, CONCENTRAÇÃO: 70% V/V , APRESENTAÇÃO: EM LENÇO UMIDECIDO 
620|OK_SEM_FLAGS|False|False|False|MATERIAIS DE USO TECNICO HOSPITALAR|INSTRUMENTOS, EQUIPAMENTOS E SUPRIMENTOS MÉDICOS  E  CIRÚRGICOS|3479161|436694|SONDA FOLEY - EM 100 % SILICONE,SILICONIZADA,ESTERIL, CALIBRE Nº 4,CAPACIDADE 30ML,COM 2 VIAS,EMBALAGEM EM PAPEL GRAU CIRURGICIO E/OU FILME TERMOPLASTICO QUE PERMITA ABERTURA ASSEPTICA,O PRODUTO DEVERA SER ENTREGUE COM LAUDO ANALITICO, TIPO DE ESTERILIZACAO.  ROTULO COM NUMERO DO LOTE, DATA FABRICACAO/VALIDADE E PROCEDENCIA.|SONDA TRATO URINÁRIO, MODELO: FOLEY , MATERIAL: SILICONE , CALIBRE: 4 FRENCH, VIAS: 2 VIAS , CONECTOR: CONECTORES PADRÃO , VOLUME: C/ BALÃO CERCA 5 ML, TIPO PONTA: PONTA DISTAL CILÍNDRICA FECHADA , COMPONENTES: C/ ORIFÍCIOS LATERAIS , ESTERILIDADE: ESTÉRIL, DESCARTÁVEL , EMBALAGEM: EMBALAGEM INDIVIDUAL 
621|OK_SEM_FLAGS|False|False|False|MATERIAIS DE USO TECNICO HOSPITALAR|INSTRUMENTOS, EQUIPAMENTOS E SUPRIMENTOS MÉDICOS  E  CIRÚRGICOS|1228285|436039|SONDA FOLEY - EM SILICONE, ESTERIL,, COM BALAO DE ATE, COM BALAO DE 1,5ML, COM 2 VIAS, COM GUIA, CALIBRE N.6. NUMERO DO CALIBRE ESTAMPADO EM LOCAL VISIVEL., NUMERO DO CALIBRE ESTAMPADO EM LOCAL VISIVEL PRODUTO DEVERA SER ENTREGUE COM LAUDO ANALITICO QUE COMPROVE SUA ESTERILIDADE., O PRODUTO DEVERA SER ENTREGUE COM LAUDO ANALITICO ART.31 L.8078/90 PORT.CONJ.N.1 DE 23/1/96-M.SAUDE|SONDA TRATO URINÁRIO, MODELO: FOLEY , MATERIAL: BORRACHA , CALIBRE: 6 FRENCH, VIAS: 2 VIAS , CONECTOR: CONECTORES PADRÃO , VOLUME: C/ BALÃO CERCA 5 ML, TIPO PONTA: PONTA DISTAL CILÍNDRICA FECHADA , COMPONENTES: C/ ORIFÍCIOS LATERAIS , ESTERILIDADE: ESTÉRIL, DESCARTÁVEL , EMBALAGEM: EMBALAGEM INDIVIDUAL 
622|OK_SEM_FLAGS|False|False|False|MATERIAIS DE USO TECNICO HOSPITALAR|INSTRUMENTOS, EQUIPAMENTOS E SUPRIMENTOS MÉDICOS  E  CIRÚRGICOS|1930419|436039|SONDA FOLEY - EM BORRACHA NATURAL, SILICONIZADA, ESTERIL, COM BALAO DE CALIBRE N.6 C/ BALAO DE ATE 30ML, COM 2 VIAS, NUMERO DO CALIBRE ESTAMPADO EM LOCAL VISIVEL EMBALAGEM EM PAPEL GRAU CIRURGICIO E/OU FIL ME TERMOPLASTICO QUE PERMITA ABERTURA ASSEPTICA, O PRODUTO DEVERA SER ENTREGUE COM LAUDO ANALITICO CONTENDO DADOS DE IDENTIFICACAO, PROCEDENCIA, DATA E TIPO DE ESTERILIZACAO, TEMPO DE VALIDADE|SONDA TRATO URINÁRIO, MODELO: FOLEY , MATERIAL: BORRACHA , CALIBRE: 6 FRENCH, VIAS: 2 VIAS , CONECTOR: CONECTORES PADRÃO , VOLUME: C/ BALÃO CERCA 5 ML, TIPO PONTA: PONTA DISTAL CILÍNDRICA FECHADA , COMPONENTES: C/ ORIFÍCIOS LATERAIS , ESTERILIDADE: ESTÉRIL, DESCARTÁVEL , EMBALAGEM: EMBALAGEM INDIVIDUAL 
623|OK_SEM_FLAGS|False|False|False|MATERIAIS DE USO TECNICO HOSPITALAR|INSTRUMENTOS, EQUIPAMENTOS E SUPRIMENTOS MÉDICOS  E  CIRÚRGICOS|176818|436005|SONDA FOLEY - EM BORRACHA NATURAL, SILICONIZADA, ESTERIL, COM BALAO DE ATE 30 ML, COM 2 VIAS, NUMERO DO CALIBRE ESTAMPADO EM LOCAL VISIVEL CALIBRE 08, O PRODUTO DEVERA SER ENTREGUE COM LAUDO ANALITICO QUE COMPROVE SUA ESTERILIDADE|SONDA TRATO URINÁRIO, MODELO: FOLEY , MATERIAL: BORRACHA , CALIBRE: 8 FRENCH, VIAS: 2 VIAS , CONECTOR: CONECTORES PADRÃO , VOLUME: C/ BALÃO CERCA 30 ML, TIPO PONTA: PONTA DISTAL CILÍNDRICA FECHADA , COMPONENTES: C/ ORIFÍCIOS LATERAIS , ESTERILIDADE: ESTÉRIL, DESCARTÁVEL , EMBALAGEM: EMBALAGEM INDIVIDUAL 
624|OK_SEM_FLAGS|False|False|False|MATERIAIS DE USO TECNICO HOSPITALAR|INSTRUMENTOS, EQUIPAMENTOS E SUPRIMENTOS MÉDICOS  E  CIRÚRGICOS|1127870|436005|SONDA FOLEY - EM COM 2 VIAS N.08, ESTERILIZADA EM BORRACHA NATURALFLEXIVEL, SILICONIZADA,COM GUIA,C/ANTI-, INCRUSTANTE, PONTA PROXIMAL ARREDONDADA COM2 ORIFICIOS CIRCULARES E LISOS, VALVULAS DE, BORRACHA COM DUPLO SEGMENTO PARA INFLAR BALAO DE FIXACAO: 12-30 CH/FR, BALAO PARA VOLUME, COM BALAO DE DE 20 A 25 ML, COM CALIBRE E CAPACIDADE DOBALAO ESTAMPADOS EM LOCAL VISIVEL., COM EMBALAGEM EM PAPEL GRAU CIRURGICO OU FILME, NUMERO DO CALIBRE ESTAMPADO EM LOCAL VISIVEL TERMOPLASTICO QUE PERMITA ABERTURA ASSEPTICACONTENDO DADOS DE IDENTIFICACAO,PRO, O PRODUTO DEVERA SER ENTREGUE COM LAUDO ANALITICO TIPO DE ESTERILIZACAO, LOTE , VALIDADE EREGISTRO NO MS.|SONDA TRATO URINÁRIO, MODELO: FOLEY , MATERIAL: BORRACHA , CALIBRE: 8 FRENCH, VIAS: 2 VIAS , CONECTOR: CONECTORES PADRÃO , VOLUME: C/ BALÃO CERCA 30 ML, TIPO PONTA: PONTA DISTAL CILÍNDRICA FECHADA , COMPONENTES: C/ ORIFÍCIOS LATERAIS , ESTERILIDADE: ESTÉRIL, DESCARTÁVEL , EMBALAGEM: EMBALAGEM INDIVIDUAL 
625|CATMAT_ALTERNATIVO|False|False|False|MATERIAIS DE USO TECNICO HOSPITALAR|INSTRUMENTOS, EQUIPAMENTOS E SUPRIMENTOS MÉDICOS  E  CIRÚRGICOS|1253557|436000|SONDA FOLEY - EM BORRACHA NATURAL, SILICONIZADA, ESTERIL, COM BALAO DE ATE, COM BALAO DE 05 ML, COM 2 VIAS, COM GUIA, CALIBRE N.10. NUMERO DO CALIBRE ESTAMPADO EM LOCAL VISIVEL., NUMERO DO CALIBRE ESTAMPADO EM LOCAL VISIVEL PRODUTO DEVERA SER ENTREGUE COM LAUDO ANALITICO QUE COMPROVE SUA ESTERILIDADE., O PRODUTO DEVERA SER ENTREGUE COM LAUDO ANALITICO ART.31 L.8078/90 PORT.CONJ.N.1 DE 23/1/96-M.SAUDE|SONDA TRATO URINÁRIO, MODELO: FOLEY , MATERIAL: SILICONE , CALIBRE: 10 FRENCH, VIAS: 2 VIAS , CONECTOR: CONECTORES PADRÃO , VOLUME: C/ BALÃO CERCA 5 ML, TIPO PONTA: PONTA DISTAL CILÍNDRICA FECHADA , COMPONENTES: C/ ORIFÍCIOS LATERAIS , ESTERILIDADE: ESTÉRIL, DESCARTÁVEL , EMBALAGEM: EMBALAGEM INDIVIDUAL 
625|CATMAT_ALTERNATIVO|False|False|False|MATERIAIS DE USO TECNICO HOSPITALAR|INSTRUMENTOS, EQUIPAMENTOS E SUPRIMENTOS MÉDICOS  E  CIRÚRGICOS|1253557|436008|SONDA FOLEY - EM BORRACHA NATURAL, SILICONIZADA, ESTERIL, COM BALAO DE ATE, COM BALAO DE 05 ML, COM 2 VIAS, COM GUIA, CALIBRE N.10. NUMERO DO CALIBRE ESTAMPADO EM LOCAL VISIVEL., NUMERO DO CALIBRE ESTAMPADO EM LOCAL VISIVEL PRODUTO DEVERA SER ENTREGUE COM LAUDO ANALITICO QUE COMPROVE SUA ESTERILIDADE., O PRODUTO DEVERA SER ENTREGUE COM LAUDO ANALITICO ART.31 L.8078/90 PORT.CONJ.N.1 DE 23/1/96-M.SAUDE|SONDA TRATO URINÁRIO, MODELO: FOLEY , MATERIAL: BORRACHA , CALIBRE: 10 FRENCH, VIAS: 2 VIAS , CONECTOR: CONECTORES PADRÃO , VOLUME: C/ BALÃO CERCA 30 ML, TIPO PONTA: PONTA DISTAL CILÍNDRICA FECHADA , COMPONENTES: C/ ORIFÍCIOS LATERAIS , ESTERILIDADE: ESTÉRIL, DESCARTÁVEL , EMBALAGEM: EMBALAGEM INDIVIDUAL 
627|OK_SEM_FLAGS|False|False|False|MATERIAIS DE USO TECNICO HOSPITALAR|INSTRUMENTOS, EQUIPAMENTOS E SUPRIMENTOS MÉDICOS  E  CIRÚRGICOS|176885|436002|SONDA FOLEY - EM BORRACHA NATURAL, SILICONIZADA, ESTERIL, COM BALAO DE ATE 30 ML, COM 2 VIAS, NUMERO DO CALIBRE ESTAMPADO EM LOCAL VISIVEL CALIBRE 14, O PRODUTO DEVERA SER ENTREGUE COM LAUDO ANALITICO QUE COMPROVE SUA ESTERILIDADE|SONDA TRATO URINÁRIO, MODELO: FOLEY , MATERIAL: BORRACHA , CALIBRE: 14 FRENCH, VIAS: 2 VIAS , CONECTOR: CONECTORES PADRÃO , VOLUME: C/ BALÃO CERCA 30 ML, TIPO PONTA: PONTA DISTAL CILÍNDRICA FECHADA , COMPONENTES: C/ ORIFÍCIOS LATERAIS , ESTERILIDADE: ESTÉRIL, DESCARTÁVEL , EMBALAGEM: EMBALAGEM INDIVIDUAL 
628|OK_SEM_FLAGS|False|False|False|MATERIAIS DE USO TECNICO HOSPITALAR|INSTRUMENTOS, EQUIPAMENTOS E SUPRIMENTOS MÉDICOS  E  CIRÚRGICOS|176907|435999|SONDA FOLEY - EM BORRACHA NATURAL, SILICONIZADA, ESTERIL, COM BALAO DE ATE 30 ML, COM 2 VIAS, NUMERO DO CALIBRE ESTAMPADO EM LOCAL VISIVEL CALIBRE 16, O PRODUTO DEVERA SER ENTREGUE COM LAUDO ANALITICO QUE COMPROVE SUA ESTERILIDADE|SONDA TRATO URINÁRIO, MODELO: FOLEY , MATERIAL: SILICONE , CALIBRE: 16 FRENCH, VIAS: 2 VIAS , CONECTOR: CONECTORES PADRÃO , VOLUME: C/ BALÃO CERCA 5 ML, TIPO PONTA: PONTA DISTAL CILÍNDRICA FECHADA , COMPONENTES: C/ ORIFÍCIOS LATERAIS , ESTERILIDADE: ESTÉRIL, DESCARTÁVEL , EMBALAGEM: EMBALAGEM INDIVIDUAL 
629|OK_SEM_FLAGS|False|False|False|MATERIAIS DE USO TECNICO HOSPITALAR|INSTRUMENTOS, EQUIPAMENTOS E SUPRIMENTOS MÉDICOS  E  CIRÚRGICOS|3936058|435999|SONDA FOLEY - EM 100 % SILICONE,SILICONIZADA,ESTERIL, CALIBRE Nº 16,CAPACIDADE ATE 30ML,COM 2 VIAS,EMBALAGEM EM PAPEL GRAU CIRURGICIO E/OU FILME TERMOPLASTICO QUE PERMITA ABERTURA ASSEPTICA,O PRODUTO DEVERA SER ENTREGUE COM LAUDO ANALITICO, TIPO DE ESTERILIZACAO.  ROTULO COM NUMERO DO LOTE, DATA FABRICACAO/VALIDADE E PROCEDENCIA.|SONDA TRATO URINÁRIO, MODELO: FOLEY , MATERIAL: SILICONE , CALIBRE: 16 FRENCH, VIAS: 2 VIAS , CONECTOR: CONECTORES PADRÃO , VOLUME: C/ BALÃO CERCA 5 ML, TIPO PONTA: PONTA DISTAL CILÍNDRICA FECHADA , COMPONENTES: C/ ORIFÍCIOS LATERAIS , ESTERILIDADE: ESTÉRIL, DESCARTÁVEL , EMBALAGEM: EMBALAGEM INDIVIDUAL 
630|OK_SEM_FLAGS|False|False|False|MATERIAIS DE USO TECNICO HOSPITALAR|INSTRUMENTOS, EQUIPAMENTOS E SUPRIMENTOS MÉDICOS  E  CIRÚRGICOS|177008|436015|SONDA FOLEY - EM BORRACHA NATURAL, SILICONIZADA, ESTERIL, COM BALAO DE ATE 30 ML, COM 3 VIAS, NUMERO DO CALIBRE ESTAMPADO EM LOCAL VISIVEL CALIBRE 16, O PRODUTO DEVERA SER ENTREGUE COM LAUDO ANALITICO QUE COMPROVE SUA ESTERILIDADE|SONDA TRATO URINÁRIO, MODELO: FOLEY , MATERIAL: BORRACHA , CALIBRE: 16 FRENCH, VIAS: 3 VIAS , CONECTOR: CONECTORES PADRÃO , VOLUME: C/ BALÃO CERCA 30 ML, TIPO PONTA: PONTA DISTAL CILÍNDRICA FECHADA , COMPONENTES: C/ ORIFÍCIOS LATERAIS , ESTERILIDADE: ESTÉRIL, DESCARTÁVEL , EMBALAGEM: EMBALAGEM INDIVIDUAL 
631|OK_SEM_FLAGS|False|False|False|MATERIAIS DE USO TECNICO HOSPITALAR|INSTRUMENTOS, EQUIPAMENTOS E SUPRIMENTOS MÉDICOS  E  CIRÚRGICOS|176923|436003|SONDA FOLEY - EM BORRACHA NATURAL, FLEXIVEL, SILICONIZADA, COM ANTI-INCRUSTANTE, PONTA PROXIMALARREDONDADA COM 2 ORIFICIOS CIRCULARES E LISOS, ESTERIL, VALVULA DE BORRACHA DE DUPLO SEGMENTO PARA INFLAR O BALAO DE FIXACAO: 12-30 CH/FR, COM BALAO DE 20 A 25ML, ESTA INFORMACAO ESTAMPADA DE FORMA VISIVEL, COM 2 VIAS, NUMERO DO CALIBRE ESTAMPADO EM LOCAL VISIVEL CALIBRE 18, O PRODUTO DEVERA SER ENTREGUE COM LAUDO ANALITICO QUE COMPROVE SUA ESTERILIDADE, COM DADOS DE IDENTIFICACAO,PROCEDENCIA,LOTE,VAL E REGISTRO NO MS|SONDA TRATO URINÁRIO, MODELO: FOLEY , MATERIAL: BORRACHA , CALIBRE: 18 FRENCH, VIAS: 2 VIAS , CONECTOR: CONECTORES PADRÃO , VOLUME: C/ BALÃO CERCA 30 ML, TIPO PONTA: PONTA DISTAL CILÍNDRICA FECHADA , COMPONENTES: C/ ORIFÍCIOS LATERAIS , ESTERILIDADE: ESTÉRIL, DESCARTÁVEL , EMBALAGEM: EMBALAGEM INDIVIDUAL 
632|OK_SEM_FLAGS|False|False|False|MATERIAIS DE USO TECNICO HOSPITALAR|INSTRUMENTOS, EQUIPAMENTOS E SUPRIMENTOS MÉDICOS  E  CIRÚRGICOS|177024|436012|SONDA FOLEY - EM BORRACHA NATURAL, SILICONIZADA, ESTERIL, COM BALAO DE ATE 30 ML, COM 3 VIAS, NUMERO DO CALIBRE ESTAMPADO EM LOCAL VISIVEL CALIBRE 18, O PRODUTO DEVERA SER ENTREGUE COM LAUDO ANALITICO QUE COMPROVE SUA ESTERILIDADE|SONDA TRATO URINÁRIO, MODELO: FOLEY , MATERIAL: BORRACHA , CALIBRE: 18 FRENCH, VIAS: 3 VIAS , CONECTOR: CONECTORES PADRÃO , VOLUME: C/ BALÃO CERCA 30 ML, TIPO PONTA: PONTA DISTAL CILÍNDRICA FECHADA , COMPONENTES: C/ ORIFÍCIOS LATERAIS , ESTERILIDADE: ESTÉRIL, DESCARTÁVEL , EMBALAGEM: EMBALAGEM INDIVIDUAL 
633|OK_SEM_FLAGS|False|False|False|MATERIAIS DE USO TECNICO HOSPITALAR|INSTRUMENTOS, EQUIPAMENTOS E SUPRIMENTOS MÉDICOS  E  CIRÚRGICOS|176931|436010|SONDA FOLEY - EM BORRACHA NATURAL, SILICONIZADA, ESTERIL, COM BALAO DE ATE 30 ML, COM 2 VIAS, NUMERO DO CALIBRE ESTAMPADO EM LOCAL VISIVEL CALIBRE 20, O PRODUTO DEVERA SER ENTREGUE COM LAUDO ANALITICO QUE COMPROVE SUA ESTERILIDADE|SONDA TRATO URINÁRIO, MODELO: FOLEY , MATERIAL: BORRACHA , CALIBRE: 20 FRENCH, VIAS: 2 VIAS , CONECTOR: CONECTORES PADRÃO , VOLUME: C/ BALÃO CERCA 30 ML, TIPO PONTA: PONTA DISTAL CILÍNDRICA FECHADA , COMPONENTES: C/ ORIFÍCIOS LATERAIS , ESTERILIDADE: ESTÉRIL, DESCARTÁVEL , EMBALAGEM: EMBALAGEM INDIVIDUAL 
635|OK_SEM_FLAGS|False|False|False|MATERIAIS DE USO TECNICO HOSPITALAR|INSTRUMENTOS, EQUIPAMENTOS E SUPRIMENTOS MÉDICOS  E  CIRÚRGICOS|176940|436004|SONDA FOLEY - EM BORRACHA NATURAL, SILICONIZADA, ESTERIL, COM BALAO DE ATE 30 ML, COM 2 VIAS, NUMERO DO CALIBRE ESTAMPADO EM LOCAL VISIVEL CALIBRE 22, O PRODUTO DEVERA SER ENTREGUE COM LAUDO ANALITICO QUE COMPROVE SUA ESTERILIDADE|SONDA TRATO URINÁRIO, MODELO: FOLEY , MATERIAL: BORRACHA , CALIBRE: 22 FRENCH, VIAS: 2 VIAS , CONECTOR: CONECTORES PADRÃO , VOLUME: C/ BALÃO CERCA 30 ML, TIPO PONTA: PONTA DISTAL CILÍNDRICA FECHADA , COMPONENTES: C/ ORIFÍCIOS LATERAIS , ESTERILIDADE: ESTÉRIL, DESCARTÁVEL , EMBALAGEM: EMBALAGEM INDIVIDUAL 
636|OK_SEM_FLAGS|False|False|False|MATERIAIS DE USO TECNICO HOSPITALAR|INSTRUMENTOS, EQUIPAMENTOS E SUPRIMENTOS MÉDICOS  E  CIRÚRGICOS|1224891|436013|SONDA FOLEY - EM COM 3 VIAS N.22, ESTERILIZADA EM BORRACHANATURAL, FLEXIVEL,SILICONIZADA, COM ANTI-, INCRUSTANTE, PONTA PROXIMAL ARREDONDADA COMDOIS ORIFICIOS CIRCULARES E LISOS,VALVULAS, DE BORRACHA COM DUPLO SEGMENTO PARA INFLARBALAO DE FIXACAO: 12-30 CH/FR, BALAO PARA, COM BALAO DE VULOME DE 20 A 25 ML, COM CALIBRE E CAPACIDADEDO BALAO ESTAMPADOS EM LOCAL VISIVEL., COM EMBALAGEM EM PAPEL GRAU CIRURGICO OU FILME, NUMERO DO CALIBRE ESTAMPADO EM LOCAL VISIVEL TERMOPLASTICO QUE PERMITA ABERTURA ASSEPTICACONTENDO DADOS DE IDENTIFICACAO, PR, O PRODUTO DEVERA SER ENTREGUE COM LAUDO ANALITICO TIPO DE ESTERILIZACAO, LOTE,VALIDADE E REGISTRO NO MS.|SONDA TRATO URINÁRIO, MODELO: FOLEY , MATERIAL: BORRACHA , CALIBRE: 22 FRENCH, VIAS: 3 VIAS , CONECTOR: CONECTORES PADRÃO , VOLUME: C/ BALÃO CERCA 30 ML, TIPO PONTA: PONTA DISTAL CILÍNDRICA FECHADA , COMPONENTES: C/ ORIFÍCIOS LATERAIS , ESTERILIDADE: ESTÉRIL, DESCARTÁVEL , EMBALAGEM: EMBALAGEM INDIVIDUAL 
637|OK_SEM_FLAGS|False|False|False|MATERIAIS DE USO TECNICO HOSPITALAR|INSTRUMENTOS, EQUIPAMENTOS E SUPRIMENTOS MÉDICOS  E  CIRÚRGICOS|176958|436006|SONDA FOLEY - EM BORRACHA NATURAL, SILICONIZADA, ESTERIL, COM BALAO DE ATE 30 ML, COM 2 VIAS, NUMERO DO CALIBRE ESTAMPADO EM LOCAL VISIVEL CALIBRE 24, O PRODUTO DEVERA SER ENTREGUE COM LAUDO ANALITICO QUE COMPROVE SUA ESTERILIDADE|SONDA TRATO URINÁRIO, MODELO: FOLEY , MATERIAL: BORRACHA , CALIBRE: 24 FRENCH, VIAS: 2 VIAS , CONECTOR: CONECTORES PADRÃO , VOLUME: C/ BALÃO CERCA 30 ML, TIPO PONTA: PONTA DISTAL CILÍNDRICA FECHADA , COMPONENTES: C/ ORIFÍCIOS LATERAIS , ESTERILIDADE: ESTÉRIL, DESCARTÁVEL , EMBALAGEM: EMBALAGEM INDIVIDUAL 
639|OK_SEM_FLAGS|False|False|False|MATERIAIS DE USO TECNICO HOSPITALAR|INSTRUMENTOS, EQUIPAMENTOS E SUPRIMENTOS MÉDICOS  E  CIRÚRGICOS|1566601|452538|SONDA URETRAL - N. 4, COM 25CM DE COMPRIMENTO, EM PVC MALEAVEL, TRANSPARENTE, ATRAUMATICA, SILICONIZADO, COM ORIFICIO UNICO DISTAL, EMBALAGEM EM PAPEL GRAU CIRURGICO OU FILME TERMOPLASTICO CONTENDO AS INFORMACOES NECESSARIAS|SONDA TRATO URINÁRIO, MODELO: URETRAL , MATERIAL: PVC , CALIBRE: 4 FRENCH, CONECTOR: CONECTOR PADRÃO C/ TAMPA , COMPRIMENTO: CERCA 20 CM, TIPO PONTA: PONTA DISTAL CILÍNDRICA FECHADA , COMPONENTES: C/ ORIFÍCIOS LATERAIS , ESTERILIDADE: ESTÉRIL, DESCARTÁVEL , EMBALAGEM: EMBALAGEM INDIVIDUAL 
640|OK_SEM_FLAGS|False|False|False|MATERIAIS DE USO TECNICO HOSPITALAR|INSTRUMENTOS, EQUIPAMENTOS E SUPRIMENTOS MÉDICOS  E  CIRÚRGICOS|1566610|436228|SONDA URETRAL - N. 6, COM 25CM DE COMPRIMENTO, EM PVC MALEAVEL, TRANSPARENTE, ATRAUMATICA, SILICONIZADO, COM ORIFICIO UNICO DISTAL, EMBALAGEM EM PAPEL GRAU CIRURGICO OU FILME TERMOPLASTICO CONTENDO AS INFORMACOES NECESSARIAS|SONDA TRATO URINÁRIO, MODELO: URETRAL , MATERIAL: PVC , CALIBRE: 6 FRENCH, CONECTOR: CONECTOR PADRÃO C/ TAMPA , COMPRIMENTO: CERCA 20 CM, TIPO PONTA: PONTA DISTAL CILÍNDRICA FECHADA , COMPONENTES: C/ ORIFÍCIOS LATERAIS , ESTERILIDADE: ESTÉRIL, DESCARTÁVEL , EMBALAGEM: EMBALAGEM INDIVIDUAL 
641|OK_SEM_FLAGS|False|False|False|MATERIAIS DE USO TECNICO HOSPITALAR|INSTRUMENTOS, EQUIPAMENTOS E SUPRIMENTOS MÉDICOS  E  CIRÚRGICOS|1566628|436229|SONDA URETRAL - N. 8, COM 25CM DE COMPRIMENTO, EM PVC MALEAVEL, TRANSPARENTE, ATRAUMATICA, SILICONIZADO, COM ORIFICIO UNICO DISTAL, EMBALAGEM EM PAPEL GRAU CIRURGICO OU FILME TERMOPLASTICO CONTENDO AS INFORMACOES NECESSARIAS|SONDA TRATO URINÁRIO, MODELO: URETRAL , MATERIAL: PVC , CALIBRE: 8 FRENCH, CONECTOR: CONECTOR PADRÃO C/ TAMPA , COMPRIMENTO: CERCA 20 CM, TIPO PONTA: PONTA DISTAL CILÍNDRICA FECHADA , COMPONENTES: C/ ORIFÍCIOS LATERAIS , ESTERILIDADE: ESTÉRIL, DESCARTÁVEL , EMBALAGEM: EMBALAGEM INDIVIDUAL 
642|OK_SEM_FLAGS|False|False|False|MATERIAIS DE USO TECNICO HOSPITALAR|INSTRUMENTOS, EQUIPAMENTOS E SUPRIMENTOS MÉDICOS  E  CIRÚRGICOS|1566636|436230|SONDA URETRAL - N.10, COM 25CM DE COMPRIMENTO, EM PVC MALEAVEL, TRANSPARENTE, ATRAUMATICA, SILICONIZADO, COM ORIFICIO UNICO DISTAL, EMBALAGEM EM PAPEL GRAU CIRURGICO OU FILME TERMOPLASTICO CONTENDO AS INFORMACOES NECESSARIAS|SONDA TRATO URINÁRIO, MODELO: URETRAL , MATERIAL: PVC , CALIBRE: 10 FRENCH, CONECTOR: CONECTOR PADRÃO C/ TAMPA , COMPRIMENTO: CERCA 20 CM, TIPO PONTA: PONTA DISTAL CILÍNDRICA FECHADA , COMPONENTES: C/ ORIFÍCIOS LATERAIS , ESTERILIDADE: ESTÉRIL, DESCARTÁVEL , EMBALAGEM: EMBALAGEM INDIVIDUAL 
644|OK_SEM_FLAGS|False|False|False|MATERIAIS DE USO TECNICO HOSPITALAR|INSTRUMENTOS, EQUIPAMENTOS E SUPRIMENTOS MÉDICOS  E  CIRÚRGICOS|1566652|435982|SONDA URETRAL - N.14, COM 25CM DE COMPRIMENTO, EM PVC MALEAVEL, TRANSPARENTE, ATRAUMATICA, SILICONIZADO, COM ORIFICIO UNICO DISTAL, EMBALAGEM EM PAPEL GRAU CIRURGICO OU FILME TERMOPLASTICO CONTENDO AS INFORMACOES NECESSARIAS|SONDA TRATO URINÁRIO, MODELO: URETRAL , MATERIAL: PVC , CALIBRE: 14 FRENCH, CONECTOR: CONECTOR PADRÃO C/ TAMPA , COMPRIMENTO: CERCA 40 CM, TIPO PONTA: PONTA DISTAL CILÍNDRICA FECHADA , COMPONENTES: C/ ORIFÍCIOS LATERAIS , ESTERILIDADE: ESTÉRIL, DESCARTÁVEL , EMBALAGEM: EMBALAGEM INDIVIDUAL 
645|OK_SEM_FLAGS|False|False|False|MATERIAIS DE USO TECNICO HOSPITALAR|INSTRUMENTOS, EQUIPAMENTOS E SUPRIMENTOS MÉDICOS  E  CIRÚRGICOS|1566660|435985|SONDA URETRAL - N.16, COM 25CM DE COMPRIMENTO, EM PVC MALEAVEL, TRANSPARENTE, ATRAUMATICA, SILICONIZADO, COM ORIFICIO UNICO DISTAL, EMBALAGEM EM PAPEL GRAU CIRURGICO OU FILME TERMOPLASTICO CONTENDO AS INFORMACOES NECESSARIAS|SONDA TRATO URINÁRIO, MODELO: URETRAL , MATERIAL: PVC , CALIBRE: 16 FRENCH, CONECTOR: CONECTOR PADRÃO C/ TAMPA , COMPRIMENTO: CERCA 40 CM, TIPO PONTA: PONTA DISTAL CILÍNDRICA FECHADA , COMPONENTES: C/ ORIFÍCIOS LATERAIS , ESTERILIDADE: ESTÉRIL, DESCARTÁVEL , EMBALAGEM: EMBALAGEM INDIVIDUAL 
646|OK_SEM_FLAGS|False|False|False|MATERIAIS DE USO TECNICO HOSPITALAR|INSTRUMENTOS, EQUIPAMENTOS E SUPRIMENTOS MÉDICOS  E  CIRÚRGICOS|1566679|435983|SONDA URETRAL - N.18, COM 25CM DE COMPRIMENTO, EM PVC MALEAVEL, TRANSPARENTE, ATRAUMATICA, SILICONIZADO, COM ORIFICIO UNICO DISTAL, EMBALAGEM EM PAPEL GRAU CIRURGICO OU FILME TERMOPLASTICO CONTENDO AS INFORMACOES NECESSARIAS|SONDA TRATO URINÁRIO, MODELO: URETRAL , MATERIAL: PVC , CALIBRE: 18 FRENCH, CONECTOR: CONECTOR PADRÃO C/ TAMPA , COMPRIMENTO: CERCA 40 CM, TIPO PONTA: PONTA DISTAL CILÍNDRICA FECHADA , COMPONENTES: C/ ORIFÍCIOS LATERAIS , ESTERILIDADE: ESTÉRIL, DESCARTÁVEL , EMBALAGEM: EMBALAGEM INDIVIDUAL 
647|OK_SEM_FLAGS|False|False|False|MATERIAIS DE USO TECNICO HOSPITALAR|INSTRUMENTOS, EQUIPAMENTOS E SUPRIMENTOS MÉDICOS  E  CIRÚRGICOS|1929062|437444|SONDA URETRAL - N. 20 , ESTERIL, EM MATERIAL SILICONIZADO,MALEAVEL, UNICO ORIFICO DISTAL TERMINAL,, CONEXAO UNIVERSAL, TRANSPARENTE INCOLOR., EMBALAGEM EM PAPEL GRAU CIRURGICO OU FILMETERMOPLASTICO QUE PERMITA ABERTURA ASSEPTICA,, CONTENDO DADOS DE IDENTIFICACAO, PROCEDENCIA,TIPO DE ESTERILIZACAO,LOTE,VAL. E REG.NO MS.|SONDA TRATO URINÁRIO, MODELO: URETRAL , MATERIAL: SILICONE , CALIBRE: 20 FRENCH, CONECTOR: CONECTOR PADRÃO , COMPRIMENTO: CERCA 40 CM, TIPO PONTA: PONTA DISTAL CILÍNDRICA C/ ORIFÍCIO , ESTERILIDADE: ESTÉRIL, DESCARTÁVEL , EMBALAGEM: EMBALAGEM INDIVIDUAL 
648|OK_SEM_FLAGS|False|False|False|MATERIAIS DE USO TECNICO HOSPITALAR|INSTRUMENTOS, EQUIPAMENTOS E SUPRIMENTOS MÉDICOS  E  CIRÚRGICOS|1566539|616982|SONDA RETAL - EM PLASTICO TRANSPARENTE, FLEXIVEL, N.20CH, EM PAPEL GRAU CIRURGICO OU FILME TERMOPLASTICO, CONTENDO TODAS AS INFORMACOES NECESSARIAS, SONDA COM ORIFICIO UNICO NA EXTREMIDADE DISTAL|SONDA TRATO DIGESTIVO, APLICAÇÃO: RETAL , MODELO: P/ INCONTINÊNCIA FECAL , MATERIAL: POLÍMERO , TAMANHO: TAMANHO ADULTO , COMPONENTES: SISTEMA FIXAÇÃO EXPANSÍVEL INTRA ANAL , OUTROS COMPONENTES: PONTA PROXIMAL C/ CONECTOR , ADICIONAIS: BOLSA COLETORA CERCA 1 L , ESTERILIDADE: DESCARTÁVEL 
649|OK_SEM_FLAGS|False|False|False|MATERIAIS DE USO TECNICO HOSPITALAR|INSTRUMENTOS, EQUIPAMENTOS E SUPRIMENTOS MÉDICOS  E  CIRÚRGICOS|1566580|616982|SONDA RETAL - EM PLASTICO TRANSPARENTE, FLEXIVEL, N.30CH, EM PAPEL GRAU CIRURGICO OU FILME TERMOPLASTICO, CONTENDO TODAS AS INFORMACOES NECESSARIAS, SONDA COM ORIFICIO UNICO NA EXTREMIDADE DISTAL|SONDA TRATO DIGESTIVO, APLICAÇÃO: RETAL , MODELO: P/ INCONTINÊNCIA FECAL , MATERIAL: POLÍMERO , TAMANHO: TAMANHO ADULTO , COMPONENTES: SISTEMA FIXAÇÃO EXPANSÍVEL INTRA ANAL , OUTROS COMPONENTES: PONTA PROXIMAL C/ CONECTOR , ADICIONAIS: BOLSA COLETORA CERCA 1 L , ESTERILIDADE: DESCARTÁVEL 
650|OK_SEM_FLAGS|False|False|False|MATERIAIS DE USO TECNICO HOSPITALAR|INSTRUMENTOS, EQUIPAMENTOS E SUPRIMENTOS MÉDICOS  E  CIRÚRGICOS|1566105|435897|SONDA NASOENTERAL - INFANTIL, N. 06, DE POLIURETANO, BIO-COMPATIVEL, MACIA E FLEXIVEL,RADIOPACA, PONTA COM TUNGSTENIO, MARCAS DE MEDIDA, DUAS ABERTURAS OPOSTAS A OGIVA, MANDRIL EM ACO INOX CROMO NIQUEL, CONECTOR UNIVERSAL E ADAPTADOR, INDIVIDUAL EM PAPEL GRAU CIRURGICO OU FILME TERMOPLASTICO CONTENDO TODAS AS INFORMACOES NECESSARIAS, COM 60CM DE COMPRIMENTO, ESTERIL E DISPOSITIVO NAEXTREMIDADE PARA PROGRESSAO DA SONDA|SONDA TRATO DIGESTIVO, APLICAÇÃO: NASOENTERAL , MATERIAL: POLIURETANO , CALIBRE: Nº 6 , COMPRIMENTO: CERCA 60 CM, CONECTOR: CONECTOR EM Y C/ TAMPA , GRADUAÇÃO: GRADUADA , COMPONENTES: PONTA DISTAL FECHADA, C/ ORIFÍCIOS LATERAIS , OUTROS COMPONENTES: C/ FIO GUIA, PESO METÁLICO , ADICIONAIS: RADIOPACA , ESTERILIDADE: ESTÉRIL, DESCARTÁVEL , EMBALAGEM: EMBALAGEM INDIVIDUAL 
651|OK_SEM_FLAGS|False|False|False|MATERIAIS DE USO TECNICO HOSPITALAR|INSTRUMENTOS, EQUIPAMENTOS E SUPRIMENTOS MÉDICOS  E  CIRÚRGICOS|1566113|435899|SONDA NASOENTERAL - INFANTIL, N. 08, DE POLIURETANO, BIO-COMPATIVEL, MACIA E FLEXIVEL,RADIOPACA, PONTA COM TUNGSTENIO, MARCAS DE MEDIDA, DUAS ABERTURAS OPOSTAS A OGIVA, MANDRIL EM ACO INOX CROMO NIQUEL, CONECTOR UNIVERSAL E ADAPTADOR, INDIVIDUAL EM PAPEL GRAU CIRURGICO OU FILME TERMOPLASTICO CONTENDO TODAS AS INFORMACOES NECESSARIAS, COM 60CM DE COMPRIMENTO, ESTERIL E DISPOSITIVO NAEXTREMIDADE PARA PROGRESSAO DA SONDA|SONDA TRATO DIGESTIVO, APLICAÇÃO: NASOENTERAL , MATERIAL: POLIURETANO , CALIBRE: Nº 8 , COMPRIMENTO: CERCA 100 CM, CONECTOR: CONECTOR EM Y C/ TAMPA , GRADUAÇÃO: GRADUADA , COMPONENTES: PONTA DISTAL FECHADA, C/ ORIFÍCIOS LATERAIS , OUTROS COMPONENTES: C/ FIO GUIA, PESO METÁLICO , ADICIONAIS: RADIOPACA , ESTERILIDADE: ESTÉRIL, DESCARTÁVEL , EMBALAGEM: EMBALAGEM INDIVIDUAL 
652|OK_SEM_FLAGS|False|False|False|MATERIAIS DE USO TECNICO HOSPITALAR|INSTRUMENTOS, EQUIPAMENTOS E SUPRIMENTOS MÉDICOS  E  CIRÚRGICOS|1566121|435901|SONDA NASOENTERAL - ADULTO, N. 10, DE POLIURETANO, BIO-COMPATIVEL, MACIA E FLEXIVEL,RADIOPACA, PONTA COM TUNGSTENIO, MARCAS DE MEDIDA, DUAS ABERTURAS OPOSTAS A OGIVA, MANDRIL EM ACO INOX CROMO NIQUEL, CONECTOR UNIVERSAL E ADAPTADOR, INDIVIDUAL EM PAPEL GRAU CIRURGICO OU FILME TERMOPLASTICO CONTENDO TODAS AS INFORMACOES NECESSARIAS, 1,20M DE COMPRIMENTO, ESTERIL E DISPOSITIVO NA EXTREMIDADE PARA PROGRESSAO DA SONDA|SONDA TRATO DIGESTIVO, APLICAÇÃO: NASOENTERAL , MATERIAL: POLIURETANO , CALIBRE: Nº 10 , COMPRIMENTO: CERCA 120 CM, CONECTOR: CONECTOR EM Y C/ TAMPA , GRADUAÇÃO: GRADUADA , COMPONENTES: PONTA DISTAL FECHADA, C/ ORIFÍCIOS LATERAIS , OUTROS COMPONENTES: C/ FIO GUIA, PESO METÁLICO , ADICIONAIS: RADIOPACA , ESTERILIDADE: ESTÉRIL, DESCARTÁVEL , EMBALAGEM: EMBALAGEM INDIVIDUAL 
653|OK_SEM_FLAGS|False|False|False|MATERIAIS DE USO TECNICO HOSPITALAR|INSTRUMENTOS, EQUIPAMENTOS E SUPRIMENTOS MÉDICOS  E  CIRÚRGICOS|1566130|435902|SONDA NASOENTERAL - ADULTO, N. 12, DE POLIURETANO, BIO-COMPATIVEL, MACIA E FLEXIVEL,RADIOPACA, PONTA COM TUNGSTENIO, MARCAS DE MEDIDA, DUAS ABERTURAS OPOSTAS A OGIVA, MANDRIL EM ACO INOX CROMO NIQUEL, CONECTOR UNIVERSAL E ADAPTADOR, INDIVIDUAL EM PAPEL GRAU CIRURGICO OU FILME TERMOPLASTICO CONTENDO TODAS AS INFORMACOES NECESSARIAS, 1,20M DE COMPRIMENTO, ESTERIL E DISPOSITIVO NAEXTREMIDADE PARA PROGRESSAO DA SONDA|SONDA TRATO DIGESTIVO, APLICAÇÃO: NASOENTERAL , MATERIAL: POLIURETANO , CALIBRE: Nº 12 , COMPRIMENTO: CERCA 120 CM, CONECTOR: CONECTOR EM Y C/ TAMPA , GRADUAÇÃO: GRADUADA , COMPONENTES: PONTA DISTAL FECHADA, C/ ORIFÍCIOS LATERAIS , OUTROS COMPONENTES: C/ FIO GUIA, PESO METÁLICO , ADICIONAIS: RADIOPACA , ESTERILIDADE: ESTÉRIL, DESCARTÁVEL , EMBALAGEM: EMBALAGEM INDIVIDUAL 
654|OK_SEM_FLAGS|False|False|False|MATERIAIS DE USO TECNICO HOSPITALAR|INSTRUMENTOS, EQUIPAMENTOS E SUPRIMENTOS MÉDICOS  E  CIRÚRGICOS|1925156|435905|SONDA NASOGASTRICA - CURTA, DESCARTAVEL ESTERILIZADA, N.4, EM PVC, FLEXIVEL, TRANSPARENTE, ATRAUMATICA, COM BATOQUE, TAMANHO MINIMO DE 40CM, EXTREMO DISTAL FECHADO COM ORIFICIO LATERAL ATE 1/3 MEDIO, EM PAPEL GRAU CIRURGICO OU FILME TERMOPLASTICO CONTENDO TODAS AS INFORMACOES NECESSARIAS.|SONDA TRATO DIGESTIVO, APLICAÇÃO: ORO OU NASOGÁSTRICA , MODELO: LEVINE , MATERIAL: PVC , CALIBRE: Nº 4 , TAMANHO: CURTA , COMPRIMENTO: CERCA 50 CM, CONECTOR: CONECTOR PADRÃO C/ TAMPA , COMPONENTES: PONTA DISTAL FECHADA, C/ ORIFÍCIOS LATERAIS , ESTERILIDADE: ESTÉRIL, DESCARTÁVEL , EMBALAGEM: EMBALAGEM INDIVIDUAL 
655|OK_SEM_FLAGS|False|False|False|MATERIAIS DE USO TECNICO HOSPITALAR|INSTRUMENTOS, EQUIPAMENTOS E SUPRIMENTOS MÉDICOS  E  CIRÚRGICOS|1566172|438401|SONDA NASOGASTRICA - LONGA, DESCARTAVEL ESTERILIZADA, N.4, EM PVC, FLEXIVEL, TRANSPARENTE, ATRAUMATICA, COM BATOQUE, TAMANHO MINIMO DE 100CM, EXTREMO DISTAL FECHADO COM ORIFICIO LATERAL ATE 1/3 MEDIO, EM PAPEL GRAU CIRURGICO OU FILME TERMOPLASTICO CONTENDO TODAS AS INFORMACOES NECESSARIAS|SONDA TRATO DIGESTIVO, APLICAÇÃO: ORO OU NASOGÁSTRICA , MODELO: LEVINE , MATERIAL: PVC , CALIBRE: Nº 4 , TAMANHO: LONGA , COMPRIMENTO: CERCA 120 CM, CONECTOR: CONECTOR PADRÃO C/ TAMPA , COMPONENTES: PONTA DISTAL FECHADA, C/ ORIFÍCIOS LATERAIS , ESTERILIDADE: ESTÉRIL, DESCARTÁVEL , EMBALAGEM: EMBALAGEM INDIVIDUAL 
656|OK_SEM_FLAGS|False|False|False|MATERIAIS DE USO TECNICO HOSPITALAR|INSTRUMENTOS, EQUIPAMENTOS E SUPRIMENTOS MÉDICOS  E  CIRÚRGICOS|1566180|435903|SONDA NASOGASTRICA - CURTA, DESCARTAVEL ESTERILIZADA, N.6, EM PVC, FLEXIVEL, TRANSPARENTE, ATRAUMATICA, COM BATOQUE, TAMANHO MINIMO DE 100CM, EXTREMO DISTAL FECHADO COM ORIFICIO LATERAL ATE 1/3 MEDIO, EM PAPEL GRAU CIRURGICO OU FILME TERMOPLASTICO CONTENDO TODAS AS INFORMACOES NECESSARIAS|SONDA TRATO DIGESTIVO, APLICAÇÃO: ORO OU NASOGÁSTRICA , MODELO: LEVINE , MATERIAL: PVC , CALIBRE: Nº 6 , TAMANHO: CURTA , COMPRIMENTO: CERCA 50 CM, CONECTOR: CONECTOR PADRÃO C/ TAMPA , COMPONENTES: PONTA DISTAL FECHADA, C/ ORIFÍCIOS LATERAIS , ESTERILIDADE: ESTÉRIL, DESCARTÁVEL , EMBALAGEM: EMBALAGEM INDIVIDUAL 
657|OK_SEM_FLAGS|False|False|False|MATERIAIS DE USO TECNICO HOSPITALAR|INSTRUMENTOS, EQUIPAMENTOS E SUPRIMENTOS MÉDICOS  E  CIRÚRGICOS|1566199|437216|SONDA NASOGASTRICA - LONGA, DESCARTAVEL ESTERILIZADA, N.6, EM PVC, FLEXIVEL, TRANSPARENTE, ATRAUMATICA, COM BATOQUE, TAMANHO MINIMO DE 100CM, EXTREMO DISTAL FECHADO COM ORIFICIO LATERAL ATE 1/3 MEDIO, EM PAPEL GRAU CIRURGICO OU FILME TERMOPLASTICO CONTENDO TODAS AS INFORMACOES NECESSARIAS|SONDA TRATO DIGESTIVO, APLICAÇÃO: ORO OU NASOGÁSTRICA , MODELO: LEVINE , MATERIAL: PVC , CALIBRE: Nº 6 , TAMANHO: LONGA , COMPRIMENTO: CERCA 120 CM, CONECTOR: CONECTOR PADRÃO C/ TAMPA , COMPONENTES: PONTA DISTAL FECHADA, C/ ORIFÍCIOS LATERAIS , ESTERILIDADE: ESTÉRIL, DESCARTÁVEL , EMBALAGEM: EMBALAGEM INDIVIDUAL 
658|OK_SEM_FLAGS|False|False|False|MATERIAIS DE USO TECNICO HOSPITALAR|INSTRUMENTOS, EQUIPAMENTOS E SUPRIMENTOS MÉDICOS  E  CIRÚRGICOS|1608762|435904|SONDA NASOGASTRICA - CURTA, DESCARTAVEL, ESTERILIZADA, N.8, EM PVC, FLEXIVEL, TRANSPARENTE, ATRAUMATICA,, COM BATOQUE, TAMANHO MINIMO DE 40CM. EXTREMO DISTAL FECHADO C/ORIFICIO LATERAL ATE 1/3MEDIO., EM PAPEL GRAU CIRURGICO OU FILME TERMOPLASTICO CONTENDO TODAS AS INFORMACOES NECESSARIAS.|SONDA TRATO DIGESTIVO, APLICAÇÃO: ORO OU NASOGÁSTRICA , MODELO: LEVINE , MATERIAL: PVC , CALIBRE: Nº 8 , TAMANHO: CURTA , COMPRIMENTO: CERCA 50 CM, CONECTOR: CONECTOR PADRÃO C/ TAMPA , COMPONENTES: PONTA DISTAL FECHADA, C/ ORIFÍCIOS LATERAIS , ESTERILIDADE: ESTÉRIL, DESCARTÁVEL , EMBALAGEM: EMBALAGEM INDIVIDUAL 
660|OK_SEM_FLAGS|False|False|False|MATERIAIS DE USO TECNICO HOSPITALAR|INSTRUMENTOS, EQUIPAMENTOS E SUPRIMENTOS MÉDICOS  E  CIRÚRGICOS|1566229|438396|SONDA NASOGASTRICA - CURTA, DESCARTAVEL ESTERILIZADA, N.10, EM PVC, FLEXIVEL, TRANSPARENTE, ATRAUMATICA, COM BATOQUE, TAMANHO MINIMO DE 100CM, EXTREMO DISTAL FECHADO COM ORIFICIO LATERAL ATE 1/3 MEDIO, EM PAPEL GRAU CIRURGICO OU FILME TERMOPLASTICO CONTENDO TODAS AS INFORMACOES NECESSARIAS|SONDA TRATO DIGESTIVO, APLICAÇÃO: ORO OU NASOGÁSTRICA , MODELO: LEVINE , MATERIAL: PVC , CALIBRE: Nº 10 , TAMANHO: CURTA , COMPRIMENTO: CERCA 50 CM, CONECTOR: CONECTOR PADRÃO C/ TAMPA , COMPONENTES: PONTA DISTAL FECHADA, C/ ORIFÍCIOS LATERAIS , ESTERILIDADE: ESTÉRIL, DESCARTÁVEL , EMBALAGEM: EMBALAGEM INDIVIDUAL 
662|OK_SEM_FLAGS|False|False|False|MATERIAIS DE USO TECNICO HOSPITALAR|INSTRUMENTOS, EQUIPAMENTOS E SUPRIMENTOS MÉDICOS  E  CIRÚRGICOS|1566245|435907|SONDA NASOGASTRICA - LONGA, DESCARTAVEL ESTERILIZADA, N.12, EM PVC, FLEXIVEL, TRANSPARENTE, ATRAUMATICA, COM BATOQUE, TAMANHO MINIMO DE 100CM, EXTREMO DISTAL FECHADO COM ORIFICIO LATERAL ATE 1/3 MEDIO, EM PAPEL GRAU CIRURGICO OU FILME TERMOPLASTICO CONTENDO TODAS AS INFORMACOES NECESSARIAS|SONDA TRATO DIGESTIVO, APLICAÇÃO: ORO OU NASOGÁSTRICA , MODELO: LEVINE , MATERIAL: PVC , CALIBRE: Nº 12 , TAMANHO: LONGA , COMPRIMENTO: CERCA 120 CM, CONECTOR: CONECTOR PADRÃO C/ TAMPA , COMPONENTES: PONTA DISTAL FECHADA, C/ ORIFÍCIOS LATERAIS , ESTERILIDADE: ESTÉRIL, DESCARTÁVEL , EMBALAGEM: EMBALAGEM INDIVIDUAL 
663|OK_SEM_FLAGS|False|False|False|MATERIAIS DE USO TECNICO HOSPITALAR|INSTRUMENTOS, EQUIPAMENTOS E SUPRIMENTOS MÉDICOS  E  CIRÚRGICOS|1676903|438398|SONDA NASOGASTRICA - CURTA, DESCARTAVEL ESTERILIZADA, N.14, EM PVC, FLEXIVEL, TRANSPARENTE, ATRAUMATICA, COM BATOQUE, TAMANHO MINIMO DE 100CM, EXTREMO DISTAL FECHADO COM ORIFICIO LATERAL ATE 1/3 MEDIO, EM PAPEL GRAU CIRURGICO OU FILME TERMOPLASTICO CONTENDO TODAS AS INFORMACOES NECESSARIAS|SONDA TRATO DIGESTIVO, APLICAÇÃO: ORO OU NASOGÁSTRICA , MODELO: LEVINE , MATERIAL: PVC , CALIBRE: Nº 14 , TAMANHO: CURTA , COMPRIMENTO: CERCA 50 CM, CONECTOR: CONECTOR PADRÃO C/ TAMPA , COMPONENTES: PONTA DISTAL FECHADA, C/ ORIFÍCIOS LATERAIS , ESTERILIDADE: ESTÉRIL, DESCARTÁVEL , EMBALAGEM: EMBALAGEM INDIVIDUAL 
664|OK_SEM_FLAGS|False|False|False|MATERIAIS DE USO TECNICO HOSPITALAR|INSTRUMENTOS, EQUIPAMENTOS E SUPRIMENTOS MÉDICOS  E  CIRÚRGICOS|1566253|435908|SONDA NASOGASTRICA - LONGA, DESCARTAVEL ESTERILIZADA, N.14, EM PVC, FLEXIVEL, TRANSPARENTE, ATRAUMATICA, COM BATOQUE, TAMANHO MINIMO DE 100CM, EXTREMO DISTAL FECHADO COM ORIFICIO LATERAL ATE 1/3 MEDIO, EM PAPEL GRAU CIRURGICO OU FILME TERMOPLASTICO CONTENDO TODAS AS INFORMACOES NECESSARIAS|SONDA TRATO DIGESTIVO, APLICAÇÃO: ORO OU NASOGÁSTRICA , MODELO: LEVINE , MATERIAL: PVC , CALIBRE: Nº 14 , TAMANHO: LONGA , COMPRIMENTO: CERCA 120 CM, CONECTOR: CONECTOR PADRÃO C/ TAMPA , COMPONENTES: PONTA DISTAL FECHADA, C/ ORIFÍCIOS LATERAIS , ESTERILIDADE: ESTÉRIL, DESCARTÁVEL , EMBALAGEM: EMBALAGEM INDIVIDUAL 
665|OK_SEM_FLAGS|False|False|False|MATERIAIS DE USO TECNICO HOSPITALAR|INSTRUMENTOS, EQUIPAMENTOS E SUPRIMENTOS MÉDICOS  E  CIRÚRGICOS|1566261|435909|SONDA NASOGASTRICA - LONGA, DESCARTAVEL ESTERILIZADA, N.16, EM PVC, FLEXIVEL, TRANSPARENTE, ATRAUMATICA, COM BATOQUE, TAMANHO MINIMO DE 100CM, EXTREMO DISTAL FECHADO COM ORIFICIO LATERAL ATE 1/3 MEDIO, EM PAPEL GRAU CIRURGICO OU FILME TERMOPLASTICO CONTENDO TODAS AS INFORMACOES NECESSARIAS|SONDA TRATO DIGESTIVO, APLICAÇÃO: ORO OU NASOGÁSTRICA , MODELO: LEVINE , MATERIAL: PVC , CALIBRE: Nº 16 , TAMANHO: LONGA , COMPRIMENTO: CERCA 120 CM, CONECTOR: CONECTOR PADRÃO C/ TAMPA , COMPONENTES: PONTA DISTAL FECHADA, C/ ORIFÍCIOS LATERAIS , ESTERILIDADE: ESTÉRIL, DESCARTÁVEL , EMBALAGEM: EMBALAGEM INDIVIDUAL 
666|OK_SEM_FLAGS|False|False|False|MATERIAIS DE USO TECNICO HOSPITALAR|INSTRUMENTOS, EQUIPAMENTOS E SUPRIMENTOS MÉDICOS  E  CIRÚRGICOS|1566270|435910|SONDA NASOGASTRICA - LONGA, DESCARTAVEL ESTERILIZADA, N.18, EM PVC, FLEXIVEL, TRANSPARENTE, ATRAUMATICA, COM BATOQUE, TAMANHO MINIMO DE 100CM, EXTREMO DISTAL FECHADO COM ORIFICIO LATERAL ATE 1/3 MEDIO, EM PAPEL GRAU CIRURGICO OU FILME TERMOPLASTICO CONTENDO TODAS AS INFORMACOES NECESSARIAS|SONDA TRATO DIGESTIVO, APLICAÇÃO: ORO OU NASOGÁSTRICA , MODELO: LEVINE , MATERIAL: PVC , CALIBRE: Nº 18 , TAMANHO: LONGA , COMPRIMENTO: CERCA 120 CM, CONECTOR: CONECTOR PADRÃO C/ TAMPA , COMPONENTES: PONTA DISTAL FECHADA, C/ ORIFÍCIOS LATERAIS , ESTERILIDADE: ESTÉRIL, DESCARTÁVEL , EMBALAGEM: EMBALAGEM INDIVIDUAL 
667|OK_SEM_FLAGS|False|False|False|MATERIAIS DE USO TECNICO HOSPITALAR|INSTRUMENTOS, EQUIPAMENTOS E SUPRIMENTOS MÉDICOS  E  CIRÚRGICOS|1566288|435911|SONDA NASOGASTRICA - LONGA, DESCARTAVEL ESTERILIZADA, N.20, EM PVC, FLEXIVEL, TRANSPARENTE, ATRAUMATICA, COM BATOQUE, TAMANHO MINIMO DE 100CM, EXTREMO DISTAL FECHADO COM ORIFICIO LATERAL ATE 1/3 MEDIO, EM PAPEL GRAU CIRURGICO OU FILME TERMOPLASTICO CONTENDO TODAS AS INFORMACOES NECESSARIAS|SONDA TRATO DIGESTIVO, APLICAÇÃO: ORO OU NASOGÁSTRICA , MODELO: LEVINE , MATERIAL: PVC , CALIBRE: Nº 20 , TAMANHO: LONGA , COMPRIMENTO: CERCA 120 CM, CONECTOR: CONECTOR PADRÃO C/ TAMPA , COMPONENTES: PONTA DISTAL FECHADA, C/ ORIFÍCIOS LATERAIS , ESTERILIDADE: ESTÉRIL, DESCARTÁVEL , EMBALAGEM: EMBALAGEM INDIVIDUAL 
670|OK_SEM_FLAGS|False|False|False|MATERIAIS DE USO TECNICO HOSPITALAR|INSTRUMENTOS, EQUIPAMENTOS E SUPRIMENTOS MÉDICOS  E  CIRÚRGICOS|2598647|435890|SONDA DE FOCHEST - SONDA DE FOCHEST PARA GASTROPLASTIA.Nº 32|SONDA TRATO DIGESTIVO, APLICAÇÃO: OROGÁSTRICA , MODELO: FOUCHET , MATERIAL: PVC , CALIBRE: Nº 32 , COMPRIMENTO: CERCA 80 CM, CONECTOR: CONECTOR PADRÃO , COMPONENTES: PONTA DISTAL ABERTA, ATRAUMÁTICA , ESTERILIDADE: ESTÉRIL, DESCARTÁVEL , EMBALAGEM: EMBALAGEM INDIVIDUAL 
673|OK_SEM_FLAGS|False|False|False|MATERIAIS DE USO TECNICO HOSPITALAR|INSTRUMENTOS, EQUIPAMENTOS E SUPRIMENTOS MÉDICOS  E  CIRÚRGICOS|1925393|279760|SONDA DE ASPIRACAO TRAQUEAL - SONDA DE PLASTICO TRANSPARENTE, ESTERIL, COM ORIFICIO TERMINAL RETO, COM UM OU DOIS ORIFICIOS LATERAIS EM SEU EXTREMO DISTAL., EXTREMO PROXIMAL ADAPTAVEL A CONEXAO REDUTORA, TAMANHO 6 CH ,, EMBALAGEM CONFORME A LEGISLACAO VIGENTE.|CATETER ASPIRAÇÃO TRAQUEAL, MATERIAL: PVC ATÓXICO FLEXÍVEL , TIPO USO: DESCARTÁVEL , CARACTERÍSTICAS ADICIONAIS: PONTA ATRAUMÁTICA, ORIFÍCIOS DISTAIS LATERALIZADOS , TIPO EMBALAGEM: ESTÉRIL, EMBALAGEM INDIVIDUAL , ESPESSURA: Nº 6 
674|OK_SEM_FLAGS|False|False|False|MATERIAIS DE USO TECNICO HOSPITALAR|INSTRUMENTOS, EQUIPAMENTOS E SUPRIMENTOS MÉDICOS  E  CIRÚRGICOS|1925407|279763|SONDA DE ASPIRACAO TRAQUEAL - SONDA DE PLASTICO TRANSPARENTE, ESTERIL, COM ORIFICIO TERMINAL RETO, COM UM OU DOIS ORIFICIOS LATERAIS EM SEU EXTREMO DISTAL., EXTREMO PROXIMAL ADAPTAVEL A CONEXAO REDUTORA, TAMANHO 8 CH ,, EMBALAGEM CONFORME A LEGISLACAO VIGENTE.|CATETER ASPIRAÇÃO TRAQUEAL, MATERIAL: PVC ATÓXICO FLEXÍVEL , TIPO USO: DESCARTÁVEL , CARACTERÍSTICAS ADICIONAIS: PONTA ATRAUMÁTICA, ORIFÍCIOS DISTAIS LATERALIZADOS , TIPO EMBALAGEM: ESTÉRIL, EMBALAGEM INDIVIDUAL , ESPESSURA: Nº 8 
675|OK_SEM_FLAGS|False|False|False|MATERIAIS DE USO TECNICO HOSPITALAR|INSTRUMENTOS, EQUIPAMENTOS E SUPRIMENTOS MÉDICOS  E  CIRÚRGICOS|1925415|279765|SONDA DE ASPIRACAO TRAQUEAL - SONDA DE PLASTICO TRANSPARENTE, ESTERIL, COM ORIFICIO TERMINAL RETO, COM UM OU DOIS ORIFICIOS LATERAIS EM SEU EXTREMO DISTAL., EXTREMO PROXIMAL ADAPTAVEL A CONEXAO REDUTORA, TAMANHO 10 CH,, EMBALAGEM CONFORME A LEGISLACAO VIGENTE.|CATETER ASPIRAÇÃO TRAQUEAL, MATERIAL: PVC ATÓXICO FLEXÍVEL , TIPO USO: DESCARTÁVEL , CARACTERÍSTICAS ADICIONAIS: PONTA ATRAUMÁTICA, ORIFÍCIOS DISTAIS LATERALIZADOS , TIPO EMBALAGEM: ESTÉRIL, EMBALAGEM INDIVIDUAL , ESPESSURA: Nº 10 
676|OK_SEM_FLAGS|False|False|False|MATERIAIS DE USO TECNICO HOSPITALAR|INSTRUMENTOS, EQUIPAMENTOS E SUPRIMENTOS MÉDICOS  E  CIRÚRGICOS|1925423|279764|SONDA DE ASPIRACAO TRAQUEAL - SONDA DE PLASTICO TRANSPARENTE, ESTERIL, COM ORIFICIO TERMINAL RETO, COM UM OU DOIS ORIFICIOS LATERAIS EM SEU EXTREMO DISTAL., EXTREMO PROXIMAL ADAPTAVEL A CONEXAO REDUTORA', TAMANHO 12 CH,, EMBALAGEM CONFORME A LEGISLACAO VIGENTE.|CATETER ASPIRAÇÃO TRAQUEAL, MATERIAL: PVC ATÓXICO FLEXÍVEL , TIPO USO: DESCARTÁVEL , CARACTERÍSTICAS ADICIONAIS: PONTA ATRAUMÁTICA, ORIFÍCIOS DISTAIS LATERALIZADOS , TIPO EMBALAGEM: ESTÉRIL, EMBALAGEM INDIVIDUAL , ESPESSURA: Nº 12 
677|OK_SEM_FLAGS|False|False|False|MATERIAIS DE USO TECNICO HOSPITALAR|INSTRUMENTOS, EQUIPAMENTOS E SUPRIMENTOS MÉDICOS  E  CIRÚRGICOS|1982745|279761|SONDA DE ASPIRACAO TRAQUEAL - SONDA DE PLASTICO TRANSPARENTE, ESTERIL, COM ORIFICIO TERMINAL RETO, COM 01 OU 02 ORIFICIOS LATERAIS EM SEU EXTREMO DISTAL, EXTREMO PROXIMAL ADAPTAVEL A CONEXAO REDUTORA, N-14 CH, EMBALAGEM CONFORME A LEGISLACAO VIGENTE.|CATETER ASPIRAÇÃO TRAQUEAL, MATERIAL: PVC ATÓXICO FLEXÍVEL , TIPO USO: DESCARTÁVEL , CARACTERÍSTICAS ADICIONAIS: PONTA ATRAUMÁTICA, ORIFÍCIOS DISTAIS LATERALIZADOS , TIPO EMBALAGEM: ESTÉRIL, EMBALAGEM INDIVIDUAL , ESPESSURA: Nº 14 
678|OK_SEM_FLAGS|False|False|False|MATERIAIS DE USO TECNICO HOSPITALAR|INSTRUMENTOS, EQUIPAMENTOS E SUPRIMENTOS MÉDICOS  E  CIRÚRGICOS|1794027|451204|SONDA ENDOTRAQUEAL - 2,0, S/BALONETE, PVC TRANSPARENTE COM FILAMENTO RADIOPACO, A APRESENTACAO DO PRODUTO DEVERA OBEDECER A LEGISLACAO ATUAL VIGENTE|TUBO ENDOTRAQUEAL, MATERIAL: PVC , MODELO: CURVA MAGILL , CALIBRE: 2,0 , TIPO PONTA: C/ PONTA DISTAL ATRAUMÁTICA , COMPONENTE 2: RADIOPACO, GRADUADO , TIPO CONECTOR: CONECTOR PADRÃO , ESTERILIDADE: ESTÉRIL, USO ÚNICO 
679|OK_SEM_FLAGS|False|False|False|MATERIAIS DE USO TECNICO HOSPITALAR|INSTRUMENTOS, EQUIPAMENTOS E SUPRIMENTOS MÉDICOS  E  CIRÚRGICOS|1619764|451193|SONDA ENDOTRAQUEAL - 2,5 SEM BALONETE, PVC TRANSPARENTE, COM FILAMENTO RADIOPACO, COM MARCADOR DE CORDAS VOCAIS. APRESENTACAO DO PRODUTO DEVERA OBEDECER AO, A APRESENTACAO DO PRODUTO DEVERA OBEDECER A ART.31 LEI 8078/90 PORT CONJ N1 DE 23/1/96- M.DA SAUDE.|TUBO ENDOTRAQUEAL, MATERIAL: PVC , MODELO: CURVA MAGILL , CALIBRE: 2,5 , TIPO PONTA: C/ PONTA DISTAL ATRAUMÁTICA , COMPONENTE 2: RADIOPACO, GRADUADO , TIPO CONECTOR: CONECTOR PADRÃO , ESTERILIDADE: ESTÉRIL, USO ÚNICO 
680|OK_SEM_FLAGS|False|False|False|MATERIAIS DE USO TECNICO HOSPITALAR|INSTRUMENTOS, EQUIPAMENTOS E SUPRIMENTOS MÉDICOS  E  CIRÚRGICOS|1794035|451191|SONDA ENDOTRAQUEAL - 3,0, S/BALONETE, PVC TRANSPARENTE COM FILAMENTO RADIOPACO, A APRESENTACAO DO PRODUTO DEVERA OBEDECER A LEGISLACAO ATUAL VIGENTE|TUBO ENDOTRAQUEAL, MATERIAL: PVC , MODELO: CURVA MAGILL , CALIBRE: 3,0 , TIPO PONTA: C/ PONTA DISTAL ATRAUMÁTICA , COMPONENTE 2: RADIOPACO, GRADUADO , TIPO CONECTOR: CONECTOR PADRÃO , ESTERILIDADE: ESTÉRIL, USO ÚNICO 
681|OK_SEM_FLAGS|False|False|False|MATERIAIS DE USO TECNICO HOSPITALAR|INSTRUMENTOS, EQUIPAMENTOS E SUPRIMENTOS MÉDICOS  E  CIRÚRGICOS|1794043|451197|SONDA ENDOTRAQUEAL - 3,5, S/BALONETE, PVC TRANSPARENTE COM FILAMENTO RADIOPACO, A APRESENTACAO DO PRODUTO DEVERA OBEDECER A LEGISLACAO ATUAL VIGENTE|TUBO ENDOTRAQUEAL, MATERIAL: PVC , MODELO: CURVA MAGILL , CALIBRE: 3,5 , TIPO PONTA: C/ PONTA DISTAL ATRAUMÁTICA , COMPONENTE 2: RADIOPACO, GRADUADO , TIPO CONECTOR: CONECTOR PADRÃO , ESTERILIDADE: ESTÉRIL, USO ÚNICO 
682|OK_SEM_FLAGS|False|False|False|MATERIAIS DE USO TECNICO HOSPITALAR|INSTRUMENTOS, EQUIPAMENTOS E SUPRIMENTOS MÉDICOS  E  CIRÚRGICOS|351164|451198|SONDA ENDOTRAQUEAL - 4,0, SEM BALAO, MATERIAL TRANSPARENTE, ATOXICO, A APRESENTACAO DO PRODUTO DEVERA OBEDECER A ART.31 LEI 8078/90 PORT CONJ N1 DE 23/1/96 - M.SAU|TUBO ENDOTRAQUEAL, MATERIAL: PVC , MODELO: CURVA MAGILL , CALIBRE: 4,0 , TIPO PONTA: C/ PONTA DISTAL ATRAUMÁTICA , COMPONENTE 2: RADIOPACO, GRADUADO , TIPO CONECTOR: CONECTOR PADRÃO , ESTERILIDADE: ESTÉRIL, USO ÚNICO 
683|OK_SEM_FLAGS|False|False|False|MATERIAIS DE USO TECNICO HOSPITALAR|INSTRUMENTOS, EQUIPAMENTOS E SUPRIMENTOS MÉDICOS  E  CIRÚRGICOS|407500|451192|SONDA ENDOTRAQUEAL - 4.5, SEM BALONETE, PVC TRANSPARENTE COM FILAMENTO RADIOPACO, A APRESENTACAO DO PRODUTO DEVERA OBEDECER A ART.31 LEI 8078/90 PORT CONJ N1 DE 23/1/96 - M.SAUDE.|TUBO ENDOTRAQUEAL, MATERIAL: PVC , MODELO: CURVA MAGILL , CALIBRE: 4,5 , TIPO PONTA: C/ PONTA DISTAL ATRAUMÁTICA , COMPONENTE 2: RADIOPACO, GRADUADO , TIPO CONECTOR: CONECTOR PADRÃO , ESTERILIDADE: ESTÉRIL, USO ÚNICO 
684|OK_SEM_FLAGS|False|False|False|MATERIAIS DE USO TECNICO HOSPITALAR|INSTRUMENTOS, EQUIPAMENTOS E SUPRIMENTOS MÉDICOS  E  CIRÚRGICOS|495557|451196|SONDA ENDOTRAQUEAL - 5.0, DESCARTAVEL SEM BALAO, PVC TRANSPARENTE FLEXIVEL, C/FILAMENTO RADIOPACO, A APRESENTACAO DO PRODUTO DEVERA OBEDECER A ART.31 LEI 8078/90 PORT CONJ N1 DE 23/1/96 - M.SAUDE.|TUBO ENDOTRAQUEAL, MATERIAL: PVC , MODELO: CURVA MAGILL , CALIBRE: 5,0 , TIPO PONTA: C/ PONTA DISTAL ATRAUMÁTICA , COMPONENTE 2: RADIOPACO, GRADUADO , TIPO CONECTOR: CONECTOR PADRÃO , ESTERILIDADE: ESTÉRIL, USO ÚNICO 
685|OK_SEM_FLAGS|False|False|False|MATERIAIS DE USO TECNICO HOSPITALAR|INSTRUMENTOS, EQUIPAMENTOS E SUPRIMENTOS MÉDICOS  E  CIRÚRGICOS|407518|451202|SONDA ENDOTRAQUEAL - 5.5, SEM BALONETE, PVC TRANSPARENTE COM FILAMENTO RADIOPACO, A APRESENTACAO DO PRODUTO DEVERA OBEDECER A ART.31 LEI 8078/90 PORT CONJ N1 DE 23/1/96 - M.SAUDE.|TUBO ENDOTRAQUEAL, MATERIAL: PVC , MODELO: CURVA MAGILL , CALIBRE: 5,5 , TIPO PONTA: C/ PONTA DISTAL ATRAUMÁTICA , COMPONENTE 2: RADIOPACO, GRADUADO , TIPO CONECTOR: CONECTOR PADRÃO , ESTERILIDADE: ESTÉRIL, USO ÚNICO 
686|OK_SEM_FLAGS|False|False|False|MATERIAIS DE USO TECNICO HOSPITALAR|INSTRUMENTOS, EQUIPAMENTOS E SUPRIMENTOS MÉDICOS  E  CIRÚRGICOS|407615|451203|SONDA ENDOTRAQUEAL - 6.0, SEM BALONETE, PVC TRANSPARENTE COM FILAMENTO RADIOPACO, A APRESENTACAO DO PRODUTO DEVERA OBEDECER A ART.31 LEI 8078/90 PORT CONJ N1 DE 23/1/96 - M.SAUDE.|TUBO ENDOTRAQUEAL, MATERIAL: PVC , MODELO: CURVA MAGILL , CALIBRE: 6,0 , TIPO PONTA: C/ PONTA DISTAL ATRAUMÁTICA , COMPONENTE 2: RADIOPACO, GRADUADO , TIPO CONECTOR: CONECTOR PADRÃO , ESTERILIDADE: ESTÉRIL, USO ÚNICO 
687|OK_SEM_FLAGS|False|False|False|MATERIAIS DE USO TECNICO HOSPITALAR|INSTRUMENTOS, EQUIPAMENTOS E SUPRIMENTOS MÉDICOS  E  CIRÚRGICOS|1619756|451205|SONDA ENDOTRAQUEAL - 6,5 SEM BALONETE, PVC TRANSPARENTE, COM FILAMENTO, RADIOPACO.A APRESENTACAO DO PRODUTO DEVERA OBEDECER AO, A APRESENTACAO DO PRODUTO DEVERA OBEDECER A ART.31 LEI 8078/90 PORT CONJ N1 DE 23/1/96- M.DA SAUDE.|TUBO ENDOTRAQUEAL, MATERIAL: PVC , MODELO: CURVA MAGILL , CALIBRE: 6,5 , TIPO PONTA: C/ PONTA DISTAL ATRAUMÁTICA , COMPONENTE 2: RADIOPACO, GRADUADO , TIPO CONECTOR: CONECTOR PADRÃO , ESTERILIDADE: ESTÉRIL, USO ÚNICO 
688|OK_SEM_FLAGS|False|False|False|MATERIAIS DE USO TECNICO HOSPITALAR|INSTRUMENTOS, EQUIPAMENTOS E SUPRIMENTOS MÉDICOS  E  CIRÚRGICOS|407623|451201|SONDA ENDOTRAQUEAL - 7.0, SEM BALONETE, PVC TRANSPARENTE COM FILAMENTO RADIOPACO, A APRESENTACAO DO PRODUTO DEVERA OBEDECER A ART.31 LEI 8078/90 PORT CONJ N1 DE 23/1/96 - M.SAUDE.|TUBO ENDOTRAQUEAL, MATERIAL: PVC , MODELO: CURVA MAGILL , CALIBRE: 7,0 , TIPO PONTA: C/ PONTA DISTAL ATRAUMÁTICA , COMPONENTE 2: RADIOPACO, GRADUADO , TIPO CONECTOR: CONECTOR PADRÃO , ESTERILIDADE: ESTÉRIL, USO ÚNICO 
689|OK_SEM_FLAGS|False|False|False|MATERIAIS DE USO TECNICO HOSPITALAR|INSTRUMENTOS, EQUIPAMENTOS E SUPRIMENTOS MÉDICOS  E  CIRÚRGICOS|1619543|451224|SONDA ENDOTRAQUEAL - CALIBRE 2,0CH COM CUFF,BALAO PILOTO COM COBERTURADE PROTECAO, VALVULA EXTERNA REGULADORA DE PRESSAO, DESCARTAVEL,BALONETE DE BAIXA PRESSAO E ALTO VOLUME, BALAO PILOTO,COM CALIBRE E GRADUACAO VISIVEIS, PVC TRANSPARENTE FLEXIVEL,LINHA RADIOPACA,PROVIDADE CONECTOR,COM VALIDADE,LOTE,REG.NO MS VISIVEIS, A APRESENTACAO DO PRODUTO DEVERA OBEDECER A ART.31 LEI 8078/90 PORT CONJ N1 DE 23/1/96-MS, CONTENDO DADOS DE IDENTIFICACAO E PROCEDENCIA|TUBO ENDOTRAQUEAL, MATERIAL: PVC , MODELO: CURVA MAGILL , CALIBRE: 2,0 , TIPO PONTA: C/ PONTA DISTAL ATRAUMÁTICA , COMPONENTE 1: BALÃO ALTO VOLUME E BAIXA PRESSÃO , COMPONENTE 2: RADIOPACO, GRADUADO , TIPO CONECTOR: CONECTOR PADRÃO , ESTERILIDADE: ESTÉRIL, USO ÚNICO 
690|OK_SEM_FLAGS|False|False|False|MATERIAIS DE USO TECNICO HOSPITALAR|INSTRUMENTOS, EQUIPAMENTOS E SUPRIMENTOS MÉDICOS  E  CIRÚRGICOS|243442|451211|SONDA ENDOTRAQUEAL - SALIBRE 2,5CH COM CUFF,BALAO PILOTO COM COBERTURADE PROTECAO, VALVULA EXTERNA REGULADORA DE PRESSAO, DESCARTAVEL,BALONETE DE BAIXA PRESSAO E ALTO VOLUME, BALAO PILOTO,COM CALIBRE E GRADUACAO VISIVEIS, PVC TRANSPARENTE FLEXIVEL,LINHA RADIOPACA,PROVIDADE CONECTOR,COM VALIDADE,LOTE,REG.NO MS VISIVEIS, A APRESENTACAO DO PRODUTO DEVERA OBEDECER A ART.31 LEI 8078/90 PORT CONJ N1 DE 23/1/96-MS, CONTENDO DADOS DE IDENTIFICACAO E PROCEDENCIA|TUBO ENDOTRAQUEAL, MATERIAL: PVC , MODELO: CURVA MAGILL , CALIBRE: 2,5 , TIPO PONTA: C/ PONTA DISTAL ATRAUMÁTICA , COMPONENTE 1: BALÃO ALTO VOLUME E BAIXA PRESSÃO , COMPONENTE 2: RADIOPACO, GRADUADO , TIPO CONECTOR: CONECTOR PADRÃO , ESTERILIDADE: ESTÉRIL, USO ÚNICO 
692|OK_SEM_FLAGS|False|False|False|MATERIAIS DE USO TECNICO HOSPITALAR|INSTRUMENTOS, EQUIPAMENTOS E SUPRIMENTOS MÉDICOS  E  CIRÚRGICOS|1823108|451215|SONDA ENDOTRAQUEAL - N-3,5 PROVIDA DE CONECTOR, BALONETE DE BAIXA PRESSAO E ALTO VOLUME, VALVULA EXT. REGULADORA PRESSAO, COM BALAO, CALIBRE E GRADUACAO ESTAMPADOS EM LOCAL VISIVEL, PVC TRANSPARENTE, FLEXIVEL, RADIOPACA, A APRESENTACAO DO PRODUTO DEVERA OBEDECER A LEGISLACAO VIGENTE, EMBALAGEM CONF. MS.|TUBO ENDOTRAQUEAL, MATERIAL: PVC , MODELO: CURVA MAGILL , CALIBRE: 3,5 , TIPO PONTA: C/ PONTA DISTAL ATRAUMÁTICA , COMPONENTE 1: BALÃO ALTO VOLUME E BAIXA PRESSÃO , COMPONENTE 2: RADIOPACO, GRADUADO , TIPO CONECTOR: CONECTOR PADRÃO , ESTERILIDADE: ESTÉRIL, USO ÚNICO 
693|OK_SEM_FLAGS|False|False|False|MATERIAIS DE USO TECNICO HOSPITALAR|INSTRUMENTOS, EQUIPAMENTOS E SUPRIMENTOS MÉDICOS  E  CIRÚRGICOS|1819097|451216|SONDA ENDOTRAQUEAL - N-4 PROVIDA DE CONECTOR, BALONETE DE BAIXA PRESSAOE ALTO VOLUME, VALVULA EXT. REGULADORA PRESSAO, COM BALAO, CALIBRE E GRADUACAO ESTAMPADA EM LOCALVISIVEL, PVC TRANSPARENTE, FLEXIVEL, RADIOPACA, A APRESENTACAO DO PRODUTO DEVERA OBEDECER A LEGISLACAO VIGENTE, EMBALAGEM CONF. MS.|TUBO ENDOTRAQUEAL, MATERIAL: PVC , MODELO: CURVA MAGILL , CALIBRE: 4,0 , TIPO PONTA: C/ PONTA DISTAL ATRAUMÁTICA , COMPONENTE 1: BALÃO ALTO VOLUME E BAIXA PRESSÃO , COMPONENTE 2: RADIOPACO, GRADUADO , TIPO CONECTOR: CONECTOR PADRÃO , ESTERILIDADE: ESTÉRIL, USO ÚNICO 
695|OK_SEM_FLAGS|False|False|False|MATERIAIS DE USO TECNICO HOSPITALAR|INSTRUMENTOS, EQUIPAMENTOS E SUPRIMENTOS MÉDICOS  E  CIRÚRGICOS|1819208|451214|SONDA ENDOTRAQUEAL - N-5 PROVIDA DE CONECTOR, BALONETE DE BAIXA PRESSAO E ALTO VOLUME, VALVULA EXT. REGULADORA PRESSAO, COM BALAO, CALIBRE E GRADUACAO ESTAMPADOS EM LOCAL VISIVEL, PVC TRANSPARENTE, FLEXIVEL, RADIOPACA, A APRESENTACAO DO PRODUTO DEVERA OBEDECER A LEGISLACAO VIGENTE, EMBALAGEM CONF. MS.|TUBO ENDOTRAQUEAL, MATERIAL: PVC , MODELO: CURVA MAGILL , CALIBRE: 5,0 , TIPO PONTA: C/ PONTA DISTAL ATRAUMÁTICA , COMPONENTE 1: BALÃO ALTO VOLUME E BAIXA PRESSÃO , COMPONENTE 2: RADIOPACO, GRADUADO , TIPO CONECTOR: CONECTOR PADRÃO , ESTERILIDADE: ESTÉRIL, USO ÚNICO 
696|OK_SEM_FLAGS|False|False|False|MATERIAIS DE USO TECNICO HOSPITALAR|INSTRUMENTOS, EQUIPAMENTOS E SUPRIMENTOS MÉDICOS  E  CIRÚRGICOS|1819216|451411|SONDA ENDOTRAQUEAL - N-5,5 PROVIDA DE CONECTOR, BALONETE DE BAIXA PRESSAO E ALTO VOLUME, VALVULA EXT. REGULADORA PRESSAO, COM BALAO, CALIBRE E GRADUACAO ESTAMPADOS EM LOCAL VISIVEL, PVC TRANSPARENTE, FLEXIVEL, RADIOPACA, A APRESENTACAO DO PRODUTO DEVERA OBEDECER A LEGISLACAO VIGENTE, EMBALAGEM CONF. MS.|TUBO ENDOTRAQUEAL, APLICAÇÃO*: P/ MICROCIRURGIA LARINGE , MATERIAL: PVC , MODELO: CURVA MAGILL , CALIBRE: 5,5 , TIPO PONTA: C/ PONTA DISTAL ATRAUMÁTICA , COMPONENTE 1: BALÃO ALTO VOLUME E BAIXA PRESSÃO , COMPONENTE 2: RADIOPACO, GRADUADO , TIPO CONECTOR: CONECTOR PADRÃO , ESTERILIDADE: ESTÉRIL, USO ÚNICO 
697|CATMAT_ALTERNATIVO|False|False|False|MATERIAIS DE USO TECNICO HOSPITALAR|INSTRUMENTOS, EQUIPAMENTOS E SUPRIMENTOS MÉDICOS  E  CIRÚRGICOS|1819224|451382|SONDA ENDOTRAQUEAL - N-6 PROVIDA DE CONECTOR, BALONETE DE BAIXA PRESSAO E ALTO VOLUME, VALVULA EXT. REGULADORA PRESSAO, COM BALAO, CALIBRE E GRADUACAO ESTAMPADOS EM LOCAL VISIVEL, PVC TRANSPARENTE, FLEXIVEL, RADIOPACA, A APRESENTACAO DO PRODUTO DEVERA OBEDECER A LEGISLACAO VIGENTE, EMBALAGEM CONF. MS.|TUBO ENDOTRAQUEAL, MATERIAL: PVC SILICONIZADO ARAMADO , MODELO: CURVA MAGILL , CALIBRE: 6,0 , TIPO PONTA: C/ PONTA DISTAL ATRAUMÁTICA , COMPONENTE 1: BALÃO ALTO VOLUME E BAIXA PRESSÃO , COMPONENTE 2: RADIOPACO, GRADUADO , TIPO CONECTOR: CONECTOR PADRÃO , ESTERILIDADE: ESTÉRIL, USO ÚNICO 
699|OK_SEM_FLAGS|False|False|False|MATERIAIS DE USO TECNICO HOSPITALAR|INSTRUMENTOS, EQUIPAMENTOS E SUPRIMENTOS MÉDICOS  E  CIRÚRGICOS|1819437|451201|SONDA ENDOTRAQUEAL - N-7,0 PROVIDA DE CONECTOR, BALONETE DE BAIXA PRESSAO E ALTO VOLUME, VALVULA EXT. REGULADORA PRESSAO, COM BALAO, CALIBRE E GRADUACAO ESTAMPADOS EM LOCAL VISIVEL, PVC TRANSPARENTE FLEXIVEL, RADIOPACA, A APRESENTACAO DO PRODUTO DEVERA OBEDECER A LEGISLACAO VIGENTE, EMBALAGEM CONF. MS.|TUBO ENDOTRAQUEAL, MATERIAL: PVC , MODELO: CURVA MAGILL , CALIBRE: 7,0 , TIPO PONTA: C/ PONTA DISTAL ATRAUMÁTICA , COMPONENTE 2: RADIOPACO, GRADUADO , TIPO CONECTOR: CONECTOR PADRÃO , ESTERILIDADE: ESTÉRIL, USO ÚNICO 
700|OK_SEM_FLAGS|False|False|False|MATERIAIS DE USO TECNICO HOSPITALAR|INSTRUMENTOS, EQUIPAMENTOS E SUPRIMENTOS MÉDICOS  E  CIRÚRGICOS|1819453|451212|SONDA ENDOTRAQUEAL - N-7,5 PROVIDA DE CONECTOR, BALONETE DE BAIXA PRESSAO E ALTO VOLUME, VALVULA EXT. REGULADORA PRESSAO, COM BALAO, CALIBRE E GRADUACAO ESTAMPADOS EM LOCAL VISIVEL, PVC TRANSPARENTE FLEXIVEL, RADIOPACA, A APRESENTACAO DO PRODUTO DEVERA OBEDECER A LEGISLACAO VIGENTE, EMBALAGEM CONF. MS.|TUBO ENDOTRAQUEAL, MATERIAL: PVC , MODELO: CURVA MAGILL , CALIBRE: 7,5 , TIPO PONTA: C/ PONTA DISTAL ATRAUMÁTICA , COMPONENTE 1: BALÃO ALTO VOLUME E BAIXA PRESSÃO , COMPONENTE 2: RADIOPACO, GRADUADO , TIPO CONECTOR: CONECTOR PADRÃO , ESTERILIDADE: ESTÉRIL, USO ÚNICO 
701|OK_SEM_FLAGS|False|False|False|MATERIAIS DE USO TECNICO HOSPITALAR|INSTRUMENTOS, EQUIPAMENTOS E SUPRIMENTOS MÉDICOS  E  CIRÚRGICOS|1819461|451227|SONDA ENDOTRAQUEAL - N-8,0 PROVIDA DE CONECTOR, BALONETE DE BAIXA PRESSAO E ALTO VOLUME, VALVULA EXT. REGULADORA PRESSAO, COM BALAO, CALIBRE E GRADUACAO ESTAMPADOS EM LOCAL VISIVEL, PVC TRANSPARENTE FLEXIVEL, RADIOPACA, A APRESENTACAO DO PRODUTO DEVERA OBEDECER A LEGISLACAO VIGENTE, EMBALAGEM CONF. MS.|TUBO ENDOTRAQUEAL, MATERIAL: PVC , MODELO: CURVA MAGILL , CALIBRE: 8,0 , TIPO PONTA: C/ PONTA DISTAL ATRAUMÁTICA , COMPONENTE 1: BALÃO ALTO VOLUME E BAIXA PRESSÃO , COMPONENTE 2: RADIOPACO, GRADUADO , TIPO CONECTOR: CONECTOR PADRÃO , ESTERILIDADE: ESTÉRIL, USO ÚNICO 
702|OK_SEM_FLAGS|False|False|False|MATERIAIS DE USO TECNICO HOSPITALAR|INSTRUMENTOS, EQUIPAMENTOS E SUPRIMENTOS MÉDICOS  E  CIRÚRGICOS|1819496|451218|SONDA ENDOTRAQUEAL - N-8,5 PROVIDA DE CONECTOR, BALONETE DE BAIXA PRESSAO E ALTO VOLUME, VALVULA EXT. REGULADORA PRESSAO, COM BALAO, CALIBRE E GRADUACAO ESTAMPADOS EM LOCAL VISIVEL, PVC TRANSPARENTE FLEXIVEL, RADIOPACA, A APRESENTACAO DO PRODUTO DEVERA OBEDECER A LEGISLACAO VIGENTE, EMBALAGEM CONF. MS.|TUBO ENDOTRAQUEAL, MATERIAL: PVC , MODELO: CURVA MAGILL , CALIBRE: 8,5 , TIPO PONTA: C/ PONTA DISTAL ATRAUMÁTICA , COMPONENTE 1: BALÃO ALTO VOLUME E BAIXA PRESSÃO , COMPONENTE 2: RADIOPACO, GRADUADO , TIPO CONECTOR: CONECTOR PADRÃO , ESTERILIDADE: ESTÉRIL, USO ÚNICO 
704|OK_SEM_FLAGS|False|False|False|MATERIAIS DE USO TECNICO HOSPITALAR|INSTRUMENTOS, EQUIPAMENTOS E SUPRIMENTOS MÉDICOS  E  CIRÚRGICOS|1299522|451213|SONDA ENDOTRAQUEAL - CALIBRE N.9,5, ESTERILIZADA ,COM CUFF, EM PVC,TRANSPARENTE, FLEXIVEL,LINHA RADIOPACA, PROVIDA, DE CONECTOR, BALONETE DE BAIXA PRESSAO E ALTOVOLUME, BALAO PILOTO C/COBERTURA D, VALVULA EXTERNA REGULADORA DE PRESSAO, C/CALIBREE GRADUACAO ESTAMPADA EM LOCAL VISIVEL. EMBALAGEM, A APRESENTACAO DO PRODUTO DEVERA OBEDECER A QUE PERMITA TRANSFERENCIA ASSEPTICA , C/DADOS DEIDENT.,PROCED.,T.DE ESTERIL.,LOTE,VAL.E REG.NO MS.|TUBO ENDOTRAQUEAL, MATERIAL: PVC , MODELO: CURVA MAGILL , CALIBRE: 9,5 , TIPO PONTA: C/ PONTA DISTAL ATRAUMÁTICA , COMPONENTE 1: BALÃO ALTO VOLUME E BAIXA PRESSÃO , COMPONENTE 2: RADIOPACO, GRADUADO , TIPO CONECTOR: CONECTOR PADRÃO , ESTERILIDADE: ESTÉRIL, USO ÚNICO 
705|OK_SEM_FLAGS|False|False|False|MATERIAIS DE USO TECNICO HOSPITALAR|INSTRUMENTOS, EQUIPAMENTOS E SUPRIMENTOS MÉDICOS  E  CIRÚRGICOS|3817768|451350|SONDA ENDOTRAQUEAL - N° 5,0, ARAMADA,DESCARTAVEL, FLEXIVEL, COM CUFF,EM PVC, ATOXICA, REFORCADA INTERNAMENTE COM FIO DE ACO INOX,ROTULO COM N. LOTE, DATA FABRICAO/VALIDADE E PROCEDENCIA|TUBO ENDOTRAQUEAL, MATERIAL: PVC ARAMADO , MODELO: CURVA MAGILL , CALIBRE: 5,0 , TIPO PONTA: C/ PONTA DISTAL ATRAUMÁTICA , COMPONENTE 1: BALÃO ALTO VOLUME E BAIXA PRESSÃO , COMPONENTE 2: RADIOPACO, GRADUADO , TIPO CONECTOR: CONECTOR PADRÃO , ESTERILIDADE: ESTÉRIL, USO ÚNICO 
706|OK_SEM_FLAGS|False|False|False|MATERIAIS DE USO TECNICO HOSPITALAR|INSTRUMENTOS, EQUIPAMENTOS E SUPRIMENTOS MÉDICOS  E  CIRÚRGICOS|3817806|451356|SONDA ENDOTRAQUEAL - N° 5,5, ARAMADA,DESCARTAVEL, FLEXIVEL, COM CUFF,EM PVC, ATOXICA, REFORCADA INTERNAMENTE COM FIO DE ACO INOX,APRESENTANCAO DO PRODUTO DEVERA OBEDECER LEGISLACAO ATUAL VIGENTE.|TUBO ENDOTRAQUEAL, MATERIAL: PVC ARAMADO , MODELO: CURVA MAGILL , CALIBRE: 5,5 , TIPO PONTA: C/ PONTA DISTAL ATRAUMÁTICA , COMPONENTE 1: BALÃO ALTO VOLUME E BAIXA PRESSÃO , COMPONENTE 2: RADIOPACO, GRADUADO , TIPO CONECTOR: CONECTOR PADRÃO , ESTERILIDADE: ESTÉRIL, USO ÚNICO 
707|OK_SEM_FLAGS|False|False|False|MATERIAIS DE USO TECNICO HOSPITALAR|INSTRUMENTOS, EQUIPAMENTOS E SUPRIMENTOS MÉDICOS  E  CIRÚRGICOS|3817822|451357|SONDA ENDOTRAQUEAL - N° 6,0, ARAMADA,DESCARTAVEL, FLEXIVEL, COM CUFF,EM PVC, ATOXICA, REFORCADA INTERNAMENTE COM FIO DE ACO INOX,A APRESENTACAO DO PRODUTO DEVERA OBEDECER A LEGISLACAO VIGENTE.|TUBO ENDOTRAQUEAL, MATERIAL: PVC ARAMADO , MODELO: CURVA MAGILL , CALIBRE: 6,0 , TIPO PONTA: C/ PONTA DISTAL ATRAUMÁTICA , COMPONENTE 1: BALÃO ALTO VOLUME E BAIXA PRESSÃO , COMPONENTE 2: RADIOPACO, GRADUADO , TIPO CONECTOR: CONECTOR PADRÃO , ESTERILIDADE: ESTÉRIL, USO ÚNICO 
709|OK_SEM_FLAGS|False|False|False|MATERIAIS DE USO TECNICO HOSPITALAR|INSTRUMENTOS, EQUIPAMENTOS E SUPRIMENTOS MÉDICOS  E  CIRÚRGICOS|3817865|451355|SONDA ENDOTRAQUEAL - N° 7,0, ARAMADA,DESCARTAVEL, FLEXIVEL,COM CUFF,EM PVC, ATOXICA,REFORCADA INTERNAMENTE COM FIO DE ACO INOX,A APRESENTACAO DO PRODUTO DEVERA OBEDECER A LEGISLACAO VIGENTE|TUBO ENDOTRAQUEAL, MATERIAL: PVC ARAMADO , MODELO: CURVA MAGILL , CALIBRE: 7,0 , TIPO PONTA: C/ PONTA DISTAL ATRAUMÁTICA , COMPONENTE 1: BALÃO ALTO VOLUME E BAIXA PRESSÃO , COMPONENTE 2: RADIOPACO, GRADUADO , TIPO CONECTOR: CONECTOR PADRÃO , ESTERILIDADE: ESTÉRIL, USO ÚNICO 
710|OK_SEM_FLAGS|False|False|False|MATERIAIS DE USO TECNICO HOSPITALAR|INSTRUMENTOS, EQUIPAMENTOS E SUPRIMENTOS MÉDICOS  E  CIRÚRGICOS|3817881|451348|SONDA ENDOTRAQUEAL - N° 7,5, ARAMADA,DESCARTAVEL, FLEXIVEL,COM CUFF,EM PVC, ATOXICA,REFORCADA INTERNAMENTE COM FIO DE ACO INOX,A APRESENTACAO DO PRODUTO DEVERA OBEDECER A LEGISLACAO VIGENTE|TUBO ENDOTRAQUEAL, MATERIAL: PVC ARAMADO , MODELO: CURVA MAGILL , CALIBRE: 7,5 , TIPO PONTA: C/ PONTA DISTAL ATRAUMÁTICA , COMPONENTE 1: BALÃO ALTO VOLUME E BAIXA PRESSÃO , COMPONENTE 2: RADIOPACO, GRADUADO , TIPO CONECTOR: CONECTOR PADRÃO , ESTERILIDADE: ESTÉRIL, USO ÚNICO 
711|OK_SEM_FLAGS|False|False|False|MATERIAIS DE USO TECNICO HOSPITALAR|INSTRUMENTOS, EQUIPAMENTOS E SUPRIMENTOS MÉDICOS  E  CIRÚRGICOS|3817903|451360|SONDA ENDOTRAQUEAL - N° 8,0, ARAMADA,DESCARTAVEL, FLEXIVEL,COM CUFF,EM PVC, ATOXICA,REFORCADA INTERNAMENTE COM FIO DE ACO INOX,A APRESENTACAO DO PRODUTO DEVERA OBEDECER A LEGISLACAO VIGENTE|TUBO ENDOTRAQUEAL, MATERIAL: PVC ARAMADO , MODELO: CURVA MAGILL , CALIBRE: 8,0 , TIPO PONTA: C/ PONTA DISTAL ATRAUMÁTICA , COMPONENTE 1: BALÃO ALTO VOLUME E BAIXA PRESSÃO , COMPONENTE 2: RADIOPACO, GRADUADO , TIPO CONECTOR: CONECTOR PADRÃO , ESTERILIDADE: ESTÉRIL, USO ÚNICO 
712|OK_SEM_FLAGS|False|False|False|MATERIAIS DE USO TECNICO HOSPITALAR|INSTRUMENTOS, EQUIPAMENTOS E SUPRIMENTOS MÉDICOS  E  CIRÚRGICOS|3817911|451354|SONDA ENDOTRAQUEAL - N° 8,5, ARAMADA,DESCARTAVEL, FLEXIVEL,COM CUFF,EM PVC, ATOXICA,REFORCADA INTERNAMENTE COM FIO DE ACO INOX,A APRESENTACAO DO PRODUTO DEVERA OBEDECER A LEGISLACAO VIGENTE|TUBO ENDOTRAQUEAL, MATERIAL: PVC ARAMADO , MODELO: CURVA MAGILL , CALIBRE: 8,5 , TIPO PONTA: C/ PONTA DISTAL ATRAUMÁTICA , COMPONENTE 1: BALÃO ALTO VOLUME E BAIXA PRESSÃO , COMPONENTE 2: RADIOPACO, GRADUADO , TIPO CONECTOR: CONECTOR PADRÃO , ESTERILIDADE: ESTÉRIL, USO ÚNICO 
720|OK_SEM_FLAGS|False|False|False|MATERIAIS DE USO TECNICO HOSPITALAR|INSTRUMENTOS, EQUIPAMENTOS E SUPRIMENTOS MÉDICOS  E  CIRÚRGICOS|5039703|440135|"SONDA DE GASTROSTOMIA PARA ALIMENTACAO ENTERAL - EM 100% SILICONE,CALIBRE 12FR,INJETOR EM ""Y"", BALAO GASTRICO INTERNO, DISCO DE RETENCAO EXTERNO, GRADUADA,ESTERILIZADA EM OXIDO DE ETILENO"|SONDA TRATO DIGESTIVO, APLICAÇÃO: P/ GASTROSTOMIA , MODELO: DE TROCA , MATERIAL: SILICONE , CALIBRE: 12 FRENCH, CONECTOR: CONECTOR PADRÃO EM Y, CLAMP E TAMPA , COMPONENTES: SISTEMA PARA FIXAÇÃO , OUTROS COMPONENTES: DISTAL - INTRA GÁSTRICA E PERIOSTOMAL , ESTERILIDADE: ESTÉRIL, DESCARTÁVEL , EMBALAGEM: EMBALAGEM INDIVIDUAL 
722|OK_SEM_FLAGS|False|False|False|MATERIAIS DE USO TECNICO HOSPITALAR|INSTRUMENTOS, EQUIPAMENTOS E SUPRIMENTOS MÉDICOS  E  CIRÚRGICOS|3420990|463621|SONDA DE GASTROSTOMIA PARA ALIMENTACAO ENTERAL - CONFECCIONADA EM 100% SILICONE,CALIBRE DE 16 FR, INJETOR EM 3 VIAS,BALAO GASTRICO EM SILICONE PARA RETENCAO INTERNA, DISCO,EXTERNO COM ANEL DE SEGURANCA EM SILICONE PARA PROTECAO E RETENCAO, VALVULA PARA ENCHIMENTO DE BALAO, ENTRADA LATERAL PARA ALIMENTACAO C/ ADAPTADOR UNIVERSAL. ESTERILIZADA EM OXIDO DE ETILENO. ROTULO COM NUMERO DO LOTE DATA FABRICACAO/VALIDADE E PROCENDENCIA. REGISTRO MS.|SONDA TRATO DIGESTIVO, APLICAÇÃO: P/ GASTROSTOMIA , MODELO: DE TROCA , MATERIAL: SILICONE , VIAS: 3 VIAS , CALIBRE: 16 FRENCH, CONECTOR: CONECTOR PADRÃO C/ TAMPA , COMPONENTES: SISTEMA PARA FIXAÇÃO , OUTROS COMPONENTES: DISTAL - INTRA GÁSTRICA E PERIOSTOMAL , ESTERILIDADE: ESTÉRIL, DESCARTÁVEL , EMBALAGEM: EMBALAGEM INDIVIDUAL 
723|COM_COMENTARIO|False|False|False|MATERIAIS DE USO TECNICO HOSPITALAR|INSTRUMENTOS, EQUIPAMENTOS E SUPRIMENTOS MÉDICOS  E  CIRÚRGICOS|1982230|440479|SONDA DE GASTROSTOMIA PARA ALIMENTACAO ENTERAL - SONDA PARA ALIMENTACAO ENTERAL POR GASTROSTOMIA,, CALIBRE DE 18 FR, INJETOR EM Y, CONFECCIONADA EM 100% SILICONE,, BALAO GASTRICO PARA RETENCAO INTERNA,DISCO, EXTERNO PARA PROTECAO E RETENCAO , MARCAS DE REFERENCIA. ESTERILIZADA EM OXIDO DE ETILENO.|SONDA TRATO DIGESTIVO, APLICAÇÃO: P/ GASTROSTOMIA , MODELO: NÍVEL DE PELE , MATERIAL: SILICONE , CALIBRE: 18 FRENCH, COMPRIMENTO: CERCA 3,5 CM, CONECTOR: CONECTOR PADRÃO EM Y, CLAMP E TAMPA , COMPONENTES: SISTEMA PARA FIXAÇÃO , OUTROS COMPONENTES: DISTAL - INTRA GÁSTRICA E PERIOSTOMAL , ESTERILIDADE: ESTÉRIL, DESCARTÁVEL , EMBALAGEM: EMBALAGEM INDIVIDUAL 
724|OK_SEM_FLAGS|False|False|False|MATERIAIS DE USO TECNICO HOSPITALAR|INSTRUMENTOS, EQUIPAMENTOS E SUPRIMENTOS MÉDICOS  E  CIRÚRGICOS|1982249|465682|SONDA DE GASTROSTOMIA PARA ALIMENTACAO ENTERAL - SONDA PARA ALIMENTACAO ENTERAL POR GASTROSTOMIA,, CALIBRE DE 20 FR, INJETOR EM Y, CONFECCIONADA EM 100% EM SILICONE., BALAO GASTRICO PARA RETENCAO INTERNA,DISCO, EXTERNO PARA PROTECAO E RETENCAO , MARCAS DE REFERENCIA. ESTERILIZADA EM OXIDO DE ETILENO.|SONDA TRATO DIGESTIVO, APLICAÇÃO: P/ GASTROSTOMIA , MODELO: NÍVEL DE PELE , MATERIAL: SILICONE , CALIBRE: 20 FRENCH, COMPRIMENTO: CERCA 1 CM, CONECTOR: CONECTOR PADRÃO EM Y, CLAMP E TAMPA , COMPONENTES: SISTEMA PARA FIXAÇÃO , OUTROS COMPONENTES: DISTAL - INTRA GÁSTRICA E PERIOSTOMAL , ESTERILIDADE: ESTÉRIL, DESCARTÁVEL , EMBALAGEM: EMBALAGEM INDIVIDUAL 
726|COM_COMENTARIO|False|False|False|MATERIAIS DE USO TECNICO HOSPITALAR|INSTRUMENTOS, EQUIPAMENTOS E SUPRIMENTOS MÉDICOS  E  CIRÚRGICOS|1982265|440133|SONDA DE GASTROSTOMIA PARA ALIMENTACAO ENTERAL - SONDA PARA ALIMENTACAO ENTERAL POR GASTROSTOMIA,, CALIBRE DE 24 FR, INJETOR EM Y, CONFECCIONADA EM 100% SILICONE., BALAO GASTRICO PARA RETENCAO INTERNA,DISCO, EXTERNO PARA PROTECAO E RETENCAO , MARCAS DEREFERENCIA. ESTERILIZADA EM OXIDO DE ETILENO.|SONDA TRATO DIGESTIVO, APLICAÇÃO: P/ GASTROSTOMIA , MODELO: DE TROCA , MATERIAL: SILICONE , CALIBRE: 24 FRENCH, CONECTOR: CONECTOR PADRÃO EM Y, CLAMP E TAMPA , COMPONENTES: SISTEMA PARA FIXAÇÃO , OUTROS COMPONENTES: DISTAL - INTRA GÁSTRICA E PERIOSTOMAL , ESTERILIDADE: ESTÉRIL, DESCARTÁVEL , EMBALAGEM: EMBALAGEM INDIVIDUAL 
727|OK_SEM_FLAGS|False|False|False|REAGENTES QUIMICOS E BIOLOGICOS|DROGAS E MEDICAMENTOS|336181|277319|AGUA OXIGENADA - CATEGORIA 10 VOLUMES, ACONDICIONADO EM FRASCO COM 01 LITRO, ROTULO COM NR. LOTE, DATA DE FABRICACAO/VALIDADE|PERÓXIDO DE HIDROGÊNIO (ÁGUA OXIGENADA), TIPO: 10 VOLUMES 
728|OK_SEM_FLAGS|False|False|False|SOLUCOES ANTI-SEPTICAS|DROGAS E MEDICAMENTOS|1706276|269941|ALCOOL ETILICO A 70% - CONCENTRACAO/DOSAGEM A 70%, FORMA DE APRESENTACAO EM FRASCO DE 1000 ML, FORMA FARMACEUTICA SOLUCAO, INDICACAO DE USO: ANTISSEPTICO, DESINFETANTE|ÁLCOOL ETÍLICO, TIPO: HIDRATADO , TEOR ALCOÓLICO: 70%_(70°GL) , APRESENTAÇÃO: LÍQUIDO 
729|OK_SEM_FLAGS|False|False|False|SOLUCOES ANTI-SEPTICAS|DROGAS E MEDICAMENTOS|5052602|443454|SOLUCAO ANTI-SEPTICA - USO COMO ANTISSEPSIA DAS MAOS,A BASE DE ALCOOL ETILICO A 70%, AGENTES HIDRATANTES, EMOLIENTES, GLICERINA, SEM PERFUME E CORANTE,APRESENTACAO EM FRASCO COM VALVULA DOSADORA PUMP E SUPORTE PARA LEITO EM COMODATO,ACAO BACTERICIDA, FUNGICIDA, VIRUCIDA,EM GEL TOPICO|ÁLCOOL ETÍLICO, TEOR ALCOÓLICO: 70% P/P (70 °GL) , COMPOSIÇÃO BÁSICA: GLICERINADO , CARACTERÍSTICAS ADICIONAIS: COM BICO DOSADOR 
730|OK_SEM_FLAGS|False|False|False|SOLUCOES ANTI-SEPTICAS|DROGAS E MEDICAMENTOS|2521822|380018|ALCOOL ETILICO A 70% - CONCENTRACAO/DOSAGEM A 70%, FORMA DE APRESENTACAO EM  SACHE- REFIL COM 800ML, FORMA FARMACEUTICA  : EM GEL, INDICACAO DE USO: ANTISSEPTICO, DESINFETANTE RECIPIENTE(DISPENSER) PARA FIXACAO EM PAREDE POR COMODATO|ÁLCOOL ETÍLICO, TEOR ALCOÓLICO: 70% V/V , COMPOSIÇÃO BÁSICA: COM EMOLIENTE , FORMA FARMACÊUTICA: GEL 
731|OK_SEM_FLAGS|False|False|False|CADASTRO PADRONIZADO DE MEDICAMENTOS|PRODUTOS QUÍMICOS|4117280|346632|ALCOOL ETILICO - CONCENTRACAO/DOSAGEM 96%,FORMA FARMACEUTICA SOLUCAO,FORMA DE APRESENTACAO FRASCO,VIA DE ADMINISTRACAO TOPICA|ÁLCOOL ETÍLICO, ASPECTO FÍSICO: LÍQUIDO LÍMPIDO, INCOLOR, VOLÁTIL , TEOR ALCOÓLICO: 95,1 A 96°GL , FÓRMULA QUÍMICA: C2H5OH , PESO MOLECULAR: 46,07 G/MOL, GRAU DE PUREZA: 92,6% A 93,8% P/P INPM , CARACTERÍSTICA ADICIONAL: HIDRATADO , NÚMERO DE REFERÊNCIA QUÍMICA: CAS 64-17-5 
732|MAPEAMENTO_INCERTO|False|False|True|REAGENTES QUIMICOS E BIOLOGICOS|PRODUTOS QUÍMICOS|323268|433509|ALCOOL - ETILICO ABSOLUTO, CATEGORIA P.A., (ETANOL), COM TEOR MINIMO DE 99,8%, COM DENSIDADE DE 0,79 G/ML A 20 C, ACIDO LIVRE MAX 0.001 %, ALCALI LIVRE MAX 0,0003%, RESIDUO APOS EVAPORACAO MAXINO 0,001%, COMPONENTES REDUTORES MAXINO 0,0003%, PB,CU,FE,ZN - MAX. 0,00001%; METANOL MAX. 0,05%, ACONDICIONADO EM FRASCO COM 1 LITRO, ROTULO COM NUMERO DO LOTE, DATA DE FABRICACAO, FORMULA E ORIG|ÁLCOOL ETÍLICO, ASPECTO FÍSICO: LÍQUIDO LÍMPIDO, INCOLOR, VOLÁTIL , TEOR ALCOÓLICO: MÍNIMO DE 99,5 °GL (99,5% V/V) A 20 °C , FÓRMULA QUÍMICA: C2H5OH , PESO MOLECULAR: 46,07 G/MOL, GRAU DE PUREZA: MÍNIMO DE 99,5% P/P INPM , CARACTERÍSTICA ADICIONAL: ANIDRO, ABSOLUTO, REAGENTE ACS ISO , NÚMERO DE REFERÊNCIA QUÍMICA: CAS 64-17-5 
735|OK_SEM_FLAGS|False|False|False|CADASTRO PADRONIZADO DE MEDICAMENTOS|DROGAS E MEDICAMENTOS|3711978|296990|CLOREXIDINA, DIGLICONATO - CONCENTRACAO/DOSAGEM 1%,FORMA FARMACEUTICA SOLUCAO AQUOSA,FORMA DE APRESENTACAO FRASCO,VIA DE ADMINISTRACAO TOPICA|CLOREXIDINA DIGLUCONATO, DOSAGEM: 1% , APLICAÇÃO: SOLUÇÃO TÓPICA 
736|MAPEAMENTO_INCERTO|False|False|True|CADASTRO PADRONIZADO DE MEDICAMENTOS|DROGAS E MEDICAMENTOS|3459047|269878|CLOREXIDINA, DIGLICONATO - CONCENTRACAO/DOSAGEM 0,5%,FORMA FARMACEUTICA SOLUCAO ALCOOLICA,FORMA DE APRESENTACAO FRASCO,VIA DE ADMINISTRACAO TOPICA|CLOREXIDINA DIGLUCONATO, DOSAGEM: 0,5% , APLICAÇÃO: SOLUÇÃO ALCOÓLICA 
737|MAPEAMENTO_INCERTO|False|False|True|CADASTRO PADRONIZADO DE MEDICAMENTOS|DROGAS E MEDICAMENTOS|3459047|269878|CLOREXIDINA, DIGLICONATO - CONCENTRACAO/DOSAGEM 0,5%,FORMA FARMACEUTICA SOLUCAO ALCOOLICA,FORMA DE APRESENTACAO FRASCO,VIA DE ADMINISTRACAO TOPICA|CLOREXIDINA DIGLUCONATO, DOSAGEM: 0,5% , APLICAÇÃO: SOLUÇÃO ALCOÓLICA 
738|MAPEAMENTO_INCERTO|False|False|True|CADASTRO PADRONIZADO DE MEDICAMENTOS|DROGAS E MEDICAMENTOS|3431932|269876|CLOREXIDINA, DIGLICONATO - CONCENTRACAO/DOSAGEM 2%,FORMA FARMACEUTICA SOLUCAO DEGERMANTE,FORMA DE APRESENTACAO FRASCO,VIA DE ADMINISTRACAO TOPICA|CLOREXIDINA DIGLUCONATO, DOSAGEM: 2% , APLICAÇÃO: DEGERMANTE 
739|MAPEAMENTO_INCERTO|False|False|True|CADASTRO PADRONIZADO DE MEDICAMENTOS|DROGAS E MEDICAMENTOS|3431932|269876|CLOREXIDINA, DIGLICONATO - CONCENTRACAO/DOSAGEM 2%,FORMA FARMACEUTICA SOLUCAO DEGERMANTE,FORMA DE APRESENTACAO FRASCO,VIA DE ADMINISTRACAO TOPICA|CLOREXIDINA DIGLUCONATO, DOSAGEM: 2% , APLICAÇÃO: DEGERMANTE 
740|OK_SEM_FLAGS|False|False|False|CADASTRO PADRONIZADO DE MEDICAMENTOS|DROGAS E MEDICAMENTOS|3382966|269877|CLOREXIDINA, DIGLICONATO - CONCENTRACAO/DOSAGEM 4%,FORMA FARMACEUTICA SOLUCAO DEGERMANTE,FORMA DE APRESENTACAO FRASCO,VIA DE ADMINISTRACAO TOPICA|CLOREXIDINA DIGLUCONATO, DOSAGEM: 4% , APLICAÇÃO: DEGERMANTE 
743|OK_SEM_FLAGS|False|False|False|CADASTRO PADRONIZADO DE MEDICAMENTOS|DROGAS E MEDICAMENTOS|4054970|459248|ETER ETILICO - CONCENTRACAO/DOSAGEM 35% (M/M),FORMA FARMACEUTICA SOLUCAO,FORMA DE APRESENTACAO FRASCO,VIA DE ADMINISTRACAO TOPICA|ÉTER ETÍLICO, CONCENTRAÇÃO: 35% , FORMA FARMACÊUTICA: SOLUÇÃO TÓPICA , CARACTERÍSTICAS ADICIONAIS: FORMULAÇÃO ESPECIALMENTE MANIPULADA 
744|OK_SEM_FLAGS|False|False|False|REAGENTES QUIMICOS E BIOLOGICOS|PRODUTOS QUÍMICOS|170917|345486|FORMOL - CATEGORIA COMERCIAL, COM TEOR DE METANOL NA CONCENTRACAO DE 10%DOSEAMENTO MINIMO DE, LIMITES MAXIMOS CLORETO MAX.0,001% SULFATO MAX.0,002%, 10% DE CONCENTRACAO, REAGENTE PARA ELETROFORESE DE RNA, COM MAX. DE 0,005%, COM EXTINCAO ESPECIFICA DE NAO, ASPECTO LIQUIDO, LIMPIDO INCOLOR, COM DENSIDADE (D20/4) 1.08 A 1.09 KG/L, ETC, COM ACIDEZ LIVRE, DE ACORDO COM FARMA-PORT.IV 1A ED DAB 7, ACONDICONADO EM FRASCO DE 1000 ML, ROTULO COM IDENTIFICACAO, PROCEDENCIA, LOTE, DATA DE FABRICA|FORMALDEÍDO (FORMOL), ASPECTO FÍSICO: LÍQUIDO INCOLOR, LÍMPIDO , CONCENTRAÇÃO: À 10% , CARACTERÍSTICA ADICIONAL: EM SOLUÇÃO AQUOSA 
745|OK_SEM_FLAGS|False|False|False|COMPOSTOS E PREPARADOS PARA LIMPEZA HOSPITALAR|PESTICIDAS E DESINFETANTES|3633594|328078|DETERGENTE ENZIMATICO - BIODEGRADAVEL, PARA LIMPEZA MANUAL E AUTOMATIZADA DE INSTRUMENTAIS E OUTROS ARTIGOS MEDICO HOSPITALARES, SOLUCAO LIQUIDA ENZIMATICA COMPOSTA POR, NO MINIMO QUATRO ENZIMAS, NAO IONICO, NAO CORROSIVO PARA INSTRUMENTAIS METALICOS, PH NEUTRO, NAO ESPUMANTE, NAO IRRITANTE DERMICO NEM OCULAR E SEM ODOR AGRESSIVO NAS FORMAS PURA OU DILUIDA, QUE EFETUE A REMOCAO DA MATERIA ORGANICA E COM ACAO BACTERIOSTATICA,,APRESENTACAO EM GALOES, QUE PERMITA DILUICAO DE 1 A 4 ML POR LITRO. NOTIFICADO NA ANVISA|DETERGENTE ENZIMÁTICO, COMPOSIÇÃO: A BASE DE AMILASE, PROTEASE, LIPASE E CARBOIDRASE 
746|MAPEAMENTO_INCERTO|False|False|True|COMPOSTOS E PREPARADOS PARA LIMPEZA HOSPITALAR|PESTICIDAS E DESINFETANTES|4215087|384202|DESINFETANTE BACTERICIDA - DESINFETANTE DE ALTO NIVEL,ORTOFTALALDEIDO,PRINCIPIO ATIVO,NA CONCENTRACAO DE 0,55%,ACONDICIONADO EM EMBALAGEM APROPRIADA,ROTULO COM NUMERO DO  LOTE, DATA FABRICACAO/VALIDADE,FORMULA, REGISTRO MS E VIGILANCIA SANITARIA.|DESINFETANTE, COMPOSIÇÃO: À BASE DE ORTOFTALALDEÍDO , TEOR ATIVO: A 0,55% , FORMA FÍSICA: SOLUÇÃO AQUOSA PRONTA 
747|MAPEAMENTO_INCERTO|False|False|True|MATERIAIS DE USO TECNICO HOSPITALAR|PESTICIDAS E DESINFETANTES|4775279|348040|DESINFECTANTE DE ALTO NIVEL - ACIDO PERACETICO EM SOLUCAO PRONTA PARA USO APOS ATIVACAO. ACOMPANHADO DE ATIVADOR, CONCENTRACAO DE 0,09%A 0,15% COM COMPROVACAO DOS LAUDOS DE ATIVADOR ANTIMICROBIANA NA CONCENTRACAO MINIMA DA SOLUCAO, PH DE 5,5 A 7,0.,PROPRIEDADES MICROBIOLOGICAS. ESPORICIDA, BACTERICIDA, MICOBACTERICIDA, FUNGICIDA E VIRUSCIDA. PARA USO EM DESINFECCAO DE ALTO NIVEL E DE NIVEL INTERMEDIARIO. ODOR CARACTERISTICO SUAVE, BIODEGRADAVEL. ATOXICO E SEM EFEITO RESIDUAL. APRESENTACAO GALAO DE 5 LITROS,ATIVIDADE ATE 30 DIAS, COMPROVADO POR FITA REAGENTE ESPECIFICA, CONTENDO LAUDO DE VALIDACAO COMPROVATORIO DA FAIXA MINIMA DE EFICACIA. TEMPO DE CONTATO DE 10 MINUTOS PARA ATIVIDADE ANTIMICROBIANA CONFORME RDC 35 E 31.|ÁCIDO PERACÉTICO, DOSAGEM: MÍNIMO DE 0,2% , FORMA FÍSICA: SOLUÇÃO AQUOSA 
748|CATMAT_ALTERNATIVO; MAPEAMENTO_INCERTO|False|False|False|MATERIAIS DE USO TECNICO HOSPITALAR|INSTRUMENTOS, EQUIPAMENTOS E SUPRIMENTOS MÉDICOS  E  CIRÚRGICOS|3092372|389527|GLUTARALDEIDO 2% - SOLUCAO, PARA 30 DIAS, PARA DESINFECCAO DE ALTO NIVEL,DESINFECCAO EM 10 MINUTOS,BAIXO ODOR, PRONTO PARA USO, PH NEUTRO, ACOMPANHA TIRAS REAGENTES PARA VERIFICACAO DIARIA DA CONCENTRACAO DA SOLUCAO,APRESENTACAO INDIVIDUAL, COM DADOS DE IDENTIFICACAO CONSTANDO PROCEDENCIA, DATA DE VALIDADE, REGISTRO NO MS E FARMACEUTICO RESPONSAVEL|GLUTARALDEÍDO, CONCENTRAÇÃO: A 2% , FORMA FÍSICA: SOLUÇÃO AQUOSA , CARACTERÍSTICA ADICIONAL: PRÉ-ATIVADO 
749|CATMAT_ALTERNATIVO; MAPEAMENTO_INCERTO|False|False|False|MATERIAIS DE USO TECNICO HOSPITALAR|INSTRUMENTOS, EQUIPAMENTOS E SUPRIMENTOS MÉDICOS  E  CIRÚRGICOS|5099544|389527|DESINFECTANTE DE ALTO NIVEL - A BASE DE GLUTARALDEIDO A 2%, PRONTO PARA USO, BAIXO ODOR, BACTERICIDA, FUNGICIDA, MICOBACTERICIDA VIRUSCIDA E ESPORACIDA, PARA DESINFECCAO DE EQUIPAMENTOS, DISPOSITIVOS MEDICOS-CIRURGICOS, ENDOSCOPIOS E MATERIAIS TERMOSSENSIVEIS, PH NEUTRO (ENTRE 5,5 A 7,0), TEMPO MINIMO DE IMERSAO 10 MINUTOS  APOS ATIVADO, 30 DIAS DE UTILIZACAO,EM LIQUIDO,ACOMPANHA FITA REAGENTE PARA IMERSAO DIRETA NA SOLUCAO EM USO E VERIFICAR A CONCENTRACAO DO GLUTARALDEIDO|GLUTARALDEÍDO, CONCENTRAÇÃO: A 2% , FORMA FÍSICA: SOLUÇÃO AQUOSA , CARACTERÍSTICA ADICIONAL: PRÉ-ATIVADO 
750|OK_SEM_FLAGS|False|False|False|MATERIAIS DE USO TECNICO HOSPITALAR|PESTICIDAS E DESINFETANTES|5535689|607280|DESINFETANTE ESTERILIZANTE - A BASE DE PEROXIDO DE HIDROGENIO,APRESENTA LAUDOS DE ATIVIDADE BACTERICIDA, VIRUCIDA, FUNGICIDA,INCLUINDO CANDIDA AURIS,POSSUI INDICACAO DE USO PARA EQUIPAMENTOS HOSPITALARES E ACESSORIOS MEDICOS|DESINFETANTE, COMPOSIÇÃO: À BASE DE QUATERNÁRIO DE AMÔNIO , PRINCÍPIO ATIVO: PERÓXIDO DE HIDROGÊNIO , TEOR ATIVO: CERCA DE 5,5% + 4,3% , FORMA FÍSICA: SOLUÇÃO AQUOSA 
751|OK_SEM_FLAGS|False|False|False|MATERIAIS DE USO TECNICO HOSPITALAR|DISCOS E PEDRAS ABRASIVOS|4681754|10049|DESINFECTANTE DE ALTO NIVEL - DIOXIDO DE CLORO - CLO2 ESTABILIZADO EM SOLUCAO AQUOSA A 7%, COM ACAO ANTIMICROBIANA, PARA ARTIGOS SEMICRITICOS E NAO CRITICOS, SEM ODOR, NAO IRRITANTE, ATOXICO,DILUICAO MINIMA DE 5,00ML POR LITRO DE AGUA, TEMPO MINIMO DE CONTATO 15 MINUTOS,ACONDICIONADO EM EMBALAGEM APROPRIADA PARA O PRODUTO|PEDRA PARA POLIR, NOME: PEDRA PARA POLIR 
751|OK_SEM_FLAGS|False|False|False|MATERIAIS DE USO TECNICO HOSPITALAR|PESTICIDAS E DESINFETANTES|4681754|443437|DESINFECTANTE DE ALTO NIVEL - DIOXIDO DE CLORO - CLO2 ESTABILIZADO EM SOLUCAO AQUOSA A 7%, COM ACAO ANTIMICROBIANA, PARA ARTIGOS SEMICRITICOS E NAO CRITICOS, SEM ODOR, NAO IRRITANTE, ATOXICO,DILUICAO MINIMA DE 5,00ML POR LITRO DE AGUA, TEMPO MINIMO DE CONTATO 15 MINUTOS,ACONDICIONADO EM EMBALAGEM APROPRIADA PARA O PRODUTO|DIÓXIDO DE CLORO, CONCENTRAÇÃO: TEOR DE 7%, ESTABILIZADO , FORMA FÍSICA: SOLUÇÃO AQUOSA , NÚMERO DE REFERÊNCIA QUÍMICA: CAS 10049-04-4 
752|CATMAT_ALTERNATIVO|False|False|False|MATERIAIS DE USO TECNICO HOSPITALAR|PESTICIDAS E DESINFETANTES|5745772|461418|DESINFECTANTE DE ALTO NIVEL - COMPOSTO POR ALQUILAMINA, PROPIONATO, ISOTRIDECANOL ETOXILADO, BACTERICIDA, FUNGICIDA, VIRUSCIDA E ESPORICIDA,PARA DESINFECCAO DE ARTIGOS SEMI-CRITICOS. LIMPEZA E DESINFECCAO SIMULTANEA DE SUPERFICIES E ARTIGOS MEDICOS, LIMPEZA E DESCONTAMINACAO DE ARTIGOS CRITICOS,,|DETERGENTE SANEANTE, ASPECTO FÍSICO: LÍQUIDO , COMPOSIÇÃO: ALQUILAMINA , CARACTERÍSTICA ADICIONAL: CONCENTRADO 
752|CATMAT_ALTERNATIVO|False|False|False|MATERIAIS DE USO TECNICO HOSPITALAR|PESTICIDAS E DESINFETANTES|5745772|621513|DESINFECTANTE DE ALTO NIVEL - COMPOSTO POR ALQUILAMINA, PROPIONATO, ISOTRIDECANOL ETOXILADO, BACTERICIDA, FUNGICIDA, VIRUSCIDA E ESPORICIDA,PARA DESINFECCAO DE ARTIGOS SEMI-CRITICOS. LIMPEZA E DESINFECCAO SIMULTANEA DE SUPERFICIES E ARTIGOS MEDICOS, LIMPEZA E DESCONTAMINACAO DE ARTIGOS CRITICOS,,|DESINFETANTE, COMPOSIÇÃO: À BASE DE ALQUILAMINA E ASSOCIAÇÕES , TEOR ATIVO: 0,3% , FORMA FÍSICA: SOLUÇÃO AQUOSA 
753|MAPEAMENTO_INCERTO|False|False|True|COMPOSTOS E PREPARADOS PARA LIMPEZA HOSPITALAR|PESTICIDAS E DESINFETANTES|2621274|384202|DESINFETANTE BACTERICIDA - DESINFETANTE DE ALTO NIVEL,ORTOFTALALDEIDO,NA CONCENTRACAO DE 0,55%,GALAO COM 3,78 LITROS,ROTULO COM N- LOTE, DATA FABRICACAO/VALIDADE,FORMULA, REGISTRO MS E VIGILANCIA SANITARIA.|DESINFETANTE, COMPOSIÇÃO: À BASE DE ORTOFTALALDEÍDO , TEOR ATIVO: A 0,55% , FORMA FÍSICA: SOLUÇÃO AQUOSA PRONTA 
755|MAPEAMENTO_INCERTO|False|False|True|VIDRARIAS, CORRELATOS E INSUMOS P/ USO LABORATORIAL|PESTICIDAS E DESINFETANTES|5021308|396158|DETERGENTE DESINFETANTE - FORMULACAO PROTEASE, LIPASE, AMILASE, PROPIONATO DE N. N-DIDECIL-NMETIL - POLI (OXIETIL) AMMONIO (14,0%), DIGLUCONATO DE CLOREXIDINA (0,30%), ALCOOIS, C8-10, ETOXILADOS (6,75%), N-C12-14 - ALQUILTRIMETILENEDIAMINA (0,98%), ESTABILIZANTES, AGENTE REDUTOR, REGULADOR DE PH, FRAGANCIA, CORANTE, EXCIPIENTE E AGUA,COM COMPROVACAO DE ATIVIDADE PROTEOLITICA E AMIOLITICA,PARA LIMPEZA HOSPITALAR MANUAL OU AUTOMATIZADA (LAVADORAS ULTRASSONICAS),ACONDICIONADO EM BOMBONA|DETERGENTE ENZIMÁTICO, COMPOSIÇÃO: A BASE DE AMILASE, PROTEASE, LIPASE , COMPOSIÇÃO II: PEPTIDASE, CELULASE 
756|CATMAT_ALTERNATIVO; MAPEAMENTO_INCERTO|False|False|False|COMPOSTOS E PREPARADOS PARA LIMPEZA HOSPITALAR|PESTICIDAS E DESINFETANTES|1554158|328078|DETERGENTE ENZIMATICO - BIODEGRADAVEL, ESPUMANTE, COM 4 ENZIMAS, AMILASE,CARBOHIDRASE, ASSOCIADAS A COMBINACAO ATIVA, GALAO COM 5 LITROS|DETERGENTE ENZIMÁTICO, COMPOSIÇÃO: A BASE DE AMILASE, PROTEASE, LIPASE E CARBOIDRASE 
757|OK_SEM_FLAGS|False|False|False|MATERIAIS DE USO TECNICO HOSPITALAR|PESTICIDAS E DESINFETANTES|4941950|328078|DETERGENTE ENZIMATICO - PRONTO USO EM ESPUMA, CONTENDO PROTEASE, LIPASE E AMILASE (COM ATIVIDADE PROTEOLITICA E AMIOLITICA),ASSOCIADO COM QUATERNARIO DE AMONIA E SURFACTANTES, EFICACIA ANTIMICROBIANA A PARTIR DE 5,0 MINUTOS, NAO CORROSIVO, PARA PRE-TRATAMENTO DE INSTRUMENTAIS MEDICOS CIRURGICOS,EM SPRAY,PARA PRE-LIMPEZA COM ACAO PRE-DESINFETANTE, BACTERICIDA, VIRUSCIDA, MICOBACTERICIDA E FUNGICIDA|DETERGENTE ENZIMÁTICO, COMPOSIÇÃO: A BASE DE AMILASE, PROTEASE, LIPASE E CARBOIDRASE 
757|OK_SEM_FLAGS|False|False|False|MATERIAIS DE USO TECNICO HOSPITALAR|PESTICIDAS E DESINFETANTES|4941950|343892|DETERGENTE ENZIMATICO - PRONTO USO EM ESPUMA, CONTENDO PROTEASE, LIPASE E AMILASE (COM ATIVIDADE PROTEOLITICA E AMIOLITICA),ASSOCIADO COM QUATERNARIO DE AMONIA E SURFACTANTES, EFICACIA ANTIMICROBIANA A PARTIR DE 5,0 MINUTOS, NAO CORROSIVO, PARA PRE-TRATAMENTO DE INSTRUMENTAIS MEDICOS CIRURGICOS,EM SPRAY,PARA PRE-LIMPEZA COM ACAO PRE-DESINFETANTE, BACTERICIDA, VIRUSCIDA, MICOBACTERICIDA E FUNGICIDA|DETERGENTE ENZIMÁTICO, COMPOSIÇÃO: A BASE DE AMILASE E PROTEASE 
757|OK_SEM_FLAGS|False|False|False|MATERIAIS DE USO TECNICO HOSPITALAR|PESTICIDAS E DESINFETANTES|4941950|443860|DETERGENTE ENZIMATICO - PRONTO USO EM ESPUMA, CONTENDO PROTEASE, LIPASE E AMILASE (COM ATIVIDADE PROTEOLITICA E AMIOLITICA),ASSOCIADO COM QUATERNARIO DE AMONIA E SURFACTANTES, EFICACIA ANTIMICROBIANA A PARTIR DE 5,0 MINUTOS, NAO CORROSIVO, PARA PRE-TRATAMENTO DE INSTRUMENTAIS MEDICOS CIRURGICOS,EM SPRAY,PARA PRE-LIMPEZA COM ACAO PRE-DESINFETANTE, BACTERICIDA, VIRUSCIDA, MICOBACTERICIDA E FUNGICIDA|DETERGENTE ENZIMÁTICO, COMPOSIÇÃO: A BASE DE AMILASE, PROTEASE, LIPASE , COMPOSIÇÃO II: LIQUINASE E ENDOLASE 
759|OK_SEM_FLAGS|False|False|False|COMPOSTOS E PREPARADOS PARA LIMPEZA HOSPITALAR|PESTICIDAS E DESINFETANTES|4874102|418724|DESINFETANTE BACTERICIDA - PARA SUPERFICIES E ARTIGOS NAO CRITICOS,SEM PERFUME,PRINCIPIO ATIVO A BASE DE N(3- AMINOPROPIL) N(DODECILPROPANE-1, 3-DIAMINO 5,1%, CLORETO DE DEDECILMETILAMONIO 2,5%, EXCIPIENTES; BACTERICIDA: ENTEROCOCCUS HIRAE, E.COLI, ACINETOBACTER BAUMANNII BLEA, M.TERRAE; VIRUSCIDA: HIV1, PRV, BVDV, SEM PERFUME, SEM ALCOOL, NAO CORROSIVO; COMPATIVEL COM POLIMEROS, METAIS, COBRE E LATAO; BIODEGRADAVEL, NAO IRRITANTE,DILUICAO 0,25%(2,50ML/L)|DESINFETANTE, PRINCÍPIO ATIVO: À BASE DE DIDECILDIMETILAMÔNIO E PHMB , FORMA FÍSICA: SOLUÇÃO AQUOSA CONCENTRADA 
760|OK_SEM_FLAGS|False|False|False|MATERIAIS DE USO TECNICO HOSPITALAR|PESTICIDAS E DESINFETANTES|5535689|460923|DESINFETANTE ESTERILIZANTE - A BASE DE PEROXIDO DE HIDROGENIO,APRESENTA LAUDOS DE ATIVIDADE BACTERICIDA, VIRUCIDA, FUNGICIDA,INCLUINDO CANDIDA AURIS,POSSUI INDICACAO DE USO PARA EQUIPAMENTOS HOSPITALARES E ACESSORIOS MEDICOS|DETERGENTE SANEANTE, ASPECTO FÍSICO: LÍQUIDO , COMPOSIÇÃO: PERÓXIDO DE HIDROGÊNIO , OUTROS COMPONENTES: TENSOATIVO NÃO IÔNICO 
762|OK_SEM_FLAGS|False|False|False|MATERIAIS DE USO TECNICO HOSPITALAR|"SUBSTÂNCIAS PARA DIAGNÓSTICO ""IN VITRO"",  REAGENTES,  CONJUNTOS E JOGOS PARA TESTE"|2272261|337958|FITA TESTE - PARA ANALITICAS PARA DETERMINAR O TEOR DE ACIDO PERACETICO ¨IN EQUILIBRIO¨, EM USO., EM SOLUCAO ESTERELIZANTE, COM BOA ATIVIDADE DE PRODUTO A BASE DE ACIDO PERACETICO (TIPO 1.10001.0001), INVOLUCRO EM EMBALAGEM CONTENDO TUBO COM 100 TIRAS, ROTULAGEM RESPEITANDO O DECRETO LEI 79094/77 MS|INDICADOR QUÍMICO, TIPO USO: EXTERNO , APRESENTAÇÃO: TIRA PLÁSTICA , CARACTERÍSTICAS ADICIONAIS: MONITORAÇÃO DA CONCENTRAÇÃO DE ÁCIDO PERACÉTICO 
764|CATMAT_ALTERNATIVO; MAPEAMENTO_INCERTO|False|False|True|VIDRARIAS, CORRELATOS E INSUMOS P/ USO LABORATORIAL|PESTICIDAS E DESINFETANTES|3300471|616691|DETERGENTE DESINFETANTE - A BASE DE CLORETO DE DIDECILDIMETILAMONIO E CLORIDRATO DE POLIHEXAMETILENO BIGUANIDA; BACTERICIDA, FUNGICIDA: CANDIDA ALBICANS E ASPERGILLUS NIGER, VIRUSCIDA: HIV-1, BVDV, PRV, ROTAVIRUS, VIRUS DA HERPES E VIRUS DA INFLUENZA (H5N1) E CALLICIVIRUS FELINO, PRONTO PARA USO,,APRESENTACAO EM FRASCO SPRAY,SEM PERFUME, SEM ALCOOL, NAO CORROSIVO; COMPATIVEL COM POLIMEROS E METAIS;,LIMPEZA E DESINFECCAO DE SUPERFICIES HOSPITALARES,ACONDICIONADO EM EMBALAGEM APROPRIADA PARA O PRODUTO,ANVISA: 328210001|DESINFETANTE, COMPOSIÇÃO: À BASE DE QUATERNÁRIOS DE AMÔNIO , PRINCÍPIO ATIVO: ASSOCIADO À BIGUANIDA (PHMB) , TEOR ATIVO: 20,57% P/P + 0,9% P/P , FORMA FÍSICA: SOLUÇÃO AQUOSA CONCENTRADA 
764|CATMAT_ALTERNATIVO; MAPEAMENTO_INCERTO|False|False|True|VIDRARIAS, CORRELATOS E INSUMOS P/ USO LABORATORIAL|PESTICIDAS E DESINFETANTES|3300471|437412|DETERGENTE DESINFETANTE - A BASE DE CLORETO DE DIDECILDIMETILAMONIO E CLORIDRATO DE POLIHEXAMETILENO BIGUANIDA; BACTERICIDA, FUNGICIDA: CANDIDA ALBICANS E ASPERGILLUS NIGER, VIRUSCIDA: HIV-1, BVDV, PRV, ROTAVIRUS, VIRUS DA HERPES E VIRUS DA INFLUENZA (H5N1) E CALLICIVIRUS FELINO, PRONTO PARA USO,,APRESENTACAO EM FRASCO SPRAY,SEM PERFUME, SEM ALCOOL, NAO CORROSIVO; COMPATIVEL COM POLIMEROS E METAIS;,LIMPEZA E DESINFECCAO DE SUPERFICIES HOSPITALARES,ACONDICIONADO EM EMBALAGEM APROPRIADA PARA O PRODUTO,ANVISA: 328210001|DESINFETANTE, COMPOSIÇÃO: À BASE DE QUATERNÁRIO DE AMÔNIO , PRINCÍPIO ATIVO: DIDECILMETILAMÔNIO + BIGUANIDA + TENSOATIVOS , TEOR ATIVO: TEOR ATIVO CERCA DE 0,1% , FORMA FÍSICA: SOLUÇÃO AQUOSA 
765|CATMAT_ALTERNATIVO; MAPEAMENTO_INCERTO|False|False|True|VIDRARIAS, CORRELATOS E INSUMOS P/ USO LABORATORIAL|PESTICIDAS E DESINFETANTES|3300510|458768|DETERGENTE DESINFETANTE - A BASE DE CLORETO DE DIDECILDIMETILAMONIO E CLORIDRATO DE POLIHEXAMETILENO BIGUANIDA; BACTERICIDA: ACINETOBACTER BAUMANNII, M. TUBERCULOSIS, FUNGICIDA: CANDIDA ALBICANS E ASPERGILLUS NIGER, VIRUSCIDA: HIV-1, BVDV, PRV, SEM PERFUME, SEM ALCOOL, NAO CORROSIVO; COMPATIVEL COM POLIMEROS E METAIS;,APRESENTACAO EM FRASCO,ANVISA: 3282100040016|DESINFETANTE, COMPOSIÇÃO: À BASE DE PHMB, DIDECILDIMETILAMÔNIO , PRINCÍPIO ATIVO: CLORETO ALQUIL DIMETIL BENZIL AMÔNIO , FORMA FÍSICA: EM LENÇO UMIDECIDO 
765|CATMAT_ALTERNATIVO; MAPEAMENTO_INCERTO|False|False|True|VIDRARIAS, CORRELATOS E INSUMOS P/ USO LABORATORIAL|PESTICIDAS E DESINFETANTES|3300510|437412|DETERGENTE DESINFETANTE - A BASE DE CLORETO DE DIDECILDIMETILAMONIO E CLORIDRATO DE POLIHEXAMETILENO BIGUANIDA; BACTERICIDA: ACINETOBACTER BAUMANNII, M. TUBERCULOSIS, FUNGICIDA: CANDIDA ALBICANS E ASPERGILLUS NIGER, VIRUSCIDA: HIV-1, BVDV, PRV, SEM PERFUME, SEM ALCOOL, NAO CORROSIVO; COMPATIVEL COM POLIMEROS E METAIS;,APRESENTACAO EM FRASCO,ANVISA: 3282100040016|DESINFETANTE, COMPOSIÇÃO: À BASE DE QUATERNÁRIO DE AMÔNIO , PRINCÍPIO ATIVO: DIDECILMETILAMÔNIO + BIGUANIDA + TENSOATIVOS , TEOR ATIVO: TEOR ATIVO CERCA DE 0,1% , FORMA FÍSICA: SOLUÇÃO AQUOSA 
765|CATMAT_ALTERNATIVO; MAPEAMENTO_INCERTO|False|False|True|VIDRARIAS, CORRELATOS E INSUMOS P/ USO LABORATORIAL|PESTICIDAS E DESINFETANTES|3300510|616691|DETERGENTE DESINFETANTE - A BASE DE CLORETO DE DIDECILDIMETILAMONIO E CLORIDRATO DE POLIHEXAMETILENO BIGUANIDA; BACTERICIDA: ACINETOBACTER BAUMANNII, M. TUBERCULOSIS, FUNGICIDA: CANDIDA ALBICANS E ASPERGILLUS NIGER, VIRUSCIDA: HIV-1, BVDV, PRV, SEM PERFUME, SEM ALCOOL, NAO CORROSIVO; COMPATIVEL COM POLIMEROS E METAIS;,APRESENTACAO EM FRASCO,ANVISA: 3282100040016|DESINFETANTE, COMPOSIÇÃO: À BASE DE QUATERNÁRIOS DE AMÔNIO , PRINCÍPIO ATIVO: ASSOCIADO À BIGUANIDA (PHMB) , TEOR ATIVO: 20,57% P/P + 0,9% P/P , FORMA FÍSICA: SOLUÇÃO AQUOSA CONCENTRADA 
766|MAPEAMENTO_INCERTO|False|False|True|VIDRARIAS, CORRELATOS E INSUMOS P/ USO LABORATORIAL|PESTICIDAS E DESINFETANTES|5261155|616691|DETERGENTE DESINFETANTE - COMPOSICAO DE POLIHEXAMETILENO BIGUANIDA (PHMB) E QUATERNARIO MAIOR, OU IGUAL QUE 4ª GERACAO, ISENTO DE CORANTE E ALCOOL, SEM FRAGANCIA,TEMPO DE EXPOSICAO ATE 10 MINUTOS, SOLUCAO COM DILUICAO DE 0,4 % A 4,0 % COM FITA TESTE PARA COMPROVACAO DE ATIVIDADE DE 30 DIAS APOS DILUICAO,PARA LIMPEZA E DESINFECCAO SIMUTANEA DE ARTIGOS MEDICOS DE NIVEL INTERMEDIARIO E NAO CRITICO,COM LAUDO BACTERICIDA, FUNGICIDA, VIRUSCIDA, MICROBACTERIA COM TESTE DE LABORATORIO|DESINFETANTE, COMPOSIÇÃO: À BASE DE QUATERNÁRIOS DE AMÔNIO , PRINCÍPIO ATIVO: ASSOCIADO À BIGUANIDA (PHMB) , TEOR ATIVO: 20,57% P/P + 0,9% P/P , FORMA FÍSICA: SOLUÇÃO AQUOSA CONCENTRADA 
767|MAPEAMENTO_INCERTO|False|False|True|COMPOSTOS E PREPARADOS PARA LIMPEZA HOSPITALAR|TINTAS, VERNIZES E PRODUTOS CORRELATOS|1554140|272409|DETERGENTE ENZIMATICO - BIODEGRADAVEL ACIMA DE 90%,DESENCROSTANTE,PARA INSTRUMENTAL CIRURGICO, NAO CORROSIVO, GALAO COM 5 LITROS, COM 4 ENZIMAS (AMILASE, CARBOHIDRASE, ASSOCIADAS A COMBINACAO ATIVA)|REMOVEDOR FERRUGEM, COMPOSIÇÃO: ÁCIDOS INORGÂNICOS LÍQUIDOS , APLICAÇÃO: REMOÇÃO DE CROSTAS E MANCHAS DE OXIDAÇÃO DE MATERI 
767|MAPEAMENTO_INCERTO|False|False|True|COMPOSTOS E PREPARADOS PARA LIMPEZA HOSPITALAR|TINTAS, VERNIZES E PRODUTOS CORRELATOS|1554140|346045|DETERGENTE ENZIMATICO - BIODEGRADAVEL ACIMA DE 90%,DESENCROSTANTE,PARA INSTRUMENTAL CIRURGICO, NAO CORROSIVO, GALAO COM 5 LITROS, COM 4 ENZIMAS (AMILASE, CARBOHIDRASE, ASSOCIADAS A COMBINACAO ATIVA)|REMOVEDOR FERRUGEM, COMPOSIÇÃO: ÁCIDO FOSFÓRICO/DETERGENTE NÃO IÔNICO/PROPILGLICOL , APLICAÇÃO: REMOÇÃO DE CROSTAS E MANCHAS DE OXIDAÇÃO DE MATERI 
768|MAPEAMENTO_INCERTO|False|False|True|MATERIAIS DE USO TECNICO HOSPITALAR|TINTAS, VERNIZES E PRODUTOS CORRELATOS|1958488|346045|REMOVEDOR DE OXIDACAO - SOLUCAO REVITALIZADORA DE INSTRUMENTAL CIRURGICODE ACO INOX A BASE DE ACIDO FOSFORICO A 80%.PROPIL, GLICOETER NO MIN.30% E DETERGENTE NAO IONICO NOMIN. 3% COM PH NEUTRO, GALAO COM 5 LITROS.|REMOVEDOR FERRUGEM, COMPOSIÇÃO: ÁCIDO FOSFÓRICO/DETERGENTE NÃO IÔNICO/PROPILGLICOL , APLICAÇÃO: REMOÇÃO DE CROSTAS E MANCHAS DE OXIDAÇÃO DE MATERI 
768|MAPEAMENTO_INCERTO|False|False|True|MATERIAIS DE USO TECNICO HOSPITALAR|TINTAS, VERNIZES E PRODUTOS CORRELATOS|1958488|272409|REMOVEDOR DE OXIDACAO - SOLUCAO REVITALIZADORA DE INSTRUMENTAL CIRURGICODE ACO INOX A BASE DE ACIDO FOSFORICO A 80%.PROPIL, GLICOETER NO MIN.30% E DETERGENTE NAO IONICO NOMIN. 3% COM PH NEUTRO, GALAO COM 5 LITROS.|REMOVEDOR FERRUGEM, COMPOSIÇÃO: ÁCIDOS INORGÂNICOS LÍQUIDOS , APLICAÇÃO: REMOÇÃO DE CROSTAS E MANCHAS DE OXIDAÇÃO DE MATERI 
769|MAPEAMENTO_INCERTO|False|False|True|MATERIAIS DE USO TECNICO HOSPITALAR|COMPOSTOS E PREPARADOS PARA LIMPEZA E POLIMENTO|5308429|419096|REMOVEDOR DE RESIDUOS INORGANICOS - DE ADESIVOS, COMPOSICAO : HIDROCARBONETO ALIFATICO,OLEO MANUFATURADOS DE TERPENOS DE LARANJA ESTABILIZADO E VEICULO. ASPECTO: LIQUIDO DE INCOLOR A LEVE AMARELO. DENSIDADE: 0,80 G/CM3 +/-0,05. COM BICO ASPERSOR|REMOVEDOR, TIPO: HIDROCARBONETO ALIFÁTICO SATURADO , COR: INCOLOR , ASPECTO FÍSICO: LÍQUIDO 
770|MAPEAMENTO_INCERTO|False|False|True|MATERIAIS DE USO TECNICO HOSPITALAR|ESPECIALIDADES QUÍMICAS DIVERSAS|3944700|247287|LUBRIFICANTE DE INSTRUMENTAL CIRURGICO EM ACO INOX - COMPOSTO DE EMULSIFICANTE NAO IONICO, LUBRIFICANTE MINERAL, EMULSIFICANTE NEUTRO E AGUA, NAO PEGAJOSO, ATOXICO E SEM SILICONE,TOTALMENTE PERMEAVEL A ESTERILIZACAO PELO VAPOR DE AUTOCLAVE E OXIDO DE ETILENO,REGISTRO ANVISA.|LUBRIFICANTE MINERAL, COMPOSIÇÃO: LEITES MINERAIS NEUTROS E POLÍMERO HIDROCARBONETOS , APLICAÇÃO: INSTRUMENTAL E MATERIAL CIRÚRGICO , CARACTERÍSTICAS ADICIONAIS: EMULSIFICANTE/NÃO IÔNICO/NÃO OLEOSO/NÃO PEGAJOSO 
770|MAPEAMENTO_INCERTO|False|False|True|MATERIAIS DE USO TECNICO HOSPITALAR|ESPECIALIDADES QUÍMICAS DIVERSAS|3944700|243284|LUBRIFICANTE DE INSTRUMENTAL CIRURGICO EM ACO INOX - COMPOSTO DE EMULSIFICANTE NAO IONICO, LUBRIFICANTE MINERAL, EMULSIFICANTE NEUTRO E AGUA, NAO PEGAJOSO, ATOXICO E SEM SILICONE,TOTALMENTE PERMEAVEL A ESTERILIZACAO PELO VAPOR DE AUTOCLAVE E OXIDO DE ETILENO,REGISTRO ANVISA.|LUBRIFICANTE MINERAL, COMPOSIÇÃO: LEITES MINERAIS NEUTROS E POLÍMERO HIDROCARBONETOS , APLICAÇÃO: INSTRUMENTAL E MATERIAL CIRÚRGICO , CARACTERÍSTICAS ADICIONAIS: NÃO IÔNICO, NEUTRO, NÃO OLEOSO, NÃO PEGAJOSO, SEM 
771|MAPEAMENTO_INCERTO|False|False|True|COMPOSTOS E PREPARADOS PARA LIMPEZA HOSPITALAR|"SUBSTÂNCIAS PARA DIAGNÓSTICO ""IN VITRO"",  REAGENTES,  CONJUNTOS E JOGOS PARA TESTE"|5542987|395158|PRODUTO PARA MONITORAMENTO DE LIMPEZA E DESINFECCAO - MARCADOR FLUORESCENTE,EM SPRAY, COM LATERNA DE LUZ UV/NEGRA INCLUIDA,VISIVEL SOB LUZ ULTRAVIOLETA, NAO CORROSIVO,UTILIZADO PARA A VALIDACAO DA LIMPEZA E DESINFECCAO DE SUPERFICIES|REAGENTE ANALÍTICO 4, TIPO: CONJUNTO COMPLETO PARA AUTOMAÇÃO , TIPO DE ANÁLISE: QUANTITATIVO DE ATP , CARACTERÍSTICA ADICIONAL: LUMINOMETRIA , ADICIONAL: P/ ÁGUA DE ENXÁGUE DE INSTRUMENTAIS CANULADOS 
772|MAPEAMENTO_INCERTO|False|False|True|COMPOSTOS E PREPARADOS PARA LIMPEZA HOSPITALAR|"SUBSTÂNCIAS PARA DIAGNÓSTICO ""IN VITRO"",  REAGENTES,  CONJUNTOS E JOGOS PARA TESTE"|5544050|395158|PRODUTO PARA MONITORAMENTO DE LIMPEZA E DESINFECCAO - MARCADOR FLUORESCENTE,EM SPRAY,VISIVEL SOB LUZ ULTRAVIOLETA, NAO CORROSIVO,UTILIZADO PARA A VALIDACAO DA LIMPEZA E DESINFECCAO DE SUPERFICIES|REAGENTE ANALÍTICO 4, TIPO: CONJUNTO COMPLETO PARA AUTOMAÇÃO , TIPO DE ANÁLISE: QUANTITATIVO DE ATP , CARACTERÍSTICA ADICIONAL: LUMINOMETRIA , ADICIONAL: P/ ÁGUA DE ENXÁGUE DE INSTRUMENTAIS CANULADOS 
773|OK_SEM_FLAGS|False|False|False|SOLUCOES ANTI-SEPTICAS|ESPECIALIDADES QUÍMICAS DIVERSAS|1712322|270541|SOLUCAO REVITALIZADORA DE INSTRUMENTAIS CIRURGICOS - COMPOSICAO ACIDO FOSFORICO+PROPANOL+DETERGENTE NAO IONICO,, INDICACAO DE USO REMOCAO DE FERRUGEM, MANCHAS DE OXIDACAO DE PLACAS, FORMA DE APRESENTACAO BOMBONA DE 5 LITROS, FORMA FARMACEUTICA SOLUCAO.|SOLUÇÃO LIMPEZA, COMPOSIÇÃO BÁSICA: À BASE DE ÁCIDO FOSFÓRICO E PROPANOL , CARACTERÍSTICAS ADICIONAIS: ANTIOXIDANTE, NÃO IÔNICO E NÃO ABRASIVO 
775|OK_SEM_FLAGS|False|False|False|MATERIAIS DE USO TECNICO HOSPITALAR|MATERIAIS CIRÚRGICOS PARA CURATIVOS|4566041|485862|CURATIVO A BASE DE GEL - DO TIPO GEL INCOLOR, INODORO,COMPOSTO POR AGUA PURIFICADA, POLIHEXAMETILBIGUANIDA - PHMB, BETAINA, HIDROXIETILCELULOSE, IMIDAZOLIDINIL UREIA, PROPILENOGLICOL,EDTA,ACONDICIONADO EM EMBALAGEM APROPRIADA,REGISTRO NO MS/ANVISA|CURATIVO / COBERTURA, APLICAÇÃO: P/ FERIDA , ASPECTO FÍSICO: FRASCO C/ GEL , COMPOSIçãO: À BASE DE HIDROGEL , COMPONENTE 4: C/ PHMB , ESTERILIDADE: ESTÉRIL 
776|OK_SEM_FLAGS|False|False|False|MATERIAIS DE USO TECNICO HOSPITALAR|MATERIAIS CIRÚRGICOS PARA CURATIVOS|2802562|484847|CURATIVO ABSORV.DE ALGINATO DE CALCIO E SODIO - DERIVADO DE ALGAS MARINHAS, 2 CAMADAS DE ACIDO MONORONICO E GULURONICO, PARA LESOES COM MEDIA E ALTA QUANTIDADE DE EXSUDATO COM OU SEM INFECCAO,  EM FORMA DE PLACA,MEDINDO 15 X 15CM,EMBALAGEM INDIVIDUAL INTEGRA,APROPRIADA AO METODO DE ESTERILIZACAO,QUE GARANTA A ESTERILI,DADE DO PRODUTO E PERMITA ABERTURA ASSEPTICA,TRAZENDO EXTERNAMENTE DADOS DE IDENTIFICACAO,,PROCEDENCIA, LOTE,METODO E DATA DE ESTERILI ZACAO, PRAZO DE VAL. E REGISTRO NO MS.|CURATIVO / COBERTURA, APLICAÇÃO: P/ FERIDA , ASPECTO FÍSICO: PLACA , COMPOSIçãO: À BASE DE ALGINATO , COMPONENTE 2: C/ CMC , DIMENSÃO: CERCA DE 15 X 15 CM, ESTERILIDADE: ESTÉRIL 
777|MAPEAMENTO_INCERTO|False|False|True|MATERIAIS DE USO TECNICO HOSPITALAR|MATERIAIS CIRÚRGICOS PARA CURATIVOS|2335603|484782|CURATIVO HIDROCOLOIDE - ADESIVO  COM CONTROLE DE FORMACAO DE GEL, PERMEABILIDADE SELETIVA, COMPOSTO POR CARBOXIMETILCELULOSE, COM CONTROLE DE FORMACAO DE GEL SISTEMA DE APLICACAO SEM TOQUE, EMBALAGEM EM PAPEL GRAU CIRURGICO E/OU FILME TERMOPLASTICO ESPECIFICANDO FABRICANTE, LOTE, DATA DE VALIDADE, DATA E TIPO DE ESTERILIZACAO E REGISTRO NO M.S., TAMANHO (10 X 10)CM APROXIMADAMENTE|PELÍCULA PROTETORA, TIPO: ADESIVA , COMPOSIçãO: À BASE DE HIDROCOLÓIDE , COMPONENTE 1: C/ FILME POLIURETANO (PU) , DIMENSÃO: CERCA DE 10 X 10 CM, ESTERILIDADE: ESTÉRIL 
778|OK_SEM_FLAGS|False|False|False|MATERIAIS DE USO TECNICO HOSPITALAR|MATERIAIS CIRÚRGICOS PARA CURATIVOS|1990276|484840|CURATIVO DE ALGINATO DE CALCIO - E/OU SODIO, DERIVADO DE ALGAS MARINHAS DE COR MARRONS, COMPOSTO POR CARBOXIMETILCELULOSE, ACIDOS GULURONICO E MANURONICO, FIBRAS EMBEBIDAS C/IONS DE SODIO E CALCIO EM CONCENTRACOES VARIAVEIS, MEDINDO APROX. ( 10 X 10 )CM|CURATIVO / COBERTURA, APLICAÇÃO: P/ FERIDA , ASPECTO FÍSICO: PLACA , COMPOSIçãO: À BASE DE ALGINATO , DIMENSÃO: CERCA DE 10 X 10 CM, ESTERILIDADE: ESTÉRIL 
778|OK_SEM_FLAGS|False|False|False|MATERIAIS DE USO TECNICO HOSPITALAR|MATERIAIS CIRÚRGICOS PARA CURATIVOS|1990276|484846|CURATIVO DE ALGINATO DE CALCIO - E/OU SODIO, DERIVADO DE ALGAS MARINHAS DE COR MARRONS, COMPOSTO POR CARBOXIMETILCELULOSE, ACIDOS GULURONICO E MANURONICO, FIBRAS EMBEBIDAS C/IONS DE SODIO E CALCIO EM CONCENTRACOES VARIAVEIS, MEDINDO APROX. ( 10 X 10 )CM|CURATIVO / COBERTURA, APLICAÇÃO: P/ FERIDA , ASPECTO FÍSICO: PLACA , COMPOSIçãO: À BASE DE ALGINATO , COMPONENTE 2: C/ CMC , DIMENSÃO: CERCA DE 10 X 20 CM, ESTERILIDADE: ESTÉRIL 
778|OK_SEM_FLAGS|False|False|False|MATERIAIS DE USO TECNICO HOSPITALAR|MATERIAIS CIRÚRGICOS PARA CURATIVOS|1990276|484856|CURATIVO DE ALGINATO DE CALCIO - E/OU SODIO, DERIVADO DE ALGAS MARINHAS DE COR MARRONS, COMPOSTO POR CARBOXIMETILCELULOSE, ACIDOS GULURONICO E MANURONICO, FIBRAS EMBEBIDAS C/IONS DE SODIO E CALCIO EM CONCENTRACOES VARIAVEIS, MEDINDO APROX. ( 10 X 10 )CM|CURATIVO / COBERTURA, APLICAÇÃO: P/ FERIDA , ASPECTO FÍSICO: PLACA , COMPOSIçãO: À BASE DE ALGINATO , COMPONENTE 2: C/ COLÁGENO , DIMENSÃO: CERCA DE 10 X 10 CM, ESTERILIDADE: ESTÉRIL 
779|OK_SEM_FLAGS|False|False|False|MATERIAIS DE USO TECNICO HOSPITALAR|MATERIAIS CIRÚRGICOS PARA CURATIVOS|5659710|484829|CURATIVO - ADESIVO DE ESPUMA E HIDROFIBRA, CONSTITUIDO POR 01 FILME EXTERNO IMPERMEAVEL DE POLIURETANO E 01 ALMOFADA MULTICAMADAS ABSORVENTE COM SILICONE ADESIVO PERFURADO SENDO 01 CAMADA EM ESPUMA DE POLIURETANO,01 CAMADA DE LIGACAO E 01 CAMADA NAO TECIDO DE HIDROFIBRA 100% CARBOXIMETILCELULOSE SODICA E SILICONE ADESIVO PERFURADO,CURATIVO COMPOSTO POR UM TOTAL DE 05 CAMADAS EM MULTIFORMATO, ESTERIL, USO UNICO,TAMANHO: 15,00X15,00CM|CURATIVO / COBERTURA, APLICAÇÃO: P/ FERIDA , ASPECTO FÍSICO: PLACA C/ BORDA , COMPOSIçãO: À BASE DE HIDROCOLÓIDE , COMPONENTE 1: C/ ESPUMA PU , DIMENSÃO: CERCA DE 15 X 15 CM, ESTERILIDADE: ESTÉRIL 
781|OK_SEM_FLAGS|False|False|False|MATERIAIS DE USO TECNICO HOSPITALAR|MATERIAIS CIRÚRGICOS PARA CURATIVOS|4968468|603323|CURATIVO ESTERIL - PRIMARIO, ABSORVENTE, NAO ADERENTE E NAO OCLUSIVO, COMPOSTO  POR FIBRAS POLIABSORVENTE E NUCLEO ACRILICO ENVOLTO POR POLIMEROS DE POLIACRILATO DE AMONIA E MATRIZ CICATRIZANTE TLC (TECNOLOGIA LIPIDIO COLOIDE), COM SAIS DE PRATA,TAMANHO 10,00X10,00CM|CURATIVO / COBERTURA, APLICAÇÃO: P/ FERIDA , ASPECTO FÍSICO: MALHA / GAZE , COMPOSIçãO: À BASE DE CMC E PARTÍCULAS LIPOFÍLICAS , COMPONENTE 1: C/ POLIÉSTER , COMPONENTE 4: C/ PRATA , DIMENSÃO: CERCA DE 10 X 10 CM, ESTERILIDADE: ESTÉRIL 
782|MAPEAMENTO_INCERTO|False|False|True|MATERIAIS DE USO TECNICO HOSPITALAR|MATERIAIS CIRÚRGICOS PARA CURATIVOS|2775751|483363|CURATIVO ADESIVO - COM MICRO ADERENCIA SELETIVA,CURATIVO REDONDO PEQUENO PARA COLETA DE SANGUE, COM MIOLO BRANCO,INVOLUCRO INDIVIDUAL EMBALADO EM CAIXA COM 500 UNIDADES.,CONFORME MINISTERIO DA SAUDE|CURATIVO CUTÂNEO, MODELO: TIPO PÓS - PUNÇÃO , COMPONENTE 1: C/ ALMOFADA FIBRA SINTÉTICA , COMPONENTE 2: BASE ADESIVA , DIMENSÃO: CERCA DE  2,5 CM, ESTERILIDADE: USO ÚNICO 
783|OK_SEM_FLAGS|False|False|False|MATERIAIS DE USO TECNICO HOSPITALAR|MATERIAIS CIRÚRGICOS PARA CURATIVOS|4826019|484935|CURATIVO ESTERIL DE ESPUMA DE POLIURETANO - DE USO UNICO,IMPREGNADA COM PHMB A 0,5%, NAO ADERENTE, EXTRA ABSORVENTE, COMPOSTA POR MATRIZ ESPESSA,MEDINDO APROXIMADAMENTE 10,00X10,00CM|CURATIVO / COBERTURA, APLICAÇÃO: P/ FERIDA , ASPECTO FÍSICO: PLACA , COMPOSIçãO: À BASE DE ESPUMA PU / HIDROPOLÍMERO / HIDROCELULAR , COMPONENTE 4: C/ PHMB , DIMENSÃO: CERCA DE 10 X 10 CM, ESTERILIDADE: ESTÉRIL 
784|OK_SEM_FLAGS|False|False|False|MATERIAIS DE USO TECNICO HOSPITALAR|MATERIAIS CIRÚRGICOS PARA CURATIVOS|2817152|485057|CURATIVO NAO ADESIVO - COMPOSTA DE CARVAO ATIVADO IMPREGNADO COM PRATA ENVOLTO POR CAMADA DE NAO TECIDO BASE DE NYLON,10 X 10CM SELADO EM TODA EXTENSAO , BAIXA ADERENCIA, BOA ABSORCAO, FLEXIVEL , ESTERIL, EMBALAGEM INDIVIDUAL,APRESENTACAO CONFORME DEC. LEI 79094/77 COMBINADO COM O ART.31 L.8078/90.,ROTULAGEM RESPEITANDO O DECRETO LEI 79094/77 ART.31 L.8078/90 PORT. CONJ.N.1 DE 23/1/96- M. SAUDE.|CURATIVO / COBERTURA, APLICAÇÃO: P/ FERIDA , ASPECTO FÍSICO: PLACA , COMPOSIçãO: À BASE DE CARVÃO ATIVADO , COMPONENTE 4: C/ PRATA , DIMENSÃO: CERCA DE 10 X 10 CM, ESTERILIDADE: ESTÉRIL 
785|OK_SEM_FLAGS|False|False|False|MATERIAIS DE USO TECNICO HOSPITALAR|MATERIAIS CIRÚRGICOS PARA CURATIVOS|3940683|485051|COMPRESSA PARA CURATIVO CIRURGICO - COMPOSTO DE CARVAO ATIVADO COM PRATA,PRENSADO ENTRE DUAS CAMADAS DE POLIAMIDA, PODENDO SER CORTADO,USO UNICO,MEDINDO 10X20CM,ESTERIL,EMBALAGEM INDIVIDUAL EM PAPEL GRAU CIRURGICO,ROTULAGEM RESPEITANDO O DECRETO LEI 79094/77 ART.31 L.8078/90 PORT.CONJ.N.1 DE 23/1/96-M.SAUDE|CURATIVO / COBERTURA, APLICAÇÃO: P/ FERIDA , ASPECTO FÍSICO: PLACA MULTICAMADA C/ BORDA , COMPOSIçãO: À BASE DE ESPUMA PU / HIDROPOLÍMERO / HIDROCELULAR , COMPONENTE 1: C/ PELÍCULA PU / POLIETILENO , COMPONENTE 3: C/ SILICONE , COMPONENTE 4: C/ PRATA E CARVÃO ATIVADO , DIMENSÃO: CERCA DE 10 X 20 CM, ESTERILIDADE: ESTÉRIL 
786|CATMAT_ALTERNATIVO|False|False|False|MATERIAIS DE USO TECNICO HOSPITALAR|MATERIAIS CIRÚRGICOS PARA CURATIVOS|3273300|484925|CURATIVO HIDROGEL COM ALGINATO - COMPOSTO DE: GEL TRANSPARENTE, INCOLOR,AGUA, CMC, PROPILENOGLICOL( PPG ),A PARTIR DE 85,00G, COM VALIDADE COMPROVADA COM NO MINIMO 28 DIAS ABERTO|CURATIVO / COBERTURA, APLICAÇÃO: P/ FERIDA , ASPECTO FÍSICO: FRASCO C/ GEL , COMPOSIçãO: À BASE DE HIDROGEL , COMPONENTE 2: C/ ALGINATO , COMPONENTES 5: C/ AGE , ESTERILIDADE: ESTÉRIL 
786|CATMAT_ALTERNATIVO|False|False|False|MATERIAIS DE USO TECNICO HOSPITALAR|MATERIAIS CIRÚRGICOS PARA CURATIVOS|3273300|484922|CURATIVO HIDROGEL COM ALGINATO - COMPOSTO DE: GEL TRANSPARENTE, INCOLOR,AGUA, CMC, PROPILENOGLICOL( PPG ),A PARTIR DE 85,00G, COM VALIDADE COMPROVADA COM NO MINIMO 28 DIAS ABERTO|CURATIVO / COBERTURA, APLICAÇÃO: P/ FERIDA , ASPECTO FÍSICO: FRASCO C/ GEL , COMPOSIçãO: À BASE DE HIDROGEL , COMPONENTE 2: C/ ALGINATO , ESTERILIDADE: ESTÉRIL 
787|OK_SEM_FLAGS|False|False|False|MATERIAIS DE USO TECNICO HOSPITALAR|MATERIAIS CIRÚRGICOS PARA CURATIVOS|2648628|484758|FILME TRANSPARENTE NAO ESTERIL - EM ROLO, HIPOALERGENICO,LIVRE DE LATEX, PERMEAVEL AO OXIGENIO E VAPOR D'GUA,ATUANDO COMO BARREIRA CONTRA LIQUIDOS, BACTERIAS E VIRUS,TAMANHO DE APROXIMADAMENTE 15CM X 10METROS.|PELÍCULA PROTETORA, TIPO: ADESIVA , COMPOSIçãO: À BASE DE POLIURETANO (PU) , DIMENSÃO: CERCA DE 15 CM, APRESENTAçãO: EM ROLO , ESTERILIDADE: USO ÚNICO 
788|OK_SEM_FLAGS|False|False|False|MATERIAIS DE USO TECNICO HOSPITALAR|INSTRUMENTOS, EQUIPAMENTOS E SUPRIMENTOS MÉDICOS  E  CIRÚRGICOS|1922661|483397|FIXADOR ESTERIL PARA CATETER PERIFERICO - COMPRESSA ABSORVENTE, DE TECIDO MACIO, COM DORSO DE RAYON E POLIESTER, RESISTENTE A AGUA, NAO OCLUSIVA, COM ADESIVO DE ACRILATO HIPOALERGENICO,RECORTE CENTRAL P/SAIDA DE EQUIPOS E TUBULACOES, 2 TIRAS EXTRAS P/ ESTABILIZACAO DE CATETERES E TUBULACOES, ESTERILIZADO POR OXIDO DE ETILENO, EMBALAGEM INDIVIDUAL, LIVRE DE LATEX, LINER DE PAPEL SILICONIZADO, ACONDICIONADO EM CAIXA, CONF. MS, TAMANHO: (50 X 74)MM, 2 FITAS P/FIXACAO (74 X 12)MM CADA, VALIDADE DE 20 MESES.|FIXADOR P/ DISPOSITIVO MÉDICO, APLICAÇÃO: P/ CATETER / SONDA , MATERIAL: BASE ADESIVA DE NÃO TECIDO , DIMENSÕES: CERCA DE 5,0 X 7,0 CM, EMBALAGEM: EMBALAGEM INDIVIDUAL 
790|OK_SEM_FLAGS|False|False|False|MATERIAIS DE USO TECNICO HOSPITALAR|INSTRUMENTOS, EQUIPAMENTOS E SUPRIMENTOS MÉDICOS  E  CIRÚRGICOS|4747968|483840|CURATIVO ADESIVO - COM ADESIVO HIPOALERGENICO, ESTERIL, RESISTENTE A AGUA, PELICULA TRANSPARENTE DE POLIURETANO SEMIPERMEAVEL,PARA FIXACAO E ESTABILIDADE DO CATETER PERIFERICO,FITA PRIMARIA DE ESTABILIZACAO INCORPORADA AO CURATIVO COM UMA TIRA EXTRA DE ADESIVO DE TECIDO MACIO,SISTEMA DE APLICACAO EM MOLDURA MEDINDO 3,8 X 4,5CM (CLX),INVOLUCRO INDIVIDUAL,ROTULAGEM COM NOME, TIPO DE ESTERILIZACAO|FIXADOR P/ DISPOSITIVO MÉDICO, APLICAÇÃO: P/ CATETER / SONDA , MATERIAL: FILME ADESIVO TRANSPARENTE , COMPONENTE ADICIONAL: FENESTRADO , DIMENSÕES: CERCA DE 5,0 X 6,0 CM, TIPO USO: ESTÉRIL , EMBALAGEM: EMBALAGEM INDIVIDUAL 
791|OK_SEM_FLAGS|False|False|False|MATERIAIS DE USO TECNICO HOSPITALAR|INSTRUMENTOS, EQUIPAMENTOS E SUPRIMENTOS MÉDICOS  E  CIRÚRGICOS|3582337|481528|FIXADOR DE TUBO ENDOTRAQUEAL - COM BARREIRA DE RESINAS SINTETICAS ADERENTE AO ROSTO COM BRACADEIRAS DO TUBO DE ENCAIXE , COM PRESILHA EFICIENTE, TIRA ALCOCHOADA DE PESCOSO AJUSTAVEL DE FACIL E SEGURO MANUSEIO,ESTERIL,SEM REBARBAS,FIXA TUBOS DE 5 A 10 MM,EMBALAGEM INDIVIDUAL, LOTE , FABRICANTE, VALIDADE  REG. NO MS/ANVISA|FIXADOR P/ DISPOSITIVO MÉDICO, APLICAÇÃO: P/ TUBO ENDOTRAQUEAL , MATERIAL: TIRA TECIDO SINTÉTICO E HIDROCOLÓIDE , CARACTERÍSTICA: ACOLCHOADA , COMPONENTE: C/ VELCRO AJUSTÁVEL , COMPONENTE ADICIONAL: C/ PRESILHA DE FIXAÇÃO , TAMANHO: ADULTO , TIPO USO: USO ÚNICO , EMBALAGEM: EMBALAGEM INDIVIDUAL 
792|OK_SEM_FLAGS|False|False|False|MATERIAIS DE USO TECNICO HOSPITALAR|MATERIAIS CIRÚRGICOS PARA CURATIVOS|5849110|627910|CURATIVO - COMPRESSA COM COBERTURA 100% ALGODAO COM PHMB ESTERIL,IMPREGNADA COM POLIHEXAMETILENO BIGUANIDA(PHMB) 0,2%,COM ACAO ANTIMICROBIANA,ROLO 0,11X3,70M|CURATIVO / COBERTURA, APLICAÇÃO: P/ FERIDA , ASPECTO FÍSICO: MALHA / GAZE , COMPOSIçãO: À BASE DE ALGODÃO , COMPONENTE 4: C/ PHMB , DIMENSÃO: CERCA DE 15 X 15 CM, ESTERILIDADE: ESTÉRIL 
793|OK_SEM_FLAGS|False|False|False|MATERIAIS DE USO TECNICO HOSPITALAR|MATERIAIS CIRÚRGICOS PARA CURATIVOS|1882198|484751|PELICULA LAMINADA TRANSPARENTE - VAZADA COM PEQUENOS CORTES DE 4,0MM,EQUIDISTANTES2,0MM,C/MEMBRANA HIPOALERGENICA,NAO ADESIVA., COMPOSTA DE : (COPOLIMERO DE POLLURETANO,ACRILAMIDA E METACRILATO DE HIDROXIMETILA ), TAMANHO APROXIMADAMENTE 18 X 10 CM.|PELÍCULA PROTETORA, TIPO: ADESIVA , COMPOSIçãO: À BASE DE POLIURETANO (PU) , DIMENSÃO: CERCA DE 10 X 15 CM, ESTERILIDADE: ESTÉRIL 
794|OK_SEM_FLAGS|False|False|False|MATERIAIS DE USO TECNICO HOSPITALAR|MATERIAIS CIRÚRGICOS PARA CURATIVOS|4690320|484754|PELICULA LAMINADA TRANSPARENTE - VAZADA COM PEQUENOS CORTES DE 4,00MM, EQUIDISTANTES 2,00MM, COM MEMBRANA HIPOALERGENICA, NAO ADESIVA,COMPOSTA DE COPOLIMERO DE POLIURETANO, ACRILAMIDA E METACRILATO DE HIDROXIMETILA,TAMANHO APROXIMADAMENTE: 21,00X31,00CM|PELÍCULA PROTETORA, TIPO: ADESIVA , COMPOSIçãO: À BASE DE POLIURETANO (PU) , DIMENSÃO: CERCA DE 20 X 30 CM, ESTERILIDADE: ESTÉRIL 
795|OK_SEM_FLAGS|False|False|False|MATERIAIS DE USO TECNICO HOSPITALAR|INSTRUMENTOS, EQUIPAMENTOS E SUPRIMENTOS MÉDICOS  E  CIRÚRGICOS|4253256|443159|CURATIVO - LIMPADOR DE PELE SEM ENXAGUE,,FORMULA A BASE DE AGUA E LIVRE DE ALCOOL, CONTEM PH ACIDO, RECOMENDADO PARA PREVENCAO DE DERMATITE,MANTEM A BARREIRA DA PELE E SURFACTANTES IONICOS QUE LIMPAM A PELE SEM IRRITAR,APRESENTACAO DO PRODUTO DEVERA OBEDECER A LEGISLACAO VIGENTE ANVISA/MS.|ARTIGO PARA HIGIENE NO LEITO, TIPO: LIMPADOR DE PELE , COMPONENTES: IMPREGNADA C/ SABONETE, AGENTES HIDRATANTES , CARACTERíSTICAS ADICIONAIS: SEM ENXÁGUE , TIPO USO: SPRAY 
796|OK_SEM_FLAGS|False|False|False|MATERIAIS DE USO TECNICO HOSPITALAR|DROGAS E MEDICAMENTOS|6055710|390804|CURATIVO - GEL PARA LIMPEZA E HIDRATACAO DE FERIDAS CUTANEAS COM OU SEM NECROSE, CONTAMINACAO OU CRONICIDADE, COMPOSTO DE 0,1% DE UNDECILAMINOPROPIL BETAINA, 0,1% DE POLIHEXANIDA, GLICEROL, HIDROXIETILCELULOSE E AGUA PURIFICADA,PODE PERMANECER NA FERIDA POR ATE 7 DIAS,EMBALAGEM TRANSPARENTE, EM SISTEMA FECHADO, ESTERIL E LIVRE DE ENDOTOXINAS.|POLIHEXANIDA, COMPOSIÇÃO: ASSOCIADA À UNDECILAMINOPROPIL BETAÍNA , CONCENTRAÇÃO: 0,1% + 0,1% , FORMA FARMACÊUTICA: SOLUÇÃO AQUOSA 
797|OK_SEM_FLAGS|False|False|False|MATERIAIS DE USO TECNICO HOSPITALAR|COSMÉTICOS E ARTIGOS DE TOUCADOR DE NATUREZA MEDICINAL|3942155|455118|CURATIVO NAO ADESIVO - CONFECCIONADO EM RAYON, IMPREGNADO COM OLEO POLINSATURADO COM MELALEUCA E COBAIBA,MEDINDO APROXIMADAMENTE 7,5 X 7,5 CM,EMBALAGEM INDIVIDUAL ESTERIL,ROTULO N. LOTE, DATA DE FABRICACAO/VALIDADE, PROCEDENCIA, TIPO DE ESTERILIZACAO E REGISTO NO M.S.|"ÁCIDOS GRAXOS ESSENCIAIS, COMPOSIÇÃO: TCM , COMPONENTES: C/ ÓLEO DE COPAÍBA, ÓLEO DE MELALEUCA , OUTROS COMPONENTES: ASSOCIADOS COM VITAMINAS ""A"" E ""E"" , FORMA FARMACÊUTICA: EM COMPRESSA GAZE "
798|OK_SEM_FLAGS|False|False|False|MATERIAIS DE USO TECNICO HOSPITALAR|INSTRUMENTOS, EQUIPAMENTOS E SUPRIMENTOS MÉDICOS  E  CIRÚRGICOS|1973746|477281|PROTETOR CUTANEO DE ESTOMA - COMPOSTO DE GELATINA, PECTINA, CMC SODICA, POLISOBUTILENO, FORMA FARMACEUTICA PASTA MALEAVEL EM TIRA, FORMA DE APRESENTACAO APARTIR DE 60 G.|ADJUVANTE P/ ESTOMIA, APLICAÇÃO: INTESTINAL / URINÁRIA , TIPO: PROTETOR DE PELE PERIESTOMIA , MATERIAL: RESINA SINTÉTICA, S/ ÁLCOOL , ASPECTO FÍSICO: TIRA , APRESENTAÇÃO: MODELOS VARIADOS 
799|OK_SEM_FLAGS|False|False|False|MATERIAIS DE USO TECNICO HOSPITALAR|INSTRUMENTOS, EQUIPAMENTOS E SUPRIMENTOS MÉDICOS  E  CIRÚRGICOS|1990322|484799|PROTETOR CUTANEO DE ESTOMA - COMPOSTO DE PARTICULAS DE HIDROCOLOIDES (GELATINA, PECTINA E CARBOXIMETILCELULOSE SODICA), EM PO, EMBALAGEM COM NO MINIMO 6G|ADJUVANTE P/ ESTOMIA, APLICAÇÃO: INTESTINAL / URINÁRIA , TIPO: PROTETOR DE PELE PERIESTOMIA , MATERIAL: RESINA SINTÉTICA, S/ ÁLCOOL , ASPECTO FÍSICO: PÓ , APRESENTAÇÃO: FRASCO , ESTERILIDADE: USO ÚNICO 
800|OK_SEM_FLAGS|False|False|False|MATERIAIS DE USO TECNICO HOSPITALAR|MATERIAIS CIRÚRGICOS PARA CURATIVOS|1952617|484809|CURATIVO HIDROCOLOIDE - ESTERIL (FINO), GELATINA/PECTINA/CARBOXIMETILCELULOSE, CURATIVO OCLUSIVO DE CAMADA DE POLIURETANO, PLACA, ABSORVENTE, TRANSPARENTE E MOLDAVEL, TAMANHO 15CM X 15CM|CURATIVO / COBERTURA, APLICAÇÃO: P/ FERIDA , ASPECTO FÍSICO: PLACA , COMPOSIçãO: À BASE DE HIDROCOLÓIDE , COMPONENTE 1: C/ PELÍCULA PU / POLIETILENO , DIMENSÃO: CERCA DE 15 X 15 CM, ESTERILIDADE: ESTÉRIL 
801|OK_SEM_FLAGS|False|False|False|MATERIAIS DE USO TECNICO HOSPITALAR|MATERIAIS CIRÚRGICOS PARA CURATIVOS|5163129|484870|CURATIVO DE ACAO ANTIMICROBIANA - CURATIVO DE HIDROFIBRA ANTIMICROBIANO, ESTERIL, MACIO, COM ABSORCAO VERTICAL, NAO ENTRELACADO,COMPOSTO POR 100 % DE FIBRAS DE CARBOMETICELULOSE SODICA E 1,2% DE PRATA IONICA, CAPAZ DE CAPTURAR OS MICROORGANISMOS EXISTENTES NO LEITO DA FERIDA E FORMAR UM GEL MANTENDO MEIO UMIDO, CONTENDO BEC E EDTA EM SUA COMPOSICAO,APRESENTACAO EM PLACA TAMANHO 15,00 X 15,00CM|CURATIVO / COBERTURA, APLICAÇÃO: P/ FERIDA , ASPECTO FÍSICO: PLACA , COMPOSIçãO: À BASE DE HIDROFIBRA (CMC) , COMPONENTE 4: C/ PRATA , DIMENSÃO: CERCA DE 15 X 15 CM, ESTERILIDADE: ESTÉRIL 
802|MAPEAMENTO_INCERTO|False|False|True|MATERIAIS DE USO TECNICO HOSPITALAR|INSTRUMENTOS, EQUIPAMENTOS E SUPRIMENTOS MÉDICOS  E  CIRÚRGICOS|3845290|435931|SONDA RETAL - EM SILICONE,1,40M DE EXTENSAO COM CONEXAO PARA BOLSA COLETORA,ACONDICIONADO EM EMBALAGEM NAO ESTERIL, EM PLASTICO RESISTENTE E TRANSPARENTE,CONTENDO DADOS DE IDENTIFICACAO, PROCEDENCIA, LOTE, VALIDADE E REGISTRO DO MINISTERIO DA SAUDE.|SONDA TRATO DIGESTIVO, APLICAÇÃO: RETAL , MATERIAL: PVC , CALIBRE: Nº 16 , COMPRIMENTO: CERCA 40 CM, CONECTOR: CONECTOR PADRÃO C/ TAMPA , COMPONENTES: PONTA DISTAL SEMI ABERTA C/ ORIFÍCIO LATERAL , ESTERILIDADE: ESTÉRIL, DESCARTÁVEL , EMBALAGEM: EMBALAGEM INDIVIDUAL 
803|MAPEAMENTO_INCERTO|False|False|True|MATERIAIS DE USO TECNICO HOSPITALAR|INSTRUMENTOS, EQUIPAMENTOS E SUPRIMENTOS MÉDICOS  E  CIRÚRGICOS|3834719|619205|BOLSA COLETORA DE EXCRETA E MATERIAIS ORGANICOS - EM POLIETILENO FLEXIVEL,OVAL, APROXIMADAMENTE 15,00X29,00CM,,GRADUACAO A CADA 25,00ML,COM TAMPA PARA FECHAMENTO ACOPLADA AO ANEL DA BOLSA QUE SE CONECTA AO KIT DE MANEJO FECAL,CAPACIDADE DE 1,00 LITRO,EMBALAGEM DE ACORDO COM NORMAS DA ANVISA|RECIPIENTE COLETOR - USO MÉDICO, MODELO: BOLSA , APLICAçãO: P/ INCONTINÊNCIA FECAL , MATERIAL: POLÍMERO MALEÁVEL, GRADUADO , VOLUME: CERCA DE 1250 ML , FECHAMENTO: DRENÁVEL, C/ SISTEMA ANTIRREFLUXO , ESTERILIDADE: NÃO ESTÉRIL, USO ÚNICO 
804|OK_SEM_FLAGS|False|False|False|MATERIAIS DE USO TECNICO HOSPITALAR|MATERIAIS CIRÚRGICOS PARA CURATIVOS|5052718|615233|CURATIVO DE ACAO ANTIMICROBIANA - COMPOSTO DE ACETATO DIALQUIL CARBAMOIL (DACC),SUBSTANCIA FORTEMENTE HIDROFOBICA PARA REMOCAO DE BACTERIAS E OUTROS MICROORGANISMOS,MEDIDAS  APROXIMADAS 7,00 X 9,00CM|CURATIVO / COBERTURA, APLICAÇÃO: P/ FERIDA , ASPECTO FÍSICO: MALHA / GAZE , COMPONENTE 1: C/ ACETATO DE CELULOSE / RAYON , COMPONENTE 4: C/ DACC , DIMENSÃO: CERCA DE 7,5 X 10 CM, ESTERILIDADE: ESTÉRIL 
805|MAPEAMENTO_INCERTO|False|False|True|MATERIAIS DE USO TECNICO HOSPITALAR|MATERIAIS CIRÚRGICOS PARA CURATIVOS|5738113|603321|CURATIVO - ALMOFADA PARA DESBRIDAMENTO E LIMPEZA COMPOSTA DE MONOFILAMENTOS DE POLIESTER, COM O LADO OPOSTO REVESTIDO POR POLIACRILATO,INDICADO PARA REALIZACAO DE DESBRIDAMENTO RAPIDO E EFICAZ EM FERIDAS, MEDINDO 10,00X10,00CM,ESTERIL, DE USO UNICO E NAO RECORTAVEL|CURATIVO / COBERTURA, APLICAÇÃO: P/ FERIDA , ASPECTO FÍSICO: MALHA / GAZE , COMPOSIçãO: À BASE DE CMC E PARTÍCULAS LIPOFÍLICAS , COMPONENTE 1: C/ POLIÉSTER , DIMENSÃO: CERCA DE 10 X 10 CM, ESTERILIDADE: ESTÉRIL 
806|OK_SEM_FLAGS|False|False|False|MATERIAIS DE USO TECNICO HOSPITALAR|MATERIAIS CIRÚRGICOS PARA CURATIVOS|5357764|484962|CURATIVO - COM COBERTURA DE POLIMERO, ESPUMA DE POLIURETANO E SILICONE, PARA REGIAO SACRAL,COM MULTICAMADAS, AUTOADERENTE, ATRAUMATICO, SENDO 01 CAMADA ABSORVENTE COM  FILME DE POLIURETANO, 01 CAMADA SUPER ABSORVENTE DE FIBRA DE CELULOSE, POLIETILENO, POLIPROPILENO E COPOLIMERO ACRILATO,01 CAMADA DISPERSIVA DE NAO TECIDO, E 01 CAMADA PERFURADA DE CONTATO EM SILICONE,ESTERIL, MEDINDO 17,80X17,30CM|CURATIVO / COBERTURA, APLICAÇÃO: P/ FERIDA , ASPECTO FÍSICO: PLACA C/ BORDA , COMPOSIçãO: À BASE DE ESPUMA PU / HIDROPOLÍMERO / HIDROCELULAR , COMPONENTE 1: C/ PELÍCULA PU / POLIETILENO , DIMENSÃO: CERCA DE 17,5 X 17,5 CM, ESTERILIDADE: ESTÉRIL 
806|OK_SEM_FLAGS|False|False|False|MATERIAIS DE USO TECNICO HOSPITALAR|MATERIAIS CIRÚRGICOS PARA CURATIVOS|5357764|485019|CURATIVO - COM COBERTURA DE POLIMERO, ESPUMA DE POLIURETANO E SILICONE, PARA REGIAO SACRAL,COM MULTICAMADAS, AUTOADERENTE, ATRAUMATICO, SENDO 01 CAMADA ABSORVENTE COM  FILME DE POLIURETANO, 01 CAMADA SUPER ABSORVENTE DE FIBRA DE CELULOSE, POLIETILENO, POLIPROPILENO E COPOLIMERO ACRILATO,01 CAMADA DISPERSIVA DE NAO TECIDO, E 01 CAMADA PERFURADA DE CONTATO EM SILICONE,ESTERIL, MEDINDO 17,80X17,30CM|CURATIVO / COBERTURA, APLICAÇÃO: P/ FERIDA , ASPECTO FÍSICO: PLACA MULTICAMADA , COMPOSIçãO: À BASE DE ESPUMA PU / HIDROPOLÍMERO / HIDROCELULAR , COMPONENTE 1: C/ PELÍCULA PU / POLIETILENO , COMPONENTE 3: C/ SILICONE , DIMENSÃO: CERCA DE 17,5 X 17,5 CM, ESTERILIDADE: ESTÉRIL 
807|MAPEAMENTO_INCERTO|False|False|True|MATERIAIS DE USO TECNICO HOSPITALAR|MATERIAIS CIRÚRGICOS PARA CURATIVOS|5357772|485044|CURATIVO - COM COBERTURA DE POLIMERO, ESPUMA DE POLIURETANO E SILICONE, PARA REGIAO SACRAL,COM MULTICAMADAS, AUTOADERENTE, ATRAUMATICO, SENDO 01 CAMADA ABSORVENTE COM  FILME DE POLIURETANO, 01 CAMADA SUPER ABSORVENTE DE FIBRA DE CELULOSE, POLIETILENO, POLIPROPILENO E COPOLIMERO ACRILATO,01 CAMADA DISPERSIVA DE NAO TECIDO, E 01 CAMADA PERFURADA DE CONTATO EM SILICONE,ESTERIL, MEDINDO 23,40X23,40CM|CURATIVO / COBERTURA, APLICAÇÃO: P/ FERIDA , ASPECTO FÍSICO: PLACA MULTICAMADA C/ BORDA , COMPOSIçãO: À BASE DE ESPUMA PU / HIDROPOLÍMERO / HIDROCELULAR , COMPONENTE 1: C/ PELÍCULA PU / POLIETILENO , COMPONENTE 3: C/ SILICONE , FORMATO: SACRAL, TAMANHO G , ESTERILIDADE: ESTÉRIL 
808|OK_SEM_FLAGS|False|False|False|MATERIAIS DE USO TECNICO HOSPITALAR|MATERIAIS CIRÚRGICOS PARA CURATIVOS|4968476|603324|CURATIVO ESTERIL - PRIMARIO, ABSORVENTE, NAO ADERENTE E NAO OCLUSIVO, COMPOSTO POR FIBRAS POLIABSORVENTES E NUCLEO ACRILICO ENVOLTO POR POLIMEROS DE POLIACRILATO DE AMONIA E MATRIZ CICATRIZANTE TLC (TECNOLOGIA LIPIDIO COLOIDE), COM SAIS DE PRATA,TAMANHO 15,00X15,00CM|CURATIVO / COBERTURA, APLICAÇÃO: P/ FERIDA , ASPECTO FÍSICO: MALHA / GAZE , COMPOSIçãO: À BASE DE CMC E PARTÍCULAS LIPOFÍLICAS , COMPONENTE 1: C/ POLIÉSTER , COMPONENTE 4: C/ PRATA , DIMENSÃO: CERCA DE 15 X 15 CM, ESTERILIDADE: ESTÉRIL 
809|OK_SEM_FLAGS|False|False|False|MATERIAIS DE USO TECNICO HOSPITALAR|INSTRUMENTOS, EQUIPAMENTOS E SUPRIMENTOS MÉDICOS  E  CIRÚRGICOS|1952501|484701|CURATIVO DE COMPRESSA NAO ADERENTE - COM ORIFICIO CENTRAL, CORTADO EM FORMA DE ESTRELA, COMPOSTO DE FALSO TECIDO, FLEXIVEL E SUAVE,COM FIBRAS ALUMINIZADAS NA FACE DE CONTATO C/A FERIDA, ALTAMENTE ABSORVENTE, ESTERIL, DESCARTAVEL, INDICADO P/FERIDAS DE TRAQUEOSTOMIA E DRENOS, COMPRESSA DE 8X9CM, EMBALADA INDIVIDUALMENTE|ADJUVANTE P/ ESTOMIA, APLICAÇÃO: RESPIRATÓRIA , TIPO: COBERTURA PROTETORA DE ESTOMA - SISTEMA 1 PEÇA , MATERIAL: ESPUMA PU , TIPO USO: P/ TRAQUEOSTOMIA , TAMANHO: ADULTO , ESTERILIDADE: DESCARTÁVEL 
810|MAPEAMENTO_INCERTO|False|False|True|MATERIAIS DE USO TECNICO HOSPITALAR|MATERIAIS CIRÚRGICOS PARA CURATIVOS|3495361|628516|MALHA TUBULAR - TIPO REDE TUBULAR,PARA FIXACAO DE CURATIVO,COMPOSTA DE 24 POR CENTO DE ELASTODIENO E 76 POR CENTO DE POLIAMIDA,HIPOALERGENICO,ENTRALACAMENTO UNIFORME E FIXO DOS FIOS,COM ELASTICIDADE ADEQUADA E COM IDENTIFICACAO DE TARJA NA COR AMARELA, CALIBRE 3,0 (21 MM),EMBALAGEM CONTENDO DADOS DE IDENTIFICACAO,PROCEDENCIA,LOTE ,VALIDADE E REGISTRO NO MS.|MALHA TUBULAR - USO EM SAÚDE, MATERIAL: TECIDO DE FIBRAS SINTÉTICAS , LARGURA: CERCA DE 20 CM , ESTERILIDADE: NÃO ESTÉRIL 
811|MAPEAMENTO_INCERTO|False|False|True|MATERIAIS DE USO TECNICO HOSPITALAR|MATERIAIS CIRÚRGICOS PARA CURATIVOS|3495370|628516|MALHA TUBULAR - TIPO REDE TUBULAR,PARA FIXACAO DE CURATIVO,COMPOSTA DE 24 POR CENTO DE ELASTODIENO E 76 POR CENTO DE POLIAMIDA,HIPOALERGENICO,ENTRALACAMENTO UNIFORME E FIXO DOS FIOS,COM ELASTICIDADE ADEQUADA E COM IDENTIFICACAO DE TARJA NA COR MARROM, CALIBRE 4,0 (23MM),EMBALAGEM CONTENDO DADOS DE IDENTIFICACAO,PROCEDENCIA,LOTE ,VALIDADE E REGISTRO NO MS.|MALHA TUBULAR - USO EM SAÚDE, MATERIAL: TECIDO DE FIBRAS SINTÉTICAS , LARGURA: CERCA DE 20 CM , ESTERILIDADE: NÃO ESTÉRIL 
812|OK_SEM_FLAGS|False|False|False|MATERIAIS DE USO TECNICO HOSPITALAR|MATERIAIS CIRÚRGICOS PARA CURATIVOS|3495400|628517|MALHA TUBULAR - TIPO REDE TUBULAR,PARA FIXACAO DE CURATIVO,COMPOSTA DE 24 POR CENTO DE ELASTODIENO E 76 POR CENTO DE POLIAMIDA,HIPOALERGENICO,ENTRALACAMENTO UNIFORME E FIXO DOS FIOS,COM ELASTICIDADE ADEQUADA E COM IDENTIFICACAO DE TARJA NA COR VERDE ESCURO, CALIBRE 5,0 (29 MM),EMBALAGEM CONTENDO DADOS DE IDENTIFICACAO,PROCEDENCIA,LOTE ,VALIDADE E REGISTRO NO MS.|MALHA TUBULAR - USO EM SAÚDE, MATERIAL: TECIDO DE FIBRAS SINTÉTICAS , LARGURA: CERCA DE 25 CM , ESTERILIDADE: NÃO ESTÉRIL 
812|OK_SEM_FLAGS|False|False|False|MATERIAIS DE USO TECNICO HOSPITALAR|MATERIAIS CIRÚRGICOS PARA CURATIVOS|3495400|628518|MALHA TUBULAR - TIPO REDE TUBULAR,PARA FIXACAO DE CURATIVO,COMPOSTA DE 24 POR CENTO DE ELASTODIENO E 76 POR CENTO DE POLIAMIDA,HIPOALERGENICO,ENTRALACAMENTO UNIFORME E FIXO DOS FIOS,COM ELASTICIDADE ADEQUADA E COM IDENTIFICACAO DE TARJA NA COR VERDE ESCURO, CALIBRE 5,0 (29 MM),EMBALAGEM CONTENDO DADOS DE IDENTIFICACAO,PROCEDENCIA,LOTE ,VALIDADE E REGISTRO NO MS.|MALHA TUBULAR - USO EM SAÚDE, MATERIAL: TECIDO DE FIBRAS SINTÉTICAS , LARGURA: CERCA DE 30 CM , ESTERILIDADE: NÃO ESTÉRIL 
813|MAPEAMENTO_INCERTO|False|False|True|MATERIAIS DE USO TECNICO HOSPITALAR|MATERIAIS CIRÚRGICOS PARA CURATIVOS|3495426|628518|MALHA TUBULAR - TIPO REDE TUBULAR,PARA FIXACAO DE CURATIVO,COMPOSTA DE 24 POR CENTO DE ELASTODIENO E 76 POR CENTO DE POLIAMIDA,HIPOALERGENICO,ENTRALACAMENTO UNIFORME E FIXO DOS FIOS,COM ELASTICIDADE ADEQUADA E COM IDENTIFICACAO DE TARJA NA COR LARANJA, CALIBRE 6,0 (57 MM),EMBALAGEM CONTENDO DADOS DE IDENTIFICACAO,PROCEDENCIA,LOTE ,VALIDADE E REGISTRO NO MS.|MALHA TUBULAR - USO EM SAÚDE, MATERIAL: TECIDO DE FIBRAS SINTÉTICAS , LARGURA: CERCA DE 30 CM , ESTERILIDADE: NÃO ESTÉRIL 
814|OK_SEM_FLAGS|False|False|False|MATERIAIS DE USO TECNICO HOSPITALAR|MATERIAIS CIRÚRGICOS PARA CURATIVOS|3495566|628513|MALHA TUBULAR - TIPO REDE TUBULAR,PARA FIXACAO DE CURATIVO,COMPOSTA DE 24 POR CENTO DE ELASTODIENO E 76 POR CENTO DE POLIAMIDA,HIPOALERGENICO,ENTRALACAMENTO UNIFORME E FIXO DOS FIOS,COM ELASTICIDADE ADEQUADA E COM IDENTIFICACAO DE TARJA NA COR AZUL MARINHO, CALIBRE 10,0 (100 MM),EMBALAGEM  CONTENDO DADOS DE IDENTIFICACAO,PROCEDENCIA,LOTE ,VALIDADE E REGISTRO NO MS.|MALHA TUBULAR - USO EM SAÚDE, MATERIAL: TECIDO DE FIBRAS SINTÉTICAS , LARGURA: CERCA DE 10 CM , ESTERILIDADE: NÃO ESTÉRIL 
815|OK_SEM_FLAGS|False|False|False|MATERIAIS DE USO TECNICO HOSPITALAR|MATERIAIS CIRÚRGICOS PARA CURATIVOS|5358639|477869|BANDAGEM - AGE (ACIDOS GRAXOS ESSENCIAIS), IMPREGNADA COM PASTA DE OXIDO DE ZINCO MICRONIZADO, T.C.M, E SILICA HIDROFOBA,PARA TRATAMENTO DE FERIDAS AGUDAS E CRONICAS,ACAO CICRATIZANTE E HIDRATANTE,PROTECAO DA PELE,.,.,DIMENSOES APROXIMADAS  7,5 X 20CM,.,EMBALAGEM APROPRIADA|BOTA DE UNNA, MATERIAL: MALHA DE TECIDO SINTÉTICO E ALGODÃO , COMPOSIÇÃO ADICIONAL: IMPREGNADA C/ PASTA ÓXIDO DE ZINCO E ASSOCIAÇÕES , DIMENSÕES: CERCA DE 7,5 CM X 9 M , EMBALAGEM: EM ROLO, EMBALAGEM INDIVIDUAL , TIPO USO: USO ÚNICO 
816|OK_SEM_FLAGS|False|False|False|MATERIAIS DE USO TECNICO HOSPITALAR|INSTRUMENTOS, EQUIPAMENTOS E SUPRIMENTOS MÉDICOS  E  CIRÚRGICOS|2350793|477280|PLACA PROTETORA DE PELE - DE 20 X 20 CM, PARA PROTECAO DE PELE PERIOSTOMAL, FLEXIVEL E AUTO-ADESIVA.|ADJUVANTE P/ ESTOMIA, APLICAÇÃO: INTESTINAL / URINÁRIA , TIPO: PROTETOR DE PELE PERIESTOMIA , MATERIAL: RESINA SINTÉTICA, S/ ÁLCOOL , ASPECTO FÍSICO: PLACA , TAMANHO: CERCA DE 20 X 20 MM 
818|OK_SEM_FLAGS|False|False|False|MATERIAIS DE USO TECNICO HOSPITALAR|MATERIAIS CIRÚRGICOS PARA CURATIVOS|5652910|485022|CURATIVO - ADESIVO DE ESPUMA E HIDROFIBRA, CONSTITUIDO POR 01 FILME EXTERNO IMPERMEAVEL DE POLIURETANO E 01 ALMOFADA MULTICAMADAS ABSORVENTE COM SILICONE ADESIVO PERFURADO SENDO 01 CAMADA EM ESPUMA DE POLIURETANO,01 CAMADA DE LIGACAO E 01 CAMADA NAO TECIDO DE HIDROFIBRA 100% CARBOXIMETILCELULOSE SODICA E SILICONE ADESIVO PERFURADO,CURATIVO COMPOSTO POR UM TOTAL DE 05 CAMADAS EM FORMATO SACRAL, ESTERIL, USO UNICO,TAMANHO 24,0 X 21,5 CM|CURATIVO / COBERTURA, APLICAÇÃO: P/ FERIDA , ASPECTO FÍSICO: PLACA MULTICAMADA , COMPOSIçãO: À BASE DE ESPUMA PU / HIDROPOLÍMERO / HIDROCELULAR , COMPONENTE 1: C/ PELÍCULA PU / POLIETILENO , COMPONENTE 3: C/ SILICONE , FORMATO: CALCÂNEO, TAMANHO G , ESTERILIDADE: ESTÉRIL 
818|OK_SEM_FLAGS|False|False|False|MATERIAIS DE USO TECNICO HOSPITALAR|MATERIAIS CIRÚRGICOS PARA CURATIVOS|5652910|485023|CURATIVO - ADESIVO DE ESPUMA E HIDROFIBRA, CONSTITUIDO POR 01 FILME EXTERNO IMPERMEAVEL DE POLIURETANO E 01 ALMOFADA MULTICAMADAS ABSORVENTE COM SILICONE ADESIVO PERFURADO SENDO 01 CAMADA EM ESPUMA DE POLIURETANO,01 CAMADA DE LIGACAO E 01 CAMADA NAO TECIDO DE HIDROFIBRA 100% CARBOXIMETILCELULOSE SODICA E SILICONE ADESIVO PERFURADO,CURATIVO COMPOSTO POR UM TOTAL DE 05 CAMADAS EM FORMATO SACRAL, ESTERIL, USO UNICO,TAMANHO 24,0 X 21,5 CM|CURATIVO / COBERTURA, APLICAÇÃO: P/ FERIDA , ASPECTO FÍSICO: PLACA MULTICAMADA , COMPOSIçãO: À BASE DE ESPUMA PU / HIDROPOLÍMERO / HIDROCELULAR , COMPONENTE 1: C/ PELÍCULA PU / POLIETILENO , COMPONENTE 3: C/ SILICONE , FORMATO: SACRAL, TAMANHO G , ESTERILIDADE: ESTÉRIL 
818|OK_SEM_FLAGS|False|False|False|MATERIAIS DE USO TECNICO HOSPITALAR|MATERIAIS CIRÚRGICOS PARA CURATIVOS|5652910|485044|CURATIVO - ADESIVO DE ESPUMA E HIDROFIBRA, CONSTITUIDO POR 01 FILME EXTERNO IMPERMEAVEL DE POLIURETANO E 01 ALMOFADA MULTICAMADAS ABSORVENTE COM SILICONE ADESIVO PERFURADO SENDO 01 CAMADA EM ESPUMA DE POLIURETANO,01 CAMADA DE LIGACAO E 01 CAMADA NAO TECIDO DE HIDROFIBRA 100% CARBOXIMETILCELULOSE SODICA E SILICONE ADESIVO PERFURADO,CURATIVO COMPOSTO POR UM TOTAL DE 05 CAMADAS EM FORMATO SACRAL, ESTERIL, USO UNICO,TAMANHO 24,0 X 21,5 CM|CURATIVO / COBERTURA, APLICAÇÃO: P/ FERIDA , ASPECTO FÍSICO: PLACA MULTICAMADA C/ BORDA , COMPOSIçãO: À BASE DE ESPUMA PU / HIDROPOLÍMERO / HIDROCELULAR , COMPONENTE 1: C/ PELÍCULA PU / POLIETILENO , COMPONENTE 3: C/ SILICONE , FORMATO: SACRAL, TAMANHO G , ESTERILIDADE: ESTÉRIL 
819|MAPEAMENTO_INCERTO|False|False|True|SOLUCOES ANTI-SEPTICAS|DROGAS E MEDICAMENTOS|5358671|615403|SABAO ANTI-SEPTICO - COM POLIHEXANIDA (PHMB), USO DOMESTICO E HOSPITALAR, ACAO BACTERICIDA, FUNGICIDA E VIRUCIDA, PARA HIGIENIZACAO CORPORAL,COCOAMIDOPROPILBETAINA, GLICERINA, POLIHEXANIDA E CARBOXIMETILCELULOSE,LIQUIDO,EMBALAGEM APROPRIADA|POLIHEXANIDA, COMPOSIÇÃO: ASSOCIADA À COCOAMIDOPROPIL BETAÍNA , CONCENTRAÇÃO: 0,1% + 0,1% , FORMA FARMACÊUTICA: SOLUÇÃO AQUOSA 
820|MAPEAMENTO_INCERTO|False|False|True|SOLUCOES ANTI-SEPTICAS|INSTRUMENTOS, EQUIPAMENTOS E SUPRIMENTOS MÉDICOS  E  CIRÚRGICOS|3832481|433497|SOLUCAO ANTI-SEPTICA - PARA ASSEPSIA DA PELE,COMPOSTO POR DETERGENTE(COCOANFIACETATO DISODICO)  ANFOTERO,LAURISULFATO DE SODIO PROPILENOGLICOL,ALANTOINA ,ALCOOL ISOPROPILICO,METILPARABENOS,,EMBALAGEM APROPRIADA PARA O PRODUTO,ASSEPSIA DA PELE,FRAGANCIA EM AGUA PURIFICADA|SOLUÇÃO USO MÉDICO, TIPO: P/ REMOÇÃO DE RESÍDUOS EM OSTOMIZADOS , COMPOSIÇÃO: ALCOÓLICA, À BASE DE TENSOATIVOS , OUTROS COMPONENTES: COM ALANTOÍNA E ÓLEO DE CÔCO , APLICAÇÃO: USO TÓPICO 
821|OK_SEM_FLAGS|False|False|False|MATERIAIS DE USO TECNICO HOSPITALAR|INSTRUMENTOS, EQUIPAMENTOS E SUPRIMENTOS MÉDICOS  E  CIRÚRGICOS|2648598|477288|SOLUCAO POLIMERICA - DE SECAGEM RAPIDA, PELICULA PROTETORA INDOLOR, TRANSPARENTE E DURAVEL,RESITENTE A AGUA E PERMEAVEL AO AR,PERMITINDO  A TRANSPIRACAO DA PELE.,NAO POSSUI ALCOOL.,EM FRASCO SPRAY CONTENDO APROXIMADAMENTE 28ML.|ADJUVANTE P/ ESTOMIA, APLICAÇÃO: INTESTINAL / URINÁRIA , TIPO: PROTETOR DE PELE PERIESTOMIA , MATERIAL: SOLUÇÃO POLIMÉRICA, S/ ÁLCOOL , ASPECTO FÍSICO: LÍQUIDO , TIPO USO: P/ FORMAR PELÍCULA , APRESENTAÇÃO: SPRAY 
822|MAPEAMENTO_INCERTO|False|False|True|MATERIAIS DE USO TECNICO HOSPITALAR|INSTRUMENTOS, EQUIPAMENTOS E SUPRIMENTOS MÉDICOS  E  CIRÚRGICOS|4179730|477261|REMOVEDOR DE CURATIVO - ADESIVO MEDICO E DISPOSITIVO DA PELE, COMPOSTO DE SILICONE BIOCOMPATIVEL, HIPOALERGENICO, INODORO, ACONDICONADO EM RECIPIENTE SELADO COM VALVULA DE PULVERIZACAO CONTINUA E TAMPA PROTETORA EXTERNA, DE SECAGEM RAPIDA, SEM RESIDUOS E LIVRES DE VEICULO ALCOOLICO OU OLEOSO,SPRAY AEROSSOL|ADJUVANTE P/ ESTOMIA, APLICAÇÃO: INTESTINAL / URINÁRIA , TIPO: REMOVEDOR DE ADESIVO , MATERIAL: À BASE DE SILICONE , ASPECTO FÍSICO: LÍQUIDO , TIPO USO: P/ USO CUTÂNEO 
823|OK_SEM_FLAGS|False|False|False|MATERIAIS DE USO TECNICO HOSPITALAR|MATERIAIS CIRÚRGICOS PARA CURATIVOS|4253221|484317|CURATIVO - COM RESERVATORIO PARA COLETA DE EXSUDATO DA FERIDA, SISTEMA DE DRENAGEM A VACUO, COPO DE PVC ACRILICO CINZA OPACO, QUE PERMITA A VISUALIZACAO DA SECRECAO,CAPACIDADE: 300 ML,COM GEL HIDROFOBICO GRANULADOR E SOLIDIFICADOR DE SECRECAO, FILTRO DE CARVAO PARA NEUTRALIZAR ODOR, CONEXAO DE ENGATE RAPIDO E TAMPA DE VEDACAO, ATOXICO E APIROGENICO,EMBALADO EM MATERIAL QUE PROMOVA BARREIRA MICROBIANA E QUE PERMITA A TRANSFERENCIA ASSEPTICA. ROTULO N. LOTE, DATA FABRICACAO/VALIDADE E PROCEDENCIA. REGISTRO ANVISA/MS.|MATERIAL P/ TERAPIA PRESSÃO SUBATMOSFÉRICA - VÁCUO, COMPONENTE 1: TUBO CONECTOR , COMPONENTE 4: RESERVATÓRIO CERCA DE 250 ML C/ FILTRO E GEL , COMPATIBILIDADE: COMPATIBILIDADE ESPECÍFICA , TIPO USO: USO ÚNICO , EMBALAGEM: EMBALAGEM INDIVIDUAL 
824|OK_SEM_FLAGS|False|False|False|MATERIAIS DE USO TECNICO HOSPITALAR|MATERIAIS CIRÚRGICOS PARA CURATIVOS|4855477|484318|CURATIVO - COM RESERVATORIO CAPACIDADE 800,00ML PARA COLETA DE EXSUDATO DA FERIDA, SISTEMA DE DRENAGEM A VACUO, COPO DE PVC ACRILICO CINZA OPACO,QUE PERMITA VISUALIZACAO DA SECRECAO, COM GEL HIDROFOBICO, GRANULADOR E SOLIDIFICADOR DE SECRECAO, FILTRO DE CARVAO PARA NEUTRALIZAR ODOR,CONEXAO DE ENGATE RAPIDA E TAMPA DE VEDACAO, ATOXICO E APIROGENICO,EMBALADO EM MATERIAL QUE PROMOVA BARREIRA MICROBIANA E QUE PERMITA A TRANSFERENCIA ASSEPTICA|MATERIAL P/ TERAPIA PRESSÃO SUBATMOSFÉRICA - VÁCUO, COMPONENTE 1: TUBO CONECTOR , COMPONENTE 4: RESERVATÓRIO CERCA DE 750 ML C/ FILTRO E GEL , COMPATIBILIDADE: COMPATIBILIDADE ESPECÍFICA , TIPO USO: USO ÚNICO , EMBALAGEM: EMBALAGEM INDIVIDUAL 
825|OK_SEM_FLAGS|False|False|False|MATERIAIS DE USO TECNICO HOSPITALAR|MATERIAIS CIRÚRGICOS PARA CURATIVOS|2822369|484315|RESERVATORIO - EM PVC COM CAP. DE 500ML ESTERIL COM GEL GRANULADOR(DESODORANTE E BACTERIOSTATICO)RESISTENTE A QUEDA,PARA ARMAZENAMENTO DE FLUIDOS ATRAVES DO TUBO EM PVC COM 70CM DE COMPRIMENTO COM PINCA CORTA FLUIDO, E CONEXAO ENGATE RAPIDO EM UMA DAS EXTREMIDADE, EMBALAGEM INDIVIDUAL ESTERIL,NA EMBALAGEM DEVERAO CONSTAR OS DADOS DE IDENTIFICACAO, PROCEDENCIA,DATA DE FABRICACAO, TIPO ESTERILIZACAO, PRAZO DE VALIDADE E REGISTRO DO MINISTERIO DA SAUDE.|MATERIAL P/ TERAPIA PRESSÃO SUBATMOSFÉRICA - VÁCUO, COMPONENTE 1: TUBO CONECTOR , COMPONENTE 4: RESERVATÓRIO CERCA DE 500 ML C/ GEL , COMPATIBILIDADE: COMPATIBILIDADE ESPECÍFICA , TIPO USO: USO ÚNICO , EMBALAGEM: EMBALAGEM INDIVIDUAL 
826|MAPEAMENTO_INCERTO|False|False|True|MATERIAIS DE USO TECNICO HOSPITALAR|INSTRUMENTOS, EQUIPAMENTOS E SUPRIMENTOS MÉDICOS  E  CIRÚRGICOS|2346931|419271|CURATIVO ESTERIL - COMPOSTO POR: 55% DE COLAGENO, 44% DE CELULOSE REGENERADA OXIDADA E 15% DE PRATA., TAMANHO DE 123 CM.|MATRIZ REGENERAÇÃO DÉRMICA, MATERIAL: COLÁGENO E ELASTINA , COMPOSIÇÃO: TRIDIMENSIONAL , FORMATO: FOLHA , DIMENSÕES: CERCA DE 15 X 10 CM, CARACTERÍSTICAS ADICIONAIS: ESTÉRIL, USO ÚNICO 
827|OK_SEM_FLAGS|False|False|False|MATERIAIS DE USO TECNICO HOSPITALAR|MATERIAIS CIRÚRGICOS PARA CURATIVOS|4253043|484290|CURATIVO - EM POLIURETANO, HIDROFILA, ESTERIL, HIPOALERGENICA,TAMANHO PEQUENO, MEDINDO 10,0 X 7,5 X 3,3CM,PARA TRATAMENTO DE PRESSAO NEGATIVA,EMBALAGEM EM PAPEL GRAU CIRURGICO, ROTULO COM NUMERO DO LOTE, PROCEDENCIA, DATA FABRICACAO/VALIDADE, TIPO DE ESTERILIZACAO E REGISTRO NO MINISTERIO DA SAUDE|MATERIAL P/ TERAPIA PRESSÃO SUBATMOSFÉRICA - VÁCUO, TIPO CURATIVO: ESPONJA POLIURETANO , DIMENSÃO 1: CERCA DE 7,5 X 10 CM, TIPO USO: ESTÉRIL , EMBALAGEM: EMBALAGEM INDIVIDUAL 
828|OK_SEM_FLAGS|False|False|False|MATERIAIS DE USO TECNICO HOSPITALAR|MATERIAIS CIRÚRGICOS PARA CURATIVOS|4253051|484297|CURATIVO - EM POLIURETANO, HIDROFILA, ESTERIL, HIPOALERGENICA,TAMANHO MEDIO, MEDINDO 18,0 X 12,5 X 3,3CM,PARA TRATAMENTO DE PRESSAO NEGATIVA,EMBALAGEM EM PAPEL GRAU CIRURGICO COM ROTULO, N. LOTE, PROCEDENCIA, DATA FABRICACAO/VALIDADE, TIPO DE ESTERILIZACAO E REGISTRO NO MINISTERIO DA SAUDE|MATERIAL P/ TERAPIA PRESSÃO SUBATMOSFÉRICA - VÁCUO, TIPO CURATIVO: ESPONJA POLIURETANO , DIMENSÃO 1: CERCA DE 12,5 X 17,5 CM, TIPO USO: ESTÉRIL , EMBALAGEM: EMBALAGEM INDIVIDUAL 
828|OK_SEM_FLAGS|False|False|False|MATERIAIS DE USO TECNICO HOSPITALAR|MATERIAIS CIRÚRGICOS PARA CURATIVOS|4253051|484256|CURATIVO - EM POLIURETANO, HIDROFILA, ESTERIL, HIPOALERGENICA,TAMANHO MEDIO, MEDINDO 18,0 X 12,5 X 3,3CM,PARA TRATAMENTO DE PRESSAO NEGATIVA,EMBALAGEM EM PAPEL GRAU CIRURGICO COM ROTULO, N. LOTE, PROCEDENCIA, DATA FABRICACAO/VALIDADE, TIPO DE ESTERILIZACAO E REGISTRO NO MINISTERIO DA SAUDE|MATERIAL P/ TERAPIA PRESSÃO SUBATMOSFÉRICA - VÁCUO, TIPO: PEÇA ÚNICA , TIPO CURATIVO: ESPONJA POLIURETANO , TIPO PELÍCULA: PELÍCULA ADESIVA POLIURETANO , DIMENSÃO 2: CERCA DE 15 X 20 CM, COMPONENTE 1: TUBO CONECTOR , COMPATIBILIDADE: COMPATIBILIDADE ESPECÍFICA , TIPO USO: ESTÉRIL , EMBALAGEM: EMBALAGEM INDIVIDUAL 
829|OK_SEM_FLAGS|False|False|False|MATERIAIS DE USO TECNICO HOSPITALAR|MATERIAIS CIRÚRGICOS PARA CURATIVOS|4253060|484292|CURATIVO - EM POLIURETANO, HIDROFILA, ESTERIL, HIPOALERGENICA,TAMANHO GRANDE, MEDINDO: 25,0 X 15,0 X 3,3CM,PARA TRATAMENTO DE PRESSAO NEGATIVA,EMBALAGEM EM PAPEL GRAU CIRURGICO, ROTULO COM NUMERO DO LOTE, PROCEDENCIA, DATA FABRICACAO/VALIDADE, TIPO DE ESTERILIZACAO E REGISTRO NO MINISTERIO DA SAUDE|MATERIAL P/ TERAPIA PRESSÃO SUBATMOSFÉRICA - VÁCUO, TIPO CURATIVO: ESPONJA POLIURETANO , DIMENSÃO 1: CERCA DE 15 X 25 CM, TIPO USO: ESTÉRIL , EMBALAGEM: EMBALAGEM INDIVIDUAL 
830|MAPEAMENTO_INCERTO|False|False|True|MATERIAIS DE USO TECNICO HOSPITALAR|MATERIAIS CIRÚRGICOS PARA CURATIVOS|2819562|484298|CURATIVO - ESPONJA EM POLIURETANO PEQUENA ( 10X7,5X3,2)CM, COM NITRATRO DE PRATA , ESTERIL COM POROS DE 400-600 MICRONES PARA TRATAMENTO PRESSAO NEGATIVA (MECANICA)SUB-ATMOSFERICA DE 125MMHG QUE PERMITA A SUCCAO DE FLUIDOS ATRAVES DE TUBO EM PVC COM 70 CM COM PINCA CORTA FLUIDO, E CONEXAO ENGATE RAPIDO EM UMA  DAS EXTREMIDADES,SISTEMA TRAC COLETOR CIRCULAR COM ORIFICIO CENTRAL QUE PERMITA A SUCCAO DE FLUIDOS E TUBOS PERIFERICOS SENSORES DA PRESSAO NA FERIDA, COM 2 PELICULAS ADESIVAS  40CM X 25CM,RESISTENTE EMBALAGEM PLASTICA INDIVIDUAL E ESTERIL, HERMETICAMENTE SELADA A VACUO COM ABERTURA EM PETALA,EMBALAGEM COM IDENTIFICACAO,.DATA DE FABRICACAO E PRAZO DE VALIDADE, PROCEDENCIA,TIPO DE ESTERILIZACAO E REGISTRO NO MINISTERIO DA SAUDE.|MATERIAL P/ TERAPIA PRESSÃO SUBATMOSFÉRICA - VÁCUO, TIPO CURATIVO: ESPONJA POLIURETANO C/ PRATA , DIMENSÃO 1: CERCA DE 7,5 X 10 CM, TIPO USO: ESTÉRIL , EMBALAGEM: EMBALAGEM INDIVIDUAL 
831|MAPEAMENTO_INCERTO|False|False|True|MATERIAIS DE USO TECNICO HOSPITALAR|MATERIAIS CIRÚRGICOS PARA CURATIVOS|2819627|484300|CURATIVO - ESPONJA EM POLIURETANO MEDIA ( 18X12,5X3,2)CM, COM NITRATRO DE PRATA , ESTERIL COM POROS DE 400-600 MICRONES PARA TRATAMENTO PRESSAO NEGATIVA (MECANICA)SUB-ATMOSFERICA DE 125MMHG QUE PERMITA A SUCCAO DE FLUIDOS ATRAVES DE TUBO EM PVC COM 70 CM COM PINCA CORTA FLUIDO, E CONEXAO ENGATE RAPIDO EM UMA  DAS EXTREMIDADES,SISTEMA TRAC COLETOR CIRCULAR COM ORIFICIO CENTRAL QUE PERMITA A SUCCAO DE FLUIDOS E TUBOS PERIFERICOS SENSORES DA PRESSAO NA FERIDA, COM 2 PELICULAS ADESIVAS  40CM X 25CM,RESISTENTE EMBALAGEM PLASTICA INDIVIDUAL E ESTERIL, HERMETICAMENTE SELADA A VACUO COM ABERTURA EM PETALA,EMBALAGEM COM IDENTIFICACAO,.DATA DE FABRICACAO E PRAZO DE VALIDADE, PROCEDENCIA,TIPO DE ESTERILIZACAO E REGISTRO NO MINISTERIO DA SAUDE.|MATERIAL P/ TERAPIA PRESSÃO SUBATMOSFÉRICA - VÁCUO, TIPO CURATIVO: ESPONJA POLIURETANO C/ PRATA , DIMENSÃO 1: CERCA DE 12,5 X 17,5 CM, TIPO USO: ESTÉRIL , EMBALAGEM: EMBALAGEM INDIVIDUAL 
832|MAPEAMENTO_INCERTO|False|False|True|MATERIAIS DE USO TECNICO HOSPITALAR|MATERIAIS CIRÚRGICOS PARA CURATIVOS|2819449|484299|CURATIVO - ESPONJA EM POLIURETANO GRANDE ( 26X15X3,2)CM, COM NITRATRO DE PRATA , ESTERIL COM POROS DE 400-600 MICRONES PARA TRATAMENTO PRESSAO NEGATIVA (MECANICA)SUB-ATMOSFERICA DE 125MMHG QUE PERMITA A SUCCAO DE FLUIDOS ATRAVES DE TUBO EM PVC COM 70 CM COM PINCA CORTA FLUIDO, E CONEXAO ENGATE RAPIDO EM UMA  DAS EXTREMIDADES,SISTEMA TRAC COLETOR CIRCULAR COM ORIFICIO CENTRAL QUE PERMITA A SUCCAO DE FLUIDOS E TUBOS PERIFERICOS SENSORES DA PRESSAO NA FERIDA, COM 2 PELICULAS ADESIVAS  40CM X 25CM,RESISTENTE EMBALAGEM PLASTICA INDIVIDUAL E ESTERIL, HERMETICAMENTE SELADA A VACUO COM ABERTURA EM PETALA,EMBALAGEM COM IDENTIFICACAO,.DATA DE FABRICACAO E PRAZO DE VALIDADE, PROCEDENCIA,TIPO DE ESTERILIZACAO E REGISTRO NO MINISTERIO DA SAUDE.|MATERIAL P/ TERAPIA PRESSÃO SUBATMOSFÉRICA - VÁCUO, TIPO CURATIVO: ESPONJA POLIURETANO C/ PRATA , DIMENSÃO 1: CERCA DE 15 X 25 CM, TIPO USO: ESTÉRIL , EMBALAGEM: EMBALAGEM INDIVIDUAL 
833|OK_SEM_FLAGS|False|False|False|MATERIAIS DE USO TECNICO HOSPITALAR|MATERIAIS CIRÚRGICOS PARA CURATIVOS|2819694|484316|RESERVATORIO - EM PVC COM CAP. DE 1000ML ESTERIL COM GEL GRANULADOR(DESODORANTE E BACTERIODTATICO)RESISTENTE A QUEDA,,PARA ARMAZENAMENTO DE FLUIDOS ATRAVES DO TUBO EM PVC COM 70CM DE COMPRIMENTO COM PINCA CORTA FLUIDO, E CONEXAO ENGATE RAPIDO EM UMA DAS EXTREMIDADE, EMBALAGEM INDIVIDUAL ESTERIL,NA EMBALAGEM DEVERAO CONSTAR OS DADOS DE IDENTIFICACAO, PROCEDENCIA,DATA DE FABRICACAO, TIPO ESTERILIZACAO, PRAZO DE VALIDADE E REGISTRO DO MINISTERIO DA SAUDE|MATERIAL P/ TERAPIA PRESSÃO SUBATMOSFÉRICA - VÁCUO, COMPONENTE 1: TUBO CONECTOR , COMPONENTE 4: RESERVATÓRIO CERCA DE 1 L C/ GEL , COMPATIBILIDADE: COMPATIBILIDADE ESPECÍFICA , TIPO USO: USO ÚNICO , EMBALAGEM: EMBALAGEM INDIVIDUAL 
834|OK_SEM_FLAGS|False|False|False|MATERIAIS DE USO TECNICO HOSPITALAR|MATERIAIS CIRÚRGICOS PARA CURATIVOS|5357780|484964|CURATIVO - COM COBERTURA DE POLIMERO, ESPUMA DE POLIURETANO E SILICONE, PARA PREVENCAO E TRATAMENTO DE FERIDAS NA REGIAO DO CALCANEO,COM MULTICAMADAS, AUTOADERENTE, ATRAUMATICO, SENDO 01 CAMADA ABSORVENTE COM  FILME DE POLIURETANO, 01 CAMADA SUPER ABSORVENTE DE FIBRA DE CELULOSE, POLIETILENO, POLIPROPILENO E COPOLIMERO ACRILATO,01 CAMADA DISPERSIVA DE NAO TECIDO, E 01 CAMADA PERFURADA DE CONTATO EM SILICONE,ESTERIL, MEDINDO 25,40X23,90CM|CURATIVO / COBERTURA, APLICAÇÃO: P/ FERIDA , ASPECTO FÍSICO: PLACA C/ BORDA , COMPOSIçãO: À BASE DE ESPUMA PU / HIDROPOLÍMERO / HIDROCELULAR , COMPONENTE 1: C/ PELÍCULA PU / POLIETILENO , FORMATO: CALCÂNEO, TAMANHO G , ESTERILIDADE: ESTÉRIL 
835|MAPEAMENTO_INCERTO|False|False|True|MATERIAIS DE USO TECNICO HOSPITALAR|MATERIAIS CIRÚRGICOS PARA CURATIVOS|5281377|484882|CURATIVO - COM COBERTURA 100% DE POLIESTER, PRIMARIO, ESTERIL, NAO ADERENTE, NAO OCLUSIVO, COMPOSTO POR FIBRAS POLIABSORVENTES,COM NUCLEO ACRILICO ENVOLTO POR POLIMEROS DE POLIACRILATO DE AMONIA E MATRIZ LIPOFILICA TLC-NOSF (TECNOLOGIA LIPIDO-COLOIDE) COMPOSTA CARBOXIMETILCELULOSE E OCTASSULFATO DE SACAROSE,COM ACAO CICATRIZANTE,TAMANHO 10,00 X10,00 CM|CURATIVO / COBERTURA, APLICAÇÃO: P/ FERIDA , ASPECTO FÍSICO: PLACA , COMPOSIçãO: À BASE DE HIDROFIBRA (CMC) , COMPONENTE 1: C/ PELÍCULA E ESPUMA PU , DIMENSÃO: CERCA DE 10 X 10 CM, ESTERILIDADE: ESTÉRIL 
836|OK_SEM_FLAGS|False|False|False|MATERIAIS DE USO TECNICO HOSPITALAR|MATERIAIS CIRÚRGICOS PARA CURATIVOS|5214181|484973|CURATIVO COMPOSTO POR ESPUMA DE POLIURETANO - TRIDIMENSIONAL, CAMADA EM SILICONE, PERFURADA E AUTO-ADESIVA,MULTIFORMATO PARA ADAPTACAO EM VARIAS AREAS DO CORPO, MACIO, ESTERIL, BORDA ADESIVA,CAPACIDADE DE ABSORCAO SUPERIOR E VERTICAL, SISTEMA TRANCA-FLUIDO PARA RETENCAO DO EXSUDATO,CAMADA COBERTA COM FILME DE POLIURETANO, IMPERMEAVEL A AGUA E BACTERIAS, PERMITE AS TROCAS GASOSAS, APLICACAO SEM TOQUE EM 3 PECAS,MEDIDAS APROXIMADAS 14,00 X 19,00CM|CURATIVO / COBERTURA, APLICAÇÃO: P/ FERIDA , ASPECTO FÍSICO: PLACA C/ BORDA , COMPOSIçãO: À BASE DE ESPUMA PU / HIDROPOLÍMERO / HIDROCELULAR , COMPONENTE 1: C/ PELÍCULA PU / POLIETILENO , COMPONENTE 3: C/ SILICONE , DIMENSÃO: CERCA DE 15 X 20 CM, ESTERILIDADE: ESTÉRIL 
839|OK_SEM_FLAGS|False|False|False|MATERIAIS DE USO TECNICO HOSPITALAR|INSTRUMENTOS, EQUIPAMENTOS E SUPRIMENTOS MÉDICOS  E  CIRÚRGICOS|3729281|628676|CURATIVO HIDROCELULAR - CURATIVO HIDROCELULAR,COMPOSTO POR TRES CAMADAS DIFERENCIADAS DE POLIURETANO,A PRIMEIRA:DE CONTATO, NAO ADERENTE A LESAO,A SEGUNDA: ALTAMENTE ABSORVENTE. CONTROLA O EXSUDATO. REDUZ A PRESSAO,A TERCEIRA: PELICULA PERMEAVEL A VAPORES UMIDOS  E IMPERMEAVEL A AGUA E BACTERIAS,COM FENESTRA E ORIFICIO PARA ENCAIXE DA CANULA OU DRENO,PARA PROTECAO DA TRAQUEOSTOMIA,.,.,EMBALADO INDIVIDUALMENTE E ESTERILIZADO SOB RADIACAO GAMA,TAMANHO:(9,0 X 9,0)CM.|ADJUVANTE P/ ESTOMIA, APLICAÇÃO: RESPIRATÓRIA , TIPO: BASE ADESIVA , MATERIAL: POLÍMERO , ASPECTO FÍSICO: PLACA FENESTRADA , TIPO USO: P/ TRAQUEOSTOMIA C/ PRÓTESE FONATÓRIA , ESTERILIDADE: USO ÚNICO 
839|OK_SEM_FLAGS|False|False|False|MATERIAIS DE USO TECNICO HOSPITALAR|INSTRUMENTOS, EQUIPAMENTOS E SUPRIMENTOS MÉDICOS  E  CIRÚRGICOS|3729281|628677|CURATIVO HIDROCELULAR - CURATIVO HIDROCELULAR,COMPOSTO POR TRES CAMADAS DIFERENCIADAS DE POLIURETANO,A PRIMEIRA:DE CONTATO, NAO ADERENTE A LESAO,A SEGUNDA: ALTAMENTE ABSORVENTE. CONTROLA O EXSUDATO. REDUZ A PRESSAO,A TERCEIRA: PELICULA PERMEAVEL A VAPORES UMIDOS  E IMPERMEAVEL A AGUA E BACTERIAS,COM FENESTRA E ORIFICIO PARA ENCAIXE DA CANULA OU DRENO,PARA PROTECAO DA TRAQUEOSTOMIA,.,.,EMBALADO INDIVIDUALMENTE E ESTERILIZADO SOB RADIACAO GAMA,TAMANHO:(9,0 X 9,0)CM.|ADJUVANTE P/ ESTOMIA, APLICAÇÃO: RESPIRATÓRIA , TIPO: BASE ADESIVA , MATERIAL: RESINA SINTÉTICA, S/ ÁLCOOL , ASPECTO FÍSICO: PLACA FENESTRADA , TIPO USO: P/ TRAQUEOSTOMIA C/ PRÓTESE FONATÓRIA , ESTERILIDADE: USO ÚNICO 
840|OK_SEM_FLAGS|False|False|False|MATERIAIS DE USO TECNICO HOSPITALAR|MATERIAIS CIRÚRGICOS PARA CURATIVOS|1920502|484920|CURATIVO DE HIDROGEL - HIDROGEL AMORFO,TRANSPARENTE. COMPOSTO POR AGUA DEIONIZADA, GLICERINA,CARBOXIMETILCELULASE SODICA, ,ALANTOINA E PRESERVATIVOS ANTIMICROBIANOS., EMBALADO INDIVIDUALMENTE , NAO ESTERIL. APRESENTACAO EM TUBO DE 85 G.|CURATIVO / COBERTURA, APLICAÇÃO: P/ FERIDA , ASPECTO FÍSICO: FRASCO C/ GEL , COMPOSIçãO: À BASE DE HIDROGEL , ESTERILIDADE: ESTÉRIL 
843|OK_SEM_FLAGS|False|False|False|MATERIAIS DE USO TECNICO HOSPITALAR|MATERIAIS CIRÚRGICOS PARA CURATIVOS|4258711|603323|CURATIVO ESTERIL - PRIMARIO, COMPOSTO POR UMA REDE TEXTIL DE 100% POLIESTER IMPREGNADA COM SAIS DE PRATA E TLC (TECNOLOGIA LIPIDIO COLOIDE), FLEXIVEL E ADAPTAVEL, NAO ADERENTE E NAO OCLUSIVO,TAMANHO 10X10CM|CURATIVO / COBERTURA, APLICAÇÃO: P/ FERIDA , ASPECTO FÍSICO: MALHA / GAZE , COMPOSIçãO: À BASE DE CMC E PARTÍCULAS LIPOFÍLICAS , COMPONENTE 1: C/ POLIÉSTER , COMPONENTE 4: C/ PRATA , DIMENSÃO: CERCA DE 10 X 10 CM, ESTERILIDADE: ESTÉRIL 
845|OK_SEM_FLAGS|False|False|False|MATERIAIS DE USO TECNICO HOSPITALAR|INSTRUMENTOS, EQUIPAMENTOS E SUPRIMENTOS MÉDICOS  E  CIRÚRGICOS|2300796|483400|FIXADOR DE TUBO ENDOTRAQUEAL - EM FIXADOR ADESIVO NASAL, EM RAYON, HIPOALERGICO, USO HOSPITALAR, PARA FIXACAO DE SONDAS NASAL E NASOGASTRICA, COM FORMATO ANATOMICO, USO PROLONGADO, LIVRE DE LATEX., NAO ESTERIL, ANATOMICO, SEM REBARBAS SEM REBARBAS,, UNICO, APRESENTACAO CONFORME DECRETO LEI 79094/77 EMBALAGEM INDIVIDUAL.|FIXADOR P/ DISPOSITIVO MÉDICO, APLICAÇÃO: P/ CATETER / SONDA , MATERIAL: BASE ADESIVA DE NÃO TECIDO , DIMENSÕES: CERCA DE 8,0 X 9,0 CM, EMBALAGEM: EMBALAGEM INDIVIDUAL 
845|OK_SEM_FLAGS|False|False|False|MATERIAIS DE USO TECNICO HOSPITALAR|INSTRUMENTOS, EQUIPAMENTOS E SUPRIMENTOS MÉDICOS  E  CIRÚRGICOS|2300796|483396|FIXADOR DE TUBO ENDOTRAQUEAL - EM FIXADOR ADESIVO NASAL, EM RAYON, HIPOALERGICO, USO HOSPITALAR, PARA FIXACAO DE SONDAS NASAL E NASOGASTRICA, COM FORMATO ANATOMICO, USO PROLONGADO, LIVRE DE LATEX., NAO ESTERIL, ANATOMICO, SEM REBARBAS SEM REBARBAS,, UNICO, APRESENTACAO CONFORME DECRETO LEI 79094/77 EMBALAGEM INDIVIDUAL.|FIXADOR P/ DISPOSITIVO MÉDICO, APLICAÇÃO: P/ CATETER / SONDA , MATERIAL: BASE ADESIVA DE NÃO TECIDO , DIMENSÕES: CERCA DE 3,0 X 4,0 CM, EMBALAGEM: EMBALAGEM INDIVIDUAL 
846|OK_SEM_FLAGS|False|False|False|MATERIAIS DE USO TECNICO HOSPITALAR|PERFUMES, ARTIGOS PARA TOALETE E TOUCADOR|4080157|272625|PELICULA PROTETORA DE PELE - EMULSAO A BASE DE OLEO DE ANDIROBA, COM PROPRIEDADE ANTI-INFLAMATORIA, PROTEINAS, VITAMINAS, ANTIOXIDANTES E INGREDIENTES BIOCOMPATIVEIS COM A PELE,APRESENTACAO EM TUBO.|EMULSÃO EMOLIENTE, INDICAÇÃO: HIDRATANTE TÓPICA 
847|OK_SEM_FLAGS|False|False|False|PRODUTOS PARA HIGIENE PESSOAL|COSMÉTICOS E ARTIGOS DE TOUCADOR DE NATUREZA MEDICINAL|1536540|348002|CREME PARA PELE - OLEO HIDRATANTE, PARA CORPO, A BASE DE ACIDOS GRAXOS ESSENCIAIS TUBO C/200ML, PARA A PELE PELE SECA|"ÁCIDOS GRAXOS ESSENCIAIS, COMPOSIÇÃO: (TRIGLICERÍDEOS ÁC.CÁPRICO,CAPRÍLICO E LINOLÊICO) , COMPONENTES: LECITINA DE SOJA, ÓLEOS DE GIRASSOL E COPAÍBA , OUTROS COMPONENTES: ASSOCIADOS COM VITAMINAS ""A"" E ""E"" , CONCENTRAÇÃO: POLIHEXANIDA A 0,2% , FORMA FARMACÊUTICA: LOÇÃO CREMOSA HIDRATANTE "
847|OK_SEM_FLAGS|False|False|False|PRODUTOS PARA HIGIENE PESSOAL|COSMÉTICOS E ARTIGOS DE TOUCADOR DE NATUREZA MEDICINAL|1536540|371126|CREME PARA PELE - OLEO HIDRATANTE, PARA CORPO, A BASE DE ACIDOS GRAXOS ESSENCIAIS TUBO C/200ML, PARA A PELE PELE SECA|"ÁCIDOS GRAXOS ESSENCIAIS, COMPOSIÇÃO: COMPOSTO DOS ÁCIDOS CAPRÍLICO, CÁPRICO, LÁURICO , COMPONENTES: LINOLÊICO, LECITINA DE SOJA , OUTROS COMPONENTES: ASSOCIADOS COM VITAMINAS ""A"" E ""E"" , FORMA FARMACÊUTICA: CREME "
847|OK_SEM_FLAGS|False|False|False|PRODUTOS PARA HIGIENE PESSOAL|COSMÉTICOS E ARTIGOS DE TOUCADOR DE NATUREZA MEDICINAL|1536540|465091|CREME PARA PELE - OLEO HIDRATANTE, PARA CORPO, A BASE DE ACIDOS GRAXOS ESSENCIAIS TUBO C/200ML, PARA A PELE PELE SECA|CREME HIDRATANTE, COMPOSIÇÃO: À BASE DE DERIVADO DE URÉIA , OUTROS COMPONENTES: LACTATO DE AMÔNIA E ÓLEO DE AMÊNDOAS , CARACTERÍSTICAS ADICIONAIS*: FORMULAÇÃO ESPECIALMENTE MANIPULADA 
848|OK_SEM_FLAGS|False|False|False|MATERIAIS DE USO TECNICO HOSPITALAR|INSTRUMENTOS, EQUIPAMENTOS E SUPRIMENTOS MÉDICOS  E  CIRÚRGICOS|3952479|483400|ADESIVO CIRURGICO - FIXADOR DE SONDA NASOGASTRICA E NASOENTERAL,COMPOSTO DE POLISOBUTILENO, RESINA POLIACRILICA, PECTINA, CARBOXIMETILCELULOSE SODICA, COPOLIMERO DE ETILENO, ACETATO DE VENILA, SILICA E PETROLATUM,EM FORMATO DE BORBOLETA, COM BRACADEIRA GIRATORIA E DISPOSITIVO DE TRAVA COMPOSTA DE COPOLIMERO DE ETILENO E ACETATO DE VINILA, PARA FIXACAO DA SONDA,EM EMBALAGEM TRANSPARENTE, INDIVUDUAL,EM CAIXA,.,ROTULO N. LOTE, DATA FABRICACAO/VALIDADE E PROCEDENCIA.|FIXADOR P/ DISPOSITIVO MÉDICO, APLICAÇÃO: P/ CATETER / SONDA , MATERIAL: BASE ADESIVA DE NÃO TECIDO , DIMENSÕES: CERCA DE 8,0 X 9,0 CM, EMBALAGEM: EMBALAGEM INDIVIDUAL 
849|OK_SEM_FLAGS|False|False|False|MATERIAIS DE USO TECNICO HOSPITALAR|MATERIAIS CIRÚRGICOS PARA CURATIVOS|5748402|478134|BANDAGEM - EM VISCOSE E POLIAMIDA, IMPREGNADA COM UMA PASTA DE OXIDO DE ZINCO,FLEXIVEL,LINHA DE COSTURA TRANSVERSAL E LONGITUDINAL,PESO APROXIMADO 0,185KG,MEDINDO APROXIMADAMENTE: 10,00 CM X 10,00 M,EM ROLO,.|BANDAGEM, TIPO: ELÁSTICA , MATERIAL: MALHA DE TECIDO SINTÉTICO , COMPONENTE: IMPREGNADA C/ ÓXIDO DE ZINCO , DIMENSÃO: CERCA DE 10 CM X 10 M , COR: C/ COR , EMBALAGEM: EMBALAGEM INDIVIDUAL EM ROLO , TIPO USO: USO ÚNICO 
850|OK_SEM_FLAGS|False|False|False|MATERIAIS DE USO TECNICO HOSPITALAR|MATERIAIS CIRÚRGICOS PARA CURATIVOS|3940675|485057|COMPRESSA PARA CURATIVO CIRURGICO - CARVAO ATIVADO COM PRATA,PRENSADO ENTRE DUAS CAMADAS DE POLIAMIDA, PODENDO SER CORTADO,USO UNICO,MEDINDO 10X10CM,ESTERIL,EMBALAGEM INDIVIDUAL EM PAPEL GRAU CIRURGICO,ROTULAGEM RESPEITANDO O DECRETO LEI 79094/77 ART.31 L.8078/90 PORT.CONJ.N.1 DE 23/1/96-M.SAUDE|CURATIVO / COBERTURA, APLICAÇÃO: P/ FERIDA , ASPECTO FÍSICO: PLACA , COMPOSIçãO: À BASE DE CARVÃO ATIVADO , COMPONENTE 4: C/ PRATA , DIMENSÃO: CERCA DE 10 X 10 CM, ESTERILIDADE: ESTÉRIL 
851|OK_SEM_FLAGS|False|False|False|MATERIAIS DE USO TECNICO HOSPITALAR|INSTRUMENTOS, EQUIPAMENTOS E SUPRIMENTOS MÉDICOS  E  CIRÚRGICOS|4263367|602167|"COMPRESSA UMEDECIDA PARA HIGIENE DO CORPO - EM RAYON E POLYESTER, UMIDIFICADAS COM SURFACTANTES, EMOLIENTES UMECTANTES E HIDRATANTES COM ALOE VERA, MANTEIGA DE KARITE, FORMADORES DE BIOFILMES, CONTENDO PANTENOL E VITAMINA""E"",PARA NUTRIR E PROTEGER A PELE,SEM ALCOOL, HIPOALERGENICO, LIVRE DE FRAGANCIAS FORTES E SABAO,DESCARTAVEL, COM ETIQUETA  AUTO ADESIVA PARA ABERTURA E FECHAMENTO, COM O MINIMO DE OITO(08) COMPRESSAS DOBRADAS INDIVIDUALMENTE. EM EMBALAGEM COMPACTA. ROTULO N. LOTE, DATA VALIDADE E PROCEDENCIA. REGISTRO MINISTERIO DA SAUDE"|ARTIGO PARA HIGIENE NO LEITO, TIPO: COMPRESSA , MATERIAL: TECIDO 100% ALGODÃO , TAMANHO: CERCA DE 20 X 25 CM, COMPONENTES: IMPREGNADA C/ SURFACTANTE, AGENTES HIDRATANTES , COMPONENTES ADICIONAIS: C/ VITAMINAS , CARACTERíSTICAS ADICIONAIS: CONJUNTO COMPLETO PARA BANHO , TIPO USO: DESCARTÁVEL 
852|OK_SEM_FLAGS|False|False|False|MATERIAIS DE USO TECNICO HOSPITALAR|INSTRUMENTOS, EQUIPAMENTOS E SUPRIMENTOS MÉDICOS  E  CIRÚRGICOS|3358674|615582|CREME OU PELICULA PROTETORA DA PELE PERIESTOMAL - COMPOSTO POR PARAFINA LIQUIDA, CITRATO DE MAGNESIO, GLICEROL, AGUA PURIFICADA,EMBALAGEM COM NO MINIMO 60G, COM DATA DE FABRICACAO E PRAZO DE VALIDADE, REG. NA ANVISA/MS|ADJUVANTE P/ ESTOMIA, APLICAÇÃO: INTESTINAL / URINÁRIA , TIPO: PROTETOR DE PELE PERIESTOMIA , MATERIAL: SOLUÇÃO POLIMÉRICA, S/ ÁLCOOL , ASPECTO FÍSICO: LÍQUIDO , TIPO USO: P/ FORMAR PELÍCULA , APRESENTAÇÃO: FRASCO C/ APLICADOR , ESTERILIDADE: USO ÚNICO 
853|OK_SEM_FLAGS|False|False|False|MATERIAIS DE USO TECNICO HOSPITALAR|MATERIAIS CIRÚRGICOS PARA CURATIVOS|4855353|484316|CURATIVO - COM RESERVATORIO CAPACIDADE 1000,00ML PARA COLETA DE EXSUDATO DA FERIDA, SISTEMA DE DRENAGEM A VACUO, COPO DE PVC ACRILICO CINZA OPACO,QUE PERMITA VISUALIZACAO DA SECRECAO, COM GEL HIDROFOBICO, GRANULADOR E SOLIDIFICADOR DE SECRECAO, FILTRO DE CARVAO PARA NEUTRALIZAR ODOR,CONEXAO DE ENGATE RAPIDA E TAMPA DE VEDACAO, ATOXICO E APIROGENICO,EMBALADO EM MATERIAL QUE PROMOVA BARREIRA MICROBIANA E QUE PERMITA A TRANSFERENCIA ASSEPTICA|MATERIAL P/ TERAPIA PRESSÃO SUBATMOSFÉRICA - VÁCUO, COMPONENTE 1: TUBO CONECTOR , COMPONENTE 4: RESERVATÓRIO CERCA DE 1 L C/ GEL , COMPATIBILIDADE: COMPATIBILIDADE ESPECÍFICA , TIPO USO: USO ÚNICO , EMBALAGEM: EMBALAGEM INDIVIDUAL 
854|OK_SEM_FLAGS|False|False|False|MATERIAIS DE USO TECNICO HOSPITALAR|MATERIAIS CIRÚRGICOS PARA CURATIVOS|5846773|484304|CURATIVO - ESPONJA  ABDOMINAL PARA TRATAMENTO DE PRESSAO NEGATIVA (TPN), COM COBERTURA 100% EM POLIURETANO,ESTERIL, HIDROFOBICA, PELICULA EM FILME TRANSPARENTE,DIMENSOES APROXIMADAS 38,00 X 24,00 X 1,6CM,EMBALADA EM PAPEL GRAU CIRURGICO, COM ABERTURA  ASSEPTICA|MATERIAL P/ TERAPIA PRESSÃO SUBATMOSFÉRICA - VÁCUO, TIPO CURATIVO: ESPONJA ABDOMINAL C/ MEMBRANA PROTETORA VISCERAL , DIMENSÃO 1: CERCA DE 25 X 40 CM, TIPO USO: ESTÉRIL , EMBALAGEM: EMBALAGEM INDIVIDUAL 
855|OK_SEM_FLAGS|False|False|False|MATERIAIS DE USO TECNICO HOSPITALAR|MATERIAIS CIRÚRGICOS PARA CURATIVOS|514705|483363|CURATIVO ADESIVO - COM BANDAGEM ADESIVA PARA USO APOS PUNCAO VENOSA, ANTI-SEPTICO, ANTI-ALERGICO E ESTERIL, 2.0 CM DE DIAMETRO, INVOLUCRO INDIVIDUAL INTEGRO E ESTERIL, ART.31 DA L.8078/90 E PORT.CONJ.N1 DE 23/1/96 - M.SAUDE.|CURATIVO CUTÂNEO, MODELO: TIPO PÓS - PUNÇÃO , COMPONENTE 1: C/ ALMOFADA FIBRA SINTÉTICA , COMPONENTE 2: BASE ADESIVA , DIMENSÃO: CERCA DE  2,5 CM, ESTERILIDADE: USO ÚNICO 
856|OK_SEM_FLAGS|False|False|False|MATERIAIS DE USO TECNICO HOSPITALAR|MATERIAIS CIRÚRGICOS PARA CURATIVOS|2616653|484851|CURATIVO DE ALGINATO DE CALCIO - COM PRATA,COMPOSTO DE ALGINATO DE CALCIO, CARBOXIMETILCELULOSE E FIBRAS DE NYLON REVESTIDAS DE PRATA,TAMANHO ( 10 X 10 )CM|CURATIVO / COBERTURA, APLICAÇÃO: P/ FERIDA , ASPECTO FÍSICO: PLACA , COMPOSIçãO: À BASE DE ALGINATO , COMPONENTE 2: C/ CMC , COMPONENTE 4: C/ PRATA , DIMENSÃO: CERCA DE 10 X 10 CM, ESTERILIDADE: ESTÉRIL 
857|OK_SEM_FLAGS|False|False|False|MATERIAIS DE USO TECNICO HOSPITALAR|MATERIAIS CIRÚRGICOS PARA CURATIVOS|1943960|484922|CURATIVO DE HIDROGEL - COMPOSTO DE GEL ESTERIL, NAO ADERENTE, CONTENDO, 90% DE AGUA , CARBOXIMETILCELULOSE SODICA EALGINATO DE CALCIO., APRESENTACAO: EM FRASCO COM 25 G.|CURATIVO / COBERTURA, APLICAÇÃO: P/ FERIDA , ASPECTO FÍSICO: FRASCO C/ GEL , COMPOSIçãO: À BASE DE HIDROGEL , COMPONENTE 2: C/ ALGINATO , ESTERILIDADE: ESTÉRIL 
858|MAPEAMENTO_INCERTO|False|False|True|MATERIAIS DE USO TECNICO HOSPITALAR|INSTRUMENTOS, EQUIPAMENTOS E SUPRIMENTOS MÉDICOS  E  CIRÚRGICOS|2321513|483400|CURATIVO EM FILME TRANSPARENTE E ADESIVO - ESTERIL, PARA FIXACAO DE CATETER, EM POLIURETANO TRANSPARENTE SEMI PERMEAVEL, COM RECORTE, EMBALAGEM INDIVIDUAL ESPECIFICANDO FABRICANTE, LOTE, DATA DE VALIDADE, DATA E TIPO DE ESTERILIZACAO E REGISTRO NO MS. APRESENTACAO NA MEDIDA (8 X 10) CM APROXIMADAMENTE|FIXADOR P/ DISPOSITIVO MÉDICO, APLICAÇÃO: P/ CATETER / SONDA , MATERIAL: BASE ADESIVA DE NÃO TECIDO , DIMENSÕES: CERCA DE 8,0 X 9,0 CM, EMBALAGEM: EMBALAGEM INDIVIDUAL 
859|MAPEAMENTO_INCERTO|False|False|True|MATERIAIS DE USO TECNICO HOSPITALAR|MATERIAIS CIRÚRGICOS PARA CURATIVOS|1929925|615527|CURATIVO EM FILME TRANSPARENTE E ADESIVO - QUE PERMITE AS TROCAS GASOSAS E IMPERMEAVEL A LIQUIDOS, DE POLIURETANO E ADESIVO HIPOALERGICO MEDINDO APROXIMADAMENTE 5CM X 7CM, EMBALAGEM INDIVIDUAL INTEGRA QUE GARANTA A ESTERILIDADE DO PRODUTO|PELÍCULA PROTETORA, TIPO: ADESIVA , COMPOSIçãO: À BASE DE SILICONE , COMPONENTE 1: C/ FILME POLIURETANO (PU) , DIMENSÃO: CERCA DE 5 X 7,5 CM, ESTERILIDADE: ESTÉRIL 
860|MAPEAMENTO_INCERTO|False|False|True|MATERIAIS DE USO TECNICO HOSPITALAR|MATERIAIS CIRÚRGICOS PARA CURATIVOS|1881590|485107|CURATIVO EM PASTA - COMPOSTO DE PARTICULAS DE HIDROCOLOIDES NATURAIS,, PARA PREENCHIMENTO DE CAVIDADES, FORMA DE APRESENTACAO EM TUBO COM APROXIMADAMENTE30 G.|CURATIVO / COBERTURA, APLICAÇÃO: P/ FERIDA , ASPECTO FÍSICO: AGENTE TÓPICO CREME / POMADA / PASTA , COMPONENTES 5: SOLUÇÃO POLIMÉRICA E DIMETICONA , ESTERILIDADE: ESTÉRIL 
861|OK_SEM_FLAGS|False|False|False|MATERIAIS DE USO TECNICO HOSPITALAR|MATERIAIS CIRÚRGICOS PARA CURATIVOS|1952625|484823|CURATIVO HIDROCOLOIDE - ESTERIL (FINO), GELATINA/PECTINA/CARBOXIMETILCELULOSE, CURATIVO OCLUSIVO DE CAMADA DE POLIURETANO, PLACA, ABSORVENTE, TRANSPARENTE E MOLDAVEL, TAMANHO 20CM X 20CM|CURATIVO / COBERTURA, APLICAÇÃO: P/ FERIDA , ASPECTO FÍSICO: PLACA C/ BORDA , COMPOSIçãO: À BASE DE HIDROCOLÓIDE , DIMENSÃO: CERCA DE 20 X 20 CM, ESTERILIDADE: ESTÉRIL 
862|OK_SEM_FLAGS|False|False|False|MATERIAIS DE USO TECNICO HOSPITALAR|MATERIAIS CIRÚRGICOS PARA CURATIVOS|2321343|484869|CURATIVO NAO ADESIVO - A BASE DE HIDROFIBRA, COMPOSTO DE CARBOXILCELULULOSE SODICA COM PRATA PARA FERIDAS INFECTADAS., (10 X 10) CM, APRESENTACAO CONFORME DEC. LEI 79094/77 EMBALAGEM INDIVIDUAL, ROTULAGEM RESPEITANDO O DECRETO LEI 79094/77 ESPECIFICANDO FABRICANTE,LOTE,DATA DE VALIDADE,DATA E TIPO DE ESTERILIZACAO E REGISTO NO M.S.|CURATIVO / COBERTURA, APLICAÇÃO: P/ FERIDA , ASPECTO FÍSICO: PLACA , COMPOSIçãO: À BASE DE HIDROFIBRA (CMC) , COMPONENTE 4: C/ PRATA , DIMENSÃO: CERCA DE 10 X 10 CM, ESTERILIDADE: ESTÉRIL 
863|OK_SEM_FLAGS|False|False|False|MATERIAIS DE USO TECNICO HOSPITALAR|MATERIAIS CIRÚRGICOS PARA CURATIVOS|3957560|484757|FILME TRANSPARENTE NAO ESTERIL - EM ROLO, HIPOALERGENICO,,LIVRE DE LATEX, PERMEAVEL AO OXIGENIO E VAPOR D'GUA,ATUANDO COMO BARREIRA CONTRA LIQUIDOS, BACTERIAS E VIRUS,TAMANHO DE  10,00 CM X 10,00 METROS.|PELÍCULA PROTETORA, TIPO: ADESIVA , COMPOSIçãO: À BASE DE POLIURETANO (PU) , DIMENSÃO: CERCA DE 10 CM, APRESENTAçãO: EM ROLO , ESTERILIDADE: USO ÚNICO 
865|OK_SEM_FLAGS|False|False|False|MATERIAIS DE USO TECNICO HOSPITALAR|INSTRUMENTOS, EQUIPAMENTOS E SUPRIMENTOS MÉDICOS  E  CIRÚRGICOS|5101247|483397|FIXADOR ESTERIL PARA CATETER PERIFERICO - EM POLIETILENO, APROXIMADAMENTE 7,50 X 5,00CM,ADESIVO HIPOALERGENICO, SEMIPERMEAVEL A TROCA GASOSAS, COM SISTEMA DE FIXACAO FACIL, CAIXA TRANSPARENTE PARA ACOMODAR O PICC,LIVRE DE LATEX A BASE DE BETADINE,ESTERILIZADO A OXIDO DE ETILENO,EMBALAGEM INDIVIDUAL|FIXADOR P/ DISPOSITIVO MÉDICO, APLICAÇÃO: P/ CATETER / SONDA , MATERIAL: BASE ADESIVA DE NÃO TECIDO , DIMENSÕES: CERCA DE 5,0 X 7,0 CM, EMBALAGEM: EMBALAGEM INDIVIDUAL 
866|MAPEAMENTO_INCERTO|False|False|True|CADASTRO PADRONIZADO DE MEDICAMENTOS|COSMÉTICOS E ARTIGOS DE TOUCADOR DE NATUREZA MEDICINAL|5706483|617487|CICATRIZANTE - COMPOSICAO ACIDO GLICOLICO + EDTA + EXTRATO DE ALECRIM + OLEOS ESSENCIAIS + AGUA,FORMA FARMACEUTICA GEL,FORMA DE APRESENTACAO BISNAGA,VIA DE ADMINISTRACAO TOPICA|COSMÉTICO, COMPOSIÇÃO: À BASE DE ÁCIDOS GLICÓLICO E ASSOCIAÇÕES , APRESENTAÇÃO: CREME 
867|MAPEAMENTO_INCERTO|False|False|True|MATERIAIS DE USO TECNICO HOSPITALAR|MATERIAIS CIRÚRGICOS PARA CURATIVOS|5927854|484879|CURATIVO ESTERIL DE ESPUMA DE POLIURETANO - POS CIRURGICO,ADICIONADO DE PRATA IONICA, FECHADO POR MEIO DE APLICACAO DE UM SISTEMA DE TERAPIA POR PRESSAO NEGATIVA, COM TUBO COLETOR, DRENO E 4 PELICULAS ADESIVAS MEDINDO 31,00 X 25,00CM,TAMANHO APROXIMADO 90,00 X 9,80 X 1,80CM (C X L X E)|CURATIVO / COBERTURA, APLICAÇÃO: P/ FERIDA , ASPECTO FÍSICO: PLACA , COMPOSIçãO: À BASE DE HIDROFIBRA (CMC) , COMPONENTE 1: C/ PELÍCULA PU / POLIETILENO , COMPONENTE 4: C/ PRATA , DIMENSÃO: CERCA DE 10 X 25 CM, ESTERILIDADE: ESTÉRIL 
869|OK_SEM_FLAGS|False|False|False|MATERIAIS DE USO TECNICO HOSPITALAR|MATERIAIS CIRÚRGICOS PARA CURATIVOS|1943880|484851|CURATIVO EM FITA DE ALGINATO DE CALCIO - FITA TECIDA EM TIRAS ENTRELACAS, FIBROSA E, FLEXIVEL ALTAMENTE ABSORVENTE ,COM 85% DEALGINATO DE CALCIO E 15% DE CARBOXIMETILCELU, LOSE SODICA , QUE GARANTEM A ABSORCAO VERTICAL DO EXSUDATO., INDICADA PARA O PREENCHIMENTO DE CAVIDADES, COM ALTA EXSUDACAO.APRESENTACAO : 44 CM X 02 GRAMAS.|CURATIVO / COBERTURA, APLICAÇÃO: P/ FERIDA , ASPECTO FÍSICO: PLACA , COMPOSIçãO: À BASE DE ALGINATO , COMPONENTE 2: C/ CMC , COMPONENTE 4: C/ PRATA , DIMENSÃO: CERCA DE 10 X 10 CM, ESTERILIDADE: ESTÉRIL 
870|OK_SEM_FLAGS|False|False|False|MATERIAIS DE USO TECNICO HOSPITALAR|INSTRUMENTOS, EQUIPAMENTOS E SUPRIMENTOS MÉDICOS  E  CIRÚRGICOS|1922661|483395|FIXADOR ESTERIL PARA CATETER PERIFERICO - COMPRESSA ABSORVENTE, DE TECIDO MACIO, COM DORSO DE RAYON E POLIESTER, RESISTENTE A AGUA, NAO OCLUSIVA, COM ADESIVO DE ACRILATO HIPOALERGENICO,RECORTE CENTRAL P/SAIDA DE EQUIPOS E TUBULACOES, 2 TIRAS EXTRAS P/ ESTABILIZACAO DE CATETERES E TUBULACOES, ESTERILIZADO POR OXIDO DE ETILENO, EMBALAGEM INDIVIDUAL, LIVRE DE LATEX, LINER DE PAPEL SILICONIZADO, ACONDICIONADO EM CAIXA, CONF. MS, TAMANHO: (50 X 74)MM, 2 FITAS P/FIXACAO (74 X 12)MM CADA, VALIDADE DE 20 MESES.|FIXADOR P/ DISPOSITIVO MÉDICO, APLICAÇÃO: P/ CATETER / SONDA , MATERIAL: BASE ADESIVA DE NÃO TECIDO , COMPONENTE ADICIONAL: FENESTRADO , DIMENSÕES: CERCA DE 5,0 X 8,0 CM, TIPO USO: ESTÉRIL , EMBALAGEM: EMBALAGEM INDIVIDUAL 
873|OK_SEM_FLAGS|False|False|False|MATERIAIS DE USO TECNICO HOSPITALAR|MATERIAIS CIRÚRGICOS PARA CURATIVOS|5650275|485111|CURATIVO - ABDOMINAL, COMPOSTO POR UMA CAMADA VISCERAL ENCAPSULADA EM FILME DE POLIURETANO FENESTRADO, QUE IMPEDE ADERENCIA DA PAREDE ABDOMINAL EM ALCAS INTESTINAIS E PROMOVE ALCANCE DOS RECESSOS SUBDIAFRAGMATICOS, HEPATICO, PARIETOCOLICO, PELVICO, RETROPERITONIAIS E ESPACOS INTER-ALCAS; DUAS ESPONJAS DE POLIURETANO RETICULADO PARA ALCANCE DE COLECOES DE PAREDE ABDOMINAL E RETRACAO DE BORDOS,PRE-CORTADAS DE 28,00 X 14,00 X 3,5CM APROXIMADAMENTE,CONTENDO UM DRENO E FILMES PARA VEDACAO DO SISTEMA|CURATIVO / COBERTURA, APLICAÇÃO: P/ FÍSTULA ABDOMINAL , ASPECTO FÍSICO: PLACA C/ BORDA E BOLSA DRENAGEM C/ TAMPA E CLAMP , COMPOSIçãO: À BASE DE HIDROCOLÓIDE , COMPONENTE 6: C/ GUIA DE RECORTE , FORMATO: TAMANHO G , ESTERILIDADE: USO ÚNICO 
873|OK_SEM_FLAGS|False|False|False|MATERIAIS DE USO TECNICO HOSPITALAR|MATERIAIS CIRÚRGICOS PARA CURATIVOS|5650275|617235|CURATIVO - ABDOMINAL, COMPOSTO POR UMA CAMADA VISCERAL ENCAPSULADA EM FILME DE POLIURETANO FENESTRADO, QUE IMPEDE ADERENCIA DA PAREDE ABDOMINAL EM ALCAS INTESTINAIS E PROMOVE ALCANCE DOS RECESSOS SUBDIAFRAGMATICOS, HEPATICO, PARIETOCOLICO, PELVICO, RETROPERITONIAIS E ESPACOS INTER-ALCAS; DUAS ESPONJAS DE POLIURETANO RETICULADO PARA ALCANCE DE COLECOES DE PAREDE ABDOMINAL E RETRACAO DE BORDOS,PRE-CORTADAS DE 28,00 X 14,00 X 3,5CM APROXIMADAMENTE,CONTENDO UM DRENO E FILMES PARA VEDACAO DO SISTEMA|CURATIVO / COBERTURA, APLICAÇÃO: P/ FÍSTULA ABDOMINAL , ASPECTO FÍSICO: PLACA C/ BORDA E BOLSA DRENAGEM C/ TAMPA E CLAMP , COMPOSIçãO: À BASE DE HIDROCOLÓIDE , COMPONENTE 6: C/ GUIA DE RECORTE , FORMATO: TAMANHO P , ESTERILIDADE: USO ÚNICO 
874|OK_SEM_FLAGS|False|False|False|MATERIAIS DE USO TECNICO HOSPITALAR|MATERIAIS CIRÚRGICOS PARA CURATIVOS|2648857|485862|COMPRESSA COM COBERTURA 100%ALGODAO - IMPREGNADA COM PHMB ( POLIEXAMETILENO DE BIGUANIDA ),EMBALAGEM  COM 2 A 5 UNIDADES|CURATIVO / COBERTURA, APLICAÇÃO: P/ FERIDA , ASPECTO FÍSICO: FRASCO C/ GEL , COMPOSIçãO: À BASE DE HIDROGEL , COMPONENTE 4: C/ PHMB , ESTERILIDADE: ESTÉRIL 
875|OK_SEM_FLAGS|False|False|False|MATERIAIS DE USO TECNICO HOSPITALAR|MATERIAIS CIRÚRGICOS PARA CURATIVOS|3960153|615896|CURATIVO NAO ADESIVO - CONFECCIONADO EM RAYON, IMPREGNADO COM OLEO POLINSATURADO COM MELALEUCA E COPAIBA,MEDINDO APROXIMADAMENTE 7,5X15CM,EMBALAGEM INDIVIDUAL ESTERIL,ROTULO N. LOTE, DATA DE FABRICACAO/VALIDADE, PROCEDENCIA, TIPO DE ESTERILIZACAO E REGISTO NO MINISTERIO DA SAUDE/ANVISA|CURATIVO / COBERTURA, APLICAÇÃO: P/ FERIDA , ASPECTO FÍSICO: MALHA / GAZE , COMPOSIçãO: À BASE DE CELULOSE , COMPONENTE 1: C/ ACETATO DE CELULOSE / RAYON , COMPONENTES 5: C/ AGE , DIMENSÃO: CERCA DE 7,5 X 15 CM, ESTERILIDADE: ESTÉRIL 
876|OK_SEM_FLAGS|False|False|False|MATERIAIS DE USO TECNICO HOSPITALAR|MATERIAIS CIRÚRGICOS PARA CURATIVOS|2913496|615401|CURATIVO NAO ADESIVO - TECIDO EM MALHA TRAMADA OU TORCIDA DE ACETATO DE CELULOSE E IMPREGNADO COM EMULSAO DE PETROLATUM,NAO ADERENTE,QUE NAO AGRIDA A FERIDA DURANTE AS TROCAS DO CURATIVO E SEM DEIXAR RESIDUO,PROTEGENDO A LESAO SEM PERDA DO ENXERTO,APROXIMADAMENTE 7,6 X 40,6CM, EMBALAGEM INDIVIDUAL DE RAYON QUE PERMITA ABERTURA ASSEPTICA,APRESENTACAO CONFORME DEC. LEI 79094/77 COMBINADO COM O ART.31 L.8078/90, COM DADOS DE IDENTIFICACAO E PROCEDENCIA,ROTULAGEM RESPEITANDO O DECRETO LEI 79094/77 ART.31 L.8078/90 PORT.CONJ.N.1 DE 23/1/96-MS, COMDADOS DE VALIDADE, LOTE E REGISTRO NO MS|CURATIVO / COBERTURA, APLICAÇÃO: P/ FERIDA , ASPECTO FÍSICO: MALHA / GAZE , COMPOSIçãO: À BASE DE CELULOSE C/ POLIACRILATO , COMPONENTE 1: C/ POLIPROPILENO , COMPONENTE 3: C/ SILICONE , DIMENSÃO: CERCA DE 10 X 10 CM, ESTERILIDADE: ESTÉRIL 
879|OK_SEM_FLAGS|False|False|False|MATERIAIS DE USO TECNICO HOSPITALAR|MATERIAIS CIRÚRGICOS PARA CURATIVOS|5748402|478134|BANDAGEM - EM VISCOSE E POLIAMIDA, IMPREGNADA COM UMA PASTA DE OXIDO DE ZINCO,FLEXIVEL,LINHA DE COSTURA TRANSVERSAL E LONGITUDINAL,PESO APROXIMADO 0,185KG,MEDINDO APROXIMADAMENTE: 10,00 CM X 10,00 M,EM ROLO,.|BANDAGEM, TIPO: ELÁSTICA , MATERIAL: MALHA DE TECIDO SINTÉTICO , COMPONENTE: IMPREGNADA C/ ÓXIDO DE ZINCO , DIMENSÃO: CERCA DE 10 CM X 10 M , COR: C/ COR , EMBALAGEM: EMBALAGEM INDIVIDUAL EM ROLO , TIPO USO: USO ÚNICO 
880|OK_SEM_FLAGS|False|False|False|MATERIAIS DE USO TECNICO HOSPITALAR|INSTRUMENTOS, EQUIPAMENTOS E SUPRIMENTOS MÉDICOS  E  CIRÚRGICOS|2803925|620303|CURATIVO - SOLUCAO PARA IRRIGACAO DE FERIDAS COMPOSTO DE 0,1% DE UNDECILAMINOPROPIL BETAINA, 0,1% DE POLIHEXANIDA E 99,8 % DE AGUA PURIFICADA,INDICADO PARA FERIDAS DE ESPESSURA PARCIAL A TOTAL, ULCERAS POR PRESSAO DE ESTAGIOS I A IV, ULCERAS ARTERIAIS, VENOSAS E MISTAS, ULCERAS POS CIRURGICAS, QUEIMADURAS DE PRIMEIRO E SEGUNDO GRAUS, AREAS DE DOACAO DE ENXERTO, ULCERAS INFECTADAS OU NAO. INDICADO PARA USO CONTINUO E REPETIDO,EMBALAGEM TRANSPARENTE, EM SISTEMA FECHADO, ESTERIL E LIVRE DE ENDOTOXINAS. APRESENTACAO EM FRASCO DE 350 ML,EMBALAGEM COM VALIDADE DO PRODUTO E REGISTRO DO MINISTERIO DA SAUDE.|SOLUÇÃO USO MÉDICO, TIPO: ANTISSÉPTICA , COMPOSIÇÃO: À BASE DE CLORETO DE SÓDIO, ÁCIDO HIPOCLOROSO , OUTROS COMPONENTES: HIPOCLORITO DE SÓDIO , ESTERILIDADE: USO ÚNICO , APLICAÇÃO: PARA IRRIGAÇÃO E LIMPEZA DE FERIDAS 
881|CATMAT_VERMELHO; CATMAT_ALTERNATIVO|False|True|True|MATERIAIS DE USO TECNICO HOSPITALAR|INSTRUMENTOS, EQUIPAMENTOS E SUPRIMENTOS MÉDICOS  E  CIRÚRGICOS|1926098|477259|FILTRO ANTI-DOR DE CARVAO ATIVADO - FILTRO ANTI-ODOR DE CARVAO ATIVADO, PARA BOLSAS DE ESTOMAS DRENAVEIS, E OU FECHADAS.|ADJUVANTE P/ ESTOMIA, APLICAÇÃO: INTESTINAL , TIPO: DESODORIZANTE E LUBRIFICANTE , ASPECTO FÍSICO: LÍQUIDO , TIPO USO: P/ USO EM BOLSA 
882|CATMAT_VERMELHO|False|True|True|MATERIAIS DE USO TECNICO HOSPITALAR|INSTRUMENTOS, EQUIPAMENTOS E SUPRIMENTOS MÉDICOS  E  CIRÚRGICOS|4218817|477266|ADESIVO CIRURGICO - PARA REFORCAR A FIXACAO E ADERENCIA DA BOLSA DE ESTOMA,HIDROCOLOIDE (CARBOXIMETILCELULOSE, GELATINA, PECTINA),FLEXIVEL E MACIO,APRESENTADO EM FORMA DE ARCO,ACONDICIONADO EM CAIXA,EMBALAGEM AUTOSELANTE, DIMENSAO 16,5 X 18,00 X 2,00CM,ROTULO COM NUMERO DE LOTE, DATA DE FABRICACAO/VALIDADE E PROCEDENCIA|ADJUVANTE P/ ESTOMIA, APLICAÇÃO: INTESTINAL / URINÁRIA , TIPO: ANEL ADESIVO , MATERIAL: MICROPOROSO , TIPO USO: P/ REFORÇO DE FIXAÇÃO DA BASE ADESIVA , TAMANHO: DIÂMETRO CERCA DE 130 MM 
885|OK_SEM_FLAGS|False|False|False|MATERIAIS DE USO TECNICO HOSPITALAR|MATERIAIS CIRÚRGICOS PARA CURATIVOS|3358674|485107|CREME OU PELICULA PROTETORA DA PELE PERIESTOMAL - COMPOSTO POR PARAFINA LIQUIDA, CITRATO DE MAGNESIO, GLICEROL, AGUA PURIFICADA,EMBALAGEM COM NO MINIMO 60G, COM DATA DE FABRICACAO E PRAZO DE VALIDADE, REG. NA ANVISA/MS|CURATIVO / COBERTURA, APLICAÇÃO: P/ FERIDA , ASPECTO FÍSICO: AGENTE TÓPICO CREME / POMADA / PASTA , COMPONENTES 5: SOLUÇÃO POLIMÉRICA E DIMETICONA , ESTERILIDADE: ESTÉRIL 
886|OK_SEM_FLAGS|False|False|False|MATERIAIS DE USO TECNICO HOSPITALAR|INSTRUMENTOS, EQUIPAMENTOS E SUPRIMENTOS MÉDICOS  E  CIRÚRGICOS|2350866|484799|SISTEMA PARA PROTECAO DE PELE - EM PO, HIPOALERGENICO, A BASE DE HIDROCOLOIDE, PARA ABSORCAO DA UMIDADE DA PELE PERIESTOMAL.|ADJUVANTE P/ ESTOMIA, APLICAÇÃO: INTESTINAL / URINÁRIA , TIPO: PROTETOR DE PELE PERIESTOMIA , MATERIAL: RESINA SINTÉTICA, S/ ÁLCOOL , ASPECTO FÍSICO: PÓ , APRESENTAÇÃO: FRASCO , ESTERILIDADE: USO ÚNICO 
887|OK_SEM_FLAGS|False|False|False|MATERIAIS DE USO TECNICO HOSPITALAR|INSTRUMENTOS, EQUIPAMENTOS E SUPRIMENTOS MÉDICOS  E  CIRÚRGICOS|2350718|477270|KIT PARA IRRIGACAO INTESTINAL - COMPOSTO POR BOLSA, MANGAS, CONE E CINTO., BOLSA GRADUADA COM CAPACIDADE PARA APROXIMADAMENTE 2000ML E VALVULA REGULADORA DE FLUXO., CONE PLASTICO FLEXIVEL. CINTA AJUSTAVEL CONE PLASTICO FLEXIVEL. CINTO AJUSTAVEL E MANGA PARA IRRIGACAO ADAPTAVEL AO CINTO.|ADJUVANTE P/ ESTOMIA, APLICAÇÃO: INTESTINAL , TIPO: SISTEMA DE IRRIGAÇÃO , MATERIAL: BOLSA GRADUADA , COMPONENTE 1: C/ EQUIPO, CONTROLE DE FLUXO E EXTREMIDADE CÔNICA , COMPONENTE 2: MANGA, ARO, SUPORTE P/ CINTO , APRESENTAÇÃO: CONJUNTO COMPLETO 
888|OK_SEM_FLAGS|False|False|False|MATERIAIS DE USO TECNICO HOSPITALAR|INSTRUMENTOS, EQUIPAMENTOS E SUPRIMENTOS MÉDICOS  E  CIRÚRGICOS|3587460|477289|LENCOS UMEDECIDOS PARA HIGIENE - COM  BARREIRA PROTETORA,EM  POLIETILENO E CELULOSE SATURADO COM SOLUCAO PARA FORMACAO DE BARREIRA PROTETOTA NA PELE,ACONDICINADO EM  SACHE,USADO PARA LIMPEZA E REMOCAO DE MATERIAL ORGANICO,ESTERIL|ADJUVANTE P/ ESTOMIA, APLICAÇÃO: INTESTINAL / URINÁRIA , TIPO: PROTETOR DE PELE PERIESTOMIA , MATERIAL: SOLUÇÃO POLIMÉRICA, S/ ÁLCOOL , ASPECTO FÍSICO: LÍQUIDO , TIPO USO: P/ FORMAR PELÍCULA , APRESENTAÇÃO: LENÇO NÃO TECIDO , ESTERILIDADE: USO ÚNICO 
889|MAPEAMENTO_INCERTO|False|False|True|MATERIAIS DE USO TECNICO HOSPITALAR|INSTRUMENTOS, EQUIPAMENTOS E SUPRIMENTOS MÉDICOS  E  CIRÚRGICOS|1989472|477255|CINTO ELASTICO AJUSTAVEL - CINTO ELASTICO AJUSTAVEL ANTIALERGICO,LAVAVEL, PARA FIXACAO DE BOLSAS COLETORAS, DE ESTOMA.|ADJUVANTE P/ ESTOMIA, APLICAÇÃO: INTESTINAL / URINÁRIA , TIPO: CINTO ABDOMINAL AJUSTÁVEL , MATERIAL: ELÁSTICO , TIPO USO: P/ ASSEGURAR FIXAÇÃO DE BOLSA , COMPONENTE ADICIONAL: ENCAIXE UNIVERSAL , TAMANHO: ADULTO 
890|MAPEAMENTO_INCERTO|False|False|True|MATERIAIS DE USO TECNICO HOSPITALAR|INSTRUMENTOS, EQUIPAMENTOS E SUPRIMENTOS MÉDICOS  E  CIRÚRGICOS|1989472|477255|CINTO ELASTICO AJUSTAVEL - CINTO ELASTICO AJUSTAVEL ANTIALERGICO,LAVAVEL, PARA FIXACAO DE BOLSAS COLETORAS, DE ESTOMA.|ADJUVANTE P/ ESTOMIA, APLICAÇÃO: INTESTINAL / URINÁRIA , TIPO: CINTO ABDOMINAL AJUSTÁVEL , MATERIAL: ELÁSTICO , TIPO USO: P/ ASSEGURAR FIXAÇÃO DE BOLSA , COMPONENTE ADICIONAL: ENCAIXE UNIVERSAL , TAMANHO: ADULTO 
891|OK_SEM_FLAGS|False|False|False|MATERIAIS DE USO TECNICO HOSPITALAR|MATERIAIS CIRÚRGICOS PARA CURATIVOS|2350769|484805|PASTA EM HIDROCOLOIDE - MALEAVEL, NAO ESTERIL, EM TIRAS INDIVIDUAIS., APRESENTACAO EM CAIXA COM 10 TIRAS.|CURATIVO / COBERTURA, APLICAÇÃO: P/ FERIDA , ASPECTO FÍSICO: PLACA , COMPOSIçãO: À BASE DE HIDROCOLÓIDE , COMPONENTE 1: C/ ESPUMA PU , DIMENSÃO: CERCA DE 10 X 10 CM, ESTERILIDADE: ESTÉRIL 
892|CATMAT_VERMELHO|False|True|True|MATERIAIS DE USO TECNICO HOSPITALAR|INSTRUMENTOS, EQUIPAMENTOS E SUPRIMENTOS MÉDICOS  E  CIRÚRGICOS|5105730|477283|PASTA EM HIDROCOLOIDE - COMPOSTA DE CARBOXIMETILCELULOSE, OXIDO DE TITANIO E ACETATO DE VINILA,ANEL MOLDAVEL, DIAMETRO APROXIMADO 4,8MM E ESPESSURA 4,2MM,NAO ESTERIL|ADJUVANTE P/ ESTOMIA, APLICAÇÃO: INTESTINAL / URINÁRIA , TIPO: PROTETOR DE PELE PERIESTOMIA , MATERIAL: RESINA SINTÉTICA, S/ ÁLCOOL , ASPECTO FÍSICO: ANEL PLANO , TAMANHO: DIÂMETRO ATÉ 70 MM 
893|MAPEAMENTO_INCERTO|False|False|True|BOLSAS E ACESSORIOS DE OSTOMIA|INSTRUMENTOS, EQUIPAMENTOS E SUPRIMENTOS MÉDICOS  E  CIRÚRGICOS|5093660|477267|OCLUSOR DE COLOSTOMIA - EM ESPUMA DE POLIURETANO,COM FILTRO DE CARVAO ATIVADO,COMPRIMENTO APROXIMADO DE 35,00MM,PARA OSTOMIAS EM TORNO DE 35,00 - 45,00MM,COMPOSTO DE 1 PECA,COM BARREIRA,EM RESINA SINTETICA,.,.,.|ADJUVANTE P/ ESTOMIA, APLICAÇÃO: INTESTINAL , TIPO: OCLUSOR , MATERIAL: TAMPÃO DE ESPUMA , COMPONENTE 1: C/ BASE ADESIVA DE RESINA SINTÉTICA , COMPONENTE 2: C/ FILTRO P/ GASES , TAMANHO: P/ ESTOMIA ATÉ 50 MM 
894|MAPEAMENTO_INCERTO|False|False|True|BOLSAS E ACESSORIOS DE OSTOMIA|INSTRUMENTOS, EQUIPAMENTOS E SUPRIMENTOS MÉDICOS  E  CIRÚRGICOS|142212|477267|OCLUSOR DE COLOSTOMIA - ESPUMA DE POLIURETANO DE CERDAS ABERTAS FLEXIVEL COMPRIMIDA POR PELICULA DE POLIURETANO, COM FILTRO DE CARVAO ATIVADO INCORPORADO, COMPRIMENTO DE 35MM, PARA ESTOMA DE 35 - 45MM, COMPOSTO DE UMA PECA, COM BARREIRA, DE RESINA SINTETICA(NO MINIMO C/CARBOXIMETILCELULOSE SODICA), NAO EXISTE, NAO EXISTE, ADESIVO DE SEM ADESIVO|ADJUVANTE P/ ESTOMIA, APLICAÇÃO: INTESTINAL , TIPO: OCLUSOR , MATERIAL: TAMPÃO DE ESPUMA , COMPONENTE 1: C/ BASE ADESIVA DE RESINA SINTÉTICA , COMPONENTE 2: C/ FILTRO P/ GASES , TAMANHO: P/ ESTOMIA ATÉ 50 MM 
895|OK_SEM_FLAGS|False|False|False|MATERIAIS DE USO TECNICO HOSPITALAR|INSTRUMENTOS, EQUIPAMENTOS E SUPRIMENTOS MÉDICOS  E  CIRÚRGICOS|1988816|477274|"COLETOR DE URINA - SISTEMA FECHADO - BOLSA COLETORA EM PVC FLEXIVEL COM DUPLA FACE SENDO A ANTERIOR TRANSPARENTE, CAPACIADADE 2000ML GRADUADA A CADA 100ML P/ PEQUENOS VOLUMES DE 25 A 100ML,ALCA DE SUST.RIGIDA ""U"", VALVULA ANTI-REFLUXO TIPO MEMBRANA,CAMARA DE PASTEUR FLEXIVEL,FILTRO DE AR HIDROFOBO, CORDAO P/DEAMBULACAO,TUBO EXTENSOR FLEXIVEL,120CMCOMP.,DIAM.INTERNO 0,9CM,PINCA OU CLAMP P/VEDACAO, CONECTOR ESCALONADO P/SONDA URETRO-VESICAL COM PONTO DE COLETA,TUBO DE SAIDA CENTRAL E VERTICAL"|ADJUVANTE P/ ESTOMIA, APLICAÇÃO: URINÁRIA , TIPO: ADAPTADOR , MATERIAL: POLÍMERO , TIPO USO: DE BOLSA UROSTOMIA P/ BOLSA COLETORA DE URINA , COMPONENTE ADICIONAL: ENCAIXE UNIVERSAL , ESTERILIDADE: REUTILIZÁVEL 
896|OK_SEM_FLAGS|False|False|False|MATERIAIS DE USO TECNICO HOSPITALAR|INSTRUMENTOS, EQUIPAMENTOS E SUPRIMENTOS MÉDICOS  E  CIRÚRGICOS|1856120|477268|BOLSA DE COLOSTOMIA, MINI CAP - OPACO,RECORTAVEL DE 20-55MM.RESINA C/BORDAS BISELADAS,COMP.DE CARBOXIMETILCELULOSE SODICA,GELATINA,, PECTINA,AGENTE SUAVIZANTE ANTI-OXIDANTE.BOLSA C/FACE POSTERIOR EM POLIESTER NAO TECIDO,FEITA EM MATE, RIAL SILENCIOSO E A PROVA DE ODOR FORMADO POR DICLDE POLIVILINA,ETIL VINIL E POLIETIL.CEL.C/PINCAIND|ADJUVANTE P/ ESTOMIA, APLICAÇÃO: INTESTINAL , TIPO: COBERTURA PROTETORA DE ESTOMA - SISTEMA 1 PEÇA , MATERIAL: MINI BOLSA FECHADA PLÁSTICO ANTIODOR OPACO , COMPONENTE 1: C/ BASE ADESIVA DE RESINA SINTÉTICA , COMPONENTE 2: C/ FACE INTERNA ABSORVENTE, FILTRO P/ GASES , TAMANHO: RECORTÁVEL ATÉ 60 MM 
897|CATMAT_ALTERNATIVO; MAPEAMENTO_INCERTO|False|False|True|MATERIAIS DE USO TECNICO HOSPITALAR|INSTRUMENTOS, EQUIPAMENTOS E SUPRIMENTOS MÉDICOS  E  CIRÚRGICOS|2801230|477295|BOLSA  PARA OSTOMIAS - RECORTAVEL DE 104MM A 159MM, PARA DRENAGEM DE FISTULA ABDOMINAL,TAMANHO P,POSSUI DISPOSITVO DE DRENAGEM DE 2 VIAS, QUE PERMITE A ABERTURA E O FECHAMENTO SEM VAZAMENTO.,PLACA DE HIDROCOLOIDE RECORTAVEL E ADESIVA COMPOSTA DE ADESIVO  DE LONGA DURACAO.,POSSUI DISPOSITIVO DE CONFORTO E SEGURANCA QUE NAO PERMITE O CONTATO DA PARTE SUPERIOR DA BOLSA COM A FERIDA.,ACOMPANHA MEDIDOR E PROTETOR PLASTICO PARA DEMARCACAO.|SISTEMA P/ ESTOMIA, APLICAÇÃO: INTESTINAL , TIPO: BOLSA E BASE ADESIVA COMPATÍVEL 2 PEÇAS , MODELO: DRENÁVEL , TIPO BOLSA: ANTIODOR TRANSPARENTE , TIPO BASE: RESINA SINTÉTICA , ESTRUTURA: PLANA , TIPO RECORTE BASE ADESIVA: RECORTÁVEL , DIÂMETRO: FLANGE ACIMA 70 MM, TIPO USO: ADULTO , COMPONENTE ADICIONAL: C/ ABA P/ CINTO 
897|CATMAT_ALTERNATIVO; MAPEAMENTO_INCERTO|False|False|True|MATERIAIS DE USO TECNICO HOSPITALAR|INSTRUMENTOS, EQUIPAMENTOS E SUPRIMENTOS MÉDICOS  E  CIRÚRGICOS|2801230|477943|BOLSA  PARA OSTOMIAS - RECORTAVEL DE 104MM A 159MM, PARA DRENAGEM DE FISTULA ABDOMINAL,TAMANHO P,POSSUI DISPOSITVO DE DRENAGEM DE 2 VIAS, QUE PERMITE A ABERTURA E O FECHAMENTO SEM VAZAMENTO.,PLACA DE HIDROCOLOIDE RECORTAVEL E ADESIVA COMPOSTA DE ADESIVO  DE LONGA DURACAO.,POSSUI DISPOSITIVO DE CONFORTO E SEGURANCA QUE NAO PERMITE O CONTATO DA PARTE SUPERIOR DA BOLSA COM A FERIDA.,ACOMPANHA MEDIDOR E PROTETOR PLASTICO PARA DEMARCACAO.|SISTEMA P/ ESTOMIA, APLICAÇÃO: INTESTINAL , TIPO: BOLSA E BASE ADESIVA COMPATÍVEL 2 PEÇAS , MODELO: DRENÁVEL , TIPO BOLSA: ANTIODOR TRANSPARENTE , COMPONENTES: C/ FILTRO GASES , TIPO BASE: RESINA SINTÉTICA , ESTRUTURA: PLANA , TIPO RECORTE BASE ADESIVA: RECORTÁVEL , DIÂMETRO: FLANGE ACIMA 70 MM, TIPO USO: ADULTO 
897|CATMAT_ALTERNATIVO; MAPEAMENTO_INCERTO|False|False|True|MATERIAIS DE USO TECNICO HOSPITALAR|MATERIAIS CIRÚRGICOS PARA CURATIVOS|2801230|617235|BOLSA  PARA OSTOMIAS - RECORTAVEL DE 104MM A 159MM, PARA DRENAGEM DE FISTULA ABDOMINAL,TAMANHO P,POSSUI DISPOSITVO DE DRENAGEM DE 2 VIAS, QUE PERMITE A ABERTURA E O FECHAMENTO SEM VAZAMENTO.,PLACA DE HIDROCOLOIDE RECORTAVEL E ADESIVA COMPOSTA DE ADESIVO  DE LONGA DURACAO.,POSSUI DISPOSITIVO DE CONFORTO E SEGURANCA QUE NAO PERMITE O CONTATO DA PARTE SUPERIOR DA BOLSA COM A FERIDA.,ACOMPANHA MEDIDOR E PROTETOR PLASTICO PARA DEMARCACAO.|CURATIVO / COBERTURA, APLICAÇÃO: P/ FÍSTULA ABDOMINAL , ASPECTO FÍSICO: PLACA C/ BORDA E BOLSA DRENAGEM C/ TAMPA E CLAMP , COMPOSIçãO: À BASE DE HIDROCOLÓIDE , COMPONENTE 6: C/ GUIA DE RECORTE , FORMATO: TAMANHO P , ESTERILIDADE: USO ÚNICO 
898|CATMAT_ALTERNATIVO; MAPEAMENTO_INCERTO|False|False|True|MATERIAIS DE USO TECNICO HOSPITALAR|MATERIAIS CIRÚRGICOS PARA CURATIVOS|2801230|617235|BOLSA  PARA OSTOMIAS - RECORTAVEL DE 104MM A 159MM, PARA DRENAGEM DE FISTULA ABDOMINAL,TAMANHO P,POSSUI DISPOSITVO DE DRENAGEM DE 2 VIAS, QUE PERMITE A ABERTURA E O FECHAMENTO SEM VAZAMENTO.,PLACA DE HIDROCOLOIDE RECORTAVEL E ADESIVA COMPOSTA DE ADESIVO  DE LONGA DURACAO.,POSSUI DISPOSITIVO DE CONFORTO E SEGURANCA QUE NAO PERMITE O CONTATO DA PARTE SUPERIOR DA BOLSA COM A FERIDA.,ACOMPANHA MEDIDOR E PROTETOR PLASTICO PARA DEMARCACAO.|CURATIVO / COBERTURA, APLICAÇÃO: P/ FÍSTULA ABDOMINAL , ASPECTO FÍSICO: PLACA C/ BORDA E BOLSA DRENAGEM C/ TAMPA E CLAMP , COMPOSIçãO: À BASE DE HIDROCOLÓIDE , COMPONENTE 6: C/ GUIA DE RECORTE , FORMATO: TAMANHO P , ESTERILIDADE: USO ÚNICO 
899|CATMAT_ALTERNATIVO; MAPEAMENTO_INCERTO|False|False|True|MATERIAIS DE USO TECNICO HOSPITALAR|MATERIAIS CIRÚRGICOS PARA CURATIVOS|2801205|485111|BOLSA  PARA OSTOMIAS - RECORTAVEL DE 208MM A 297MM, PARA DRENAGEM DE FISTULA ABDOMINAL,TAMANHO G,POSSUI DISPOSITVO DE DRENAGEM DE 2 VIAS, QUE PERMITE A ABERTURA E O FECHAMENTO SEM VAZAMENTO.,PLACA DE HIDROCOLOIDE RECORTAVEL E ADESIVA COMPOSTA DE ADESIVO  DE LONGA DURACAO.,POSSUI DISPOSITIVO DE CONFORTO E SEGURANCA QUE NAO PERMITE O CONTATO DA PARTE SUPERIOR DA BOLSA COM A FERIDA.,ACOMPANHA MEDIDOR E PROTETOR PLASTICO PARA DEMARCACAO.|CURATIVO / COBERTURA, APLICAÇÃO: P/ FÍSTULA ABDOMINAL , ASPECTO FÍSICO: PLACA C/ BORDA E BOLSA DRENAGEM C/ TAMPA E CLAMP , COMPOSIçãO: À BASE DE HIDROCOLÓIDE , COMPONENTE 6: C/ GUIA DE RECORTE , FORMATO: TAMANHO G , ESTERILIDADE: USO ÚNICO 
899|CATMAT_ALTERNATIVO; MAPEAMENTO_INCERTO|False|False|True|MATERIAIS DE USO TECNICO HOSPITALAR|INSTRUMENTOS, EQUIPAMENTOS E SUPRIMENTOS MÉDICOS  E  CIRÚRGICOS|2801205|477943|BOLSA  PARA OSTOMIAS - RECORTAVEL DE 208MM A 297MM, PARA DRENAGEM DE FISTULA ABDOMINAL,TAMANHO G,POSSUI DISPOSITVO DE DRENAGEM DE 2 VIAS, QUE PERMITE A ABERTURA E O FECHAMENTO SEM VAZAMENTO.,PLACA DE HIDROCOLOIDE RECORTAVEL E ADESIVA COMPOSTA DE ADESIVO  DE LONGA DURACAO.,POSSUI DISPOSITIVO DE CONFORTO E SEGURANCA QUE NAO PERMITE O CONTATO DA PARTE SUPERIOR DA BOLSA COM A FERIDA.,ACOMPANHA MEDIDOR E PROTETOR PLASTICO PARA DEMARCACAO.|SISTEMA P/ ESTOMIA, APLICAÇÃO: INTESTINAL , TIPO: BOLSA E BASE ADESIVA COMPATÍVEL 2 PEÇAS , MODELO: DRENÁVEL , TIPO BOLSA: ANTIODOR TRANSPARENTE , COMPONENTES: C/ FILTRO GASES , TIPO BASE: RESINA SINTÉTICA , ESTRUTURA: PLANA , TIPO RECORTE BASE ADESIVA: RECORTÁVEL , DIÂMETRO: FLANGE ACIMA 70 MM, TIPO USO: ADULTO 
899|CATMAT_ALTERNATIVO; MAPEAMENTO_INCERTO|False|False|True|MATERIAIS DE USO TECNICO HOSPITALAR|INSTRUMENTOS, EQUIPAMENTOS E SUPRIMENTOS MÉDICOS  E  CIRÚRGICOS|2801205|477295|BOLSA  PARA OSTOMIAS - RECORTAVEL DE 208MM A 297MM, PARA DRENAGEM DE FISTULA ABDOMINAL,TAMANHO G,POSSUI DISPOSITVO DE DRENAGEM DE 2 VIAS, QUE PERMITE A ABERTURA E O FECHAMENTO SEM VAZAMENTO.,PLACA DE HIDROCOLOIDE RECORTAVEL E ADESIVA COMPOSTA DE ADESIVO  DE LONGA DURACAO.,POSSUI DISPOSITIVO DE CONFORTO E SEGURANCA QUE NAO PERMITE O CONTATO DA PARTE SUPERIOR DA BOLSA COM A FERIDA.,ACOMPANHA MEDIDOR E PROTETOR PLASTICO PARA DEMARCACAO.|SISTEMA P/ ESTOMIA, APLICAÇÃO: INTESTINAL , TIPO: BOLSA E BASE ADESIVA COMPATÍVEL 2 PEÇAS , MODELO: DRENÁVEL , TIPO BOLSA: ANTIODOR TRANSPARENTE , TIPO BASE: RESINA SINTÉTICA , ESTRUTURA: PLANA , TIPO RECORTE BASE ADESIVA: RECORTÁVEL , DIÂMETRO: FLANGE ACIMA 70 MM, TIPO USO: ADULTO , COMPONENTE ADICIONAL: C/ ABA P/ CINTO 
900|MAPEAMENTO_INCERTO|False|False|True|MATERIAIS DE USO TECNICO HOSPITALAR|INSTRUMENTOS, EQUIPAMENTOS E SUPRIMENTOS MÉDICOS  E  CIRÚRGICOS|5253330|477183|BOLSA PARA ESTOMA INTESTINAL DRENAVEL - UMA PECA, TRANSPARENTE,EM PLASTICO, ANTI ODOR E SILENCIOSO, BASE ADESIVA , FECHAMENTO COM CLAMP INDIVIDUAL,PELICULA A PROVA DE ODOR,RECORTAVEL DE 10,00 A 80,00MM|SISTEMA P/ ESTOMIA, APLICAÇÃO: INTESTINAL , TIPO: BOLSA C/ BASE ADESIVA 1 PEÇA , MODELO: DRENÁVEL , TIPO BOLSA: ANTIODOR TRANSPARENTE , TIPO BASE: RESINA SINTÉTICA , ESTRUTURA: PLANA , TIPO RECORTE BASE ADESIVA: RECORTÁVEL , TIPO USO: ADULTO 
901|CATMAT_ALTERNATIVO|False|False|False|MATERIAIS DE USO TECNICO HOSPITALAR|INSTRUMENTOS, EQUIPAMENTOS E SUPRIMENTOS MÉDICOS  E  CIRÚRGICOS|1856065|477183|BOLSA DE COLOSTOMIA,ABERTA - ABERTA DE 1 PECA TRANSPARENTE RECORT.10-70MM.TA_MANHO GR.RESINA C/BORDAS BISELA, DE CARBOXIMETILCELULOSE SODICA,GELATINA,PECTINA,AGENTE SUAVIZANTE ANTI-OXIDANTE, POSTERIOR EM POLIESTER NAO TECIDO FEITA EM MATE RIAL SILENCIOSO E A PROVA DE OD, DICLORETO DE POLIVILINA, ETIL VINIL ACETATO E_POLIETILENO CELULOSICO COM PINCA, -, -|SISTEMA P/ ESTOMIA, APLICAÇÃO: INTESTINAL , TIPO: BOLSA C/ BASE ADESIVA 1 PEÇA , MODELO: DRENÁVEL , TIPO BOLSA: ANTIODOR TRANSPARENTE , TIPO BASE: RESINA SINTÉTICA , ESTRUTURA: PLANA , TIPO RECORTE BASE ADESIVA: RECORTÁVEL , TIPO USO: ADULTO 
902|CATMAT_ALTERNATIVO; MAPEAMENTO_INCERTO|False|False|False|MATERIAIS DE USO TECNICO HOSPITALAR|INSTRUMENTOS, EQUIPAMENTOS E SUPRIMENTOS MÉDICOS  E  CIRÚRGICOS|4815009|477183|BOLSA DE COLOSTOMIA,ABERTA - 1 PECA,TAMANHO GRANDE, RECORTAVEL EM TORNO DE 10,00-70,00MM,EM POLIESTER NAO TECIDO,MATERIAL SILENCIOSO,COM BORDAS BISELADA, DE CARBOXIMETILCELULOSE RESINA E DISPOSITIVO PARA FECHAMENTO,TRANSPARENTE|SISTEMA P/ ESTOMIA, APLICAÇÃO: INTESTINAL , TIPO: BOLSA C/ BASE ADESIVA 1 PEÇA , MODELO: DRENÁVEL , TIPO BOLSA: ANTIODOR TRANSPARENTE , TIPO BASE: RESINA SINTÉTICA , ESTRUTURA: PLANA , TIPO RECORTE BASE ADESIVA: RECORTÁVEL , TIPO USO: ADULTO 
906|CATMAT_ALTERNATIVO|False|False|False|MATERIAIS DE USO TECNICO HOSPITALAR|INSTRUMENTOS, EQUIPAMENTOS E SUPRIMENTOS MÉDICOS  E  CIRÚRGICOS|1923285|477183|BOLSA PARA ESTOMA INTESTINAL - BOLSA P/ESTOMA INTESTINAL DRENAVEL  PLASTICO ANTI-ODOR, HIPOALERGENICA,, TRANSPARENTE, COM BARREIRA DE RESINA SINTETICA PROTETORA DA PELE,COM ADESIVO, MICROPOROSO RECORTAVEL ATE O DIAMETRO EM TORNO DE  64 MM.|SISTEMA P/ ESTOMIA, APLICAÇÃO: INTESTINAL , TIPO: BOLSA C/ BASE ADESIVA 1 PEÇA , MODELO: DRENÁVEL , TIPO BOLSA: ANTIODOR TRANSPARENTE , TIPO BASE: RESINA SINTÉTICA , ESTRUTURA: PLANA , TIPO RECORTE BASE ADESIVA: RECORTÁVEL , TIPO USO: ADULTO 
907|MAPEAMENTO_INCERTO|False|False|True|MATERIAIS DE USO TECNICO HOSPITALAR|INSTRUMENTOS, EQUIPAMENTOS E SUPRIMENTOS MÉDICOS  E  CIRÚRGICOS|1919628|477425|BOLSA SIMPLES PARA COLOSTOMIA - BOLSA SIMPLES P/COLOSTOMIA COM ADESIVO MICROPOROSO PROTETOR DE PELE., EMBALAGEM COM DADOS DE IDENTIFICACAO,PROCEDENCIA,VALIDADE E REGISTRO DE ISENCAO NO MS.|SISTEMA P/ ESTOMIA, APLICAÇÃO: INTESTINAL , TIPO: BOLSA C/ BASE ADESIVA 1 PEÇA , MODELO: FECHADA , TIPO BOLSA: ANTIODOR TRANSPARENTE , COMPONENTES: C/ FILTRO GASES , TIPO BASE: ADESIVO MICROPOROSO E RESINA SINTÉTICA , ESTRUTURA: PLANA , TIPO RECORTE BASE ADESIVA: PRÉ-CORTADA ATÉ 70 MM , TIPO USO: ADULTO 
908|OK_SEM_FLAGS|False|False|False|MATERIAIS DE USO TECNICO HOSPITALAR|INSTRUMENTOS, EQUIPAMENTOS E SUPRIMENTOS MÉDICOS  E  CIRÚRGICOS|5093708|477191|BOLSA PARA ESTOMA INTESTINAL DRENAVEL - 1 PECA,EM PLASTICO ANTI-ODOR, TELA PROTETORA EM TECIDO NAO TECIDO,OPACO, COM FILTRO DE CARVAO ATIVADO, BASE ADESIVA DE RESINA SINTETICA, NAO MICROPOROSO, COM DISPOSITIVO PARA FECHAMENTO,RECORTAVEL DIAMETRO APROXIMADO DE 10,00 A 76,00MM|SISTEMA P/ ESTOMIA, APLICAÇÃO: INTESTINAL , TIPO: BOLSA C/ BASE ADESIVA 1 PEÇA , MODELO: DRENÁVEL , TIPO BOLSA: ANTIODOR OPACA , COMPONENTES: C/ FILTRO GASES , TIPO BASE: ADESIVO MICROPOROSO E RESINA SINTÉTICA , ESTRUTURA: PLANA , TIPO RECORTE BASE ADESIVA: RECORTÁVEL , TIPO USO: ADULTO 
909|OK_SEM_FLAGS|False|False|False|MATERIAIS DE USO TECNICO HOSPITALAR|INSTRUMENTOS, EQUIPAMENTOS E SUPRIMENTOS MÉDICOS  E  CIRÚRGICOS|5001986|477187|BOLSA PARA ESTOMA INTESTINAL DRENAVEL - 1 PECA, ADULTO, BOLSA E BASE PLANA ADESIVA,EM PLASTICO, OPACO, ANTI ODOR, TELA PROTETORA DA PELE EM TECIDO NAO TECIDO, BARREIRA DE RESINA SINTETICA, COM FILTRO DE CARVAO ATIVADO E CLAMP DE FECHAMENTO,COM ADESIVO NAO MICROPOROSO,RECORTAVEL DE 10,00 A 76,00MM, APROXIMADAMENTE|SISTEMA P/ ESTOMIA, APLICAÇÃO: INTESTINAL , TIPO: BOLSA C/ BASE ADESIVA 1 PEÇA , MODELO: DRENÁVEL , TIPO BOLSA: ANTIODOR OPACA , COMPONENTES: C/ FILTRO GASES , TIPO BASE: RESINA SINTÉTICA , ESTRUTURA: PLANA , TIPO RECORTE BASE ADESIVA: RECORTÁVEL , TIPO USO: ADULTO 
910|MAPEAMENTO_INCERTO|False|False|True|MATERIAIS DE USO TECNICO HOSPITALAR|INSTRUMENTOS, EQUIPAMENTOS E SUPRIMENTOS MÉDICOS  E  CIRÚRGICOS|4815246|477186|BOLSA PARA ESTOMA INTESTINAL DRENAVEL - 1 PECA,EM PLASTICO ANTI-ODOR, TELA PROTETORA DE TECIDO NAO TECIDO,TRANSPARENTE, COM FILTRO DE CARVAO ATIVADO, BASE ADESIVA DE RESINA SINTETICA, NAO MICROPOROSO, COM DISPOSITIVO PARA FECHAMENTO.,RECORTAVEL APROXIMADAMENTE EM TORNO DE 10,00 A 76,00MM|SISTEMA P/ ESTOMIA, APLICAÇÃO: INTESTINAL , TIPO: BOLSA C/ BASE ADESIVA 1 PEÇA , MODELO: DRENÁVEL , TIPO BOLSA: ANTIODOR TRANSPARENTE , COMPONENTES: C/ FILTRO GASES , TIPO BASE: RESINA SINTÉTICA , ESTRUTURA: PLANA , TIPO RECORTE BASE ADESIVA: RECORTÁVEL , TIPO USO: ADULTO 
911|MAPEAMENTO_INCERTO|False|False|True|MATERIAIS DE USO TECNICO HOSPITALAR|INSTRUMENTOS, EQUIPAMENTOS E SUPRIMENTOS MÉDICOS  E  CIRÚRGICOS|3279758|477186|BOLSA PARA ESTOMA INTESTINAL DRENAVEL - ADULTO,BOLSA E BASE ADESIVA, EM PLASTICO TRANSPARENTE E ANTI-ODOR, TELA PROTETORA DE TECIDO NAO TECIDO, COM FILTRO DE CARVAO ATIVADO E CLAMP DE FECHAMENTO INDIVIDUAL EM VELCRO,1 PECA, BASE ADESIVA PLANA, DE RESINA SINTETICA, COM DUPLA CAMADA DE ADESIVO NAO MICROPOROSO,RECORTAVEL DE 10,00 A 76,00MM|SISTEMA P/ ESTOMIA, APLICAÇÃO: INTESTINAL , TIPO: BOLSA C/ BASE ADESIVA 1 PEÇA , MODELO: DRENÁVEL , TIPO BOLSA: ANTIODOR TRANSPARENTE , COMPONENTES: C/ FILTRO GASES , TIPO BASE: RESINA SINTÉTICA , ESTRUTURA: PLANA , TIPO RECORTE BASE ADESIVA: RECORTÁVEL , TIPO USO: ADULTO 
912|MAPEAMENTO_INCERTO|False|False|True|MATERIAIS DE USO TECNICO HOSPITALAR|INSTRUMENTOS, EQUIPAMENTOS E SUPRIMENTOS MÉDICOS  E  CIRÚRGICOS|5280826|477268|BOLSA PARA ESTOMA INTESTINAL DRENAVEL - 01 PECA, OPACA,BOLSA REVESTIDA DE FILME MULTICAMADAS COM TECIDO MACIO E HIDROFOBICO DE POLIESTER NA COR CINZA, BARREIRA DE RESINA SINTETICA,SEM ADESIVO MICROPOROSO E COM CLAMP DE FECHAMENTO INDIVIDUAL, COM BASE OPACA ADESIVA CONCAVA EM FORMA DE ESTRELA, COM FILTRO DE CARBONO ATIVADO, RECORTAVEL,COM ABERTURA FRONTAL,RECORTE APROXIMADO ATE 60,00 MM, TAMANHO ADULTO|ADJUVANTE P/ ESTOMIA, APLICAÇÃO: INTESTINAL , TIPO: COBERTURA PROTETORA DE ESTOMA - SISTEMA 1 PEÇA , MATERIAL: MINI BOLSA FECHADA PLÁSTICO ANTIODOR OPACO , COMPONENTE 1: C/ BASE ADESIVA DE RESINA SINTÉTICA , COMPONENTE 2: C/ FACE INTERNA ABSORVENTE, FILTRO P/ GASES , TAMANHO: RECORTÁVEL ATÉ 60 MM 
913|MAPEAMENTO_INCERTO|False|False|True|MATERIAIS DE USO TECNICO HOSPITALAR|INSTRUMENTOS, EQUIPAMENTOS E SUPRIMENTOS MÉDICOS  E  CIRÚRGICOS|5280877|477184|BOLSA PARA ESTOMA INTESTINAL DRENAVEL - 01 PECA, OPACA, ELASTICA, PLANA, TRANSPARENTE,REVESTIDA DE FILME MULTICAMADAS COM TECIDO MACIO E HIDROFOBICO DE POLIESTER NA COR CINZA, BARREIRA DE RESINA SINTETICA,SEM ADESIVO MICROPOROSO E COM CLAMP DE FECHAMENTO INDIVIDUAL, COM FILTRO DE CARBONO ATIVADO,RECORTE APROXIMADO ATE 55,00 MM, ADULTO|SISTEMA P/ ESTOMIA, APLICAÇÃO: INTESTINAL , TIPO: BOLSA C/ BASE ADESIVA 1 PEÇA , MODELO: DRENÁVEL , TIPO BOLSA: ANTIODOR OPACA , TIPO BASE: RESINA SINTÉTICA , ESTRUTURA: PLANA , TIPO RECORTE BASE ADESIVA: RECORTÁVEL , TIPO USO: ADULTO 
914|MAPEAMENTO_INCERTO|False|False|True|MATERIAIS DE USO TECNICO HOSPITALAR|INSTRUMENTOS, EQUIPAMENTOS E SUPRIMENTOS MÉDICOS  E  CIRÚRGICOS|3750590|477942|BOLSA PARA ESTOMA INTESTINAL DRENAVEL - SISTEMA UMA PECA,COMPOSTA DE PVC SILENCIOSO E A PROVA DE ODORES, REVESTIDA DE TECIDO SEM TRAMA COM FIBRAS DE POLIPROPILENO HIDROFOBICO,BASE PLANA DE DUPLA CAMADA ADESIVA COMPOSTA DE OXIDO DE FERRO SINTETICO, CARBOXIMETILCELULOSE SODICA, GOMA GUAR, PECTINA, GELATINA ESTIRENO-ISOPRENOESTIRENO E POLIISOBUTILENO; JANELA INTEGRADA DE 100,00MM E VALVULA DE DRENAGEM EM FORMATO FUNIL ADPATAVEL A DIVERSAS BOLSAS DE CAMA,RECORTAVEL DE 10,00 A 115,00MM; BOLSA COM CAPACIDADE PARA 725,00ML E ADESIVO MICROPOROSO HIPOALERGENICO.|SISTEMA P/ ESTOMIA, APLICAÇÃO: INTESTINAL , TIPO: BOLSA C/ BASE ADESIVA 1 PEÇA , MODELO: DRENÁVEL , TIPO BOLSA: ANTIODOR TRANSPARENTE , TIPO BASE: RESINA SINTÉTICA , ESTRUTURA: CONVEXA , TIPO RECORTE BASE ADESIVA: RECORTÁVEL , TIPO USO: ADULTO , COMPONENTE ADICIONAL: C/ ABA P/ CINTO 
915|MAPEAMENTO_INCERTO|False|False|True|MATERIAIS DE USO TECNICO HOSPITALAR|INSTRUMENTOS, EQUIPAMENTOS E SUPRIMENTOS MÉDICOS  E  CIRÚRGICOS|2393425|477207|BOLSA PARA ESTOMA INTESTINAL CONVEXA - DRENAVEL, COM PLASTICO ANTI-ODOR ATOXICO, BARREIRA DE RESINA SINTETICA PROTETORA DA PELE, COM ADESIVO MICROPOROSO, RECORTAVEL ATE APROXIMADAMENTE RECORTAVEL ATE O DIAMETRO EM TORNO DE  50MM, COM SUPORTE PARA CINTO.|SISTEMA P/ ESTOMIA, APLICAÇÃO: INTESTINAL , TIPO: BOLSA C/ BASE ADESIVA 1 PEÇA , MODELO: DRENÁVEL , TIPO BOLSA: ANTIODOR TRANSPARENTE , COMPONENTES: C/ FILTRO GASES , TIPO BASE: RESINA SINTÉTICA , ESTRUTURA: CONVEXA , TIPO RECORTE BASE ADESIVA: PRÉ-CORTADA ATÉ 70 MM , TIPO USO: ADULTO 
916|MAPEAMENTO_INCERTO|False|False|True|MATERIAIS DE USO TECNICO HOSPITALAR|INSTRUMENTOS, EQUIPAMENTOS E SUPRIMENTOS MÉDICOS  E  CIRÚRGICOS|4015932|477226|BOLSA PARA ESTOMA INTESTINAL DRENAVEL - ADULTO, SISTEMA DUAS PECAS, BOLSA E BASE ADESIVA,EM PLASTICO TRANSPARENTE E ANTI-ODOR,TELA PROTETORA DE TECIDO NAO TECIDO, COM FILTRO DE CARVAO ATIVADO E FECHAMENTO EM TRAVA DE RESINA SINTETICA, DUPLA CAMADA DE ADESIVO NAO MICROPOROSO,RECORTAVEL DE 10,00 A 55,00MM|SISTEMA P/ ESTOMIA, APLICAÇÃO: INTESTINAL , TIPO: BOLSA E BASE ADESIVA COMPATÍVEL 2 PEÇAS , MODELO: DRENÁVEL , TIPO BOLSA: ANTIODOR TRANSPARENTE , COMPONENTES: C/ FILTRO GASES , TIPO BASE: RESINA SINTÉTICA , ESTRUTURA: PLANA , TIPO RECORTE BASE ADESIVA: RECORTÁVEL , DIÂMETRO: FLANGE ATÉ 70 MM, TIPO USO: ADULTO , COMPONENTE ADICIONAL: C/ ABA P/ CINTO 
917|MAPEAMENTO_INCERTO|False|False|True|MATERIAIS DE USO TECNICO HOSPITALAR|INSTRUMENTOS, EQUIPAMENTOS E SUPRIMENTOS MÉDICOS  E  CIRÚRGICOS|4225694|477247|BOLSA PARA ESTOMA INTESTINAL DRENAVEL - DO TIPO ADULTO SISTEMA DUAS PECAS,BOLSA E BASE ADESIVA EM PLASTICO TRANSPARENTE E ANTI - ODOR, TELA PROTETORA DE TECIDO NAO TECIDO, COM FILTRO DE CARVAO ATIVADO E FECHAMENTO EM TRAVA, PLACA DE RESINA SINTETICA, DUPLA CAMADA DE ADESIVO NAO MICROPOROSO, FECHAMENTO INDIVIDUAL EM VELCRO,APRESENTACAO EM KIT,RECORTAVEL EM TORNO DE  65,00 MM|SISTEMA P/ ESTOMIA, APLICAÇÃO: INTESTINAL , TIPO: BOLSA E BASE ADESIVA COMPATÍVEL 2 PEÇAS , MODELO: DRENÁVEL , TIPO BOLSA: ANTIODOR TRANSPARENTE , COMPONENTES: C/ FILTRO GASES , TIPO BASE: RESINA SINTÉTICA , ESTRUTURA: CONVEXA , TIPO RECORTE BASE ADESIVA: PRÉ-CORTADA ATÉ 70 MM , DIÂMETRO: FLANGE ATÉ 70 MM, TIPO USO: ADULTO , COMPONENTE ADICIONAL: C/ ABA P/ CINTO 
917|MAPEAMENTO_INCERTO|False|False|True|MATERIAIS DE USO TECNICO HOSPITALAR|INSTRUMENTOS, EQUIPAMENTOS E SUPRIMENTOS MÉDICOS  E  CIRÚRGICOS|4225694|477215|BOLSA PARA ESTOMA INTESTINAL DRENAVEL - DO TIPO ADULTO SISTEMA DUAS PECAS,BOLSA E BASE ADESIVA EM PLASTICO TRANSPARENTE E ANTI - ODOR, TELA PROTETORA DE TECIDO NAO TECIDO, COM FILTRO DE CARVAO ATIVADO E FECHAMENTO EM TRAVA, PLACA DE RESINA SINTETICA, DUPLA CAMADA DE ADESIVO NAO MICROPOROSO, FECHAMENTO INDIVIDUAL EM VELCRO,APRESENTACAO EM KIT,RECORTAVEL EM TORNO DE  65,00 MM|SISTEMA P/ ESTOMIA, APLICAÇÃO: INTESTINAL , TIPO: BOLSA E BASE ADESIVA COMPATÍVEL 2 PEÇAS , MODELO: FECHADA , TIPO BOLSA: ANTIODOR TRANSPARENTE , COMPONENTES: C/ FILTRO GASES , TIPO BASE: RESINA SINTÉTICA , ESTRUTURA: PLANA , TIPO RECORTE BASE ADESIVA: RECORTÁVEL , DIÂMETRO: FLANGE ATÉ 70 MM, TIPO USO: ADULTO , COMPONENTE ADICIONAL: C/ ABA P/ CINTO 
918|OK_SEM_FLAGS|False|False|False|MATERIAIS DE USO TECNICO HOSPITALAR|INSTRUMENTOS, EQUIPAMENTOS E SUPRIMENTOS MÉDICOS  E  CIRÚRGICOS|5564468|477243|BOLSA PARA ESTOMA INTESTINAL CONVEXA - TIPO DRENAVEL COM SISTEMA 2 PECAS, PLACA COM LEVE CONVEXIDADE EM FORMATO OVAL, DISPOSTA EM TRES CAMADAS E BOLSA TRANSPARENTE,COBERTA COM TECIDO DE POLIESTER, FECHAMENTO INDIVIDUAL EM VELCRO E FILTRO CIRCULAR DE CARBONO ATIVADO,APRESENTACAO EM KIT,RECORTAVEL DE 15,00 A 53,00MM,  ADULTO|SISTEMA P/ ESTOMIA, APLICAÇÃO: INTESTINAL , TIPO: BOLSA E BASE ADESIVA COMPATÍVEL 2 PEÇAS , MODELO: DRENÁVEL , TIPO BOLSA: ANTIODOR TRANSPARENTE , TIPO BASE: RESINA SINTÉTICA , ESTRUTURA: CONVEXA , TIPO RECORTE BASE ADESIVA: PRÉ-CORTADA ATÉ 70 MM , DIÂMETRO: FLANGE ATÉ 70 MM, TIPO USO: ADULTO , COMPONENTE ADICIONAL: C/ ABA P/ CINTO 
920|OK_SEM_FLAGS|False|False|False|BOLSAS E ACESSORIOS DE OSTOMIA|INSTRUMENTOS, EQUIPAMENTOS E SUPRIMENTOS MÉDICOS  E  CIRÚRGICOS|4933184|477280|PLACA  PARA ESTOMIA - PLACA PARA ESTOMIA CONVEXA COM ADESIVO EM ESPIRAL COMPATVEL COM A BOLSA COLETORA,TRANSPARENTE, DIAMETRO 60,00MM,RECORTAVEL 15-43MM,TAMANHO ADULTO|ADJUVANTE P/ ESTOMIA, APLICAÇÃO: INTESTINAL / URINÁRIA , TIPO: PROTETOR DE PELE PERIESTOMIA , MATERIAL: RESINA SINTÉTICA, S/ ÁLCOOL , ASPECTO FÍSICO: PLACA , TAMANHO: CERCA DE 20 X 20 MM 
921|OK_SEM_FLAGS|False|False|False|MATERIAIS DE USO TECNICO HOSPITALAR|INSTRUMENTOS, EQUIPAMENTOS E SUPRIMENTOS MÉDICOS  E  CIRÚRGICOS|2400111|477226|BOLSA PARA ESTOMA INTESTINAL - SISTEMA DUAS PECAS. PLACA FLEXIVEL, COM BARREIRA DE RESINA SINTETICA PROTETORA DA PELE RECORTAVEL ATE O DIAMETRO, EM TORNO DE 60MM. BOLSA COLETORA DRENAVEL.TRANSPARENTE, PLASTICO ANTI-ODOR,, COMPATIVEL COM A PLACA. APRESENTACAO EM KIT.|SISTEMA P/ ESTOMIA, APLICAÇÃO: INTESTINAL , TIPO: BOLSA E BASE ADESIVA COMPATÍVEL 2 PEÇAS , MODELO: DRENÁVEL , TIPO BOLSA: ANTIODOR TRANSPARENTE , COMPONENTES: C/ FILTRO GASES , TIPO BASE: RESINA SINTÉTICA , ESTRUTURA: PLANA , TIPO RECORTE BASE ADESIVA: RECORTÁVEL , DIÂMETRO: FLANGE ATÉ 70 MM, TIPO USO: ADULTO , COMPONENTE ADICIONAL: C/ ABA P/ CINTO 
922|OK_SEM_FLAGS|False|False|False|MATERIAIS DE USO TECNICO HOSPITALAR|INSTRUMENTOS, EQUIPAMENTOS E SUPRIMENTOS MÉDICOS  E  CIRÚRGICOS|2400103|477226|BOLSA PARA ESTOMA INTESTINAL - SISTEMA DUAS PECAS. PLACA FLEXIVEL, COM BARREIRA DE RESINA SINTETICA PROTETORA DA PELE RECORTAVEL ATE O DIAMETRO, EM TORNO DE 50MM. BOLSA COLETORA DRENAVEL.TRANSPARENTE, PLASTICO ANTI-ODOR,, COMPATIVEL COM A PLACA. APRESENTACAO EM KIT.|SISTEMA P/ ESTOMIA, APLICAÇÃO: INTESTINAL , TIPO: BOLSA E BASE ADESIVA COMPATÍVEL 2 PEÇAS , MODELO: DRENÁVEL , TIPO BOLSA: ANTIODOR TRANSPARENTE , COMPONENTES: C/ FILTRO GASES , TIPO BASE: RESINA SINTÉTICA , ESTRUTURA: PLANA , TIPO RECORTE BASE ADESIVA: RECORTÁVEL , DIÂMETRO: FLANGE ATÉ 70 MM, TIPO USO: ADULTO , COMPONENTE ADICIONAL: C/ ABA P/ CINTO 
924|OK_SEM_FLAGS|False|False|False|MATERIAIS DE USO TECNICO HOSPITALAR|INSTRUMENTOS, EQUIPAMENTOS E SUPRIMENTOS MÉDICOS  E  CIRÚRGICOS|2400073|477228|BOLSA PARA ESTOMA INTESTINAL - SISTEMA DUAS PECAS. PLACA FLEXIVEL, RECORTAVEL ATE O DIAMETRO, EM TORNO DE 45MM, COM ADESIVO MICROPOROSO E HIPOALERGENICO., BOLSA DRENAVEL,PLASTICO ANTI-ODOR, HIPOALERGENICA,OPACA ,COMPATIVEL COM A PLACA. APRESENTACAO EM KIT.|SISTEMA P/ ESTOMIA, APLICAÇÃO: INTESTINAL , TIPO: BOLSA E BASE ADESIVA COMPATÍVEL 2 PEÇAS , MODELO: DRENÁVEL , TIPO BOLSA: ANTIODOR OPACA , COMPONENTES: C/ FILTRO GASES , TIPO BASE: RESINA SINTÉTICA , ESTRUTURA: PLANA , TIPO RECORTE BASE ADESIVA: RECORTÁVEL , DIÂMETRO: FLANGE ATÉ 70 MM, TIPO USO: ADULTO , COMPONENTE ADICIONAL: C/ ABA P/ CINTO 
924|OK_SEM_FLAGS|False|False|False|MATERIAIS DE USO TECNICO HOSPITALAR|INSTRUMENTOS, EQUIPAMENTOS E SUPRIMENTOS MÉDICOS  E  CIRÚRGICOS|2400073|477236|BOLSA PARA ESTOMA INTESTINAL - SISTEMA DUAS PECAS. PLACA FLEXIVEL, RECORTAVEL ATE O DIAMETRO, EM TORNO DE 45MM, COM ADESIVO MICROPOROSO E HIPOALERGENICO., BOLSA DRENAVEL,PLASTICO ANTI-ODOR, HIPOALERGENICA,OPACA ,COMPATIVEL COM A PLACA. APRESENTACAO EM KIT.|SISTEMA P/ ESTOMIA, APLICAÇÃO: INTESTINAL , TIPO: BOLSA E BASE ADESIVA COMPATÍVEL 2 PEÇAS , MODELO: DRENÁVEL , TIPO BOLSA: ANTIODOR OPACA , COMPONENTES: C/ FILTRO GASES , TIPO BASE: RESINA SINTÉTICA , ESTRUTURA: CONVEXA , TIPO RECORTE BASE ADESIVA: RECORTÁVEL , DIÂMETRO: FLANGE ATÉ 70 MM, TIPO USO: ADULTO , COMPONENTE ADICIONAL: C/ ABA P/ CINTO 
925|OK_SEM_FLAGS|False|False|False|MATERIAIS DE USO TECNICO HOSPITALAR|INSTRUMENTOS, EQUIPAMENTOS E SUPRIMENTOS MÉDICOS  E  CIRÚRGICOS|3810119|477248|BOLSA PARA ESTOMA INTESTINAL DRENAVEL - OPACA, SISTEMA DUAS  PECAS,EM PLASTICO ANTI-ODOR,TRANSPARENTE,,TELA PROTETORA DE PELE NAO ADERENTE, COM ADAPTADOR PARA CINTO, PLACA BASE ADESIVA PROTETORA DA PELE COMPOSTA POR HIDROCALOIDE MOLDAVEL, PLANA,FLANGE 45MM MOLDAVEL PARA ESTOMAS DE 22 A 33MM COM ADESIVO HIPOALEGENICO|SISTEMA P/ ESTOMIA, APLICAÇÃO: INTESTINAL , TIPO: BOLSA E BASE ADESIVA COMPATÍVEL 2 PEÇAS , MODELO: DRENÁVEL , TIPO BOLSA: ANTIODOR TRANSPARENTE , COMPONENTES: C/ FILTRO GASES , TIPO BASE: ADESIVO MICROPOROSO E RESINA SINTÉTICA , ESTRUTURA: CONVEXA , TIPO RECORTE BASE ADESIVA: RECORTÁVEL , DIÂMETRO: FLANGE ATÉ 70 MM, TIPO USO: ADULTO , COMPONENTE ADICIONAL: C/ ABA P/ CINTO 
925|OK_SEM_FLAGS|False|False|False|MATERIAIS DE USO TECNICO HOSPITALAR|INSTRUMENTOS, EQUIPAMENTOS E SUPRIMENTOS MÉDICOS  E  CIRÚRGICOS|3810119|477227|BOLSA PARA ESTOMA INTESTINAL DRENAVEL - OPACA, SISTEMA DUAS  PECAS,EM PLASTICO ANTI-ODOR,TRANSPARENTE,,TELA PROTETORA DE PELE NAO ADERENTE, COM ADAPTADOR PARA CINTO, PLACA BASE ADESIVA PROTETORA DA PELE COMPOSTA POR HIDROCALOIDE MOLDAVEL, PLANA,FLANGE 45MM MOLDAVEL PARA ESTOMAS DE 22 A 33MM COM ADESIVO HIPOALEGENICO|SISTEMA P/ ESTOMIA, APLICAÇÃO: INTESTINAL , TIPO: BOLSA E BASE ADESIVA COMPATÍVEL 2 PEÇAS , MODELO: DRENÁVEL , TIPO BOLSA: ANTIODOR TRANSPARENTE , COMPONENTES: C/ FILTRO GASES , TIPO BASE: ADESIVO MICROPOROSO E RESINA SINTÉTICA , ESTRUTURA: PLANA , TIPO RECORTE BASE ADESIVA: RECORTÁVEL , DIÂMETRO: FLANGE ATÉ 70 MM, TIPO USO: ADULTO , COMPONENTE ADICIONAL: C/ ABA P/ CINTO 
927|OK_SEM_FLAGS|False|False|False|MATERIAIS DE USO TECNICO HOSPITALAR|INSTRUMENTOS, EQUIPAMENTOS E SUPRIMENTOS MÉDICOS  E  CIRÚRGICOS|3588017|477161|BOLSA PARA ESTOMA INTESTINAL - DRENAVEL, TRANSPARENTE, EM PLASTICO,  ANTI - ODOR, TELA PROTETORA EM POLIPROPILENO HIDROFOBICO, COM  FILTRO DE CARVAO ATIVADO, CLAMP DE FECHAMENTO INDIVIDUAL TIPO ENVELOPE EM VELCRO,ACOPLE SEGURO E AUDIVEL POR UM CLIK, PARA ENCAIXE NA BASE ADESIVA DE FLANGE 50MM,RECORTAVEL ATE O DIAMENTRO DE  15-33MM|SISTEMA P/ ESTOMIA, APLICAÇÃO: INTESTINAL , TIPO: BOLSA C/ BASE ADESIVA 1 PEÇA , MODELO: FECHADA , TIPO BOLSA: ANTIODOR TRANSPARENTE , TIPO BASE: ADESIVO MICROPOROSO , TIPO RECORTE BASE ADESIVA: RECORTÁVEL , TIPO USO: ADULTO 
927|OK_SEM_FLAGS|False|False|False|MATERIAIS DE USO TECNICO HOSPITALAR|INSTRUMENTOS, EQUIPAMENTOS E SUPRIMENTOS MÉDICOS  E  CIRÚRGICOS|3588017|477188|BOLSA PARA ESTOMA INTESTINAL - DRENAVEL, TRANSPARENTE, EM PLASTICO,  ANTI - ODOR, TELA PROTETORA EM POLIPROPILENO HIDROFOBICO, COM  FILTRO DE CARVAO ATIVADO, CLAMP DE FECHAMENTO INDIVIDUAL TIPO ENVELOPE EM VELCRO,ACOPLE SEGURO E AUDIVEL POR UM CLIK, PARA ENCAIXE NA BASE ADESIVA DE FLANGE 50MM,RECORTAVEL ATE O DIAMENTRO DE  15-33MM|SISTEMA P/ ESTOMIA, APLICAÇÃO: INTESTINAL , TIPO: BOLSA C/ BASE ADESIVA 1 PEÇA , MODELO: DRENÁVEL , TIPO BOLSA: ANTIODOR TRANSPARENTE , TIPO BASE: ADESIVO MICROPOROSO E RESINA SINTÉTICA , ESTRUTURA: PLANA , TIPO RECORTE BASE ADESIVA: RECORTÁVEL , TIPO USO: ADULTO 
928|OK_SEM_FLAGS|False|False|False|BOLSAS E ACESSORIOS DE OSTOMIA|INSTRUMENTOS, EQUIPAMENTOS E SUPRIMENTOS MÉDICOS  E  CIRÚRGICOS|3591344|477380|PLACA  PARA ESTOMIA - PARA ADULTO, COM BASE ADESIVA CONVEXA, IDEAL PARA ESTOMAS RETRAIDOS, DE RESINA SINTETICA, COM DUPLA CAMADA DE ADESIVO, COM CMC DE BATATA,TRANSPARENTE,50,00MM,RECORTAVEL 15,00 A 33,00MM ,FLANGE SEM ADESIVO MICROPOROSO, COMPATIVEL COM A BOLSA|SISTEMA P/ ESTOMIA, APLICAÇÃO: INTESTINAL / URINÁRIA , TIPO: BASE ADESIVA , TIPO BASE: RESINA SINTÉTICA , ESTRUTURA: CONVEXA , TIPO RECORTE BASE ADESIVA: RECORTÁVEL , DIÂMETRO: FLANGE ATÉ 70 MM, TIPO USO: ADULTO , COMPONENTE ADICIONAL: C/ ABA P/ CINTO 
930|OK_SEM_FLAGS|False|False|False|MATERIAIS DE USO TECNICO HOSPITALAR|INSTRUMENTOS, EQUIPAMENTOS E SUPRIMENTOS MÉDICOS  E  CIRÚRGICOS|5756928|477368|BOLSA PARA COLOSTOMIA DRENAVEL - CARBOXIMETILCELULOSE SODICA (HIDROCOLOIDES ABSORVENTES), TRANSPARENTE, SEM ADESIVO MICROPOROSO, HIPOALERGENICO, COM PLASTICO ANTI ODOR,PARA COLOSTOMIA/ILEOSTOMIA, PLACA FLEXIVEL, RECORTAVEL, FILTRO DE CARVAO ATIVADO, JANELA DE VISUALIZACAO, SEPARADAS POR 01 CAMADA DE FILME DE POLIETILENO,PLACA FLANGE SANFONADA DE 100,00 MM,E FECHAMENTO COM CLAMP,EMBALAGEM INDIVIDUAL|SISTEMA P/ ESTOMIA, APLICAÇÃO: INTESTINAL , TIPO: BOLSA , MODELO: DRENÁVEL , TIPO BOLSA: ANTIODOR OPACA , COMPONENTES: C/ FILTRO GASES , DIÂMETRO: FLANGE ACIMA 70 MM, TIPO USO: ADULTO , COMPONENTE ADICIONAL: C/ ABA P/ CINTO 
931|OK_SEM_FLAGS|False|False|False|MATERIAIS DE USO TECNICO HOSPITALAR|INSTRUMENTOS, EQUIPAMENTOS E SUPRIMENTOS MÉDICOS  E  CIRÚRGICOS|2348640|477232|BOLSA PARA ESTOMA INTESTINAL PEDIATRICA DRENAVEL - PLASTICO ANTI-ODOR, HIPOALERGENICA, PLASTICO ANTI-ODOR, TRANSPARENTE, BARREIRA DE RESINA ., PLACA SINTETICA RECORTAVEL, ATE APROXIMADAMENTE ATE O DIAMETRO EM TORNO DE  35MM.|SISTEMA P/ ESTOMIA, APLICAÇÃO: INTESTINAL , TIPO: BOLSA E BASE ADESIVA COMPATÍVEL 2 PEÇAS , MODELO: DRENÁVEL , TIPO BOLSA: ANTIODOR TRANSPARENTE , TIPO BASE: RESINA SINTÉTICA , ESTRUTURA: PLANA , TIPO RECORTE BASE ADESIVA: RECORTÁVEL , DIÂMETRO: FLANGE ATÉ 70 MM, TIPO USO: INFANTIL , COMPONENTE ADICIONAL: C/ ABA P/ CINTO 
931|OK_SEM_FLAGS|False|False|False|MATERIAIS DE USO TECNICO HOSPITALAR|INSTRUMENTOS, EQUIPAMENTOS E SUPRIMENTOS MÉDICOS  E  CIRÚRGICOS|2348640|477372|BOLSA PARA ESTOMA INTESTINAL PEDIATRICA DRENAVEL - PLASTICO ANTI-ODOR, HIPOALERGENICA, PLASTICO ANTI-ODOR, TRANSPARENTE, BARREIRA DE RESINA ., PLACA SINTETICA RECORTAVEL, ATE APROXIMADAMENTE ATE O DIAMETRO EM TORNO DE  35MM.|SISTEMA P/ ESTOMIA, APLICAÇÃO: INTESTINAL , TIPO: BOLSA , MODELO: DRENÁVEL , TIPO BOLSA: ANTIODOR TRANSPARENTE , DIÂMETRO: FLANGE ATÉ 70 MM, TIPO USO: INFANTIL 
932|MAPEAMENTO_INCERTO|False|False|True|MATERIAIS DE USO TECNICO HOSPITALAR|INSTRUMENTOS, EQUIPAMENTOS E SUPRIMENTOS MÉDICOS  E  CIRÚRGICOS|1856723|477232|BOLSA INFANTIL P/UROSTOMIA PEDIATRICA - ABERTA,TRANSPARENTE, RECORTAVEL DE 10-35MM. RESINA COM BORDAS BISELADAS,COMPOSTA DE CARBOXIMETIL, CELULOSE SODICA,GELATINA,PECTINA,AGENTE SUAVIZANTE ANTI-OXIDANTE. BOLSA COM FACE POSTERIOR EM PO, LIESTER NAO TECIDO,FEITA EM MATERIAL SILENCIOSOE A PROVA DE ODOR FORMADO POR DICLORETO DE POLI, VILINA ,ETIL VINIL ACETATO E POLIETILENO CELULOSICO.|SISTEMA P/ ESTOMIA, APLICAÇÃO: INTESTINAL , TIPO: BOLSA E BASE ADESIVA COMPATÍVEL 2 PEÇAS , MODELO: DRENÁVEL , TIPO BOLSA: ANTIODOR TRANSPARENTE , TIPO BASE: RESINA SINTÉTICA , ESTRUTURA: PLANA , TIPO RECORTE BASE ADESIVA: RECORTÁVEL , DIÂMETRO: FLANGE ATÉ 70 MM, TIPO USO: INFANTIL , COMPONENTE ADICIONAL: C/ ABA P/ CINTO 
933|OK_SEM_FLAGS|False|False|False|MATERIAIS DE USO TECNICO HOSPITALAR|INSTRUMENTOS, EQUIPAMENTOS E SUPRIMENTOS MÉDICOS  E  CIRÚRGICOS|2555662|477192|BOLSA PARA ESTOMA INTESTINAL PEDIATRICA DRENAVEL - PLASTICO ANTI-ODOR,TRANSPARENTE, ATOXICO,BARREIRA DE RESINA SINTETICA PROTETORA DA PELE.,RECORTAVEL ATE O  DIAMETRO EM TORNO DE  55MM.|SISTEMA P/ ESTOMIA, APLICAÇÃO: INTESTINAL , TIPO: BOLSA C/ BASE ADESIVA 1 PEÇA , MODELO: DRENÁVEL , TIPO BOLSA: ANTIODOR TRANSPARENTE , TIPO BASE: RESINA SINTÉTICA , ESTRUTURA: PLANA , TIPO RECORTE BASE ADESIVA: RECORTÁVEL , TIPO USO: INFANTIL 
934|MAPEAMENTO_INCERTO|False|False|True|MATERIAIS DE USO TECNICO HOSPITALAR|INSTRUMENTOS, EQUIPAMENTOS E SUPRIMENTOS MÉDICOS  E  CIRÚRGICOS|3389804|477423|BOLSA PARA COLOSTOMIA DRENAVEL - NEONATO, EM ESPUMA DE POLIURETANO QUE FAZ ACOPLE DA BOLSA NA PLACA,  FACE POSTERIOR EM POLIESTER NAO TECIDO HIPOALERGENICO COM FILTRO INTEGRADO E PLACA COMPOSTA POR CARBOXIMETILCELULOSE E GELATINA VEGETAL,COM SISTEMA QUE CONSISTE DE DOIS ITENS BASICOS SEPARADOS: A PLACA PROTETORA E A BOLSA COLETORA REMOVIVEL,ACOPLAGEM DE 17MM QUE DEVE SER UTILIZADA COM PLACA DE 17MM,SISTEMA DE DUAS PECAS OFERECENDO A FLEXIBILIDADE DE COLOCACAO DA BOLSA COLETORA SEM NECESSIDADE DE REMOVER A PLACA PROTETORA DA PELE,EMBALAGEM TRANSPARENTE E FECHAMENTO INVISIVEL POR VELCRO, DADOS DE IDENTIFICACAO,PROCEDENCIA,VAL. E REGISTRO DE ISENCAO NO MS|SISTEMA P/ ESTOMIA, APLICAÇÃO: INTESTINAL , TIPO: BOLSA C/ BASE ADESIVA 1 PEÇA , MODELO: FECHADA , TIPO BOLSA: ANTIODOR TRANSPARENTE , TIPO BASE: RESINA SINTÉTICA , ESTRUTURA: PLANA , TIPO RECORTE BASE ADESIVA: PRÉ-CORTADA ATÉ 70 MM , TIPO USO: NEONATAL 
935|MAPEAMENTO_INCERTO|False|False|True|MATERIAIS DE USO TECNICO HOSPITALAR|INSTRUMENTOS, EQUIPAMENTOS E SUPRIMENTOS MÉDICOS  E  CIRÚRGICOS|3580474|477232|BOLSA PARA COLOSTOMIA DRENAVEL - NEONATAL, EM ESPUMA DE POLIURETANO QUE FAZ ACOPLE DA BOLSA NA PLACA, FACE POSTERIOR EM POLIESTER NAO TECIDO HIPOALERGENICO COM FILTRO INTEGRADO E PLACA COMPOSTA POR CARBOXIMETILCELULOSE E GELATINA VEGETAL,SISTEMA DE DOIS ITENS SEPARADOS, A PLACA PROTETORA E A BOLSA COLETORA REMOVIVEL,COM ACOPLAGEM DE 27MM QUE DEVE SER UTILIZADA COM PLACA DE 27MM,SISTEMA DE DUAS PECAS QUE OFERECE A FLEXIBILIDADE DE COLOCACAO DA BOLSA COLETORA SEM NECESSIDADE DE REMOVER A PLACA PROTETORA DA PELE,EMBALAGEM OPACA ILUSTRADA, FECHAMENTO INVISIVEL POR VELCRO, COM DADOS DE IDENTIFICACAO, PROCEDENCIA, VAL. E REGISTRO DE ISENCAO NO MS|SISTEMA P/ ESTOMIA, APLICAÇÃO: INTESTINAL , TIPO: BOLSA E BASE ADESIVA COMPATÍVEL 2 PEÇAS , MODELO: DRENÁVEL , TIPO BOLSA: ANTIODOR TRANSPARENTE , TIPO BASE: RESINA SINTÉTICA , ESTRUTURA: PLANA , TIPO RECORTE BASE ADESIVA: RECORTÁVEL , DIÂMETRO: FLANGE ATÉ 70 MM, TIPO USO: INFANTIL , COMPONENTE ADICIONAL: C/ ABA P/ CINTO 
936|MAPEAMENTO_INCERTO|False|False|True|MATERIAIS DE USO TECNICO HOSPITALAR|BROCAS, ALARGADORES, ESCARIADORES, MANUAIS E PARA USO EM  MÁQUINAS|3748103|477492|BOLSA PARA ESTOMA INTESTINAL DRENAVEL - SISTEMA UMA PECA,COMPOSTA DE PVC SILENCIOSO E A PROVA DE ODORES REVESTIDA DE TECIDO SEM TRAMA COMPOSTO DE FIBRAS DE POLIPROPILENO HIDROFOBICO,BASE PLANA DE DUPLA CAMADA ADESIVA COMPOSTA DE OXIDO DE FERRO SINTETICO, CARBOXIMETILCELULOSE SODICA, GOMA GUAR, PECTINA, GELATINA ESTIRENO-ISOPRENOESTIRENO E POLIISOBUTILENO; JANELA INTEGRADA DE 70,00MM E VALVULA DE DRENAGEM EM FORMATO FUNIL ADPATAVEL A DIVERSAS BOLSAS DE CAMA,RECORTAVEL DE 10,00 A 78,00MM; BOLSA COM CAPACIDADE PARA 680,00ML E ADESIVO MICROPOROSO HIPOALERGENICO.|BROCA, MATERIAL: AÇO RÁPIDO , DIÂMETRO: 9,70 MM, TIPO HASTE: PARALELA , COMPRIMENTO: 133 MM
937|OK_SEM_FLAGS|False|False|False|MATERIAIS DE USO TECNICO HOSPITALAR|INSTRUMENTOS, EQUIPAMENTOS E SUPRIMENTOS MÉDICOS  E  CIRÚRGICOS|5773903|477228|BOLSA PARA COLOSTOMIA DRENAVEL - COM BARREIRA DE RESINA SINTETICA, OPACA, RECORTAVEL, ADESIVO GAS PERMEAVEL,SEM FILTRO DE CARVAO ATIVADO, IMPERMEAVEL PARA OS GASES, FECHAMENTO POR CLAMP,RECORTAVEL DE 10 A 70,00MM,BOLSA DE 01 PECA,EM EMBALAGEM APROPRIADA|SISTEMA P/ ESTOMIA, APLICAÇÃO: INTESTINAL , TIPO: BOLSA E BASE ADESIVA COMPATÍVEL 2 PEÇAS , MODELO: DRENÁVEL , TIPO BOLSA: ANTIODOR OPACA , COMPONENTES: C/ FILTRO GASES , TIPO BASE: RESINA SINTÉTICA , ESTRUTURA: PLANA , TIPO RECORTE BASE ADESIVA: RECORTÁVEL , DIÂMETRO: FLANGE ATÉ 70 MM, TIPO USO: ADULTO , COMPONENTE ADICIONAL: C/ ABA P/ CINTO 
937|OK_SEM_FLAGS|False|False|False|MATERIAIS DE USO TECNICO HOSPITALAR|INSTRUMENTOS, EQUIPAMENTOS E SUPRIMENTOS MÉDICOS  E  CIRÚRGICOS|5773903|477236|BOLSA PARA COLOSTOMIA DRENAVEL - COM BARREIRA DE RESINA SINTETICA, OPACA, RECORTAVEL, ADESIVO GAS PERMEAVEL,SEM FILTRO DE CARVAO ATIVADO, IMPERMEAVEL PARA OS GASES, FECHAMENTO POR CLAMP,RECORTAVEL DE 10 A 70,00MM,BOLSA DE 01 PECA,EM EMBALAGEM APROPRIADA|SISTEMA P/ ESTOMIA, APLICAÇÃO: INTESTINAL , TIPO: BOLSA E BASE ADESIVA COMPATÍVEL 2 PEÇAS , MODELO: DRENÁVEL , TIPO BOLSA: ANTIODOR OPACA , COMPONENTES: C/ FILTRO GASES , TIPO BASE: RESINA SINTÉTICA , ESTRUTURA: CONVEXA , TIPO RECORTE BASE ADESIVA: RECORTÁVEL , DIÂMETRO: FLANGE ATÉ 70 MM, TIPO USO: ADULTO , COMPONENTE ADICIONAL: C/ ABA P/ CINTO 
939|OK_SEM_FLAGS|False|False|False|MATERIAIS DE USO TECNICO HOSPITALAR|INSTRUMENTOS, EQUIPAMENTOS E SUPRIMENTOS MÉDICOS  E  CIRÚRGICOS|5001960|477307|BOLSA PARA ESTOMA URINARIO - RECORTAVEL DE 10,00 A 76,00MM APROXIMADAMENTE, BOLSA E PLACA ADESIVA DE BASE PLANA EM RESINA SINTETICA,1 PECA,TRANSPARENTE,TELA PROTETORA EM NAO TECIDO, SEM ADESIVO MICROPOROSO,VALVULA ANTI-REFLUXO,MULTICAMARAS,CONECTOR UNIVERSAL PARA BOLSA DE PERNA E CAMA|SISTEMA P/ ESTOMIA, APLICAÇÃO: URINÁRIA , TIPO: BOLSA C/ BASE ADESIVA 1 PEÇA , MODELO: DRENÁVEL , TIPO BOLSA: ANTIODOR TRANSPARENTE , COMPONENTES: ANTIRREFLUXO, VÁLVULA DRENAGEM , TIPO BASE: RESINA SINTÉTICA , ESTRUTURA: PLANA , TIPO RECORTE BASE ADESIVA: RECORTÁVEL , TIPO USO: ADULTO 
940|OK_SEM_FLAGS|False|False|False|MATERIAIS DE USO TECNICO HOSPITALAR|INSTRUMENTOS, EQUIPAMENTOS E SUPRIMENTOS MÉDICOS  E  CIRÚRGICOS|3445879|477307|BOLSA PARA ESTOMA URINARIO - 1 PECA, RECORTAVEL DE 10,00 A 76,00MM,BOLSA E BASE ADESIVA, PLANA DE RESINA SINTETICA COM DUPLA CAMADA,TRANSPARENTE,TELA PROTETORA DE NAO TECIDO, SEM ADESIVO MICROPOROSO,VALVULA ANTI-REFLUXO,MULTICAMERAS,CONECTOR UNIVERSAL PARA BOLSAS DE PERNA E CAMA|SISTEMA P/ ESTOMIA, APLICAÇÃO: URINÁRIA , TIPO: BOLSA C/ BASE ADESIVA 1 PEÇA , MODELO: DRENÁVEL , TIPO BOLSA: ANTIODOR TRANSPARENTE , COMPONENTES: ANTIRREFLUXO, VÁLVULA DRENAGEM , TIPO BASE: RESINA SINTÉTICA , ESTRUTURA: PLANA , TIPO RECORTE BASE ADESIVA: RECORTÁVEL , TIPO USO: ADULTO 
942|OK_SEM_FLAGS|False|False|False|MATERIAIS DE USO TECNICO HOSPITALAR|INSTRUMENTOS, EQUIPAMENTOS E SUPRIMENTOS MÉDICOS  E  CIRÚRGICOS|5223733|477330|BOLSA PARA UROSTOMIA - BOLSA PARA ESTOMA URINARIO, SISTEMA DE 02 PECAS, TRANSPARENTE, COM CONVEXIDADE LEVE, BOLSA COMPATIVEL COM PLACA COM FLANGE DE 50,00MM,RECORTAVEL DE 15,00 A 33,00MM,EM RESINA SINTETICA, DUPLA CAMADA ADESIVA, SEM ADESIVO MICROPOROSO,CONECTOR UNIVERSAL,VALVULA ANTI REFLUXO E MULTICAMERAS|SISTEMA P/ ESTOMIA, APLICAÇÃO: URINÁRIA , TIPO: BOLSA E BASE ADESIVA COMPATÍVEL 2 PEÇAS , MODELO: DRENÁVEL , TIPO BOLSA: ANTIODOR TRANSPARENTE , COMPONENTES: ANTIRREFLUXO, VÁLVULA DRENAGEM , TIPO BASE: RESINA SINTÉTICA , ESTRUTURA: CONVEXA , TIPO RECORTE BASE ADESIVA: PRÉ-CORTADA ATÉ 70 MM , DIÂMETRO: FLANGE ATÉ 70 MM, TIPO USO: ADULTO , COMPONENTE ADICIONAL: C/ ABA P/ CINTO 
943|OK_SEM_FLAGS|False|False|False|MATERIAIS DE USO TECNICO HOSPITALAR|INSTRUMENTOS, EQUIPAMENTOS E SUPRIMENTOS MÉDICOS  E  CIRÚRGICOS|5253306|477324|BOLSA PARA ESTOMA URINARIO - COM CONVEXIDADE LEVE, DIAMETRO RECORTAVEL DE 15,00 A 33,00 MM,SISTEMA 02 PECAS,TRANSPARENTE,RESINA SINTETICA, COM CAMADA,DE ADESIVO MICROPOROSO,BOLSA COMPATIVEL COM A PLACA,VALVULA ANTIRREFLUXO, MULTICAMERAS, CONECTOR UNIVERSAL PARA BOLSAS COLETORAS|SISTEMA P/ ESTOMIA, APLICAÇÃO: URINÁRIA , TIPO: BOLSA E BASE ADESIVA COMPATÍVEL 2 PEÇAS , MODELO: DRENÁVEL , TIPO BOLSA: ANTIODOR TRANSPARENTE , COMPONENTES: ANTIRREFLUXO, VÁLVULA DRENAGEM , TIPO BASE: ADESIVO MICROPOROSO E RESINA SINTÉTICA , ESTRUTURA: PLANA , TIPO RECORTE BASE ADESIVA: RECORTÁVEL , DIÂMETRO: FLANGE ATÉ 70 MM, TIPO USO: ADULTO , COMPONENTE ADICIONAL: C/ ABA P/ CINTO 
944|OK_SEM_FLAGS|False|False|False|MATERIAIS DE USO TECNICO HOSPITALAR|INSTRUMENTOS, EQUIPAMENTOS E SUPRIMENTOS MÉDICOS  E  CIRÚRGICOS|3718034|477331|BOLSA PARA ESTOMA URINARIO - SISTEMA DE DUAS PECAS, RECORTAVEL DE 15,00 A 43,00 MM,BOLSA E BASE ADESIVA,CONVEXA DE RESINA SINTETICA COM DUPLA CAMADA,TRANSPARENTE,TELA PROTETORA DE NAO TECIDO, SEM ADESIVO MICROPOROSO,VALVULA ANTI-REFLUXO,MULTICAMERAS,CONECTOR UNIVERSAL PARA BOLSAS DE PERNA E CAMA,  COD BOLSA 1759, COD PLACA BASE 46769.|SISTEMA P/ ESTOMIA, APLICAÇÃO: URINÁRIA , TIPO: BOLSA E BASE ADESIVA COMPATÍVEL 2 PEÇAS , MODELO: DRENÁVEL , TIPO BOLSA: ANTIODOR TRANSPARENTE , COMPONENTES: ANTIRREFLUXO, VÁLVULA DRENAGEM , TIPO BASE: ADESIVO MICROPOROSO E RESINA SINTÉTICA , ESTRUTURA: CONVEXA , TIPO RECORTE BASE ADESIVA: PRÉ-CORTADA ATÉ 70 MM , DIÂMETRO: FLANGE ATÉ 70 MM, TIPO USO: ADULTO , COMPONENTE ADICIONAL: C/ ABA P/ CINTO 
945|OK_SEM_FLAGS|False|False|False|MATERIAIS DE USO TECNICO HOSPITALAR|INSTRUMENTOS, EQUIPAMENTOS E SUPRIMENTOS MÉDICOS  E  CIRÚRGICOS|4815173|477330|BOLSA PARA UROSTOMIA - 1 PECA, TRANSPARENTE, PLACA CONVEXA, RECORTAVEL, DRENAVEL,APROXIMADAMENTE EM TORNO DE 15,00 A 43,00MM,EM PLASTICO MACIO, MALEAVEL, SILENCIOSO E A PROVA DE ODOR COM FACE POSTERIOR EM POLIESTER NAO TECIDO, A PROVA DE VAZAMENTO,DISPOSITIVO DE VEDACAO,VALVULA ANTI-REFLUXO|SISTEMA P/ ESTOMIA, APLICAÇÃO: URINÁRIA , TIPO: BOLSA E BASE ADESIVA COMPATÍVEL 2 PEÇAS , MODELO: DRENÁVEL , TIPO BOLSA: ANTIODOR TRANSPARENTE , COMPONENTES: ANTIRREFLUXO, VÁLVULA DRENAGEM , TIPO BASE: RESINA SINTÉTICA , ESTRUTURA: CONVEXA , TIPO RECORTE BASE ADESIVA: PRÉ-CORTADA ATÉ 70 MM , DIÂMETRO: FLANGE ATÉ 70 MM, TIPO USO: ADULTO , COMPONENTE ADICIONAL: C/ ABA P/ CINTO 
946|CATMAT_ALTERNATIVO; MAPEAMENTO_INCERTO|False|False|True|MATERIAIS DE USO TECNICO HOSPITALAR|INSTRUMENTOS, EQUIPAMENTOS E SUPRIMENTOS MÉDICOS  E  CIRÚRGICOS|2801213|477295|BOLSA  PARA OSTOMIAS - RECORTAVEL DE 156MM A 228MM, PARA DRENAGEM DE FISTULA ABDOMINAL,TAMANHO M,POSSUI DISPOSITVO DE DRENAGEM DE 2 VIAS, QUE PERMITE A ABERTURA E O FECHAMENTO SEM VAZAMENTO.,PLACA DE HIDROCOLOIDE RECORTAVEL E ADESIVA COMPOSTA DE ADESIVO  DE LONGA DURACAO.,POSSUI DISPOSITIVO DE CONFORTO E SEGURANCA QUE NAO PERMITE O CONTATO DA PARTE SUPERIOR DA BOLSA COM A FERIDA.,ACOMPANHA MEDIDOR E PROTETOR PLASTICO PARA DEMARCACAO.|SISTEMA P/ ESTOMIA, APLICAÇÃO: INTESTINAL , TIPO: BOLSA E BASE ADESIVA COMPATÍVEL 2 PEÇAS , MODELO: DRENÁVEL , TIPO BOLSA: ANTIODOR TRANSPARENTE , TIPO BASE: RESINA SINTÉTICA , ESTRUTURA: PLANA , TIPO RECORTE BASE ADESIVA: RECORTÁVEL , DIÂMETRO: FLANGE ACIMA 70 MM, TIPO USO: ADULTO , COMPONENTE ADICIONAL: C/ ABA P/ CINTO 
946|CATMAT_ALTERNATIVO; MAPEAMENTO_INCERTO|False|False|True|MATERIAIS DE USO TECNICO HOSPITALAR|INSTRUMENTOS, EQUIPAMENTOS E SUPRIMENTOS MÉDICOS  E  CIRÚRGICOS|2801213|477943|BOLSA  PARA OSTOMIAS - RECORTAVEL DE 156MM A 228MM, PARA DRENAGEM DE FISTULA ABDOMINAL,TAMANHO M,POSSUI DISPOSITVO DE DRENAGEM DE 2 VIAS, QUE PERMITE A ABERTURA E O FECHAMENTO SEM VAZAMENTO.,PLACA DE HIDROCOLOIDE RECORTAVEL E ADESIVA COMPOSTA DE ADESIVO  DE LONGA DURACAO.,POSSUI DISPOSITIVO DE CONFORTO E SEGURANCA QUE NAO PERMITE O CONTATO DA PARTE SUPERIOR DA BOLSA COM A FERIDA.,ACOMPANHA MEDIDOR E PROTETOR PLASTICO PARA DEMARCACAO.|SISTEMA P/ ESTOMIA, APLICAÇÃO: INTESTINAL , TIPO: BOLSA E BASE ADESIVA COMPATÍVEL 2 PEÇAS , MODELO: DRENÁVEL , TIPO BOLSA: ANTIODOR TRANSPARENTE , COMPONENTES: C/ FILTRO GASES , TIPO BASE: RESINA SINTÉTICA , ESTRUTURA: PLANA , TIPO RECORTE BASE ADESIVA: RECORTÁVEL , DIÂMETRO: FLANGE ACIMA 70 MM, TIPO USO: ADULTO 
947|MAPEAMENTO_INCERTO|False|False|True|MATERIAIS DE USO TECNICO HOSPITALAR|INSTRUMENTOS, EQUIPAMENTOS E SUPRIMENTOS MÉDICOS  E  CIRÚRGICOS|1925130|477422|BOLSA PARA ESTOMA URINARIO - SISTEMA DE DUAS PECAS- BOLSA COM VALVULA, ANTI-REFLUXO E DE DRENAGEM ,, PLASTICO ANTI-ODOR, HIPOALERGENICA,COM PLACA,PLANA, FLEXIVEL, ., COM BARREIRA DE RESINA SINTETICA PROTETORA DA PELE, RECORTAVEL ATE O DIAMETRO EM TORNO DE 60MM., RESERVATORIO C/CAPACIDADE APROXIMADA PARA 500 ML., .|SISTEMA P/ ESTOMIA, APLICAÇÃO: URINÁRIA , TIPO: BOLSA E BASE ADESIVA COMPATÍVEL 2 PEÇAS , MODELO: DRENÁVEL , TIPO BOLSA: ANTIODOR TRANSPARENTE , COMPONENTES: ANTIRREFLUXO, VÁLVULA DRENAGEM , TIPO BASE: RESINA SINTÉTICA , ESTRUTURA: PLANA , TIPO RECORTE BASE ADESIVA: PRÉ-CORTADA ATÉ 70 MM , DIÂMETRO: FLANGE ATÉ 70 MM, TIPO USO: ADULTO 
948|MAPEAMENTO_INCERTO|False|False|True|MATERIAIS DE USO TECNICO HOSPITALAR|INSTRUMENTOS, EQUIPAMENTOS E SUPRIMENTOS MÉDICOS  E  CIRÚRGICOS|5105692|477314|BOLSA INFANTIL P/UROSTOMIA PEDIATRICA - ABERTA, TRANSPARENTE, RECORTAVEL, DIAMETRO APROXIMADO 10MM A 51MM, DRENAVEL,EM RESINA, BORDAS BISELADAS, COMPOSTA DE CARBOXIMETILCELULOSE, GELATINA, PECTINA, AGENTE SUAVIZANTE ANTI-OXIDANTE,FACE POSTERIOR EM POLIESTER NAO TECIDO, MATERIAL SILICIOSO E A PROVA DE ODOR,COMPOSICAO DICLORETO DE POLIVILINA, ETILVINIL ACETATO E POLIETILENO CELULOSICO|SISTEMA P/ ESTOMIA, APLICAÇÃO: URINÁRIA , TIPO: BOLSA C/ BASE ADESIVA 1 PEÇA , MODELO: DRENÁVEL , TIPO BOLSA: ANTIODOR TRANSPARENTE , COMPONENTES: ANTIRREFLUXO, VÁLVULA DRENAGEM , TIPO BASE: ADESIVO MICROPOROSO E RESINA SINTÉTICA , ESTRUTURA: PLANA , TIPO RECORTE BASE ADESIVA: RECORTÁVEL , TIPO USO: INFANTIL 
949|OK_SEM_FLAGS|False|False|False|BOLSAS E ACESSORIOS DE OSTOMIA|INSTRUMENTOS, EQUIPAMENTOS E SUPRIMENTOS MÉDICOS  E  CIRÚRGICOS|6023592|477192|"BOLSA PARA ESTOMA INTESTINAL - DRENAVEL (ABERTA),COMPOSTA POR FILME PLASTICO DE 04 CAMADAS, SILENCIOSO EMANTI-ODOR,TRANSPARENTE,COM BARREIRA DE PELE SUAVE SEM ORIFICIO INICIAL,COMPOSTA POR CARBOXIMETILCELULOSE, FIBRAS DE ALGODAO E PECTINA,RECORTAVEL ATE 51,00 MM,PLANA, COM TELA PROTETORA EM MATERIAL NAO TECIDO MACIO, FECHAMENTO POR CONECTORES PLASTICOS ""LOCK'N'ROLL"", COM FILTRO DESODORIZANTE PARA GASES.,COMPOSTA DE 1 PECA,TAMANHO PEDIATRICO"|SISTEMA P/ ESTOMIA, APLICAÇÃO: INTESTINAL , TIPO: BOLSA C/ BASE ADESIVA 1 PEÇA , MODELO: DRENÁVEL , TIPO BOLSA: ANTIODOR TRANSPARENTE , TIPO BASE: RESINA SINTÉTICA , ESTRUTURA: PLANA , TIPO RECORTE BASE ADESIVA: RECORTÁVEL , TIPO USO: INFANTIL 
950|CATMAT_ALTERNATIVO|False|False|False|BOLSAS E ACESSORIOS DE OSTOMIA|INSTRUMENTOS, EQUIPAMENTOS E SUPRIMENTOS MÉDICOS  E  CIRÚRGICOS|6005721|477249|"BOLSA PARA ESTOMA INTESTINAL - DRENAVEL (ABERTA),COMPOSTA DE FILME PLASTICO DE QUATRO CAMADAS, SILENCIOSO E ANTI-ODOR,TRANSPARENTE,COM BARREIRA DE PELE SUAVE, CONVEXA,COMPOSTA DE HIDROCOLOIDE COM CERAMIDAS, CARBOXIMENTILCELULOSE (CMC) E PECTINA,RECORTAVEL ATE 51,00MM,CONVEXIDADE MACIA, COM TELA PROTETORA NAO ADERENTE DE MATERIAL NAO TECIDO MACIO GAS PERMEAVEL, FLANGE FLOTANTE DE 70,00MM COM ABAS PARA ENCAIXE DO CINTO, FECHAMENTO POR CONECTORES PLASTICOS ""LOCK'N ROLL"", COM FILTRO DESODORIZANTE PARA GAZES,COMPOSTA DE 2 PECAS, CONJUNTO PLACA E BOLSA,TAMANHO ADULTO,COM ADESIVO MICROPOROSO HIPOALERGENICO"|SISTEMA P/ ESTOMIA, APLICAÇÃO: INTESTINAL , TIPO: BOLSA E BASE ADESIVA COMPATÍVEL 2 PEÇAS , MODELO: DRENÁVEL , TIPO BOLSA: ANTIODOR TRANSPARENTE , COMPONENTES: C/ FILTRO GASES , TIPO BASE: ADESIVO MICROPOROSO E RESINA SINTÉTICA , ESTRUTURA: CONVEXA , TIPO RECORTE BASE ADESIVA: PRÉ-CORTADA ATÉ 70 MM , DIÂMETRO: FLANGE ATÉ 70 MM, TIPO USO: ADULTO , COMPONENTE ADICIONAL: C/ ABA P/ CINTO 
950|CATMAT_ALTERNATIVO|False|False|False|BOLSAS E ACESSORIOS DE OSTOMIA|INSTRUMENTOS, EQUIPAMENTOS E SUPRIMENTOS MÉDICOS  E  CIRÚRGICOS|6005721|477243|"BOLSA PARA ESTOMA INTESTINAL - DRENAVEL (ABERTA),COMPOSTA DE FILME PLASTICO DE QUATRO CAMADAS, SILENCIOSO E ANTI-ODOR,TRANSPARENTE,COM BARREIRA DE PELE SUAVE, CONVEXA,COMPOSTA DE HIDROCOLOIDE COM CERAMIDAS, CARBOXIMENTILCELULOSE (CMC) E PECTINA,RECORTAVEL ATE 51,00MM,CONVEXIDADE MACIA, COM TELA PROTETORA NAO ADERENTE DE MATERIAL NAO TECIDO MACIO GAS PERMEAVEL, FLANGE FLOTANTE DE 70,00MM COM ABAS PARA ENCAIXE DO CINTO, FECHAMENTO POR CONECTORES PLASTICOS ""LOCK'N ROLL"", COM FILTRO DESODORIZANTE PARA GAZES,COMPOSTA DE 2 PECAS, CONJUNTO PLACA E BOLSA,TAMANHO ADULTO,COM ADESIVO MICROPOROSO HIPOALERGENICO"|SISTEMA P/ ESTOMIA, APLICAÇÃO: INTESTINAL , TIPO: BOLSA E BASE ADESIVA COMPATÍVEL 2 PEÇAS , MODELO: DRENÁVEL , TIPO BOLSA: ANTIODOR TRANSPARENTE , TIPO BASE: RESINA SINTÉTICA , ESTRUTURA: CONVEXA , TIPO RECORTE BASE ADESIVA: PRÉ-CORTADA ATÉ 70 MM , DIÂMETRO: FLANGE ATÉ 70 MM, TIPO USO: ADULTO , COMPONENTE ADICIONAL: C/ ABA P/ CINTO 
951|CATMAT_ALTERNATIVO|False|False|False|BOLSAS E ACESSORIOS DE OSTOMIA|INSTRUMENTOS, EQUIPAMENTOS E SUPRIMENTOS MÉDICOS  E  CIRÚRGICOS|6023630|477226|"BOLSA PARA ESTOMA INTESTINAL - DRENAVEL (ABERTA),COMPOSTA DE FILME PLASTICO DE 04 CAMADAS, SILENCIOSO E ANTI-ODOR,TRANSPARENTE,BARREIRA DE PELE,COMPOSTA POR HIDROCOLOIDE COM CERAMIDAS, CARBOXIMETILCELULOSE E PECTINA,RECORTAVEL ATE 57,00 MM,PLANA, COM TELA PROTETORA NAO ADERENTE DE MATERIAL NAO TECIDO MACIO GAS PERMEAVEL, FLANGE FLOTANTE DE 70,00 MM COM ABAS PARA ENCAIXE DO CINTO, FECHAMENTO INTEGRADO POR CONECTORES PLASTICOS  ""LOCK'N'ROLL, COM FILTRO DESODORIZANTE PARA GASES,COMPOSTA DE 2 PECAS, CONJUNTO PLACA E BOLSA,TAMANHO ADULTO,COM ADESIVO MICROPOROSO HIPOALERGENICO"|SISTEMA P/ ESTOMIA, APLICAÇÃO: INTESTINAL , TIPO: BOLSA E BASE ADESIVA COMPATÍVEL 2 PEÇAS , MODELO: DRENÁVEL , TIPO BOLSA: ANTIODOR TRANSPARENTE , COMPONENTES: C/ FILTRO GASES , TIPO BASE: RESINA SINTÉTICA , ESTRUTURA: PLANA , TIPO RECORTE BASE ADESIVA: RECORTÁVEL , DIÂMETRO: FLANGE ATÉ 70 MM, TIPO USO: ADULTO , COMPONENTE ADICIONAL: C/ ABA P/ CINTO 
952|CATMAT_ALTERNATIVO|False|False|False|BOLSAS E ACESSORIOS DE OSTOMIA|INSTRUMENTOS, EQUIPAMENTOS E SUPRIMENTOS MÉDICOS  E  CIRÚRGICOS|6023622|477379|BOLSA PARA ESTOMA INTESTINAL - DRENAVEL (ABERTA),COMPOSTA DE FILME PLASTICO DE 04 CAMADAS, SILENCIOSO E ANTI-ODOR,ULTRA-TRANSPARENTE,COM BARREIRA DE PELE SUAVE, SEM ORIFICIO INICIAL,COMPOSTA POR CARBOXIMETILCELULOSE, FIBRAS DE ALGODAO E PECTINA,RECORTAVEL ATE 35,00 X 22,00 MM,PARA ESTOMA INTESTINAL E URINARIA NEONATAL, PLANA, COM VALVULA DE DRENAGEM PARA CONTEUDO LIQUIDO, COMPATIVEL COM OS DIVERSOS MODELOS DE SERINGAS, PARA CONTEUDO MAIS SOLIDO, A PARTE INFERIOR DA BOLSA PODE SER CORTADA E PARA FECHAR ADICIONADO 01 FECHO ARAMADO,COMPOSTA DE 1 PECA,TAMANHO NEONATAL,SEM BORDA ADESIVO|SISTEMA P/ ESTOMIA, APLICAÇÃO: INTESTINAL / URINÁRIA , TIPO: BASE ADESIVA , TIPO BASE: RESINA SINTÉTICA , ESTRUTURA: PLANA , TIPO RECORTE BASE ADESIVA: RECORTÁVEL , DIÂMETRO: FLANGE ATÉ 70 MM, TIPO USO: INFANTIL 
952|CATMAT_ALTERNATIVO|False|False|False|BOLSAS E ACESSORIOS DE OSTOMIA|INSTRUMENTOS, EQUIPAMENTOS E SUPRIMENTOS MÉDICOS  E  CIRÚRGICOS|6023622|477387|BOLSA PARA ESTOMA INTESTINAL - DRENAVEL (ABERTA),COMPOSTA DE FILME PLASTICO DE 04 CAMADAS, SILENCIOSO E ANTI-ODOR,ULTRA-TRANSPARENTE,COM BARREIRA DE PELE SUAVE, SEM ORIFICIO INICIAL,COMPOSTA POR CARBOXIMETILCELULOSE, FIBRAS DE ALGODAO E PECTINA,RECORTAVEL ATE 35,00 X 22,00 MM,PARA ESTOMA INTESTINAL E URINARIA NEONATAL, PLANA, COM VALVULA DE DRENAGEM PARA CONTEUDO LIQUIDO, COMPATIVEL COM OS DIVERSOS MODELOS DE SERINGAS, PARA CONTEUDO MAIS SOLIDO, A PARTE INFERIOR DA BOLSA PODE SER CORTADA E PARA FECHAR ADICIONADO 01 FECHO ARAMADO,COMPOSTA DE 1 PECA,TAMANHO NEONATAL,SEM BORDA ADESIVO|SISTEMA P/ ESTOMIA, APLICAÇÃO: INTESTINAL / URINÁRIA , TIPO: BASE ADESIVA , TIPO BASE: ADESIVO MICROPOROSO E RESINA SINTÉTICA , ESTRUTURA: PLANA , TIPO RECORTE BASE ADESIVA: RECORTÁVEL , DIÂMETRO: FLANGE ATÉ 70 MM, TIPO USO: INFANTIL 
953|OK_SEM_FLAGS|False|False|False|MATERIAIS DE USO TECNICO HOSPITALAR|INSTRUMENTOS, EQUIPAMENTOS E SUPRIMENTOS MÉDICOS  E  CIRÚRGICOS|3580601|477312|BOLSA PARA UROSTOMIA - 1 PECA COM  DISPOSITIVO PARA UROSTOMIA,RETRAIDAS,  TRANSPARENTE, PLACA CONVEXA,RECORTAVEL APROXIMADAMENTE EM TORNO DE 15 A 43 MM , DRENAVEL,FEITA DE PLASTICO MACIO,  MALEAVEL ,SILENCIOSO E A PROVA DE ODOR COM FACE DE POLIESTER NAO TECIDO,PROVA DE VAZAMENTO,ADESIVO EM ESPIRAL COMPOSTO POR DUAS FORMULACOES DE HIDROCOLOIDES ,CONTENDO CARBOXIMETILCELULOSE SODICA,PECTINA,GELATINA,COM VALVULA ANTI REFLUXO E DISPOSITIVO DE VEDACAO|SISTEMA P/ ESTOMIA, APLICAÇÃO: URINÁRIA , TIPO: BOLSA C/ BASE ADESIVA 1 PEÇA , MODELO: DRENÁVEL , TIPO BOLSA: ANTIODOR TRANSPARENTE , COMPONENTES: ANTIRREFLUXO, VÁLVULA DRENAGEM , TIPO BASE: RESINA SINTÉTICA , ESTRUTURA: PLANA , TIPO RECORTE BASE ADESIVA: RECORTÁVEL , TIPO USO: INFANTIL , COMPONENTE ADICIONAL: C/ ABA P/ CINTO 
953|OK_SEM_FLAGS|False|False|False|MATERIAIS DE USO TECNICO HOSPITALAR|INSTRUMENTOS, EQUIPAMENTOS E SUPRIMENTOS MÉDICOS  E  CIRÚRGICOS|3580601|477314|BOLSA PARA UROSTOMIA - 1 PECA COM  DISPOSITIVO PARA UROSTOMIA,RETRAIDAS,  TRANSPARENTE, PLACA CONVEXA,RECORTAVEL APROXIMADAMENTE EM TORNO DE 15 A 43 MM , DRENAVEL,FEITA DE PLASTICO MACIO,  MALEAVEL ,SILENCIOSO E A PROVA DE ODOR COM FACE DE POLIESTER NAO TECIDO,PROVA DE VAZAMENTO,ADESIVO EM ESPIRAL COMPOSTO POR DUAS FORMULACOES DE HIDROCOLOIDES ,CONTENDO CARBOXIMETILCELULOSE SODICA,PECTINA,GELATINA,COM VALVULA ANTI REFLUXO E DISPOSITIVO DE VEDACAO|SISTEMA P/ ESTOMIA, APLICAÇÃO: URINÁRIA , TIPO: BOLSA C/ BASE ADESIVA 1 PEÇA , MODELO: DRENÁVEL , TIPO BOLSA: ANTIODOR TRANSPARENTE , COMPONENTES: ANTIRREFLUXO, VÁLVULA DRENAGEM , TIPO BASE: ADESIVO MICROPOROSO E RESINA SINTÉTICA , ESTRUTURA: PLANA , TIPO RECORTE BASE ADESIVA: RECORTÁVEL , TIPO USO: INFANTIL 
955|OK_SEM_FLAGS|False|False|False|INSUMOS PARA EQUIPAMENTOS MEDICO HOSPITALARES|ESPECIALIDADES QUÍMICAS DIVERSAS|4154517|301510|CAL SODADA - MISTURA DE OXIDO CALCIO E HIDROXIDO DE SODIO COM INDICADOR DE ABSORCAO DE CO2,EM CRISTAIS GRANULADOS,ACONDICIONADO EM EMBALAGEM APROPRIADA|CAL SODADA, COMPOSIÇÃO: HO2 , ASPECTO FÍSICO: GRANULADO , COR: BRANCA , USO: ANESTESIA , APLICAÇÃO: FILTRAGEM DE CO2 SISTEMA VENTILAÇÃO FECHADO , CARACTERÍSTICAS ADICIONAIS: GRAU DE DUREZA COM RUPTURA DE GRÃO ACIMA DE 700 G 
956|OK_SEM_FLAGS|False|False|False|MATERIAIS DE USO TECNICO HOSPITALAR|INSTRUMENTOS, EQUIPAMENTOS E SUPRIMENTOS MÉDICOS  E  CIRÚRGICOS|2353962|479648|ADAPTADOR INTERMEDIARIO DE EQUIPOS - EM PVC, PARA TRANSFERENCIA DE SOLUCOES PARENTERAIS, COMPOSTO POR DUAS TAMPAS E UM CONECTOR, UMA PONTA PERFURANTE RESISTENTE, COM MEATO INTERNO COMPONDO O CANAL DE LIQUIDO, PEGA ERGOMETRICA PARA MANIPULACAO, COMPATIVEL COM SOLUCOES DE SISTEMA FECHADO, A APRESENTACAO DO PRODUTO DEVERA OBEDECER A EMBALAGEM BLISTER INDIVIDUAL, ESTERILIZADO POR OXIDO DE ETILENO, USO UNICO|ADAPTADOR USO MÉDICO, APLICAÇÃO: P/ TRANSFERÊNCIA / IRRIGAÇÃO DE SOLUÇÕES , TIPO 2: PONTA PERFURANTE / LUER SLIP , MATERIAL: POLÍMERO , COMPONENTE 1: C/ TAMPAS , TIPO USO: ESTÉRIL 
956|OK_SEM_FLAGS|False|False|False|MATERIAIS DE USO TECNICO HOSPITALAR|INSTRUMENTOS, EQUIPAMENTOS E SUPRIMENTOS MÉDICOS  E  CIRÚRGICOS|2353962|479646|ADAPTADOR INTERMEDIARIO DE EQUIPOS - EM PVC, PARA TRANSFERENCIA DE SOLUCOES PARENTERAIS, COMPOSTO POR DUAS TAMPAS E UM CONECTOR, UMA PONTA PERFURANTE RESISTENTE, COM MEATO INTERNO COMPONDO O CANAL DE LIQUIDO, PEGA ERGOMETRICA PARA MANIPULACAO, COMPATIVEL COM SOLUCOES DE SISTEMA FECHADO, A APRESENTACAO DO PRODUTO DEVERA OBEDECER A EMBALAGEM BLISTER INDIVIDUAL, ESTERILIZADO POR OXIDO DE ETILENO, USO UNICO|ADAPTADOR USO MÉDICO, APLICAÇÃO: P/ TRANSFERÊNCIA / IRRIGAÇÃO DE SOLUÇÕES , TIPO 2: DUPLA PONTA PERFURANTE , MATERIAL: POLÍMERO , COMPONENTE 1: C/ TAMPAS , TIPO USO: ESTÉRIL 
957|OK_SEM_FLAGS|False|False|False|MATERIAIS DE USO TECNICO HOSPITALAR|INSTRUMENTOS, EQUIPAMENTOS E SUPRIMENTOS MÉDICOS  E  CIRÚRGICOS|2300826|481538|ADESIVO CIRURGICO - FIXADOR DE SONDA FOLEY E CATETERES, EM RAYON, LIVRE DE LATEX, HIPOALERGICO, APRESENTADO EM USO UNICO, INDIVIDUAL, NAO ESTERIL, EMBALAGEM EM PLASTICO TAMANHO G, A APRESENTACAO DO PRODUTO DEVERA OBEDECER A LEGISLACAO VIGENTE|FIXADOR P/ DISPOSITIVO MÉDICO, APLICAÇÃO: P/ SONDA TRATO URINÁRIO , MATERIAL: TIRA ADESIVA E ESPUMA , TAMANHO: TAMANHO ÚNICO , TIPO USO: USO ÚNICO , EMBALAGEM: EMBALAGEM INDIVIDUAL 
958|OK_SEM_FLAGS|False|False|False|MATERIAIS DE USO TECNICO HOSPITALAR|INSTRUMENTOS, EQUIPAMENTOS E SUPRIMENTOS MÉDICOS  E  CIRÚRGICOS|2378752|387142|AEROCAMARA PARA ADM. DE AEROSOIS INALATORIOS - PARA ADMNISTRACAO DE AEROSOIS INALATORIOS, BRONCODILATADORES, PACIENTES VENTILACAO MECANICA, TUBO RETRATIL PARA DIMINUIR ESPACO MORTO. COMPONENTES: BASE SUPERIOR, BASE INFERIOR, ANEIS, MOLA, COBERTURA ENVOLTORIA DA MOLA E ALAVANCA PARA ABERTURA E FECHAMENTO DA MOLA., PARTES RIGIDAS EM POLICARBONATO E PARTE RETRATIL EM PVC ATOXICO COM ESPIRALADO EM ACO INOX, INDIVIDUAL, USO UNICO. CONTENDO INSTRUCOES DE USO E ESPECIFICACOES TECNICAS NO INTERIOR DA EMBALAGEM|CÂMARA RETRÁTIL, MATERIAL: PVC ATÓXICO , TIPO: SANFONADA,SISTEMA DE MOLA , APLICAÇÃO: AEROSSOLTERAPIA , TIPO USO: DESCARTÁVEL , TAMANHO: ADULTO , USO: CONECTOR UNIVERSAL , ESTERILIDADE: ESTÉRIL 
959|OK_SEM_FLAGS|False|False|False|MATERIAIS DE USO TECNICO HOSPITALAR|INSTRUMENTOS, EQUIPAMENTOS E SUPRIMENTOS MÉDICOS  E  CIRÚRGICOS|3318982|321786|AEROCAMARA PARA ADM. DE AEROSOIS INALATORIOS - PARA ADMINISTRACAO DE AEROSOIS INALATORIOS, BRONCODILATADORES, PARA USO INFANTIL EM PACIENTES COM VENTILACAO MECANICA,TUBO RETRATIL PARA DIMINUIR ESPACO MORTO,PARTES RIGIDAS EM POLICARBONATO COMPOSTAS DE  MASCARA DE TAMANHO UNICO, COM VALVULA FIXA, TAMPA DO BOCAL, BOCAL, VALVULA MAIOR, CAMARA, E BASE,INDIVIDUAL, USO UNICO. CONTENDO INSTRUCOES DE USO E ESPECIFICACOES TECNICAS NO INTERIOR DA EMBALAGEM|ESPAÇADOR, APLICAÇÃO: COM MÁSCARA INFANTIL ULTRA-FLEXÍVEL BIVALVULADA , TIPO: ADAPTADOR UNIVERSAL PARA SPRAY AEROSSOL , CARACTERÍSTICAS ADICIONAIS: TRANSPARENTE,CÂMARA INQUEBRÁVEL 
960|OK_SEM_FLAGS|False|False|False|MATERIAIS DE USO TECNICO HOSPITALAR|INSTRUMENTOS, EQUIPAMENTOS E SUPRIMENTOS MÉDICOS  E  CIRÚRGICOS|1709631|279893|ALMOTOLIA - DE PLASTICO ATOXICO,TRANSPARENTE, RESISTENTE A DESINFECCOES,QUEDAS, COMPOSTO POR CORPO ROSQUEADO A TAMPA E BICO C/PROTETOR, EMBALAGEM APROPRIADA COM CAPACIDADE DE 250ML.|FRASCO - TIPO ALMOTOLIA, MATERIAL: EM POLIETILENO (PLÁSTICO) , TIPO BICO: BICO RETO, LONGO, ESTREITO, COM PROTETOR , TIPO TAMPA: TAMPA EM ROSCA , COR: TRANSPARENTE , CAPACIDADE: 250 ML
962|OK_SEM_FLAGS|False|False|False|MATERIAIS DE USO TECNICO HOSPITALAR|ARTIGOS PARA HIGIENE PESSOAL|1470272|617292|APARELHO DE BARBEAR - DESCARTAVEL, EM CABO DE PLASTICO SEM REBARBAS, COMPOSTO POR 2 LAMINAS AFIADAS EM ACO INOX COM PROTETOR, EMBALAGEM INDIVIDUAL,COM DADOS DE IDENTIFICACAO|APARELHO BARBEAR, TIPO: DESCARTÁVEL , MATERIAL LÂMINA: LÂMINA AÇO INOX , QUANTIDADE LÂMINAS: 2 UN, MATERIAL CABO: PLÁSTICO 
963|OK_SEM_FLAGS|False|False|False|EQUIPAMENTOS MEDICO HOSPITALARES|INSTRUMENTOS, EQUIPAMENTOS E SUPRIMENTOS MÉDICOS  E  CIRÚRGICOS|1886959|617934|APARELHO PARA EXERCICIOS RESPIRATORIOS - EM PLASTICO ATOXICO, PARA EXERCICIOS RESPIRATORIOS REUTILIZAVEL, PARA EXERCICIOS PULMONARES, TREINAMENTO MUSCULAR DO SISTEMA VENTILATORIO, SISTEMA REGULADOR DE CAPACIDADE PULMONAR TIPO THRESHOLD IMT, DISPOSITIVO PARA VIA ORAL, ACOPLADO ATRAVES DE VALVULA DE SENTIDO UNICO, COM GRADUACAO VARIAVEL, APRESENTACAO CONFORME O DECRETO LEI 79094/77 EMBALAGEM INDIVIDUAL COMBINADO COM O ART. 31 LEI 8 078/90, APRESENTACAO CONFORME DECRETO LEI 79094/7, ROTULAGEM RESPEITANDO O DECRETO LEI 79094/77 ART.31 LEI 8078/90 PORT. CONJ.N1 DE 23/01/96 - MIN ISTERIO DA SAUDE.|DISPOSITIVO PORTÁTIL PARA TERAPIA RESPIRATÓRIA, TIPO DE FUNCIONAMENTO: PRESSÃO / VIBRAÇÃO - MECÂNICO , NÍVEL DE ESFORÇO: C/ AJUSTE MANUAL , MODELO: CORPO PRINCIPAL TIPO PEÇA DE MÃO , MATERIAL: POLÍMERO RESISTENTE , COMPONENTE: C/ BOCAL , COMPONENTE ADICIONAL: C/ CLIPE NASAL , TIPO USO: USO INDIVIDUAL 
964|OK_SEM_FLAGS|False|False|False|EQUIPAMENTOS MEDICO HOSPITALARES|INSTRUMENTOS, EQUIPAMENTOS E SUPRIMENTOS MÉDICOS  E  CIRÚRGICOS|773107|617923|APARELHO PARA EXERCICIOS RESPIRATORIOS - EM PLASTICO RIGIDO E ATOXICO, NAO DESCARTAVEL, PARA USO INDIVIDUAL, PARA EXERCICIOS RESPIRATORIOS DE INCENTIVO, SISTEMA REGULADOR DE CAPACIDADE PULMONAR CONTENDO MANGUEIRA, BOCAL E ETIQUETA PARA IDENTIFICACAO DO PACIENTE, DISPOSITIVO PARA VIA ORAL, ACOPLADO ATRAVES DE MANGUEIRA EM FORMA DE ESPIRAL, COM SISTEMA REGULADOR PARA GRADUAR A DIFICULDADE DO EXERCICIO COM ESCALA DE O A B, APRESENTACAO CONFORME O DECRETO LEI 79094/77 ESTERIL E EMBALADO INDIVIDUALMENTE, CONTENDO DADOS DE IDENTIFICACAO E PROCEDENCIA, ROTULAGEM RESPEITANDO O DECRETO LEI 79094/77 ART.31 L.8078/90 -PORT.CJ.N1 DE 23/01/96= M.SAUDE, CONTENDO DADOS DE VALIDADE, LOTE E REGISTRO NO MS|DISPOSITIVO PORTÁTIL PARA TERAPIA RESPIRATÓRIA, TIPO DE FUNCIONAMENTO: FLUXO , NÍVEL DE ESFORÇO: BAIXO, C/ AJUSTE DE INTENSIDADE , MODELO: 3 CÂMARAS GRADUADAS C/ 3 ESFERAS , MATERIAL: POLÍMERO RESISTENTE , COMPONENTE: C/ BOCAL E TUBO CORRUGADO , TIPO USO: USO INDIVIDUAL 
964|OK_SEM_FLAGS|False|False|False|EQUIPAMENTOS MEDICO HOSPITALARES|INSTRUMENTOS, EQUIPAMENTOS E SUPRIMENTOS MÉDICOS  E  CIRÚRGICOS|773107|617924|APARELHO PARA EXERCICIOS RESPIRATORIOS - EM PLASTICO RIGIDO E ATOXICO, NAO DESCARTAVEL, PARA USO INDIVIDUAL, PARA EXERCICIOS RESPIRATORIOS DE INCENTIVO, SISTEMA REGULADOR DE CAPACIDADE PULMONAR CONTENDO MANGUEIRA, BOCAL E ETIQUETA PARA IDENTIFICACAO DO PACIENTE, DISPOSITIVO PARA VIA ORAL, ACOPLADO ATRAVES DE MANGUEIRA EM FORMA DE ESPIRAL, COM SISTEMA REGULADOR PARA GRADUAR A DIFICULDADE DO EXERCICIO COM ESCALA DE O A B, APRESENTACAO CONFORME O DECRETO LEI 79094/77 ESTERIL E EMBALADO INDIVIDUALMENTE, CONTENDO DADOS DE IDENTIFICACAO E PROCEDENCIA, ROTULAGEM RESPEITANDO O DECRETO LEI 79094/77 ART.31 L.8078/90 -PORT.CJ.N1 DE 23/01/96= M.SAUDE, CONTENDO DADOS DE VALIDADE, LOTE E REGISTRO NO MS|DISPOSITIVO PORTÁTIL PARA TERAPIA RESPIRATÓRIA, TIPO DE FUNCIONAMENTO: FLUXO , NÍVEL DE ESFORÇO: MÉDIO, C/ AJUSTE DE INTENSIDADE , MODELO: 3 CÂMARAS GRADUADAS C/ 3 ESFERAS , MATERIAL: POLÍMERO RESISTENTE , COMPONENTE: C/ BOCAL E TUBO CORRUGADO , TIPO USO: USO INDIVIDUAL 
964|OK_SEM_FLAGS|False|False|False|EQUIPAMENTOS MEDICO HOSPITALARES|INSTRUMENTOS, EQUIPAMENTOS E SUPRIMENTOS MÉDICOS  E  CIRÚRGICOS|773107|617925|APARELHO PARA EXERCICIOS RESPIRATORIOS - EM PLASTICO RIGIDO E ATOXICO, NAO DESCARTAVEL, PARA USO INDIVIDUAL, PARA EXERCICIOS RESPIRATORIOS DE INCENTIVO, SISTEMA REGULADOR DE CAPACIDADE PULMONAR CONTENDO MANGUEIRA, BOCAL E ETIQUETA PARA IDENTIFICACAO DO PACIENTE, DISPOSITIVO PARA VIA ORAL, ACOPLADO ATRAVES DE MANGUEIRA EM FORMA DE ESPIRAL, COM SISTEMA REGULADOR PARA GRADUAR A DIFICULDADE DO EXERCICIO COM ESCALA DE O A B, APRESENTACAO CONFORME O DECRETO LEI 79094/77 ESTERIL E EMBALADO INDIVIDUALMENTE, CONTENDO DADOS DE IDENTIFICACAO E PROCEDENCIA, ROTULAGEM RESPEITANDO O DECRETO LEI 79094/77 ART.31 L.8078/90 -PORT.CJ.N1 DE 23/01/96= M.SAUDE, CONTENDO DADOS DE VALIDADE, LOTE E REGISTRO NO MS|DISPOSITIVO PORTÁTIL PARA TERAPIA RESPIRATÓRIA, TIPO DE FUNCIONAMENTO: FLUXO , NÍVEL DE ESFORÇO: ALTO, C/ AJUSTE DE INTENSIDADE , MODELO: 3 CÂMARAS GRADUADAS C/ 3 ESFERAS , MATERIAL: POLÍMERO RESISTENTE , COMPONENTE: C/ BOCAL E TUBO CORRUGADO , TIPO USO: USO INDIVIDUAL 
965|OK_SEM_FLAGS|False|False|False|MATERIAIS DE USO TECNICO HOSPITALAR|INSTRUMENTOS, EQUIPAMENTOS E SUPRIMENTOS MÉDICOS  E  CIRÚRGICOS|1917870|477509|ATADURA DE BORRACHA FAIXA SMARCH - MEDINDO 5 CM X 2 M, CONFECCIONADA EMBORRACHA NA COR ROSA APRESENTANDO AS, BORDAS DEVIDAMENTE ACABADAS, EMBALAGEM INDIVIDUAL CONTENDO DADOS DEIDENTIFICACAO, TIPO DE ESTERILIZACAO, PROCEDENCIA , LOTE, VALIDADE E REGISTRONO MINISTERIO DA SAUDE.|FAIXA DE ESMARCH, MATERIAL: LÁTEX NATURAL , LARGURA: 4 CM
966|OK_SEM_FLAGS|False|False|False|MATERIAIS DE USO TECNICO HOSPITALAR|INSTRUMENTOS, EQUIPAMENTOS E SUPRIMENTOS MÉDICOS  E  CIRÚRGICOS|1917889|477507|ATADURA DE BORRACHA FAIXA SMARCH - MEDINDO 6 CM X 2 M, CONFECCIONADA EMBORRACHA NA COR ROSA APRESENTANDO AS, BORDAS DEVIDAMENTE ACABADAS, EMBALAGEM INDIVIDUAL CONTENDO DADOS DEIDENTIFICACAO, TIPO DE ESTERILIZACAO,, PROCEDENCIA , LOTE, VALIDADE E REGISTROMINISTERIO DA SAUDE.|FAIXA DE ESMARCH, MATERIAL: LÁTEX NATURAL , LARGURA: 6 CM
967|OK_SEM_FLAGS|False|False|False|MATERIAIS DE USO TECNICO HOSPITALAR|INSTRUMENTOS, EQUIPAMENTOS E SUPRIMENTOS MÉDICOS  E  CIRÚRGICOS|1917897|477508|ATADURA DE BORRACHA FAIXA SMARCH - MEDINDO 8 CM X 2 M, CONFECCIONADA EMBORRACHA NA COR ROSA APRESENTANDO AS, BORDAS DEVIDAMENTE ACABADAS, EMBALAGEM INDIVIDUAL CONTENDO DADOS DEIDENTIFICACAO , TIPO DE ESTERILIZACAO,, PROCEDENCIA , LOTE, VALIDADE E REGISTRONOMINISTERIO DA SAUDE.|FAIXA DE ESMARCH, MATERIAL: LÁTEX NATURAL , LARGURA: 8 CM
968|OK_SEM_FLAGS|False|False|False|MATERIAIS DE USO TECNICO HOSPITALAR|INSTRUMENTOS, EQUIPAMENTOS E SUPRIMENTOS MÉDICOS  E  CIRÚRGICOS|1917803|477510|ATADURA DE BORRACHA FAIXA SMARCH - MEDINDO 10 CM X 2 M, CONFECCIONADA EMBORRACHA NA COR ROSA, APRESENTANDO AS, BORDAS DEVIDAMENTE ACABADAS, EMBALAGEM INDIVIDUAL CONTENDO DADOS DEIDENTIFICACAO , TIPO DE ESTERILIZACAO ,, PROCEDENCIA , LOTE, VALIDADE E REGISTRONO MINISTERIO DA SAUDE.|FAIXA DE ESMARCH, MATERIAL: LÁTEX NATURAL , LARGURA: 10 CM
969|OK_SEM_FLAGS|False|False|False|MATERIAIS DE USO TECNICO HOSPITALAR|INSTRUMENTOS, EQUIPAMENTOS E SUPRIMENTOS MÉDICOS  E  CIRÚRGICOS|1917846|477511|ATADURA DE BORRACHA FAIXA SMARCH - MEDINDO 12 CM X 2 M, CONFECCIONADA EM BORRACHANA COR ROSA , APRESENTANDO AS BORDAS, DEVIDAMENTE ACABADAS., EMBALAGEM INDIVIDUAL CONTENDO DADOS DEIDENTIFICACAO , TIPO DE ESTERILIZACAO, PROCEDENCIA , LOTE, VALIDADE E REGISTRONO MINISTERIO DA SAUDE.|FAIXA DE ESMARCH, MATERIAL: LÁTEX NATURAL , LARGURA: 12 CM
970|OK_SEM_FLAGS|False|False|False|MATERIAIS DE USO TECNICO HOSPITALAR|INSTRUMENTOS, EQUIPAMENTOS E SUPRIMENTOS MÉDICOS  E  CIRÚRGICOS|1917854|477513|ATADURA DE BORRACHA FAIXA SMARCH - MEDINDO 15 CM X 2 M, CONFECCIONADAEM BORRACHA NA COR ROSA, APRESENTANDO AS, BORDAS DEVIDAMENTE ACABADAS, EMBALAGEM INDIVIDUAL CONTENDO DADOS DEIDENTIFICACAO, TIPO DE ESTERILIZACAO,, PROCEDENCIA , LOTE, VALIDADE E REGISTRO NOMINISTERIO DA SAUDE.|FAIXA DE ESMARCH, MATERIAL: LÁTEX NATURAL , LARGURA: 15 CM
971|OK_SEM_FLAGS|False|False|False|MATERIAIS DE USO TECNICO HOSPITALAR|INSTRUMENTOS, EQUIPAMENTOS E SUPRIMENTOS MÉDICOS  E  CIRÚRGICOS|1917862|477512|ATADURA DE BORRACHA FAIXA SMARCH - MEDINDO 20 CM X 2 M, CONFECCIONADA EMBORRACHA NA COR ROSA APRESENTANDO AS, BORDAS DEVIDAMENTE ACABADAS, EMBALAGEM INDIVIDUAL CONTENDO DADOS DEIDENTIFICACAO , TIPO DE ESTERILIZACAO, PROCEDENCIA , LOTE, VALIDADE E REGISTRONO MINISTERIO DA SAUDE.|FAIXA DE ESMARCH, MATERIAL: LÁTEX NATURAL , LARGURA: 20 CM
972|OK_SEM_FLAGS|False|False|False|MATERIAIS DE USO TECNICO HOSPITALAR|INSTRUMENTOS, EQUIPAMENTOS E SUPRIMENTOS MÉDICOS  E  CIRÚRGICOS|1091123|438933|ANUSCOPIO DESCARTAVEL - EM PLASTICO ATOXICO, DE FORMATO ANATOMICO,FECHADO(SEM FENESTRA), SEM SALIENCIAS ANOMALAS E REBARBAS, DE TAMANHO MEDIO, EMBALADO EM PLASTICO RESISTENTE,EM PAPEL APROPRIADO, O PRODUTO DEVERA OBEDECER A ART.31 L.8078/90 PORT.CONJ.N.1 DE 23/1/96-M.SAUDE|ANUSCÓPIO, MATERIAL: PLÁSTICO , CORPO: RETO FECHADO , DIMENSÕES: CERCA DE 9CM X 35 MM, USO: DESCARTÁVEL 
974|OK_SEM_FLAGS|False|False|False|INSUMOS PARA EQUIPAMENTOS MEDICO HOSPITALARES|INSTRUMENTOS, EQUIPAMENTOS E SUPRIMENTOS MÉDICOS  E  CIRÚRGICOS|3756408|475105|BOCAL AUTOCLAVAVEL PARA ENDOSCOPIA - EM PLASTICO RESISTENTE,TAMANHO PEDIATRICO,FORMATO UNIVERSAL, PARA USO EM ENDOSCOPIA DIGESTIVA ALTA,EMBALAGEM INDIVIDUAL, REGISTRO NO MINISTERIO DA SAUDE|BOCAL - USO MÉDICO, COMPATIBILIDADE: COMPATÍVEL C/ ENDOSCÓPIO , MATERIA PRIMA: PLÁSTICO RESISTENTE , MODELO: TUBULAR RETO , TAMANHO: INFANTIL , ESTERILIDADE: DESCARTÁVEL , APRESENTAÇÃO: EMBALAGEM INDIVIDUAL 
976|OK_SEM_FLAGS|False|False|False|INSUMOS PARA EQUIPAMENTOS MEDICO HOSPITALARES|INSTRUMENTOS, EQUIPAMENTOS E SUPRIMENTOS MÉDICOS  E  CIRÚRGICOS|2896508|475100|BOCAL DESCARTAVEL PARA ESPIROMETRO - PARA ESPIROMETRO PORTATIL, EM PAPELAO, DESCARTAVEL, FORMATO CILINDRICO,NAS DIMENSOES DE 65MM X 28MM|BOCAL - USO MÉDICO, COMPATIBILIDADE: COMPATÍVEL C/ ESPIRÔMETRO , MATERIA PRIMA: PAPELÃO RESISTENTE, FACE EXTERNA IMPERMEÁVEL , MODELO: TUBULAR RETO , TAMANHO: ADULTO , ESTERILIDADE: DESCARTÁVEL , APRESENTAÇÃO: EMBALAGEM INDIVIDUAL 
977|MAPEAMENTO_INCERTO|False|False|True|MATERIAIS DE USO TECNICO HOSPITALAR|JOGOS E CONJUNTOS MÉDICOS|1146947|279513|BOMBA MANUAL EXTRATORA DE LEITE - EXTRATORA DE LEITE CONSTITUIDA DE DUAS PARTES, ACESSORIOS PERA DE SUCCAO E BOMBA DE SUCCAO, EM PLASTICO INCOLOR E TRANSPARENTE PLASTICO INCOLOR E TRANSPARENTE PERA DE SUCCAO DEBORRACHA,TUBO PROVIDO DE ABA RESISTENTE E BULBO, CAPACIDADE 150 ML, REUSAVEL, APRESENTACAO CONFORME O DECRETO LEI 79094/77 COMBINADO COM O ART.31 L.8078/90|BOMBA PARA SUCÇÃO DE LEITE MATERNO, TIPO: MANUAL , CARACTERÍSTICA ADICIONAL: COM RESERVATÓRIO 
978|OK_SEM_FLAGS|False|False|False|MATERIAIS DE USO TECNICO HOSPITALAR|INSTRUMENTOS, EQUIPAMENTOS E SUPRIMENTOS MÉDICOS  E  CIRÚRGICOS|3326640|473421|BOLSA - DE NEFROSTOMIA D-BAG VERSATIL,PLASTICO,TUBO AJUSTAVEL, TORNEIRA E VALVULA ANTI-REFLUXO, ACOMPANHADA DE VELCRO PARA POSICIONAMENTO NO PACIENTE,40,00CM,COM CAPACIDADE DE 600,00ML,EMBALAGEM CONTENDO DESCARTAVEL, DE ACORDO COM AS NORMAS DO MINISTERIO DA SAUDE|COLETOR DE URINA, MATERIAL*: POLÍMERO , TIPO*: SISTEMA FECHADO , CAPACIDADE*: CERCA DE 500 ML, GRADUAÇÃO: GRADUADA , VÁLVULA: VÁLVULA ANTI-REFLUXO , COMPONENTES: C/ SISTEMA DE FIXAÇÃO , ESTERILIDADE*: ESTÉRIL, DESCARTÁVEL 
979|OK_SEM_FLAGS|False|False|False|MATERIAIS DE USO TECNICO HOSPITALAR|INSTRUMENTOS, EQUIPAMENTOS E SUPRIMENTOS MÉDICOS  E  CIRÚRGICOS|3191001|443017|BOLSA - PRESSURIZADORA PARA INFUSAO DE LIQUIDOS,EM PLASTICO,COM VALVULA DE SEGURANCA, SEM MANOMETRO INDICADOR DE PRESSAO CODIFICADO EM CORES DE FACIL LEITURA,TUBO COM 500 CC,COM CAPACIDADE DE 500 A1000 ML,EMBALAGEM CONTENDO DESCARTAVEL, DE ACORDO COM AS NORMAS DO MINISTERIO DA SAUDE|BOLSA PRESSÓRICA, MATERIAL: POLÍMERO , TIPO: INDICADOR DE PRESSÃO , TIPO FECHAMENTO: C/ TRAVA DE SEGURANÇA , CAPACIDADE: CAPACIDADE DE ARMAZENAR BOLSA INFUSÃO ATÉ 1000 ML, CARACTERÍSTICAS ADICIONAIS: MANGUITO, PERA E VÁLVULA 
980|OK_SEM_FLAGS|False|False|False|MATERIAIS DE USO TECNICO HOSPITALAR|INSTRUMENTOS, EQUIPAMENTOS E SUPRIMENTOS MÉDICOS  E  CIRÚRGICOS|2323770|477274|BOLSA PARA UROSTOMIA - DRENAVEL, TRANSPARENTE, RECORTAVEL, DE 19 A 45 MM DE DIAMETRO DE ABERTURA DE ESTOMA, ., E 2 ADAPTADORES UNIVERSAIS, ..|ADJUVANTE P/ ESTOMIA, APLICAÇÃO: URINÁRIA , TIPO: ADAPTADOR , MATERIAL: POLÍMERO , TIPO USO: DE BOLSA UROSTOMIA P/ BOLSA COLETORA DE URINA , COMPONENTE ADICIONAL: ENCAIXE UNIVERSAL , ESTERILIDADE: REUTILIZÁVEL 
980|OK_SEM_FLAGS|False|False|False|MATERIAIS DE USO TECNICO HOSPITALAR|INSTRUMENTOS, EQUIPAMENTOS E SUPRIMENTOS MÉDICOS  E  CIRÚRGICOS|2323770|477422|BOLSA PARA UROSTOMIA - DRENAVEL, TRANSPARENTE, RECORTAVEL, DE 19 A 45 MM DE DIAMETRO DE ABERTURA DE ESTOMA, ., E 2 ADAPTADORES UNIVERSAIS, ..|SISTEMA P/ ESTOMIA, APLICAÇÃO: URINÁRIA , TIPO: BOLSA E BASE ADESIVA COMPATÍVEL 2 PEÇAS , MODELO: DRENÁVEL , TIPO BOLSA: ANTIODOR TRANSPARENTE , COMPONENTES: ANTIRREFLUXO, VÁLVULA DRENAGEM , TIPO BASE: RESINA SINTÉTICA , ESTRUTURA: PLANA , TIPO RECORTE BASE ADESIVA: PRÉ-CORTADA ATÉ 70 MM , DIÂMETRO: FLANGE ATÉ 70 MM, TIPO USO: ADULTO 
981|MAPEAMENTO_INCERTO|False|False|True|MATERIAIS DE USO TECNICO HOSPITALAR|INSTRUMENTOS, EQUIPAMENTOS E SUPRIMENTOS MÉDICOS  E  CIRÚRGICOS|1915665|433748|BOLSA PARA AGUA QUENTE - EM BORRACHA NATURAL, RESISTENTE A TEMPERATURA DE ATE 100 GRAUS CELSIUS, RETANGULAR COM CANTOS ARREDONDADOS,ACOMPANHADA DE TAMPA P/FECHAMENTO COM SISTEMA DE, DE ROSCA , CAPACIDADE PARA 1000 ML., ROTULAGEM RESPEITANDO O DECRETO LEI 79094/77 ART.31 LEI 8078/90 PORT.CONJ.N.1 DE 23/1/96-M.SAUD|BOLSA TÉRMICA, APLICAÇÃO*: P/ CALOR , MATERIAL*: BORRACHA NATURAL , MODELO: RETANGULAR , CAPACIDADE*: CERCA 1500 ML, COMPONENTES: C/ TAMPA ROSQUEÁVEL 
982|MAPEAMENTO_INCERTO|False|False|True|MATERIAIS DE USO TECNICO HOSPITALAR|INSTRUMENTOS, EQUIPAMENTOS E SUPRIMENTOS MÉDICOS  E  CIRÚRGICOS|1563637|280993|BOLSA - PARA ENEMA OPACO, EM PLASTICO TRANSPARENTE, FLEXIVEL E GRADUADA, COM SONDA DE 3 OU 4 FUROS, ALCA PARA SUPORTE ABERTURA DE BOCA COM TAMPA SOB PRESSAO., TUBO COM 1,70M DE SILICONE CALIBRE 204, COM CONEXAO EM Y EPINCAS OCLUSORAS, COM CAPACIDADE DE 2.000ML A 3.000ML, EMBALAGEM CONTENDO DADOS DE IDENTIFICACAO E PROCEDENCIA, LOTE E REGISTRO NO MINISTERIO DA SAUDE|BOLSA APLICAÇÃO ENEMA, MATERIAL: PLÁSTICO , TIPO: P/ CLISTER OPACO , CAPACIDADE: 3000 ML, COMPONENTES: C/ CÂNULA RETAL FLEXÍVEL 2 VIAS,C/ BALÃO , TIPO USO: DESCARTÁVEL 
982|MAPEAMENTO_INCERTO|False|False|True|MATERIAIS DE USO TECNICO HOSPITALAR|INSTRUMENTOS, EQUIPAMENTOS E SUPRIMENTOS MÉDICOS  E  CIRÚRGICOS|1563637|379289|BOLSA - PARA ENEMA OPACO, EM PLASTICO TRANSPARENTE, FLEXIVEL E GRADUADA, COM SONDA DE 3 OU 4 FUROS, ALCA PARA SUPORTE ABERTURA DE BOCA COM TAMPA SOB PRESSAO., TUBO COM 1,70M DE SILICONE CALIBRE 204, COM CONEXAO EM Y EPINCAS OCLUSORAS, COM CAPACIDADE DE 2.000ML A 3.000ML, EMBALAGEM CONTENDO DADOS DE IDENTIFICACAO E PROCEDENCIA, LOTE E REGISTRO NO MINISTERIO DA SAUDE|BOLSA APLICAÇÃO ENEMA, MATERIAL: PLÁSTICO , TIPO: P/ CLISTER OPACO , CAPACIDADE: 2500 ML, COMPONENTES: SONDA RETAL FLEXÍVEL, 3 VIAS, PÊRA INSUFLAÇÃO , TIPO USO: DESCARTÁVEL E ESTÉRIL 
983|MAPEAMENTO_INCERTO|False|False|True|MATERIAIS DE USO TECNICO HOSPITALAR|INSTRUMENTOS, EQUIPAMENTOS E SUPRIMENTOS MÉDICOS  E  CIRÚRGICOS|925799|433752|BOLSA PARA GELO - CONFECCIONADA EM: PLASTICO RIGIDO, MEDINDO: 17 CM DE COMPRIMENTO X 10 CM DE LARGURA X 2 CM DEESPESSURA. RECILCAVEL, COM CAP. DE 500 ML, FORMATO: RETANGULAR, COM LACRE DE BATOQUE|BOLSA TÉRMICA, APLICAÇÃO*: P/ GELO , MATERIAL*: POLÍMERO FLEXÍVEL , MODELO: REDONDA , DIÂMETRO*: CERCA 15 CM, COMPONENTES: C/ TAMPA ROSQUEÁVEL 
983|MAPEAMENTO_INCERTO|False|False|True|MATERIAIS DE USO TECNICO HOSPITALAR|INSTRUMENTOS, EQUIPAMENTOS E SUPRIMENTOS MÉDICOS  E  CIRÚRGICOS|925799|433753|BOLSA PARA GELO - CONFECCIONADA EM: PLASTICO RIGIDO, MEDINDO: 17 CM DE COMPRIMENTO X 10 CM DE LARGURA X 2 CM DEESPESSURA. RECILCAVEL, COM CAP. DE 500 ML, FORMATO: RETANGULAR, COM LACRE DE BATOQUE|BOLSA TÉRMICA, APLICAÇÃO*: P/ GELO , MATERIAL*: POLÍMERO FLEXÍVEL , MODELO: REDONDA , DIÂMETRO*: CERCA 25 CM, COMPONENTES: C/ TAMPA ROSQUEÁVEL 
983|MAPEAMENTO_INCERTO|False|False|True|MATERIAIS DE USO TECNICO HOSPITALAR|INSTRUMENTOS, EQUIPAMENTOS E SUPRIMENTOS MÉDICOS  E  CIRÚRGICOS|925799|433754|BOLSA PARA GELO - CONFECCIONADA EM: PLASTICO RIGIDO, MEDINDO: 17 CM DE COMPRIMENTO X 10 CM DE LARGURA X 2 CM DEESPESSURA. RECILCAVEL, COM CAP. DE 500 ML, FORMATO: RETANGULAR, COM LACRE DE BATOQUE|BOLSA TÉRMICA, APLICAÇÃO*: P/ GELO , MATERIAL*: POLÍMERO FLEXÍVEL , MODELO: REDONDA , DIÂMETRO*: CERCA 20 CM, COMPONENTES: C/ TAMPA ROSQUEÁVEL 
984|MAPEAMENTO_INCERTO|False|False|True|INSTRUMENTAIS DE USO MEDICO, CIRURGICO OU HOSPITALAR|INSTRUMENTOS, EQUIPAMENTOS E SUPRIMENTOS MÉDICOS  E  CIRÚRGICOS|4260570|435592|CANETA - DE BISTURI, TIPO PINCA BIPOLAR, COM ENTRADA TIPO GARFO, COMPATIVEL COM A MARCA WEM|CANETA USO MÉDICO, MATERIAL: POLÍMERO , TIPO*: BIPOLAR , CONTROLE: COMANDO MANUAL , COMPONENTES: C/ CABO FIXO , COMPATIBILIDADE: CONECTOR COMPATÍVEL C/ BISTURI ELÉTRICO , ESTERILIDADE: ESTERILIZÁVEL 
984|MAPEAMENTO_INCERTO|False|False|True|INSTRUMENTAIS DE USO MEDICO, CIRURGICO OU HOSPITALAR|INSTRUMENTOS, EQUIPAMENTOS E SUPRIMENTOS MÉDICOS  E  CIRÚRGICOS|4260570|435593|CANETA - DE BISTURI, TIPO PINCA BIPOLAR, COM ENTRADA TIPO GARFO, COMPATIVEL COM A MARCA WEM|CANETA USO MÉDICO, MATERIAL: POLÍMERO , TIPO*: BIPOLAR , CONTROLE: COMANDO PEDAL , COMPONENTES: C/ CABO FIXO , COMPATIBILIDADE: CONECTOR COMPATÍVEL C/ BISTURI ELÉTRICO , ESTERILIDADE: ESTERILIZÁVEL 
985|OK_SEM_FLAGS|False|False|False|COMPONENTES PARA EQUIPAMENTOS MEDICO HOSPITALARES|INSTRUMENTOS, EQUIPAMENTOS E SUPRIMENTOS MÉDICOS  E  CIRÚRGICOS|4426932|435591|CANETA PORTA-ELETRODO P/UNIDADE ELETROCIRURGICA - CANETA MONOPOLAR DE ACIONAMENTO MANUAL, DESCARTAVEL,COMPATIVEL COM BISTURI  WEM, MEDCIR E DELTRONIX|CANETA USO MÉDICO, MATERIAL: POLÍMERO , TIPO*: MONOPOLAR , CONTROLE: COMANDO MANUAL , COMPONENTES: C/ CABO FIXO , COMPATIBILIDADE: CONECTOR COMPATÍVEL C/ BISTURI ELÉTRICO , ESTERILIDADE: ESTÉRIL, DESCARTÁVEL , EMBALAGEM: EMBALAGEM INDIVIDUAL 
987|MAPEAMENTO_INCERTO|False|False|True|MATERIAIS DE USO TECNICO HOSPITALAR|VESTUÁRIO HOSPITALAR E CIRÚRGICO E ITENS CORRELATOS DE  FINALIDADES ESPECIAIS|439886|617194|CAPA PARA VIDEOSCOPIA - EM PLASTICO ATOXICO, ESTERIL, ESTERILIZADO POR RADIACAO GAMA, MEDINDO 12,5CM X 2,5M, DESCARTAVEL, APRESENTACAO CONFORME DECRETO LEI 79094/77 COMBINADO COM O ART.31 DA LEI 8078/90, ROTULAGEM RESPEITANDO O DECRETO LEI 79094/77 ART.31 L.8078/90 PORT.CONJ.N.1 DE 23/1/96 M.SAUDE|CAPA USO MÉDICO, COMPATIBILIDADE: C/ MICROCÂMERA E CABO ? VIDEOCIRURGIA , APLICAçãO: P/ PARAMENTAÇÃO DO EQUIPAMENTO , MATERIAL: PLÁSTICO TRANSPARENTE , FIXAÇÃO: C/ FIXAÇÃO AJUSTÁVEL , ESTERILIDADE: ESTÉRIL, USO ÚNICO , EMBALAGEM: EMBALAGEM INDIVIDUAL 
988|MAPEAMENTO_INCERTO|False|False|True|MATERIAIS DE USO TECNICO HOSPITALAR|VESTUÁRIO HOSPITALAR E CIRÚRGICO E ITENS CORRELATOS DE  FINALIDADES ESPECIAIS|1330020|617194|CAPA PARA VIDEOSCOPIA - EM PLASTICO PARA VIDEOSCOPIA (CAMISA PAR CABO DEVIDEO), ESTERIL, ESTERILIZADO EM OXIDO DE ETILENO, MEDINDO 12.5 X 250 CM, DESCARTAVEL,EMBALADO EM PAPEL GRAU CIRURGICO, APRESENTACAO CONFORME DECRETO LEI 79094/77 COMBINADO COM O ART.31 L.8078/90, ROTULAGEM RESPEITANDO O DECRETO LEI 79094/77 ART.31 L.8078/90 PORT.CONJ.N.1 DE 23/1/96-M.SAUDE|CAPA USO MÉDICO, COMPATIBILIDADE: C/ MICROCÂMERA E CABO ? VIDEOCIRURGIA , APLICAçãO: P/ PARAMENTAÇÃO DO EQUIPAMENTO , MATERIAL: PLÁSTICO TRANSPARENTE , FIXAÇÃO: C/ FIXAÇÃO AJUSTÁVEL , ESTERILIDADE: ESTÉRIL, USO ÚNICO , EMBALAGEM: EMBALAGEM INDIVIDUAL 
989|OK_SEM_FLAGS|False|False|False|MATERIAIS DE USO TECNICO HOSPITALAR|VESTUÁRIO HOSPITALAR E CIRÚRGICO E ITENS CORRELATOS DE  FINALIDADES ESPECIAIS|1967347|617192|CAPA PARA MICROSCOPIO - CAPA PARA MICROSCOPIO COM VISOR ( ESTERIL ).|CAPA USO MÉDICO, COMPATIBILIDADE: C/ MICROSCÓPIO CIRÚRGICO , APLICAçãO: P/ PARAMENTAÇÃO DO EQUIPAMENTO , MATERIAL: PLÁSTICO TRANSPARENTE , FIXAÇÃO: C/ FIXAÇÃO AJUSTÁVEL , ADICIONAL: C/ VISOR , ESTERILIDADE: ESTÉRIL, USO ÚNICO , EMBALAGEM: EMBALAGEM INDIVIDUAL 
990|OK_SEM_FLAGS|False|False|False|COMPONENTES PARA EQUIPAMENTOS MEDICO HOSPITALARES|VESTUÁRIO HOSPITALAR E CIRÚRGICO E ITENS CORRELATOS DE  FINALIDADES ESPECIAIS|5627583|617193|PROTETOR - PARA TRANSDUTOR DE ULTRASSOM CONVEXO,CAPA EM POLIETILENO SILICONIZADA COM DOBRA TELESCOPICA COM ADESIVO NA PARTE  INTERNA EM POLICARBONATO E SILICONE, ELASTICO PARA FIXACAO SEM GEL, TAMANHO 14,00 X 91,50 CM,COMPATIVEL COM A MARCA CIVCO, MODELO CIV FLEX|CAPA USO MÉDICO, COMPATIBILIDADE: C/ TRANSDUTOR DE ULTRASSOM , APLICAçãO: P/ PARAMENTAÇÃO DO EQUIPAMENTO , MATERIAL: PLÁSTICO TRANSPARENTE , FIXAÇÃO: C/ FIXAÇÃO AJUSTÁVEL , ESTERILIDADE: ESTÉRIL, USO ÚNICO , EMBALAGEM: EMBALAGEM INDIVIDUAL 
991|OK_SEM_FLAGS|False|False|False|MATERIAIS DE USO TECNICO HOSPITALAR|INSTRUMENTOS, EQUIPAMENTOS E SUPRIMENTOS MÉDICOS  E  CIRÚRGICOS|1176617|447065|CLAMP PARA CORDAO UMBILICAL - ESTERIL, CONFECCIONADO EM PLASTICO RESISTENTE, ATOXICO EM FORMA DE PINCA,DENTADA INTERNAMENTE C/FECHO DE SEGURANCA INVIOLAVEL, DE APROXIMADAMENTE 06 CM,EMBALADO INDIVIDUAL,EM PAPEL GRAU CIRURGICO, APRESENTACAO CONFORME DECRETO LEI 79094/77 COMBINADO COM O ART.31 L.8078/90|MATERIAL HOSPITALAR, TIPO: CLAMP PRENDEDOR UMBILICAL , COMPONENTES: PLÁSTICO , EMBALAGEM: EMBALAGEM INDIVIDUAL , ESTERILIDADE*: ESTÉRIL, USO ÚNICO 
993|OK_SEM_FLAGS|False|False|False|ORTESES, PROTESES E MATERIAIS AUXILIARES|INSTRUMENTOS, EQUIPAMENTOS E SUPRIMENTOS MÉDICOS  E  CIRÚRGICOS|2616386|455922|COLAR CERVICAL - EM ESPUMA ANATOMICA,DE ALTA DENSIDADE,REVESTIMENTO EM MALHA 100 % ALGODAO,FECHO EM VELCRO,COM PERFEITO AJUSTE AO PESCOCO,NAS MEDIDAS DE APROXIMADAMENTE 55CM DE COMPRIMENTO X 09CM DE ALTURA,NO TAMANHO MEDIO|ÓRTESE PARA COLUNA VERTEBRAL, MODELO: COLAR CERVICAL , MATERIAL: POLIETILENO DE ALTA DENSIDADE , REVESTIMENTO: ATOALHADO , ESTRUTURA: APOIO MENTONIANO , OPCIONAIS: FUROS DE VENTILAÇÃO , TIPO FECHO: TIRAS AJUSTÁVEIS EM VELCRO , TAMANHO: MÉDIO 
994|OK_SEM_FLAGS|False|False|False|ORTESES, PROTESES E MATERIAIS AUXILIARES|INSTRUMENTOS, EQUIPAMENTOS E SUPRIMENTOS MÉDICOS  E  CIRÚRGICOS|2616394|455923|COLAR CERVICAL - EM ESPUMA ANATOMICA,DE ALTA DENSIDADE,REVESTIMENTO EM MALHA 100 % ALGODAO,FECHO EM VELCRO,COM PERFEITO AJUSTE AO PESCOCO,NAS MEDIDAS DE APROXIMADAMENTE 45CM DE COMPRIMENTO X 6,5CM DE ALTURA,NO TAMANHO PEQUENO|ÓRTESE PARA COLUNA VERTEBRAL, MODELO: COLAR CERVICAL , MATERIAL: POLIETILENO DE ALTA DENSIDADE , REVESTIMENTO: ATOALHADO , ESTRUTURA: APOIO MENTONIANO , OPCIONAIS: FUROS DE VENTILAÇÃO , TIPO FECHO: TIRAS AJUSTÁVEIS EM VELCRO , TAMANHO: PEQUENO 
995|OK_SEM_FLAGS|False|False|False|ORTESES, PROTESES E MATERIAIS AUXILIARES|INSTRUMENTOS, EQUIPAMENTOS E SUPRIMENTOS MÉDICOS  E  CIRÚRGICOS|4019369|455901|COLAR CERVICAL - PHILADELPHIA, COM ABERTURA PARA TRAQUEOSTOMIA, EM ESPUMA SEMIRRIGIDA,COMPOSTO DE DUAS PECAS,COM REFORCOS ANTERIOR E POSTERIOR,FECHO EM VELCRO,CONTROLE DE FLEXAO/EXTENSAO E ROTACAO,SUPORTE MANDIBULAR/MENTONIANO E OUTRO OCCIPITAL,TAMANHO GRANDE|ÓRTESE PARA COLUNA VERTEBRAL, MODELO: COLAR CERVICAL PHILADELPHIA , MATERIAL: ESPUMA DE POLIFÓRMIO , ESTRUTURA: APOIO MENTONIANO, OCCIPITAL E ESTERNAL , ADICIONAIS: ABERTURA FRONTAL , TIPO FECHO: TIRAS AJUSTÁVEIS EM VELCRO , TAMANHO: GRANDE 
995|OK_SEM_FLAGS|False|False|False|ORTESES, PROTESES E MATERIAIS AUXILIARES|INSTRUMENTOS, EQUIPAMENTOS E SUPRIMENTOS MÉDICOS  E  CIRÚRGICOS|4019369|455905|COLAR CERVICAL - PHILADELPHIA, COM ABERTURA PARA TRAQUEOSTOMIA, EM ESPUMA SEMIRRIGIDA,COMPOSTO DE DUAS PECAS,COM REFORCOS ANTERIOR E POSTERIOR,FECHO EM VELCRO,CONTROLE DE FLEXAO/EXTENSAO E ROTACAO,SUPORTE MANDIBULAR/MENTONIANO E OUTRO OCCIPITAL,TAMANHO GRANDE|ÓRTESE PARA COLUNA VERTEBRAL, MODELO: COLAR CERVICAL PHILADELPHIA , MATERIAL: ESPUMA DE POLIFÓRMIO , ESTRUTURA: APOIO MENTONIANO, OCCIPITAL E ESTERNAL , ADICIONAIS: ABERTURA FRONTAL , TIPO FECHO: TIRAS AJUSTÁVEIS EM VELCRO , TAMANHO: G- GRANDE 
996|OK_SEM_FLAGS|False|False|False|ORTESES, PROTESES E MATERIAIS AUXILIARES|INSTRUMENTOS, EQUIPAMENTOS E SUPRIMENTOS MÉDICOS  E  CIRÚRGICOS|4019326|455902|COLAR CERVICAL - PHILADELPHIA, COM ABERTURA PARA TRAQUEOSTOMIA, EM ESPUMA SEMIRRIGIDA,COMPOSTO DE DUAS PECAS,COM REFORCOS ANTERIOR E POSTERIOR,FECHO EM VELCRO,CONTROLE DE FLEXAO/EXTENSAO E ROTACAO,SUPORTE MANDIBULAR/MENTONIANO E OUTRO OCCIPITAL,TAMANHO MEDIO|ÓRTESE PARA COLUNA VERTEBRAL, MODELO: COLAR CERVICAL PHILADELPHIA , MATERIAL: ESPUMA DE POLIFÓRMIO , ESTRUTURA: APOIO MENTONIANO, OCCIPITAL E ESTERNAL , ADICIONAIS: ABERTURA FRONTAL , TIPO FECHO: TIRAS AJUSTÁVEIS EM VELCRO , TAMANHO: MÉDIO 
997|OK_SEM_FLAGS|False|False|False|ORTESES, PROTESES E MATERIAIS AUXILIARES|INSTRUMENTOS, EQUIPAMENTOS E SUPRIMENTOS MÉDICOS  E  CIRÚRGICOS|4019296|455904|COLAR CERVICAL - PHILADELPHIA, COM ABERTURA PARA TRAQUEOSTOMIA, EM ESPUMA SEMIRRIGIDA,COMPOSTO DE DUAS PECAS,COM REFORCOS ANTERIOR E POSTERIOR,FECHO EM VELCRO,CONTROLE DE FLEXAO/EXTENSAO E ROTACAO,SUPORTE MANDIBULAR/MENTONIANO E OUTRO OCCIPITAL,TAMANHO PEQUENO|ÓRTESE PARA COLUNA VERTEBRAL, MODELO: COLAR CERVICAL PHILADELPHIA , MATERIAL: ESPUMA DE POLIFÓRMIO , ESTRUTURA: APOIO MENTONIANO, OCCIPITAL E ESTERNAL , ADICIONAIS: ABERTURA FRONTAL , TIPO FECHO: TIRAS AJUSTÁVEIS EM VELCRO , TAMANHO: P- PEQUENO 
998|OK_SEM_FLAGS|False|False|False|ORTESES, PROTESES E MATERIAIS AUXILIARES|INSTRUMENTOS, EQUIPAMENTOS E SUPRIMENTOS MÉDICOS  E  CIRÚRGICOS|4019296|619195|COLAR CERVICAL - PHILADELPHIA, COM ABERTURA PARA TRAQUEOSTOMIA, EM ESPUMA SEMIRRIGIDA,COMPOSTO DE DUAS PECAS,COM REFORCOS ANTERIOR E POSTERIOR,FECHO EM VELCRO,CONTROLE DE FLEXAO/EXTENSAO E ROTACAO,SUPORTE MANDIBULAR/MENTONIANO E OUTRO OCCIPITAL,TAMANHO PEQUENO|RECIPIENTE COLETOR - USO MÉDICO, MODELO: SACO , APLICAçãO: P/ URINA INFANTIL , MATERIAL: POLÍMERO MALEÁVEL TRANSPARENTE, GRADUADO , VOLUME: CERCA DE 100 ML , COMPONENTE: C/ ADESIVO DE FIXAÇÃO NO PACIENTE , ESTERILIDADE: ESTÉRIL, USO ÚNICO 
999|MAPEAMENTO_INCERTO|False|False|True|MATERIAIS DE USO TECNICO HOSPITALAR|INSTRUMENTOS, EQUIPAMENTOS E SUPRIMENTOS MÉDICOS  E  CIRÚRGICOS|1929542|441690|COLETOR DE URINA INFANTIL FEMININO - DESCARTAVEL, COM CAPACIDADE PARA 100ML, COM ADESIVO,HIPOALERGENICO, COM GRADUACAO A CADA, 10 ML, COM LOCAL PARA IDENTIFICACAO DO PACIENTE., EMBALAGEM CONTENDO DADOS DE IDENTIFICACAO,LOTE,VALIDADE E REGISTRO NO MINISTERIO DA SAUDE.|COLETOR DE URINA, MATERIAL*: PLÁSTICO , TIPO*: SISTEMA FECHADO , MODELO: INFANTIL , CAPACIDADE*: CERCA DE 100 ML, GRADUAÇÃO: GRADUADA , VÁLVULA: VÁLVULA ANTI-REFLUXO , PINÇA: CLAMP CORTA FLUXO , COMPONENTES: C/ SISTEMA FIXAÇÃO LEITO , ESTERILIDADE*: ESTÉRIL, DESCARTÁVEL 
1000|MAPEAMENTO_INCERTO|False|False|True|MATERIAIS DE USO TECNICO HOSPITALAR|INSTRUMENTOS, EQUIPAMENTOS E SUPRIMENTOS MÉDICOS  E  CIRÚRGICOS|131652|441690|COLETOR DE URINA INFANTIL ESTERIL - EM PLASTICO E ADESIVO HIPOALERGICO E ATOXICO, FORMATO RETANGULAR, BORDAS DEMARCADAS, MODELO PARA SEXO MASCULINO, COM PAREDES SOBREPOSTAS, CAPACIDADE DE 100ML, GRADUADA A CADA 10ML, APRESENTACAO CONFORME DECRETO LEI 79094/77 COMBINADO COM O ART.31 DA LEI 8078/90|COLETOR DE URINA, MATERIAL*: PLÁSTICO , TIPO*: SISTEMA FECHADO , MODELO: INFANTIL , CAPACIDADE*: CERCA DE 100 ML, GRADUAÇÃO: GRADUADA , VÁLVULA: VÁLVULA ANTI-REFLUXO , PINÇA: CLAMP CORTA FLUXO , COMPONENTES: C/ SISTEMA FIXAÇÃO LEITO , ESTERILIDADE*: ESTÉRIL, DESCARTÁVEL 
1001|OK_SEM_FLAGS|False|False|False|MATERIAIS DE USO TECNICO HOSPITALAR|INSTRUMENTOS, EQUIPAMENTOS E SUPRIMENTOS MÉDICOS  E  CIRÚRGICOS|1988816|419377|"COLETOR DE URINA - SISTEMA FECHADO - BOLSA COLETORA EM PVC FLEXIVEL COM DUPLA FACE SENDO A ANTERIOR TRANSPARENTE, CAPACIADADE 2000ML GRADUADA A CADA 100ML P/ PEQUENOS VOLUMES DE 25 A 100ML,ALCA DE SUST.RIGIDA ""U"", VALVULA ANTI-REFLUXO TIPO MEMBRANA,CAMARA DE PASTEUR FLEXIVEL,FILTRO DE AR HIDROFOBO, CORDAO P/DEAMBULACAO,TUBO EXTENSOR FLEXIVEL,120CMCOMP.,DIAM.INTERNO 0,9CM,PINCA OU CLAMP P/VEDACAO, CONECTOR ESCALONADO P/SONDA URETRO-VESICAL COM PONTO DE COLETA,TUBO DE SAIDA CENTRAL E VERTICAL"|COLETOR DE URINA, MATERIAL*: PVC , TIPO*: SISTEMA FECHADO , CAPACIDADE*: CERCA DE 2000 ML, GRADUAÇÃO: GRADUAÇÃO DE 100 EM 100 ML, VÁLVULA: VÁLVULA ANTI-REFLUXO , PINÇA: CLAMP CORTA FLUXO , FILTRO: FILTRO HIDROFÓBICO/BACTERIOLÓGICO , CARACTERÍSTICAS ADICIONAIS*: CÂMARA PASTEUR FLEXÍVEL , CONECTOR: CONECTOR UNIVERSAL , OUTROS COMPONENTES: MEMBRANA AUTOCICATRIZANTE , ESTERILIDADE*: ESTÉRIL, DESCARTÁVEL 
1002|OK_SEM_FLAGS|False|False|False|MATERIAIS DE USO TECNICO HOSPITALAR|INSTRUMENTOS, EQUIPAMENTOS E SUPRIMENTOS MÉDICOS  E  CIRÚRGICOS|1947893|625219|COLETOR DE URINA-SISTEMA ABERTO - ADULTO,TIPO GARRAFA,GRADUACAO A PARTIR DE 100ML, COM TUBO DE DRENAGEM,CONECTOR P/DISPOSITIVO DE INCONTINENCIA,AMPOLA(RESERVATORIO) 1200ML EM PVC, APRESENTACAO CONFORME DECRETO LEI 79094/77 COMBINADO COM O ART.31 DA LEI 8078/90, CONTENDO DADOS DE IDENTIFICACAO.|Frasco p/ secreção e urina, MODELO: GRAVITACIONAL , TIPO: Tipo garrafa , MATERIAL: Polímero transparente, graduado , VOLUME: CERCA DE 1200 ML, COMPONENTE: Alça e extensor C/ Clamp , ESTERILIDADE: NÃO ESTÉRIL, USO ÚNICO 
1003|OK_SEM_FLAGS|False|False|False|MATERIAIS DE USO TECNICO HOSPITALAR|INSTRUMENTOS, EQUIPAMENTOS E SUPRIMENTOS MÉDICOS  E  CIRÚRGICOS|118885|623109|COLETOR PARA MATERIAL PERFURO-CORTANTE - EM MATERIAL RESISTENTE A PERFURACOES,IMPERMEAVEL, COM SISTEMA DE ABERTURA E FECHAMENTO PRATICO E SEGURO AO MANUSEIO, EM FORMATO QUADRADO, COM CAPACIDADE DE 13L, O PRODUTO DEVERA APRESENTAR LAUDO ANALITICO QUE COMPROVE O CUMPRIMENTO DA NBR13853|COLETOR DE RESÍDUOS DE SERVIÇO DE SAÚDE, TIPO DE RESÍDUO: GRUPO E - RESÍDUO PERFUROCORTANTE INFECTANTE , TIPO RISCO: RISCO BIOLÓGICO , CAPACIDADE: CERCA DE 13 L, MATERIAL: CAIXA DE PAPELÃO C/ SACO PLÁSTICO , ADICIONAL: C/ ALÇA , USO: USO ÚNICO 
1004|OK_SEM_FLAGS|False|False|False|MATERIAIS DE USO TECNICO HOSPITALAR|INSTRUMENTOS, EQUIPAMENTOS E SUPRIMENTOS MÉDICOS  E  CIRÚRGICOS|118877|623108|COLETOR PARA MATERIAL PERFURO-CORTANTE - EM MATERIAL RESISTENTE A PERFURACOES,IMPERMEAVEL, COM SISTEMA DE ABERTURA E FECHAMENTO PRATICO E SEGURO AO MANUSEIO, EM FORMATO QUADRADO, COM CAPACIDADE DE 7L, O PRODUTO DEVERA APRESENTAR LAUDO ANALITICO QUE COMPROVE CUMPRIMENTO DA NBR13853|COLETOR DE RESÍDUOS DE SERVIÇO DE SAÚDE, TIPO DE RESÍDUO: GRUPO E - RESÍDUO PERFUROCORTANTE INFECTANTE , TIPO RISCO: RISCO BIOLÓGICO , CAPACIDADE: CERCA DE 7 L, MATERIAL: CAIXA DE PAPELÃO C/ SACO PLÁSTICO , ADICIONAL: C/ ALÇA , USO: USO ÚNICO 
1005|OK_SEM_FLAGS|False|False|False|MATERIAIS DE USO TECNICO HOSPITALAR|INSTRUMENTOS, EQUIPAMENTOS E SUPRIMENTOS MÉDICOS  E  CIRÚRGICOS|1959921|623110|"COLETOR PARA MATERIAL PERFURO-CORTANTE - EM MATERIAL RESISTENTE PAPELAO ONDULADO, GRAMATURA 100, COR AMARELA E IMPRESSAO EM PRETO ""INFECTANTE 6.2"" FRENTE/ATRAS, COM SISTEMA DE ABERTURA E FECHAMENTO INSTRUCOES DE MONTAGEM E MANUSEIO NAS LATERAIS, EM FORMATO COM MEDIDAS: 25CM DE COMPRIMENTO, 33CM DE ALTURA E 24,5CM DE LARGURA (LATERAL), COM CAPACIDADE DE 20 LITROS, BANDEJA PRE-VINCADA REFORCANDO O FUNDODO COLETOR, O PRODUTO DEVERA APRESENTAR LAUDO ANALITICO QUE COMPROVE CUMPRIMENTO DAS NORMAS ABNT E NEA 55"|COLETOR DE RESÍDUOS DE SERVIÇO DE SAÚDE, TIPO DE RESÍDUO: GRUPO E - RESÍDUO PERFUROCORTANTE INFECTANTE , TIPO RISCO: RISCO BIOLÓGICO , CAPACIDADE: CERCA DE 20 L, MATERIAL: CAIXA DE PAPELÃO C/ SACO PLÁSTICO , ADICIONAL: C/ ALÇA , USO: USO ÚNICO 
1006|OK_SEM_FLAGS|False|False|False|MATERIAIS DE USO TECNICO HOSPITALAR|INSTRUMENTOS, EQUIPAMENTOS E SUPRIMENTOS MÉDICOS  E  CIRÚRGICOS|2976650|621947|COLETOR DE AMOSTRAS BIOLOGICAS P/ USO DE LAVADO BRONCO-ALVEOLAR - PARA COLETA ASSEPTICA DAS VIAS AEREAS, FRASCO ATOXICO, RIGIDO, GRADUADO COM CAPACIDADE DE 40 A 70ML,TAMPA DE OCLUSAO HERMETICA EM POLIPROPILENO COM DUAS VIAS E ALCA EM PVC PARA FIXACAO COM 40 CM, ADAPTADOR EM POLIPROPILENO FIXADO NA TAMPA,EXTENSAO EM PVC CRISTAL, ATOXICO COM 20 CM, ESTERELIZACAO A OXIDO DE ETILENO, EMBALAGEM INDIVIDUAL,LACRE DE SEGURANCA, ESTERIL, USO UNICO E ETIQUETA PARA TOTAL IDENTIFICACAO DO PACIENTE.|RESERVATÓRIO COLETOR - USO MÉDICO, MODELO: CATETER , APLICAçãO: P/ COLETA DE ASPIRADO BRONCOALVEOLAR , MATERIAL: POLÍMERO MALEÁVEL TRANSPARENTE , TAMANHO: INFANTIL , COMPONENTE: PONTA DISTAL C/ PROTEÇÃO TAMPÃO , ESTERILIDADE: ESTÉRIL, USO ÚNICO 
1007|OK_SEM_FLAGS|False|False|False|MATERIAIS DE USO TECNICO HOSPITALAR|INSTRUMENTOS, EQUIPAMENTOS E SUPRIMENTOS MÉDICOS  E  CIRÚRGICOS|2564360|621946|COLETOR DE AMOSTRAS BIOLOGICAS P/ USO DE LAVADO BRONCO-ALVEOLAR - COM CAPACIDADE MINIMA DE 70ML GRADUACAO ( DE 5 EM 5ML ),TAMPA COM ADAPTADOR UNIVERSAL,EXTENSAO EM MANGUEIRA DE APROXIMADAMENTE 20CM EM PVC SILICONADO,LACRE DE SEGURANCA, ESTERIL, USO UNICO.|RESERVATÓRIO COLETOR - USO MÉDICO, MODELO: CATETER , APLICAçãO: P/ COLETA DE ASPIRADO BRONCOALVEOLAR , MATERIAL: POLÍMERO MALEÁVEL TRANSPARENTE , TAMANHO: ADULTO , COMPONENTE: PONTA DISTAL C/ PROTEÇÃO TAMPÃO , ESTERILIDADE: ESTÉRIL, USO ÚNICO 
1008|MAPEAMENTO_INCERTO|False|False|True|MATERIAIS DE USO TECNICO HOSPITALAR|INSTRUMENTOS, EQUIPAMENTOS E SUPRIMENTOS MÉDICOS  E  CIRÚRGICOS|2378523|606121|CONECTOR VALVULADO PARA SISTEMA DE INFUSAO VENOSA FECHADO - SEM AGULHA. PARA ACESSO VASCULARES VENOSOS E ARTERIAIS, PECA UNICA, BARREIRA MECANICA COM DUPLA SELAGEM, SEPTO DE SILICONE (LATEX FREE) SUPERFICIE LIVRE DESINFECTADA, ACESSO UNIVERSAL PARA LUER LOCK E LUER SLIP (SERINGAS E EQUIPOS), APLICADO EM CATETERES, EXTENSORES E CANULAS., ISENTO DE METAL, CORPO EM POLICARBONATO, SEPTO EM SILICONE. ACOMPANHA: TAMPA DESCARTAVEL NA CONEXAO MACHO PARA PROTECAO DURANTE A DESEMBALAGEM E CONEXAO AO ACESSO VASCULAR. EMBALAGEM INDIVIDUAL TIPO ENVELOPE EM TYVEK, FECHADO POR TERMOSELAGEM E ESTERILIZADO EM OXIDO DE ETILENO.|CONECTOR USO MÉDICO, APLICAÇÃO: P/ACESSO VASCULAR , MATERIAL 1: POLÍMERO , MATERIAL 2: C/ MEMBRANA SILICONE , MODELO: SISTEMA FECHADO , COMPONENTE 1: CONEXÃO LUER , COMPONENTE 2: VALVULADO , CARACTERÍSTICA ADICIONAL: P/ USO SEM AGULHA , TIPO USO: ESTÉRIL, USO ÚNICO 
1008|MAPEAMENTO_INCERTO|False|False|True|MATERIAIS DE USO TECNICO HOSPITALAR|INSTRUMENTOS, EQUIPAMENTOS E SUPRIMENTOS MÉDICOS  E  CIRÚRGICOS|2378523|606120|CONECTOR VALVULADO PARA SISTEMA DE INFUSAO VENOSA FECHADO - SEM AGULHA. PARA ACESSO VASCULARES VENOSOS E ARTERIAIS, PECA UNICA, BARREIRA MECANICA COM DUPLA SELAGEM, SEPTO DE SILICONE (LATEX FREE) SUPERFICIE LIVRE DESINFECTADA, ACESSO UNIVERSAL PARA LUER LOCK E LUER SLIP (SERINGAS E EQUIPOS), APLICADO EM CATETERES, EXTENSORES E CANULAS., ISENTO DE METAL, CORPO EM POLICARBONATO, SEPTO EM SILICONE. ACOMPANHA: TAMPA DESCARTAVEL NA CONEXAO MACHO PARA PROTECAO DURANTE A DESEMBALAGEM E CONEXAO AO ACESSO VASCULAR. EMBALAGEM INDIVIDUAL TIPO ENVELOPE EM TYVEK, FECHADO POR TERMOSELAGEM E ESTERILIZADO EM OXIDO DE ETILENO.|CONECTOR USO MÉDICO, APLICAÇÃO: P/ACESSO VASCULAR , MATERIAL 1: POLÍMERO , MODELO: SISTEMA FECHADO , COMPONENTE 1: CONEXÃO LUER MACHO E FÊMEA , TIPO USO: ESTÉRIL, USO ÚNICO 
1011|OK_SEM_FLAGS|False|False|False|CADASTRO PADRONIZADO DE MEDICAMENTOS|DROGAS E MEDICAMENTOS|4143094|476284|LEVONORGESTREL - CONCENTRACAO/DOSAGEM 20 MCG,FORMA FARMACEUTICA SISTEMA INTRA-UTERINO (SIU),FORMA DE APRESENTACAO BLISTER ESTERIL + INSERTOR,VIA DE ADMINISTRACAO INTRA-UTERINA|LEVONORGESTREL, CONCENTRAÇÃO: 19,5 MG, CARACTERÍSTICAS ADICIONAIS: SISTEMA INTRA-UTERINO, COM INSERTOR 
1012|OK_SEM_FLAGS|False|False|False|MATERIAIS DE USO TECNICO HOSPITALAR|INSTRUMENTOS, EQUIPAMENTOS E SUPRIMENTOS MÉDICOS  E  CIRÚRGICOS|171042|481452|DISPOSITIVO PARA INCONTINENCIA URINARIA - FORMATO ANATOMICO,ESTERIL,EM LATEX NATURAL E RESISTENTE,FLEXIVEL,ADERENTE,, EXTREMIDADE DISTAL C/REFORCO NO FUNIL DE CONEXAO ADEQUADA AO COLETOR,HIPOALERGENICO, PEQUENO N.4,RESISTENTE A URINA E CALOR,COM EXTENSOR MEDINDO 150CM CONF. EM PVC, COMBINADO COM ART.31 DA LEI 8078/90, CONTENDO DADOS DE IDENTIFICACAO,PROCEDENCIA,LOTE,VAL E REG.MS|DISPOSITIVO EXTERNO P/ INCONTINÊNCIA URINÁRIA, MODELO: MASCULINO , TIPO: PRESERVATIVO C/ ABERTURA P/ DRENAGEM , MATERIAL: LÁTEX NATURAL , CARACTERÍSTICA: AUTOADESIVO , DIÂMETRO: CERCA DE 20 MM, ESTERILIDADE: USO ÚNICO , EMBALAGEM: EMBALAGEM INDIVIDUAL 
1013|OK_SEM_FLAGS|False|False|False|MATERIAIS DE USO TECNICO HOSPITALAR|INSTRUMENTOS, EQUIPAMENTOS E SUPRIMENTOS MÉDICOS  E  CIRÚRGICOS|171050|481454|DISPOSITIVO PARA INCONTINENCIA URINARIA - FORMATO ANATOMICO,ESTERIL,EM LATEX NATURAL E RESISTENTE,FLEXIVEL,ADERENTE,, EXTREMIDADE DISTAL C/REFORCO NO FUNIL DE CONEXAO ADEQUADA AO COLETOR,HIPOALERGENICO, MEDIO N-.5,RESISTENTE A URINA E CALOR,COM EXTENSOR MEDINDO 150CM CONF. EM PVC, COMBINADO COM ART.31 DA LEI 8078/90, CONTENDO DADOS DE IDENTIFICACAO,PROCEDENCIA,LOTE,VAL E REG.MS|DISPOSITIVO EXTERNO P/ INCONTINÊNCIA URINÁRIA, MODELO: MASCULINO , TIPO: PRESERVATIVO C/ ABERTURA P/ DRENAGEM , MATERIAL: LÁTEX NATURAL , CARACTERÍSTICA: AUTOADESIVO , DIÂMETRO: CERCA DE 25 MM, ESTERILIDADE: USO ÚNICO , EMBALAGEM: EMBALAGEM INDIVIDUAL 
1014|OK_SEM_FLAGS|False|False|False|MATERIAIS DE USO TECNICO HOSPITALAR|INSTRUMENTOS, EQUIPAMENTOS E SUPRIMENTOS MÉDICOS  E  CIRÚRGICOS|171077|481453|DISPOSITIVO PARA INCONTINENCIA URINARIA - FORMATO ANATOMICO,ESTERIL,EM LATEX NATURAL E RESISTENTE,FLEXIVEL,ADERENTE,, EXTREMIDADE DISTAL C/REFORCO NO FUNIL DE CONEXAO ADEQUADA AO COLETOR,HIPOALERGENICO, GRANDE N-.6,RESISTENTE A URINA E CALOR,COM EXTENSOR MEDINDO 150CM CONF. EM PVC, COMBINADO COM ART.31 DA LEI 8078/90, CONTENDO DADOS DE IDENTIFICACAO,PROCEDENCIA,LOTE,VAL E REG.MS|DISPOSITIVO EXTERNO P/ INCONTINÊNCIA URINÁRIA, MODELO: MASCULINO , TIPO: PRESERVATIVO C/ ABERTURA P/ DRENAGEM , MATERIAL: LÁTEX NATURAL , CARACTERÍSTICA: AUTOADESIVO , DIÂMETRO: CERCA DE 30 MM, ESTERILIDADE: USO ÚNICO , EMBALAGEM: EMBALAGEM INDIVIDUAL 
1015|OK_SEM_FLAGS|False|False|False|MATERIAIS DE USO TECNICO HOSPITALAR|INSTRUMENTOS, EQUIPAMENTOS E SUPRIMENTOS MÉDICOS  E  CIRÚRGICOS|2552094|484430|DISPOSITIVO PARA INCONTINENCIA URINARIA - MASCULINO- DESCARTAVEL EM PLASTICO ESPECIAL  MEDICINAL ( NAO LATEX ) TIPO BAINHA COM RESERVATORIO ANTI-DOBRAS, SISTEMA 02 PECAS, COMPOSTO POR UMA FITA ADESIVA ELASTICA DUPLA FACE DE HIDROCOLOIDE, PARA FIXACAO DO CATETER, TAMANHO MEDIO ( 25MM ), EMBALAGEM INDIVIDUAL, CONTENDO DADOS DE IDENTIFICACAO E PROCEDENCIA.|DISPOSITIVO EXTERNO P/ INCONTINÊNCIA URINÁRIA, MODELO: MASCULINO , TIPO: PRESERVATIVO C/ ABERTURA P/ DRENAGEM , MATERIAL: SILICONE , CARACTERÍSTICA: AUTOADESIVO , DIÂMETRO: CERCA DE 25 MM, ESTERILIDADE: USO ÚNICO , EMBALAGEM: EMBALAGEM INDIVIDUAL 
1016|OK_SEM_FLAGS|False|False|False|MATERIAIS DE USO TECNICO HOSPITALAR|INSTRUMENTOS, EQUIPAMENTOS E SUPRIMENTOS MÉDICOS  E  CIRÚRGICOS|1857495|484428|DISPOSITIVO P/INCONTINENCIA URINARIA,MASCULINO - DESCARTAVEL EM PLASTICO ESPECIAL MEDICINAL ( NAO LATEX )TIPO BAINHA C/ RESERVATORIO ANTI-DOBRAS, SISTEMA DE 02 PECAS, COMPOSTO POR UMA FITA ADESIVA ELASTICA DUPLA FACE DE HIDROCOLOIDE,PARA, FIXACAO DO CATETER , TAMANHO MEDIO ( 30 MM )., EMBALAGEM INDIVIDUAL., .|DISPOSITIVO EXTERNO P/ INCONTINÊNCIA URINÁRIA, MODELO: MASCULINO , TIPO: PRESERVATIVO C/ ABERTURA P/ DRENAGEM , MATERIAL: SILICONE , CARACTERÍSTICA: AUTOADESIVO , DIÂMETRO: CERCA DE 30 MM, ESTERILIDADE: USO ÚNICO , EMBALAGEM: EMBALAGEM INDIVIDUAL 
1017|OK_SEM_FLAGS|False|False|False|MATERIAIS DE USO TECNICO HOSPITALAR|INSTRUMENTOS, EQUIPAMENTOS E SUPRIMENTOS MÉDICOS  E  CIRÚRGICOS|1857509|484431|DISPOSITIVO P/INCONTINENCIA URINARIA,MASCULINO - DESCARTAVEL EM PLASTICO ESPECIAL MEDICINAL ( NAO LATEX) TIPO BAINHA C/RESERVATORIO ANTI-DOBRAS,, SISTEMA DE DUAS PECAS, COMPOSTO POR UMA FITA ADESIVA ELASTICA DUPLA FACE DE HIDROCOLOIDE PARA, FIXACAO DO CATETER, TAMANHO GRANDE ( 35 MM ), EMBALAGEM INDIVIDUAL, .|DISPOSITIVO EXTERNO P/ INCONTINÊNCIA URINÁRIA, MODELO: MASCULINO , TIPO: PRESERVATIVO C/ ABERTURA P/ DRENAGEM , MATERIAL: SILICONE , CARACTERÍSTICA: AUTOADESIVO , DIÂMETRO: CERCA DE 35 MM, ESTERILIDADE: USO ÚNICO , EMBALAGEM: EMBALAGEM INDIVIDUAL 
1018|OK_SEM_FLAGS|False|False|False|MATERIAIS DE USO TECNICO HOSPITALAR|INSTRUMENTOS, EQUIPAMENTOS E SUPRIMENTOS MÉDICOS  E  CIRÚRGICOS|3359255|437164|DISPOSITIVO PARA INFUSAO VENOSA PERIFERICA - AGULHA EM ACO INOX, COMPOSTA DE CANULA DE ACO INOXIDAVEL, PAREDE FINA, SILICONIZADA,BISEL TRIFACETADO E BIANGULADO, COM PROTETOR FIRME,COM ASAS LISAS E FLEXIVEIS,EXTENSAO DE PROLONGAMENTO TIPO TUBO TRANSPARENTE FLEXIVEL E COM PROTETOR ENROSCADO,NUMERO DE CALIBRE 19,00MM, ESTERIL, ATOXICO E APIROGENICO, COM SISTEMA DE TRAVA DE SEGURANCA NR32,ART.31 L.8078/90 PORT.CONJ.N.1 DE 23/1/96_M.SAUDE,COMBINADO COM O ART.31 DA LEI 8078/90|CATETER PERIFÉRICO, APLICAÇÃO: VENOSO , MODELO: TIPO ESCALPE , MATERIAL AGULHA: AGULHA AÇO INOX , DIAMETRO: 19 GAU, COMPONENTE ADICIONAL: C/ ASA DE FIXAÇÃO, TUBO EXTENSOR , CONECTOR: CONECTOR PADRÃO C/ TAMPA , COMPONENTE 2: C/ SISTEMA SEGURANÇA SEGUNDO NR/32 , TIPO USO: ESTÉRIL, DESCARTÁVEL, EMBALAGEM INDIVIDUAL 
1019|OK_SEM_FLAGS|False|False|False|MATERIAIS DE USO TECNICO HOSPITALAR|INSTRUMENTOS, EQUIPAMENTOS E SUPRIMENTOS MÉDICOS  E  CIRÚRGICOS|3063810|437166|DISPOSITIVO PARA INFUSAO VENOSA PERIFERICA - AGULHA EM ACO INOX, COMPOSTA DE CANULA DE ACO INOXIDAVEL, PAREDE FINA, SILICONIZADA,BISEL TRIFACETADO E BIANGULADO, COM PROTETOR FIRME,COM ASAS LISAS E FLEXIVEIS,EXTENSAO DE PROLONGAMENTO TIPO TUBO TRANSPARENTE FLEXIVEL E COM PROTETOR ENROSCADO,NUMERO DE CALIBRE 21,00MM, ESTERIL, ATOXICO E APIROGENICO, COM SISTEMA DE TRAVA DE SEGURANCA NR32,ART.31 L.8078/90 PORT.CONJ.N.1 DE 23/1/96_M.SAUDE,COMBINADO COM O ART.31 DA LEI 8078/90|CATETER PERIFÉRICO, APLICAÇÃO: VENOSO , MODELO: TIPO ESCALPE , MATERIAL AGULHA: AGULHA AÇO INOX , DIAMETRO: 21 GAU, COMPONENTE ADICIONAL: C/ ASA DE FIXAÇÃO, TUBO EXTENSOR , CONECTOR: CONECTOR PADRÃO C/ TAMPA , COMPONENTE 2: C/ SISTEMA SEGURANÇA SEGUNDO NR/32 , TIPO USO: ESTÉRIL, DESCARTÁVEL, EMBALAGEM INDIVIDUAL 
1020|OK_SEM_FLAGS|False|False|False|MATERIAIS DE USO TECNICO HOSPITALAR|INSTRUMENTOS, EQUIPAMENTOS E SUPRIMENTOS MÉDICOS  E  CIRÚRGICOS|3063550|437167|DISPOSITIVO PARA INFUSAO VENOSA PERIFERICA - AGULHA EM ACO INOX, COMPOSTA DE CANULA DE ACO INOXIDAVEL, PAREDE FINA, SILICONIZADA,BISEL TRIFACETADO E BIANGULADO, COM PROTETOR FIRME,COM ASAS LISAS E FLEXIVEIS,EXTENSAO DE PROLONGAMENTO TIPO TUBO TRANSPARENTE FLEXIVEL E COM PROTETOR ENROSCADO,NUMERO DE CALIBRE 23,00MM, ESTERIL, ATOXICO E APIROGENICO, COM SISTEMA DE TRAVA DE SEGURANCA NR32,ART.31 L.8078/90 PORT.CONJ.N.1 DE 23/1/96_M.SAUDE,COMBINADO COM O ART.31 DA LEI 8078/90|CATETER PERIFÉRICO, APLICAÇÃO: VENOSO , MODELO: TIPO ESCALPE , MATERIAL AGULHA: AGULHA AÇO INOX , DIAMETRO: 23 GAU, COMPONENTE ADICIONAL: C/ ASA DE FIXAÇÃO, TUBO EXTENSOR , CONECTOR: CONECTOR PADRÃO C/ TAMPA , COMPONENTE 2: C/ SISTEMA SEGURANÇA SEGUNDO NR/32 , TIPO USO: ESTÉRIL, DESCARTÁVEL, EMBALAGEM INDIVIDUAL 
1021|OK_SEM_FLAGS|False|False|False|MATERIAIS DE USO TECNICO HOSPITALAR|INSTRUMENTOS, EQUIPAMENTOS E SUPRIMENTOS MÉDICOS  E  CIRÚRGICOS|3063798|437165|DISPOSITIVO PARA INFUSAO VENOSA PERIFERICA - AGULHA EM ACO INOX, COMPOSTA DE CANULA DE ACO INOXIDAVEL, PAREDE FINA, SILICONIZADA,BISEL TRIFACETADO E BIANGULADO, COM PROTETOR FIRME,COM ASAS LISAS E FLEXIVEIS,EXTENSAO DE PROLONGAMENTO TIPO TUBO TRANSPARENTE FLEXIVEL E COM PROTETOR ENROSCADO,NUMERO DE CALIBRE 25,00MM, ESTERIL, ATOXICO E APIROGENICO, COM SISTEMA DE TRAVA DE SEGURANCA NR32,ART.31 L.8078/90 PORT.CONJ.N.1 DE 23/1/96_M.SAUDE,COMBINADO COM O ART.31 DA LEI 8078/90|CATETER PERIFÉRICO, APLICAÇÃO: VENOSO , MODELO: TIPO ESCALPE , MATERIAL AGULHA: AGULHA AÇO INOX , DIAMETRO: 25 GAU, COMPONENTE ADICIONAL: C/ ASA DE FIXAÇÃO, TUBO EXTENSOR , CONECTOR: CONECTOR PADRÃO C/ TAMPA , COMPONENTE 2: C/ SISTEMA SEGURANÇA SEGUNDO NR/32 , TIPO USO: ESTÉRIL, DESCARTÁVEL, EMBALAGEM INDIVIDUAL 
1024|OK_SEM_FLAGS|False|False|False|MATERIAIS DE USO TECNICO HOSPITALAR|INSTRUMENTOS, EQUIPAMENTOS E SUPRIMENTOS MÉDICOS  E  CIRÚRGICOS|1727001|466646|DISPOSITIVO PARA INFUSAO PARALELA - PARA NEONATOLOGIA, COM 2 VIAS, PARA INFUSAO DE SOLUCOES, COM ADAPTADOR EM Y, COM VIA P/ INJECAO COM MEMBRANA AUTOCICATRIZANTE, VIA PARA CONEXAO DO EQUIPO DE INFUSAO INTERMEDIARIA LUER|EXTENSOR INFUSÃO VASCULAR, VIAS: 2 VIAS , MATERIAL: POLÍMERO , COMPRIMENTO: CERCA 20 CM, CALIBRE: CERCA 10 FRENCH, TIPO CONEXÃO: LUER LOCK / SLIP / VALVULADO , PRESSÃO MÁXIMA: ATÉ CERCA DE 100 PSI, COMPONENTE ADICIONAL: C/ CLAMP , TIPO USO: ESTÉRIL, USO ÚNICO 
1025|OK_SEM_FLAGS|False|False|False|MATERIAIS DE USO TECNICO HOSPITALAR|INSTRUMENTOS, EQUIPAMENTOS E SUPRIMENTOS MÉDICOS  E  CIRÚRGICOS|4038150|466646|ADAPTADOR INTERMEDIARIO DE EQUIPOS - EM PVC, COM: 02 VIAS NEONATAL,02 CONECTORES LUER LOCK,CONEXAO UNIVERSAL,PINCA COM TAMPA PARA POSTERIOR FECHAMENTO,CLAMP CORTA FLUXO EM CADA VIA,EMBALAGEM INDIVIDUAL EM PAPEL GRAU CIRURGICO E FILME TERMOPLASTICO. APRESENTACAO DO PRODUTO DE ACORDO COM ART. 31 L.8078/90 PORT. CONJ. N. 1 DE 23/01/1996 DO MINISTERIO DA SAUDE|EXTENSOR INFUSÃO VASCULAR, VIAS: 2 VIAS , MATERIAL: POLÍMERO , COMPRIMENTO: CERCA 20 CM, CALIBRE: CERCA 10 FRENCH, TIPO CONEXÃO: LUER LOCK / SLIP / VALVULADO , PRESSÃO MÁXIMA: ATÉ CERCA DE 100 PSI, COMPONENTE ADICIONAL: C/ CLAMP , TIPO USO: ESTÉRIL, USO ÚNICO 
1026|OK_SEM_FLAGS|False|False|False|MATERIAIS DE USO TECNICO HOSPITALAR|INSTRUMENTOS, EQUIPAMENTOS E SUPRIMENTOS MÉDICOS  E  CIRÚRGICOS|6061443|459689|ADAPTADOR INTERMEDIARIO DE EQUIPOS - EM PVC,COM 04 VIAS, 04 CONECTORES LUER LOCK,CONEXAO UNIVERSAL,PINCA COM TAMPA PARA POSTERIOR FECHAMENTO,CLAMP CORTA FLUXO EM CADA VIA,EMBALAGEM INDIVIDUAL EM PAPEL GRAU CIRURGICO E FILME TERMO PLASTICO|EXTENSOR INFUSÃO VASCULAR, VIAS: 4 VIAS , MATERIAL: POLÍMERO , COMPRIMENTO: CERCA 15 CM, CALIBRE: CERCA 12 FRENCH, TIPO CONEXÃO: LUER LOCK / SLIP , PRESSÃO MÁXIMA: ATÉ CERCA DE 100 PSI, COMPONENTE ADICIONAL: C/ CLAMP , TIPO USO: ESTÉRIL, USO ÚNICO 
1028|OK_SEM_FLAGS|False|False|False|MATERIAIS DE USO TECNICO HOSPITALAR|INSTRUMENTOS, EQUIPAMENTOS E SUPRIMENTOS MÉDICOS  E  CIRÚRGICOS|1925504|461244|ELETRODO DESCART.P/MONITORIZACAO CARDIOLOGICA - NEONATAL, COM GEL CONDUTOR DE CLORETO DE POTASSIO, FABRICADO COM FINO TECIDO A, BASE DE FIBRAS., PINO DE ENCAIXE EM ACO INOXIDAVEL E PAPEL PROTETOR DE BOA ADESAO.|ELETRODO USO MÉDICO, APLICAÇÃO 1: P/ MONITORIZAÇÃO CARDÍACA - ECG , MODELO: DE SUPERFÍCIE , TIPO: ADESIVO , MATERIAL SENSOR: PRATA/PRATA CLORADA , ADICIONAL 1: C/ GEL CONDUTOR , TAMANHOS: NEONATAL , ACESSÓRIO: S/ CABO , ESTERILIDADE: USO ÚNICO 
1030|OK_SEM_FLAGS|False|False|False|MATERIAIS DE USO TECNICO HOSPITALAR|INSTRUMENTOS, EQUIPAMENTOS E SUPRIMENTOS MÉDICOS  E  CIRÚRGICOS|4020979|461248|ELETRODO PARA MONITORIZACAO CARDIOLOGICA - PARA USO EM RESSONANCIA MAGNETICA, DESCARTAVEL,COM REVESTIMENTO EXTERNO EM PLASTICO, COM PINO CENTRAL EM CARBONO,REDONDO,EMBALAGEM APROPRIADA. ROTULO N. LOTE, DATA FABRICACAO/VALIDADE E PROCEDENCIA. REGISTRO NO MS|ELETRODO USO MÉDICO, APLICAÇÃO 1: P/ MONITORIZAÇÃO CARDÍACA - ECG , MODELO: DE SUPERFÍCIE , TIPO: ADESIVO , MATERIAL SENSOR: P/ AMBIENTE RESSONÂNCIA MAGNÉTICA MRI , ADICIONAL 1: C/ GEL CONDUTOR , TAMANHOS: ADULTO , ACESSÓRIO: S/ CABO , ESTERILIDADE: USO ÚNICO 
1030|OK_SEM_FLAGS|False|False|False|MATERIAIS DE USO TECNICO HOSPITALAR|INSTRUMENTOS, EQUIPAMENTOS E SUPRIMENTOS MÉDICOS  E  CIRÚRGICOS|4020979|461250|ELETRODO PARA MONITORIZACAO CARDIOLOGICA - PARA USO EM RESSONANCIA MAGNETICA, DESCARTAVEL,COM REVESTIMENTO EXTERNO EM PLASTICO, COM PINO CENTRAL EM CARBONO,REDONDO,EMBALAGEM APROPRIADA. ROTULO N. LOTE, DATA FABRICACAO/VALIDADE E PROCEDENCIA. REGISTRO NO MS|ELETRODO USO MÉDICO, APLICAÇÃO 1: P/ MONITORIZAÇÃO CARDÍACA - ECG , MODELO: DE SUPERFÍCIE , TIPO: ADESIVO , MATERIAL SENSOR: P/ AMBIENTE RESSONÂNCIA MAGNÉTICA MRI , ADICIONAL 1: C/ GEL CONDUTOR , TAMANHOS: INFANTIL , ACESSÓRIO: S/ CABO , ESTERILIDADE: USO ÚNICO 
1030|OK_SEM_FLAGS|False|False|False|MATERIAIS DE USO TECNICO HOSPITALAR|INSTRUMENTOS, EQUIPAMENTOS E SUPRIMENTOS MÉDICOS  E  CIRÚRGICOS|4020979|461249|ELETRODO PARA MONITORIZACAO CARDIOLOGICA - PARA USO EM RESSONANCIA MAGNETICA, DESCARTAVEL,COM REVESTIMENTO EXTERNO EM PLASTICO, COM PINO CENTRAL EM CARBONO,REDONDO,EMBALAGEM APROPRIADA. ROTULO N. LOTE, DATA FABRICACAO/VALIDADE E PROCEDENCIA. REGISTRO NO MS|ELETRODO USO MÉDICO, APLICAÇÃO 1: P/ MONITORIZAÇÃO CARDÍACA - ECG , MODELO: DE SUPERFÍCIE , TIPO: ADESIVO , MATERIAL SENSOR: P/ AMBIENTE RESSONÂNCIA MAGNÉTICA MRI , ADICIONAL 1: C/ GEL CONDUTOR , TAMANHOS: NEONATAL , ACESSÓRIO: S/ CABO , ESTERILIDADE: USO ÚNICO 
1031|MAPEAMENTO_INCERTO|False|False|True|COMPONENTES PARA EQUIPAMENTOS MEDICO HOSPITALARES|INSTRUMENTOS, EQUIPAMENTOS E SUPRIMENTOS MÉDICOS  E  CIRÚRGICOS|3602125|461265|ELETRODO - TIPO SUPERFICIE, COM EXTENSAO DE 120CM,PARA EEG/EOG/EMG,COMPATIVEL COM A MARCA AMBU NEUROLINE, MODELO 71512-K/C/12,CONJUNTO DE ELETRODOS COM POLOS ATIVOS (PRETO), REFERENCIA (VERMELHO) E TERRA (VERDE)|ELETRODO USO MÉDICO, APLICAÇÃO 1: P/ MONITORIZAÇÃO NEURO , MODELO: DE SUPERFÍCIE , TIPO: ADESIVO , MATERIAL SENSOR: PRATA/PRATA CLORADA , ADICIONAL 1: C/ GEL CONDUTOR , TAMANHOS: ADULTO , ACESSÓRIO: C/ CABO COMPATÍVEL C/ EQUIPAMENTO , ESTERILIDADE: USO ÚNICO 
1032|OK_SEM_FLAGS|False|False|False|COMPONENTES PARA EQUIPAMENTOS MEDICO HOSPITALARES|INSTRUMENTOS, EQUIPAMENTOS E SUPRIMENTOS MÉDICOS  E  CIRÚRGICOS|3357627|461281|ELETRODO - TIPO AGULHA,PARA ELETRONEUROMIOGRAFO,COMPATIVEL COM A MARCA AMBU, MODELO NEUROLINE 740,TIPO CONCENTRICA, MEDINDO 50MM DE EXTENSAO, COM AREA DE REGISTRO DE 0,07MM, CALIBRE 0,45MM E 26G.|ELETRODO USO MÉDICO, APLICAÇÃO 1: P/ MONITORIZAÇÃO NEURO , MODELO: AGULHA , TIPO: CONCÊNTRICA, C/ FIO CENTRAL DE PLATINA , MATERIAL SENSOR: AÇO INOXIDÁVEL , DIMENSÕES: CERCA DE 20 A 75 X 0,30 A 0,65 MM, ACESSÓRIO: S/ CABO , ESTERILIDADE: ESTÉRIL, USO ÚNICO 
1032|OK_SEM_FLAGS|False|False|False|COMPONENTES PARA EQUIPAMENTOS MEDICO HOSPITALARES|INSTRUMENTOS, EQUIPAMENTOS E SUPRIMENTOS MÉDICOS  E  CIRÚRGICOS|3357627|461282|ELETRODO - TIPO AGULHA,PARA ELETRONEUROMIOGRAFO,COMPATIVEL COM A MARCA AMBU, MODELO NEUROLINE 740,TIPO CONCENTRICA, MEDINDO 50MM DE EXTENSAO, COM AREA DE REGISTRO DE 0,07MM, CALIBRE 0,45MM E 26G.|ELETRODO USO MÉDICO, APLICAÇÃO 1: P/ MONITORIZAÇÃO NEURO , MODELO: AGULHA , TIPO: CONCÊNTRICA, C/ FIO CENTRAL DE PRATA , MATERIAL SENSOR: AÇO INOXIDÁVEL , DIMENSÕES: CERCA DE 20 A 75 X 0,30 A 0,65 MM, ACESSÓRIO: S/ CABO , ESTERILIDADE: ESTÉRIL, USO ÚNICO 
1033|OK_SEM_FLAGS|False|False|False|COMPONENTES PARA EQUIPAMENTOS MEDICO HOSPITALARES|INSTRUMENTOS, EQUIPAMENTOS E SUPRIMENTOS MÉDICOS  E  CIRÚRGICOS|3360210|461282|ELETRODO - TIPO AGULHA,PARA ELETRONEUROMIOGRAFO,COMPATIVEL COM A MARCA AMBU, MODELO NEUROLINE 740,TIPO CONCENTRICA, MEDINDO 25MM DE EXTENSAO,COM AREA DE REGISTRO DE 0,02MM, CALIBRE DE 0,30MM E 30G.|ELETRODO USO MÉDICO, APLICAÇÃO 1: P/ MONITORIZAÇÃO NEURO , MODELO: AGULHA , TIPO: CONCÊNTRICA, C/ FIO CENTRAL DE PRATA , MATERIAL SENSOR: AÇO INOXIDÁVEL , DIMENSÕES: CERCA DE 20 A 75 X 0,30 A 0,65 MM, ACESSÓRIO: S/ CABO , ESTERILIDADE: ESTÉRIL, USO ÚNICO 
1033|OK_SEM_FLAGS|False|False|False|COMPONENTES PARA EQUIPAMENTOS MEDICO HOSPITALARES|INSTRUMENTOS, EQUIPAMENTOS E SUPRIMENTOS MÉDICOS  E  CIRÚRGICOS|3360210|461281|ELETRODO - TIPO AGULHA,PARA ELETRONEUROMIOGRAFO,COMPATIVEL COM A MARCA AMBU, MODELO NEUROLINE 740,TIPO CONCENTRICA, MEDINDO 25MM DE EXTENSAO,COM AREA DE REGISTRO DE 0,02MM, CALIBRE DE 0,30MM E 30G.|ELETRODO USO MÉDICO, APLICAÇÃO 1: P/ MONITORIZAÇÃO NEURO , MODELO: AGULHA , TIPO: CONCÊNTRICA, C/ FIO CENTRAL DE PLATINA , MATERIAL SENSOR: AÇO INOXIDÁVEL , DIMENSÕES: CERCA DE 20 A 75 X 0,30 A 0,65 MM, ACESSÓRIO: S/ CABO , ESTERILIDADE: ESTÉRIL, USO ÚNICO 
1034|OK_SEM_FLAGS|False|False|False|COMPONENTES PARA EQUIPAMENTOS MEDICO HOSPITALARES|INSTRUMENTOS, EQUIPAMENTOS E SUPRIMENTOS MÉDICOS  E  CIRÚRGICOS|3360237|461282|ELETRODO - TIPO AGULHA,PARA ELETRONEUROMIOGRAFO,COMPATIVEL COM A MARCA AMBU, MODELO NEUROLINE 740,TIPO CONCENTRICA, MEDINDO 30MM DE EXTENSAO, COM AREA DE REGISTRO DE 0,02MM, CALIBRE DE 0,35MM E 28G.|ELETRODO USO MÉDICO, APLICAÇÃO 1: P/ MONITORIZAÇÃO NEURO , MODELO: AGULHA , TIPO: CONCÊNTRICA, C/ FIO CENTRAL DE PRATA , MATERIAL SENSOR: AÇO INOXIDÁVEL , DIMENSÕES: CERCA DE 20 A 75 X 0,30 A 0,65 MM, ACESSÓRIO: S/ CABO , ESTERILIDADE: ESTÉRIL, USO ÚNICO 
1034|OK_SEM_FLAGS|False|False|False|COMPONENTES PARA EQUIPAMENTOS MEDICO HOSPITALARES|INSTRUMENTOS, EQUIPAMENTOS E SUPRIMENTOS MÉDICOS  E  CIRÚRGICOS|3360237|461281|ELETRODO - TIPO AGULHA,PARA ELETRONEUROMIOGRAFO,COMPATIVEL COM A MARCA AMBU, MODELO NEUROLINE 740,TIPO CONCENTRICA, MEDINDO 30MM DE EXTENSAO, COM AREA DE REGISTRO DE 0,02MM, CALIBRE DE 0,35MM E 28G.|ELETRODO USO MÉDICO, APLICAÇÃO 1: P/ MONITORIZAÇÃO NEURO , MODELO: AGULHA , TIPO: CONCÊNTRICA, C/ FIO CENTRAL DE PLATINA , MATERIAL SENSOR: AÇO INOXIDÁVEL , DIMENSÕES: CERCA DE 20 A 75 X 0,30 A 0,65 MM, ACESSÓRIO: S/ CABO , ESTERILIDADE: ESTÉRIL, USO ÚNICO 
1035|MAPEAMENTO_INCERTO|False|False|True|MATERIAIS DE USO TECNICO HOSPITALAR|INSTRUMENTOS, EQUIPAMENTOS E SUPRIMENTOS MÉDICOS  E  CIRÚRGICOS|4147952|357699|ESPACADOR - PARA ADMINISTRACAO DE BRONCO DILATADORES INALATORIOS,INFANTIL,DOSIMETRADO E VALVULADO COM MASCARA DE SILICONE,COM 250 A 300 ML|ESPAÇADOR, APLICAÇÃO: INALAÇÃO DE BRONCODILATADOR , TIPO: ENCAIXE UNIVERSAL, BOCAL COM VÁLVULA UNIDIRECIONAL , CARACTERÍSTICAS ADICIONAIS: RESERVATÓRIO RÍGIDO TRANSLÚCIDO , MODELO: MÁSCARA PVC TAMANHO P DE 0 A 2 ANOS 
1035|MAPEAMENTO_INCERTO|False|False|True|MATERIAIS DE USO TECNICO HOSPITALAR|INSTRUMENTOS, EQUIPAMENTOS E SUPRIMENTOS MÉDICOS  E  CIRÚRGICOS|4147952|357700|ESPACADOR - PARA ADMINISTRACAO DE BRONCO DILATADORES INALATORIOS,INFANTIL,DOSIMETRADO E VALVULADO COM MASCARA DE SILICONE,COM 250 A 300 ML|ESPAÇADOR, APLICAÇÃO: INALAÇÃO DE BRONCODILATADOR , TIPO: ENCAIXE UNIVERSAL, BOCAL COM VÁLVULA UNIDIRECIONAL , CARACTERÍSTICAS ADICIONAIS: RESERVATÓRIO RÍGIDO TRANSLÚCIDO , MODELO: MÁSCARA PVC TAMANHO M DE 2 A 6 ANOS 
1036|OK_SEM_FLAGS|False|False|False|MATERIAIS DE USO TECNICO HOSPITALAR|INSTRUMENTOS, EQUIPAMENTOS E SUPRIMENTOS MÉDICOS  E  CIRÚRGICOS|5171873|473659|ESPACADOR - PARA ADMINISTRACAO DE BRONCO DILATADORES INALATORIOS,ADULTO,DOSIMETRADO, VALVULADO E COM MASCARA DE SILICONE,CAPACIDADE 250 A 300 ML|ESPAÇADOR, APLICAÇÃO: INALAÇÃO DE BRONCODILATADOR , TIPO: ENCAIXE UNIVERSAL, BOCAL COM VÁLVULA UNIDIRECIONAL , CARACTERÍSTICAS ADICIONAIS: RESERVATÓRIO RÍGIDO TRANSLÚCIDO , MODELO: MÁSCARA POLÍMERO, TAMANHO ADULTO 
1037|OK_SEM_FLAGS|False|False|False|MATERIAIS DE USO TECNICO HOSPITALAR|INSTRUMENTOS, EQUIPAMENTOS E SUPRIMENTOS MÉDICOS  E  CIRÚRGICOS|2709740|286037|ESCOVA GINECOLOGICA - ESCOVA GINECOLOGICA CERVICAL,  PARA COLETA CITOLOGICA - COMPOSTO POR NYLON COM HASTES LONGAS,EXTREMIDADE FLEXIVEL E CERDAS MACIAS, ESTERIL DESCARTAVEL, APRESENTACAO NORMAS DO M.S.|ESCOVA ENDOCERVICAL, MATERIAL CABO: PLÁSTICO , MATERIAL CERDA: MICROCERDAS EM NYLON, PONTA DA ESCOVA CÔNICA , COMPRIMENTO: CABO C/ 17 A 18CM E CERDAS C/ APROXIMADAMENTE 2 CM, CARACTERÍSTICAS ADICIONAIS: DESCARTÁVEL,ATÓXICA,ESTÉRIL,EMBALAGEM INDIVIDUAL 
1037|OK_SEM_FLAGS|False|False|False|MATERIAIS DE USO TECNICO HOSPITALAR|INSTRUMENTOS, EQUIPAMENTOS E SUPRIMENTOS MÉDICOS  E  CIRÚRGICOS|2709740|460913|ESCOVA GINECOLOGICA - ESCOVA GINECOLOGICA CERVICAL,  PARA COLETA CITOLOGICA - COMPOSTO POR NYLON COM HASTES LONGAS,EXTREMIDADE FLEXIVEL E CERDAS MACIAS, ESTERIL DESCARTAVEL, APRESENTACAO NORMAS DO M.S.|ESCOVA ENDOCERVICAL, MATERIAL CABO: PLÁSTICO , MATERIAL CERDA: MICROCERDAS EM NYLON, PONTA DA ESCOVA CÔNICA , COMPRIMENTO: CABO CERCA DE 16 A 18 CM E CERDAS CERCA DE 2 CM , CARACTERÍSTICAS ADICIONAIS: DESCARTÁVEL, ATÓXICA 
1038|OK_SEM_FLAGS|False|False|False|MATERIAIS DE USO TECNICO HOSPITALAR|INSTRUMENTOS, EQUIPAMENTOS E SUPRIMENTOS MÉDICOS  E  CIRÚRGICOS|131750|453693|ESPATULA DE AYRE - CONFECCIONADA EM MADEIRA RESISTENTE, MALEAVEL, EXTREMIDADE SUPERIOR BIFURCADA E ARREDONDADAS E INFERIOR ARREDONDADAS, USO UNICO DESCARTAVEL, APRESENTACAO CONFORME DECRETO LEI 79094/77 COMBINADO COM O ART.31 DA LEI 8078/90|ESPÁTULA USO MÉDICO, MODELO 1: DE AYRES , MATERIAL*: MADEIRA , COMPRIMENTO*: CERCA DE 18 CM, ESTERILIDADE: DESCARTÁVEL 
1039|OK_SEM_FLAGS|False|False|False|MATERIAIS DE USO TECNICO HOSPITALAR|INSTRUMENTOS, EQUIPAMENTOS E SUPRIMENTOS MÉDICOS  E  CIRÚRGICOS|180408|479749|ESPECULO VAGINAL DESCARTAVEL - EM PLASTICO, POLIETILENO, ATOXICO, NO TAMANHO N.1 (PEQUENO), COM ABERTURA EM FORMA DE ROSCA TIPO BORBOLETA, USO UNICO, ESTERIL, APRESENTACAO CONFORME DECRETO LEI 79094/77 COMBINADO COM O ART 31 DA LEI 8078/90, ROTULAGEM RESPEITANDO O DECRETO LEI 79094/77 ART 31 LEI 8078/90 PORT CONJ N.1 DE 23/01/96 - M.S|ESPÉCULO USO MÉDICO, APLICAÇÃO: VAGINAL , MODELO: COLLIN , TAMANHO: PEQUENO , TRAVAMENTO: C/ TRAVA TIPO ROSCA , MATERIAL: POLÍMERO , ESTERILIDADE: ESTÉRIL, USO ÚNICO , EMBALAGEM: EMBALAGEM INDIVIDUAL 
1040|OK_SEM_FLAGS|False|False|False|MATERIAIS DE USO TECNICO HOSPITALAR|INSTRUMENTOS, EQUIPAMENTOS E SUPRIMENTOS MÉDICOS  E  CIRÚRGICOS|180424|479748|ESPECULO VAGINAL DESCARTAVEL - EM PLASTICO, POLIETILENO, ATOXICO, NO TAMANHO N.2 (MEDIO), COM ABERTURA EM FORMA DE ROSCA TIPO BORBOLETA, USO UNICO, ESTERIL, APRESENTACAO CONFORME DECRETO LEI 79094/77 COMBINADO COM O ART 31 DA LEI 8078/90, ROTULAGEM RESPEITANDO O DECRETO LEI 79094/77 ART 31 LEI 8078/90 PORT CONJ N.1 DE 23/01/96 - M.S|ESPÉCULO USO MÉDICO, APLICAÇÃO: VAGINAL , MODELO: COLLIN , TAMANHO: MÉDIO , TRAVAMENTO: C/ TRAVA TIPO ROSCA , MATERIAL: POLÍMERO , ESTERILIDADE: ESTÉRIL, USO ÚNICO , EMBALAGEM: EMBALAGEM INDIVIDUAL 
1041|OK_SEM_FLAGS|False|False|False|MATERIAIS DE USO TECNICO HOSPITALAR|INSTRUMENTOS, EQUIPAMENTOS E SUPRIMENTOS MÉDICOS  E  CIRÚRGICOS|180459|479747|ESPECULO VAGINAL DESCARTAVEL - EM PLASTICO, POLIETILENO, ATOXICO, NO TAMANHO N.3 (GRANDE), COM ABERTURA EM FORMA DE ROSCA TIPO BORBOLETA, USO UNICO, ESTERIL, APRESENTACAO CONFORME DECRETO LEI 79094/77 COMBINADO COM O ART 31 DA LEI 8078/90, ROTULAGEM RESPEITANDO O DECRETO LEI 79094/77 ART 31 LEI 8078/90 PORT CONJ N.1 DE 23/01/96 - M.S|ESPÉCULO USO MÉDICO, APLICAÇÃO: VAGINAL , MODELO: COLLIN , TAMANHO: GRANDE , TRAVAMENTO: C/ TRAVA TIPO ROSCA , MATERIAL: POLÍMERO , ESTERILIDADE: ESTÉRIL, USO ÚNICO , EMBALAGEM: EMBALAGEM INDIVIDUAL 
1046|OK_SEM_FLAGS|False|False|False|MATERIAIS DE USO TECNICO HOSPITALAR|INSTRUMENTOS, EQUIPAMENTOS E SUPRIMENTOS MÉDICOS  E  CIRÚRGICOS|1037595|619191|FRASCO COLETOR PARA SECRECOES E URINA - EM PLASTICO TRANSPARENTE ATOXICO, ESTERIL, COM 100 ML., SEM GRADUACAO, PARA COLETA DE MATERIAL BIOLOGICO, APRESENTACAO CONFORME DECRETO LEI 79094/77 COMBINADO COM O ART.31 L.8078/90|RECIPIENTE COLETOR - USO MÉDICO, MODELO: FRASCO , APLICAçãO: P/ URINA , MATERIAL: POLÍMERO RÍGIDO TRANSPARENTE, GRADUADO , VOLUME: CERCA DE 100 ML , FECHAMENTO: TAMPA PLÁSTICA, COMPATÍVEL C/ TUBO A VÁCUO , ESTERILIDADE: ESTÉRIL, USO ÚNICO 
1049|OK_SEM_FLAGS|False|False|False|MATERIAIS DE USO TECNICO HOSPITALAR|INSTRUMENTOS, EQUIPAMENTOS E SUPRIMENTOS MÉDICOS  E  CIRÚRGICOS|2384930|452984|GUIA DE ENTUBACAO - EM ACO INOX, COM FIXADOR DE APOIO E MARCAS DE POSICIONAMENTO QUE CORRESPONDEM AS EXTREMIDADES DO CATETER, TAMANHO ADULTO, ESTERILIZAVEL EM OXIDO DE ETILENO E AUTOCLAVE, EM FILME PLASTICO TRANSPARENTE, APRESENTACAO RESPEITANDO DECRETO LEI 79094/77 ...|GUIA P/ INTUBAÇÃO TRAQUEAL, MATERIAL HASTE: METAL , TAMANHO*: ADULTO , COMPONENTE 1: C/ TRAVA REGULÁVEL , ESTERILIDADE*: ESTERILIZÁVEL 
1050|OK_SEM_FLAGS|False|False|False|MATERIAIS DE USO TECNICO HOSPITALAR|INSTRUMENTOS, EQUIPAMENTOS E SUPRIMENTOS MÉDICOS  E  CIRÚRGICOS|1927302|437278|FIO DE KIRCHNNER - FIO DE KIRCHNNER , NUMERO 1,0, COM 30 CM.|FIO ORTOPÉDICO IMPLANTÁVEL, MATERIAL: AÇO INOXIDÁVEL , TIPO: KIRSCHNNER , DIÂMETRO: DIÂMETRO DE 1,0 A 2,5 MM, USO: USO ÚNICO 
1050|OK_SEM_FLAGS|False|False|False|MATERIAIS DE USO TECNICO HOSPITALAR|INSTRUMENTOS, EQUIPAMENTOS E SUPRIMENTOS MÉDICOS  E  CIRÚRGICOS|1927302|437279|FIO DE KIRCHNNER - FIO DE KIRCHNNER , NUMERO 1,0, COM 30 CM.|FIO ORTOPÉDICO IMPLANTÁVEL, MATERIAL: AÇO INOXIDÁVEL , TIPO: KIRSCHNNER , DIÂMETRO: DIÂMETRO DE 3,0 A 3,5 MM, USO: USO ÚNICO 
1051|OK_SEM_FLAGS|False|False|False|MATERIAIS DE USO TECNICO HOSPITALAR|INSTRUMENTOS, EQUIPAMENTOS E SUPRIMENTOS MÉDICOS  E  CIRÚRGICOS|1902369|437278|FIO DE KIRSCHNNER - FIO DE KIRSCHNNER NUMERO 1,5, COM 30 CM.|FIO ORTOPÉDICO IMPLANTÁVEL, MATERIAL: AÇO INOXIDÁVEL , TIPO: KIRSCHNNER , DIÂMETRO: DIÂMETRO DE 1,0 A 2,5 MM, USO: USO ÚNICO 
1051|OK_SEM_FLAGS|False|False|False|MATERIAIS DE USO TECNICO HOSPITALAR|INSTRUMENTOS, EQUIPAMENTOS E SUPRIMENTOS MÉDICOS  E  CIRÚRGICOS|1902369|437279|FIO DE KIRSCHNNER - FIO DE KIRSCHNNER NUMERO 1,5, COM 30 CM.|FIO ORTOPÉDICO IMPLANTÁVEL, MATERIAL: AÇO INOXIDÁVEL , TIPO: KIRSCHNNER , DIÂMETRO: DIÂMETRO DE 3,0 A 3,5 MM, USO: USO ÚNICO 
1052|OK_SEM_FLAGS|False|False|False|MATERIAIS DE USO TECNICO HOSPITALAR|INSTRUMENTOS, EQUIPAMENTOS E SUPRIMENTOS MÉDICOS  E  CIRÚRGICOS|1926500|437278|FIO DE KIRCHNNER - FIO DE KIRCHNNER , NUMERO 2,0, COM 30 CM.|FIO ORTOPÉDICO IMPLANTÁVEL, MATERIAL: AÇO INOXIDÁVEL , TIPO: KIRSCHNNER , DIÂMETRO: DIÂMETRO DE 1,0 A 2,5 MM, USO: USO ÚNICO 
1052|OK_SEM_FLAGS|False|False|False|MATERIAIS DE USO TECNICO HOSPITALAR|INSTRUMENTOS, EQUIPAMENTOS E SUPRIMENTOS MÉDICOS  E  CIRÚRGICOS|1926500|437279|FIO DE KIRCHNNER - FIO DE KIRCHNNER , NUMERO 2,0, COM 30 CM.|FIO ORTOPÉDICO IMPLANTÁVEL, MATERIAL: AÇO INOXIDÁVEL , TIPO: KIRSCHNNER , DIÂMETRO: DIÂMETRO DE 3,0 A 3,5 MM, USO: USO ÚNICO 
1053|OK_SEM_FLAGS|False|False|False|MATERIAIS DE USO TECNICO HOSPITALAR|INSTRUMENTOS, EQUIPAMENTOS E SUPRIMENTOS MÉDICOS  E  CIRÚRGICOS|1927329|437279|FIO DE KIRCHNNER - FIO DE KIRCHNNER , NUMERO 2,5, COM 30 CM.|FIO ORTOPÉDICO IMPLANTÁVEL, MATERIAL: AÇO INOXIDÁVEL , TIPO: KIRSCHNNER , DIÂMETRO: DIÂMETRO DE 3,0 A 3,5 MM, USO: USO ÚNICO 
1053|OK_SEM_FLAGS|False|False|False|MATERIAIS DE USO TECNICO HOSPITALAR|INSTRUMENTOS, EQUIPAMENTOS E SUPRIMENTOS MÉDICOS  E  CIRÚRGICOS|1927329|437278|FIO DE KIRCHNNER - FIO DE KIRCHNNER , NUMERO 2,5, COM 30 CM.|FIO ORTOPÉDICO IMPLANTÁVEL, MATERIAL: AÇO INOXIDÁVEL , TIPO: KIRSCHNNER , DIÂMETRO: DIÂMETRO DE 1,0 A 2,5 MM, USO: USO ÚNICO 
1054|OK_SEM_FLAGS|False|False|False|MATERIAIS DE USO TECNICO HOSPITALAR|INSTRUMENTOS, EQUIPAMENTOS E SUPRIMENTOS MÉDICOS  E  CIRÚRGICOS|2290928|437306|FIO DE STEIMANN - FIO DE STEIMANN NUMERO 3,0, COM 30 CM.|FIO ORTOPÉDICO IMPLANTÁVEL, MATERIAL: AÇO INOXIDÁVEL , TIPO: STEINMANN , DIÂMETRO: DIÂMETRO DE 3,0 A 3,5 MM, TIPO CORPO: LISO , USO: USO ÚNICO 
1054|OK_SEM_FLAGS|False|False|False|MATERIAIS DE USO TECNICO HOSPITALAR|INSTRUMENTOS, EQUIPAMENTOS E SUPRIMENTOS MÉDICOS  E  CIRÚRGICOS|2290928|437307|FIO DE STEIMANN - FIO DE STEIMANN NUMERO 3,0, COM 30 CM.|FIO ORTOPÉDICO IMPLANTÁVEL, MATERIAL: AÇO INOXIDÁVEL , TIPO: STEINMANN , DIÂMETRO: DIÂMETRO DE 3,0 A 3,5 MM, TIPO CORPO: ROSQUEADO , USO: USO ÚNICO 
1055|OK_SEM_FLAGS|False|False|False|MATERIAIS DE USO TECNICO HOSPITALAR|INSTRUMENTOS, EQUIPAMENTOS E SUPRIMENTOS MÉDICOS  E  CIRÚRGICOS|1902415|437307|FIO DE STEIMANN - FIO DE STEIMANN NUMERO 3,5, COM 30 CM.|FIO ORTOPÉDICO IMPLANTÁVEL, MATERIAL: AÇO INOXIDÁVEL , TIPO: STEINMANN , DIÂMETRO: DIÂMETRO DE 3,0 A 3,5 MM, TIPO CORPO: ROSQUEADO , USO: USO ÚNICO 
1055|OK_SEM_FLAGS|False|False|False|MATERIAIS DE USO TECNICO HOSPITALAR|INSTRUMENTOS, EQUIPAMENTOS E SUPRIMENTOS MÉDICOS  E  CIRÚRGICOS|1902415|437306|FIO DE STEIMANN - FIO DE STEIMANN NUMERO 3,5, COM 30 CM.|FIO ORTOPÉDICO IMPLANTÁVEL, MATERIAL: AÇO INOXIDÁVEL , TIPO: STEINMANN , DIÂMETRO: DIÂMETRO DE 3,0 A 3,5 MM, TIPO CORPO: LISO , USO: USO ÚNICO 
1056|OK_SEM_FLAGS|False|False|False|MATERIAIS DE USO TECNICO HOSPITALAR|INSTRUMENTOS, EQUIPAMENTOS E SUPRIMENTOS MÉDICOS  E  CIRÚRGICOS|2290936|437309|FIO DE STEIMANN - FIO DE STEIMANN NUMERO 4,0, COM 30 CM.|FIO ORTOPÉDICO IMPLANTÁVEL, MATERIAL: AÇO INOXIDÁVEL , TIPO: STEINMANN , DIÂMETRO: DIÂMETRO DE 4,0 A 4,5 MM, TIPO CORPO: ROSQUEADO , USO: USO ÚNICO 
1057|OK_SEM_FLAGS|False|False|False|MATERIAIS DE USO TECNICO HOSPITALAR|INSTRUMENTOS, EQUIPAMENTOS E SUPRIMENTOS MÉDICOS  E  CIRÚRGICOS|2290944|437309|FIO DE STEIMANN - FIO DE STEIMANN NUMERO 4,5, COM 30 CM.|FIO ORTOPÉDICO IMPLANTÁVEL, MATERIAL: AÇO INOXIDÁVEL , TIPO: STEINMANN , DIÂMETRO: DIÂMETRO DE 4,0 A 4,5 MM, TIPO CORPO: ROSQUEADO , USO: USO ÚNICO 
1058|OK_SEM_FLAGS|False|False|False|MATERIAIS DE USO TECNICO HOSPITALAR|INSTRUMENTOS, EQUIPAMENTOS E SUPRIMENTOS MÉDICOS  E  CIRÚRGICOS|1927400|437311|FIO STEINMSEN - FIO DE STEINMSEN NUMERO 5,0, COM 30 CM.|FIO ORTOPÉDICO IMPLANTÁVEL, MATERIAL: AÇO INOXIDÁVEL , TIPO: STEINMANN , DIÂMETRO: DIÂMETRO DE 5,0 A 5,5 MM, TIPO CORPO: ROSQUEADO , USO: USO ÚNICO 
1058|OK_SEM_FLAGS|False|False|False|MATERIAIS DE USO TECNICO HOSPITALAR|INSTRUMENTOS, EQUIPAMENTOS E SUPRIMENTOS MÉDICOS  E  CIRÚRGICOS|1927400|437310|FIO STEINMSEN - FIO DE STEINMSEN NUMERO 5,0, COM 30 CM.|FIO ORTOPÉDICO IMPLANTÁVEL, MATERIAL: AÇO INOXIDÁVEL , TIPO: STEINMANN , DIÂMETRO: DIÂMETRO DE 5,0 A 5,5 MM, TIPO CORPO: LISO , USO: USO ÚNICO 
1059|OK_SEM_FLAGS|False|False|False|MATERIAIS DE USO TECNICO HOSPITALAR|INSTRUMENTOS, EQUIPAMENTOS E SUPRIMENTOS MÉDICOS  E  CIRÚRGICOS|1960237|437275|FIO DE CERGLAGEM - FIO DE CERGLAGEM 0,8.|FIO ORTOPÉDICO IMPLANTÁVEL, MATERIAL: AÇO INOXIDÁVEL , TIPO: PARA CERCLAGEM , DIÂMETRO: DIÂMETRO 0,8 MM, USO: USO ÚNICO 
1060|OK_SEM_FLAGS|False|False|False|MATERIAIS DE USO TECNICO HOSPITALAR|INSTRUMENTOS, EQUIPAMENTOS E SUPRIMENTOS MÉDICOS  E  CIRÚRGICOS|1960245|439240|FIO DE CERGLAGEM - FIO DE CERGLAGEM 1.0.|FIO ORTOPÉDICO IMPLANTÁVEL, MATERIAL: TITÂNIO , TIPO: PARA CERCLAGEM , DIÂMETRO: DIÂMETRO 1,0 MM, USO: USO ÚNICO 
1062|OK_SEM_FLAGS|False|False|False|MATERIAIS DE USO TECNICO HOSPITALAR|INSTRUMENTOS, EQUIPAMENTOS E SUPRIMENTOS MÉDICOS  E  CIRÚRGICOS|2415046|454173|FIXADOR PARA MASCARA FACIAL - FIXADOR PARA MASCARA FACIAL, EM SILICONE, TAMANHO ADULTO, CONFORME DESCRICAO DO DECRETO LEI|MATERIAL P/ VNI - CPAP / BIPAP, TIPO 1: FIXADOR CEFÁLICO AJUSTÁVEL , MATERIAL*: SILICONE , TAMANHO*: ADULTO 
1063|OK_SEM_FLAGS|False|False|False|MATERIAIS DE USO TECNICO HOSPITALAR|INSTRUMENTOS, EQUIPAMENTOS E SUPRIMENTOS MÉDICOS  E  CIRÚRGICOS|5888476|454171|FIXADOR PARA MASCARA FACIAL - FIXADOR CEFALICO PARA MASCARA TIPO NASAL,EM ESPUMA E ALGODAO, COM 4 PONTAS, FECHO EM VELCRO, ORIFICIOS INTEGRADOS PARA FIXACAO DA MASCARA, NAO ESTERIL,PEDIATRICO, TAMANHO 40,00 X 45,00 CM|MATERIAL P/ VNI - CPAP / BIPAP, TIPO 1: FIXADOR CEFÁLICO AJUSTÁVEL , MATERIAL*: SILICONE , CARACTERÍSTICA ADICIONAL: C/ VELCRO , TAMANHO*: INFANTIL 
1063|OK_SEM_FLAGS|False|False|False|MATERIAIS DE USO TECNICO HOSPITALAR|INSTRUMENTOS, EQUIPAMENTOS E SUPRIMENTOS MÉDICOS  E  CIRÚRGICOS|5888476|605515|FIXADOR PARA MASCARA FACIAL - FIXADOR CEFALICO PARA MASCARA TIPO NASAL,EM ESPUMA E ALGODAO, COM 4 PONTAS, FECHO EM VELCRO, ORIFICIOS INTEGRADOS PARA FIXACAO DA MASCARA, NAO ESTERIL,PEDIATRICO, TAMANHO 40,00 X 45,00 CM|MATERIAL P/ VNI - CPAP / BIPAP, TIPO 1: FIXADOR CEFÁLICO AJUSTÁVEL , TIPO 2: TIPO TOUCA , MATERIAL*: TECIDO SINTÉTICO , CARACTERÍSTICA ADICIONAL: C/ VELCRO , TAMANHO*: INFANTIL 
1064|OK_SEM_FLAGS|False|False|False|MATERIAIS DE USO TECNICO HOSPITALAR|INSTRUMENTOS, EQUIPAMENTOS E SUPRIMENTOS MÉDICOS  E  CIRÚRGICOS|3556859|481526|FIXADOR PARA TUBO OROTRAQUEAL - ORAL COM BARREIRA DE RESINA SINTETICA ADERENTE AO ROSTO TIRA ACOLCHOADA DE PESCOCO AJUSTAVEL NAO CONTEM LATEX ESTERIL,COM BRACADEIRA DO TUBO DE ENCAIXE PRENDENDO O TUBO FIRMEMENTE. TAMANHO 5 A 10 MM. EMBALADO INDIVIDUAL|FIXADOR P/ DISPOSITIVO MÉDICO, APLICAÇÃO: P/ TUBO ENDOTRAQUEAL , MATERIAL: TIRA ALGODÃO , CARACTERÍSTICA: 2 BANDAS ACOLCHOADAS , COMPONENTE: C/ VELCRO AJUSTÁVEL , TAMANHO: ADULTO , TIPO USO: USO ÚNICO , EMBALAGEM: EMBALAGEM INDIVIDUAL 
1065|OK_SEM_FLAGS|False|False|False|COMPONENTES PARA EQUIPAMENTOS MEDICO HOSPITALARES|INSTRUMENTOS, EQUIPAMENTOS E SUPRIMENTOS MÉDICOS  E  CIRÚRGICOS|5139600|416626|GUIA DE AGULHA - PARA BIOPSIA PROSTATICA, DESCARTAVEL, PARA TRANSDUTOR ENDOCAVITARIO,COMPATIVEL COM APARELHO DE ULTRASSOM,MARCA GE,MODELO E8C/E8CS.|PEÇA / COMPONENTE EQUIPAMENTO HOSPITALAR, APLICAÇÃO 2: GUIA DE BIÓPSIA PARA TRANSDUTOR ENDOCAVITÁRIO 
1066|OK_SEM_FLAGS|False|False|False|COMPONENTES PARA EQUIPAMENTOS MEDICO HOSPITALARES|INSTRUMENTOS, EQUIPAMENTOS E SUPRIMENTOS MÉDICOS  E  CIRÚRGICOS|5253365|416626|GUIA DE AGULHA - PARA BIOPSIA PROSTATICA, PARA TRANSDUTOR ENDOCAVITARIO,DESCARTAVEL, COMPOSTO DE CAPA E GEL ESTERIL,SEM DIMENSAO,COMPATIVEL COM APARELHO DE ULTRASSOM MINDRAY M6|PEÇA / COMPONENTE EQUIPAMENTO HOSPITALAR, APLICAÇÃO 2: GUIA DE BIÓPSIA PARA TRANSDUTOR ENDOCAVITÁRIO 
1067|OK_SEM_FLAGS|False|False|False|INSTRUMENTAIS DE USO MEDICO, CIRURGICO OU HOSPITALAR|INSTRUMENTOS, EQUIPAMENTOS E SUPRIMENTOS MÉDICOS  E  CIRÚRGICOS|2516160|600221|GUIA - DE SONDA VESICAL, ESTERIL, TODOS OS ACESSORIOS PARA O COMPLETO FUNCIONAMENTO, REGISTRO NO MINISTERIO DA SAUDE.|MATERIAL HOSPITALAR, TIPO: GUIA / MANDRIL , MATERIAL: METÁLICO, FLEXÍVEL , APLICAÇÃO: P/ CATETERISMO VESICAL , DIMENSÕES: USO C/ SONDA FOLEY 16 FR , COMPONENTES ADICIONAIS: PONTA DISTAL ATRAUMÁTICA , ESTERILIDADE*: ESTERILIZÁVEL 
1067|OK_SEM_FLAGS|False|False|False|INSTRUMENTAIS DE USO MEDICO, CIRURGICO OU HOSPITALAR|INSTRUMENTOS, EQUIPAMENTOS E SUPRIMENTOS MÉDICOS  E  CIRÚRGICOS|2516160|600222|GUIA - DE SONDA VESICAL, ESTERIL, TODOS OS ACESSORIOS PARA O COMPLETO FUNCIONAMENTO, REGISTRO NO MINISTERIO DA SAUDE.|MATERIAL HOSPITALAR, TIPO: GUIA / MANDRIL , MATERIAL: METÁLICO, FLEXÍVEL , APLICAÇÃO: P/ CATETERISMO VESICAL , DIMENSÕES: USO C/ SONDA FOLEY 18 FR , COMPONENTES ADICIONAIS: PONTA DISTAL ATRAUMÁTICA , ESTERILIDADE*: ESTERILIZÁVEL 
1068|OK_SEM_FLAGS|False|False|False|MATERIAIS DE USO TECNICO HOSPITALAR|INSTRUMENTOS, EQUIPAMENTOS E SUPRIMENTOS MÉDICOS  E  CIRÚRGICOS|2765195|617931|INCENTIVADOR RESPIRATORIO - INCENTIVADOR RESPIRATORIO,PARA HIGIENE BRONQUICA,TIPO SHAKER,COMPOSTO POR BOCAL, CONE E CORPO EM MATERIAL PLASTICO RIGIDO, ESFERA DE ALTA DENSIDADE EM ACO INOXIDAVEL E CAPUZ REMOVIVEL|DISPOSITIVO PORTÁTIL PARA TERAPIA RESPIRATÓRIA, TIPO DE FUNCIONAMENTO: PRESSÃO / VIBRAÇÃO , NÍVEL DE ESFORÇO: BAIXO , MODELO: TIPO CACHIMBO, PONTA DISTAL C/ ORIFÍCIOS , MATERIAL: POLÍMERO C/ ESFERA METÁLICA INTERNA , COMPONENTE: C/ BOCAL , COMPONENTE ADICIONAL: C/ CLIPE NASAL , TIPO USO: USO INDIVIDUAL 
1068|OK_SEM_FLAGS|False|False|False|MATERIAIS DE USO TECNICO HOSPITALAR|INSTRUMENTOS, EQUIPAMENTOS E SUPRIMENTOS MÉDICOS  E  CIRÚRGICOS|2765195|617932|INCENTIVADOR RESPIRATORIO - INCENTIVADOR RESPIRATORIO,PARA HIGIENE BRONQUICA,TIPO SHAKER,COMPOSTO POR BOCAL, CONE E CORPO EM MATERIAL PLASTICO RIGIDO, ESFERA DE ALTA DENSIDADE EM ACO INOXIDAVEL E CAPUZ REMOVIVEL|DISPOSITIVO PORTÁTIL PARA TERAPIA RESPIRATÓRIA, TIPO DE FUNCIONAMENTO: PRESSÃO / VIBRAÇÃO , NÍVEL DE ESFORÇO: MéDIO , MODELO: TIPO CACHIMBO, PONTA DISTAL C/ ORIFÍCIOS , MATERIAL: POLÍMERO C/ ESFERA METÁLICA INTERNA , COMPONENTE: C/ BOCAL , COMPONENTE ADICIONAL: C/ CLIPE NASAL , TIPO USO: USO INDIVIDUAL 
1068|OK_SEM_FLAGS|False|False|False|MATERIAIS DE USO TECNICO HOSPITALAR|INSTRUMENTOS, EQUIPAMENTOS E SUPRIMENTOS MÉDICOS  E  CIRÚRGICOS|2765195|617933|INCENTIVADOR RESPIRATORIO - INCENTIVADOR RESPIRATORIO,PARA HIGIENE BRONQUICA,TIPO SHAKER,COMPOSTO POR BOCAL, CONE E CORPO EM MATERIAL PLASTICO RIGIDO, ESFERA DE ALTA DENSIDADE EM ACO INOXIDAVEL E CAPUZ REMOVIVEL|DISPOSITIVO PORTÁTIL PARA TERAPIA RESPIRATÓRIA, TIPO DE FUNCIONAMENTO: PRESSÃO / VIBRAÇÃO , NÍVEL DE ESFORÇO: ALTO , MODELO: TIPO CACHIMBO, PONTA DISTAL C/ ORIFÍCIOS , MATERIAL: POLÍMERO C/ ESFERA METÁLICA INTERNA , COMPONENTE: C/ BOCAL , COMPONENTE ADICIONAL: C/ CLIPE NASAL , TIPO USO: USO INDIVIDUAL 
1070|OK_SEM_FLAGS|False|False|False|MATERIAIS DE USO TECNICO HOSPITALAR|INSTRUMENTOS, EQUIPAMENTOS E SUPRIMENTOS MÉDICOS  E  CIRÚRGICOS|3805697|452988|INTRODUTOR BUGGIE - PARA UTILIZACAO EM INTUBACAO DIFICIL,EM PVC,NAS DIMENSOES DE 15 FR COM COMPRIMENTO DE 65,00 CM PARA TUBO ENDOTRAQUEAL A PARTIR DE 6,0 FR,EMBALADO EM MATERIAL QUE GARANTA A INTEGRIDADE DO PRODUTO DE ACORDO COM A LEGISLACAO VIGENTE|GUIA P/ INTUBAÇÃO TRAQUEAL, MODELO: TIPO BOUGIE , MATERIAL HASTE: POLÍMERO , TAMANHO*: ADULTO , ESTERILIDADE*: ESTÉRIL, DESCARTÁVEL 
1071|OK_SEM_FLAGS|False|False|False|MATERIAIS DE USO TECNICO HOSPITALAR|INSTRUMENTOS, EQUIPAMENTOS E SUPRIMENTOS MÉDICOS  E  CIRÚRGICOS|5207142|452989|INTRODUTOR BUGGIE - PEDIATRICO, USO EM INTUBACAO DIFICIL,EM PVC,10 FR, COMPRIMENTO 70,00CM,.|GUIA P/ INTUBAÇÃO TRAQUEAL, MODELO: TIPO BOUGIE , MATERIAL HASTE: POLÍMERO , TAMANHO*: INFANTIL , ESTERILIDADE*: ESTÉRIL, DESCARTÁVEL 
1072|OK_SEM_FLAGS|False|False|False|MATERIAIS DE USO TECNICO HOSPITALAR|INSTRUMENTOS, EQUIPAMENTOS E SUPRIMENTOS MÉDICOS  E  CIRÚRGICOS|5231787|608432|INTRODUTOR BUGGIE - NEONATAL, USO EM INTUBACAO DIFICIL,EM PVC,05 FR, COMPRIMENTO APROXIMADAMENTE 47,00CM,.|GUIA P/ INTUBAÇÃO TRAQUEAL, MODELO: TIPO BOUGIE , MATERIAL HASTE: POLÍMERO , TAMANHO*: NEONATAL , ESTERILIDADE*: ESTÉRIL, DESCARTÁVEL 
1073|OK_SEM_FLAGS|False|False|False|MATERIAIS DE USO TECNICO HOSPITALAR|INSTRUMENTOS, EQUIPAMENTOS E SUPRIMENTOS MÉDICOS  E  CIRÚRGICOS|1856600|454185|KIT COM TUBO ENDOBRONQUIAL - DE DUPLO LUMEN(TRAQUEAL E BRONQUIAL),DESCARTAVEL,ESTERIL EM OXIDO DE ETILENO,CONFECCIONADO EM PVC,, TRANSPARENTE,PARA PERMITIR A VENTILACAO SELETIVADOS PULMOES. COM 02 BALOES INTERNOS,VALVULAS SELF-, SEALING EXTERNAS ADAPTAVEIS A SERINGA E BALOES PIPILOTOS INDIVIDUAIS CODIFICADAS ATRAVES DE CORES., BALAO TRAQUEAL CONFECCIONADO P/EXERCER BAIXA PRESSAO A TRAQUEIA QUANDO INSUFLADO. PONTA ATRAUMATICA, ACOMPANHA UM GUIA DE INTUBACAO,TRES CATETERES DESUCCAO E UM CONECTOR DE CARLEANS EM FORMA DE Y C/, DOIS ADAPTADORES DUPLOS GIRATORIOS. LADO ESQUERDON.28,C/ BALAO BRONQUIAL EM FORMA DE -S-. COM, ORIFICIO LATERAL DE MURPHY RADIOPACO NA PONTA BRONQUIAL P/EVITAR OCLUSAO DA VIA E AUMENTO DA RESIS, TENCIA RESPIRATORIA. COM LINHAS RADIOPACAS NAS PONTAS DOS TUBOS E UMA LINHA RADIOPACA A 2CM DO ORI, FICIO DE MURPHY PARA MELHOR VISUALIZACAO DO POSICIONAMENTO DO TUBO., .EMBALAGEM INDIVIDUAL EM INVOLUCRO APROPRIADO., .ACONDICIONAMENTO DE ACORDO COM AS EXIGENCIAS, DO MS., .|TUBO ENDOBRONQUIAL, MODELO: DUPLO LÚMEN C/ GANCHO DE CARINA , TIPO USO: ESQUERDO , CALIBRE: 28 FR , MATERIAL*: PVC , COMPONENTES: C/ BALÃO TRAQUEAL E ENDOBRONQUIAL , CONECTOR: CONECTORES , ADICIONAL 1: FIO GUIA , ADICIONAL: SONDAS ASPIRAÇÃO , ADICIONAL*: RADIOPACO, GRADUADO , APRESENTAÇÃO: CONJUNTO COMPLETO, EMBALAGEM INDIVIDUAL , ESTERILIDADE*: ESTÉRIL, USO ÚNICO 
1074|OK_SEM_FLAGS|False|False|False|MATERIAIS DE USO TECNICO HOSPITALAR|INSTRUMENTOS, EQUIPAMENTOS E SUPRIMENTOS MÉDICOS  E  CIRÚRGICOS|1856618|454224|KIT COM TUBO ENDOBRONQUIAL - DE DUPLO LUMEN(TRAQUEAL E BRONQUIAL),DESCARTAVEL,ESTERIL EM OXIDO DE ETILENO,CONFECCIONADO EM PVC,, TRANSPARENTE,PARA PERMITIR A VENTILACAO SELETIVADOS PULMOES. COM 02 BALOES INTERNOS,VALVULAS SELF-, SEALING EXTERNAS ADAPTAVEIS A SERINGA E BALOES PIPILOTOS INDIVIDUAIS CODIFICADAS ATRAVES DE CORES., BALAO TRAQUEAL CONFECCIONADO P/EXERCER BAIXA PRESSAO A TRAQUEIA QUANDO INSUFLADO. PONTA ATRAUMATICA, ACOMPANHA UM GUIA DE INTUBACAO,TRES CATETERES DESUCCAO E UM CONECTOR DE CARLEANS EM FORMA DE Y C/, DOIS ADAPTADORES DUPLOS GIRATORIOS. LADO ESQUERDON.35,C/ BALAO BRONQUIAL EM FORMA DE -S-. COM, ORIFICIO LATERAL DE MURPHY RADIOPACO NA PONTA BRONQUIAL P/EVITAR OCLUSAO DA VIA E AUMENTO DA RESIS, TENCIA RESPIRATORIA. COM LINHAS RADIOPACAS NAS PONTAS DOS TUBOS E UMA LINHA RADIOPACA A 2CM DO ORI, FICIO DE MURPHY PARA MELHOR VISUALIZACAO DO POSICIONAMENTO DO TUBO., .EMBALAGEM INDIVIDUAL EM INVOLUCRO APROPRIADO., .ACONDICIONAMENTO DE ACORDO COM AS EXIGENCIAS, DO MS., .|TUBO ENDOBRONQUIAL, MODELO: DUPLO LÚMEN S/ GANCHO DE CARINA , TIPO USO: ESQUERDO , CALIBRE: 35 FR , MATERIAL*: PVC , COMPONENTES: C/ BALÃO TRAQUEAL E ENDOBRONQUIAL , CONECTOR: CONECTORES , ADICIONAL 1: FIO GUIA , ADICIONAL: SONDAS ASPIRAÇÃO , ADICIONAL*: RADIOPACO, GRADUADO , APRESENTAÇÃO: CONJUNTO COMPLETO, EMBALAGEM INDIVIDUAL , ESTERILIDADE*: ESTÉRIL, USO ÚNICO 
1075|OK_SEM_FLAGS|False|False|False|MATERIAIS DE USO TECNICO HOSPITALAR|INSTRUMENTOS, EQUIPAMENTOS E SUPRIMENTOS MÉDICOS  E  CIRÚRGICOS|1856561|454217|KIT COM TUBO ENDOBRONQUIAL - DE DUPLO LUMEN(TRAQUEAL E BRONQUIAL),DESCARTAVEL,ESTERIL EM OXIDO DE ETILENO,CONFECCIONADO EM PVC,, TRANSPARENTE,PARA PERMITIR A VENTILACAO SELETIVADOS PULMOES. COM 02 BALOES INTERNOS,VALVULAS SELF-, SEALING EXTERNAS ADAPTAVEIS A SERINGA E BALOES PIPILOTOS INDIVIDUAIS CODIFICADAS ATRAVES DE CORES., BALAO TRAQUEAL CONFECCIONADO P/EXERCER BAIXA PRESSAO A TRAQUEIA QUANDO INSUFLADO. PONTA ATRAUMATICA, ACOMPANHA UM GUIA DE INTUBACAO,TRES CATETERES DESUCCAO E UM CONECTOR DE CARLEANS EM FORMA DE Y C/, DOIS ADAPTADORES DUPLOS GIRATORIOS. LADO DIREITO,N.35, COM BALAO BRONQUIAL EM FORMA DE -S-. COM, ORIFICIO LATERAL DE MURPHY RADIOPACO NA PONTA BRONQUIAL P/EVITAR OCLUSAO DA VIA E AUMENTO DA RESIS, TENCIA RESPIRATORIA. COM LINHAS RADIOPACAS NAS PONTAS DOS TUBOS E UMA LINHA RADIOPACA A 2CM DO ORIFI, FICIO DE MURPHY PARA MELHOR VISUALIZACAO DO POSICIONAMENTO DO TUBO., .EMBALAGEM INDIVIDUAL EM INVOLUCRO APROPRIADO., .ACONDICIONAMENTO DE ACORDO COM AS EXIGENCIAS, DO MS., .|TUBO ENDOBRONQUIAL, MODELO: DUPLO LÚMEN S/ GANCHO DE CARINA , TIPO USO: DIREITO , CALIBRE: 35 FR , MATERIAL*: PVC , COMPONENTES: C/ BALÃO TRAQUEAL E ENDOBRONQUIAL , CONECTOR: CONECTORES , ADICIONAL 1: FIO GUIA , ADICIONAL: SONDAS ASPIRAÇÃO , ADICIONAL*: RADIOPACO, GRADUADO , APRESENTAÇÃO: CONJUNTO COMPLETO, EMBALAGEM INDIVIDUAL , ESTERILIDADE*: ESTÉRIL, USO ÚNICO 
1075|OK_SEM_FLAGS|False|False|False|MATERIAIS DE USO TECNICO HOSPITALAR|INSTRUMENTOS, EQUIPAMENTOS E SUPRIMENTOS MÉDICOS  E  CIRÚRGICOS|1856561|454208|KIT COM TUBO ENDOBRONQUIAL - DE DUPLO LUMEN(TRAQUEAL E BRONQUIAL),DESCARTAVEL,ESTERIL EM OXIDO DE ETILENO,CONFECCIONADO EM PVC,, TRANSPARENTE,PARA PERMITIR A VENTILACAO SELETIVADOS PULMOES. COM 02 BALOES INTERNOS,VALVULAS SELF-, SEALING EXTERNAS ADAPTAVEIS A SERINGA E BALOES PIPILOTOS INDIVIDUAIS CODIFICADAS ATRAVES DE CORES., BALAO TRAQUEAL CONFECCIONADO P/EXERCER BAIXA PRESSAO A TRAQUEIA QUANDO INSUFLADO. PONTA ATRAUMATICA, ACOMPANHA UM GUIA DE INTUBACAO,TRES CATETERES DESUCCAO E UM CONECTOR DE CARLEANS EM FORMA DE Y C/, DOIS ADAPTADORES DUPLOS GIRATORIOS. LADO DIREITO,N.35, COM BALAO BRONQUIAL EM FORMA DE -S-. COM, ORIFICIO LATERAL DE MURPHY RADIOPACO NA PONTA BRONQUIAL P/EVITAR OCLUSAO DA VIA E AUMENTO DA RESIS, TENCIA RESPIRATORIA. COM LINHAS RADIOPACAS NAS PONTAS DOS TUBOS E UMA LINHA RADIOPACA A 2CM DO ORIFI, FICIO DE MURPHY PARA MELHOR VISUALIZACAO DO POSICIONAMENTO DO TUBO., .EMBALAGEM INDIVIDUAL EM INVOLUCRO APROPRIADO., .ACONDICIONAMENTO DE ACORDO COM AS EXIGENCIAS, DO MS., .|TUBO ENDOBRONQUIAL, MODELO: DUPLO LÚMEN C/ GANCHO DE CARINA , TIPO USO: DIREITO , CALIBRE: 35 FR , MATERIAL*: PVC , COMPONENTES: C/ BALÃO TRAQUEAL E ENDOBRONQUIAL , CONECTOR: CONECTORES , ADICIONAL 1: FIO GUIA , ADICIONAL: SONDAS ASPIRAÇÃO , ADICIONAL*: RADIOPACO, GRADUADO , APRESENTAÇÃO: CONJUNTO COMPLETO, EMBALAGEM INDIVIDUAL , ESTERILIDADE*: ESTÉRIL, USO ÚNICO 
1076|OK_SEM_FLAGS|False|False|False|MATERIAIS DE USO TECNICO HOSPITALAR|INSTRUMENTOS, EQUIPAMENTOS E SUPRIMENTOS MÉDICOS  E  CIRÚRGICOS|1856626|454188|KIT COM TUBO ENDOBRONQUIAL - DE DUPLO LUMEN(TRAQUEAL E BRONQUIAL),DESCARTAVEL,ESTERIL EM OXIDO DE ETILENO,CONFECCIONADO EM PVC,, TRANSPARENTE,PARA PERMITIR A VENTILACAO SELETIVADOS PULMOES. COM 02 BALOES INTERNOS,VALVULAS SELF-, SEALING EXTERNAS ADAPTAVEIS A SERINGA E BALOES PIPILOTOS INDIVIDUAIS CODIFICADAS ATRAVES DE CORES., BALAO TRAQUEAL CONFECCIONADO P/EXERCER BAIXA PRESSAO A TRAQUEIA QUANDO INSUFLADO. PONTA ATRAUMATICA, ACOMPANHA UM GUIA DE INTUBACAO,TRES CATETERES DESUCCAO E UM CONECTOR DE CARLEANS EM FORMA DE Y C/, DOIS ADAPTADORES DUPLOS GIRATORIOS. LADO ESQUERDON.37,C/ BALAO BRONQUIAL EM FORMA DE -S- COM, ORIFICIO LATERAL DE MURPHY RADIOPACO NA PONTA BRONQUIAL P/EVITAR OCLUSAO DA VIA E AUMENTO DA RESIS, TENCIA RESPIRATORIA. COM LINHAS RADIOPACAS NAS PONTAS DOS TUBOS E UMA LINHA RADIOPACA A 2CM DO ORI, FICIO DE MURPHY PARA MELHOR VISUALIZACAO DO POSICIONAMENTO DO TUBO., .EMBALAGEM INDIVIDUAL EM INVOLUCRO APROPRIADO., .ACONDICIONAMENTO DE ACORDO COM AS EXIGENCIAS, DO MS., .|TUBO ENDOBRONQUIAL, MODELO: DUPLO LÚMEN C/ GANCHO DE CARINA , TIPO USO: ESQUERDO , CALIBRE: 37 FR , MATERIAL*: PVC , COMPONENTES: C/ BALÃO TRAQUEAL E ENDOBRONQUIAL , CONECTOR: CONECTORES , ADICIONAL 1: FIO GUIA , ADICIONAL: SONDAS ASPIRAÇÃO , ADICIONAL*: RADIOPACO, GRADUADO , APRESENTAÇÃO: CONJUNTO COMPLETO, EMBALAGEM INDIVIDUAL , ESTERILIDADE*: ESTÉRIL, USO ÚNICO 
1076|OK_SEM_FLAGS|False|False|False|MATERIAIS DE USO TECNICO HOSPITALAR|INSTRUMENTOS, EQUIPAMENTOS E SUPRIMENTOS MÉDICOS  E  CIRÚRGICOS|1856626|454222|KIT COM TUBO ENDOBRONQUIAL - DE DUPLO LUMEN(TRAQUEAL E BRONQUIAL),DESCARTAVEL,ESTERIL EM OXIDO DE ETILENO,CONFECCIONADO EM PVC,, TRANSPARENTE,PARA PERMITIR A VENTILACAO SELETIVADOS PULMOES. COM 02 BALOES INTERNOS,VALVULAS SELF-, SEALING EXTERNAS ADAPTAVEIS A SERINGA E BALOES PIPILOTOS INDIVIDUAIS CODIFICADAS ATRAVES DE CORES., BALAO TRAQUEAL CONFECCIONADO P/EXERCER BAIXA PRESSAO A TRAQUEIA QUANDO INSUFLADO. PONTA ATRAUMATICA, ACOMPANHA UM GUIA DE INTUBACAO,TRES CATETERES DESUCCAO E UM CONECTOR DE CARLEANS EM FORMA DE Y C/, DOIS ADAPTADORES DUPLOS GIRATORIOS. LADO ESQUERDON.37,C/ BALAO BRONQUIAL EM FORMA DE -S- COM, ORIFICIO LATERAL DE MURPHY RADIOPACO NA PONTA BRONQUIAL P/EVITAR OCLUSAO DA VIA E AUMENTO DA RESIS, TENCIA RESPIRATORIA. COM LINHAS RADIOPACAS NAS PONTAS DOS TUBOS E UMA LINHA RADIOPACA A 2CM DO ORI, FICIO DE MURPHY PARA MELHOR VISUALIZACAO DO POSICIONAMENTO DO TUBO., .EMBALAGEM INDIVIDUAL EM INVOLUCRO APROPRIADO., .ACONDICIONAMENTO DE ACORDO COM AS EXIGENCIAS, DO MS., .|TUBO ENDOBRONQUIAL, MODELO: DUPLO LÚMEN S/ GANCHO DE CARINA , TIPO USO: ESQUERDO , CALIBRE: 37 FR , MATERIAL*: PVC , COMPONENTES: C/ BALÃO TRAQUEAL E ENDOBRONQUIAL , CONECTOR: CONECTORES , ADICIONAL 1: FIO GUIA , ADICIONAL: SONDAS ASPIRAÇÃO , ADICIONAL*: RADIOPACO, GRADUADO , APRESENTAÇÃO: CONJUNTO COMPLETO, EMBALAGEM INDIVIDUAL , ESTERILIDADE*: ESTÉRIL, USO ÚNICO 
1077|OK_SEM_FLAGS|False|False|False|MATERIAIS DE USO TECNICO HOSPITALAR|INSTRUMENTOS, EQUIPAMENTOS E SUPRIMENTOS MÉDICOS  E  CIRÚRGICOS|4650654|454191|KIT COM TUBO ENDOBRONQUIAL - DE DUPLO LUMEN (TRAQUEAL E BRONQUIAL), DESCARTAVEL, ESTERIL EM OXIDO DE ETILENO, SEM GANCHO DE CARINA,CONFECCIONADO EM PVC, TRANSPARENTE, PARA PERMITIR A VENTILACAO SELETIVA DOS PULMOES,COM 02 BALOES INTERNOS, VALVULAS SELF-SEALING EXTERNAS ADAPTAVEIS A SERINGA,BALOES PILOTOS INDIVIDUAIS CODIFICADAS ATRAVES DE CORES,BALAO TRAQUEAL CONFECCIONADO PARA EXERCER BAIXA PRESSAO DA TRAQUEIA QUANDO INSUFLADO, PONTA ATRAUMATICA,ACOMPANHA UM GUIA DE INTUBACAO, TRES CATETERES DE SUCCAO E UM CONECTOR DE CARLEANS EM FORMA DE Y COM DOIS ADAPTADORES DUPLOS GIRATORIOS,,,LADO ESQUERDO N° 39,COM BALAO BRONQUIAL EM FORMA DE -S- COM ORIFICIO LATERAL DE MURPHY RADIOPACO NA PONTA BRONQUIAL PARA EVITAR OCLUSAO DA VIA E AUMENTO DA RESISTENCIA RESPIRATORIA,COM LINHAS RADIOPACAS NAS PONTAS DOS TUBOS E UMA LINHA RADIOPACA A 2,0 CM,ORIFICIO DE MURPHY PARA MELHOR VISUALIZACAO DO POSICIONAMENTO DO TUBO,EMBALAGEM INDIVIDUAL EM INVOLUCRO APROPRIADO,ACONDICIONAMENTO DE ACORDO COM AS EXIGENCIAS DO MINISTERIO DA SAUDE|TUBO ENDOBRONQUIAL, MODELO: DUPLO LÚMEN C/ GANCHO DE CARINA , TIPO USO: ESQUERDO , CALIBRE: 39 FR , MATERIAL*: PVC , COMPONENTES: C/ BALÃO TRAQUEAL E ENDOBRONQUIAL , CONECTOR: CONECTORES , ADICIONAL 1: FIO GUIA , ADICIONAL: SONDAS ASPIRAÇÃO , ADICIONAL*: RADIOPACO, GRADUADO , APRESENTAÇÃO: CONJUNTO COMPLETO, EMBALAGEM INDIVIDUAL , ESTERILIDADE*: ESTÉRIL, USO ÚNICO 
1078|OK_SEM_FLAGS|False|False|False|MATERIAIS DE USO TECNICO HOSPITALAR|MOBILIÁRIO, EQUIPAMENTOS, UTENSÍLIOS E  SUPRIMENTOS  HOSPITALARES|2482100|287823|"KIT EPAP - CONJUNTO P/ REABILITACAO PULMONAR CONTENDO: VALVULA DE PEEP 30MM, DESCARTAVEL, DE 05 A 20CM,, MASCARA FACIAL TAMANHO ""M"" C/ VALVULA AJUSTAVEL DE 05 A 20CM. CONECTOR ""T"" C/ VALVULA UNIDIRECIONAL SPV, PRESILHA DE BORRACHA P/ MASCARA FACIAL E ADAPTADOR PARA A VALVULA DE PEEP., PARA ADULTO, COM GARANTIA E ASSISTENCIA TECNICA"|MATERIAL FISIOTERAPIA, TIPO: SISTEMA DE RESISTÊNCIA POR MOLA , CARACTERÍSTICAS ADICIONAIS: VÁLVULA,MÁSCARA(ADULTO E PEDIÁTRICA)BOCAL,PRESILHA 
1079|OK_SEM_FLAGS|False|False|False|MATERIAIS DE USO TECNICO HOSPITALAR|INSTRUMENTOS, EQUIPAMENTOS E SUPRIMENTOS MÉDICOS  E  CIRÚRGICOS|3447839|437645|KIT NEBULIZACAO INFANTIL COMPLETO - COMPOSTO DE MASCARA DE PVC ATOXICO, FORMATO ANATOMICO,ESPACADOR COM ENCAIXE UNIVERSAL, EM POLIESTIRENO,EMBALAGEM CONTENDO DADOS DE IDENTIFICACAO EPROCEDENCIA, TIPO DE ESTERILIZACAO ,LOTE,VALIDADE E REGISTRO NO MINISTERIO DA SAUDE/ANVISA|MATERIAL GASOTERAPIA, MODELO: MACRONEBULIZADOR , SAÍDA: P/ OXIGÊNIO , TIPO MÁSCARA: MÁSCARA EM PLÁSTICO , TAMANHO: INFANTIL , TIPO FRASCO: FRASCO PLÁSTICO GRADUADO, C/ TAMPA , VOLUME: CERCA DE 500 ML, TIPO EXTENSÃO: TRAQUEIA CORRUGADA EM PVC C/ CONECTORES , COMPRIMENTO EXTENSÃO: CERCA DE 1,0 M, CARACTERÍSTICA ADICIONAL: CONECTOR METAL C/ROSCA , ESTERILIDADE*: ESTERILIZÁVEL 
1080|OK_SEM_FLAGS|False|False|False|MATERIAIS DE USO TECNICO HOSPITALAR|INSTRUMENTOS, EQUIPAMENTOS E SUPRIMENTOS MÉDICOS  E  CIRÚRGICOS|3920542|458244|KIT LIGADURA ELASTICA - PARA VARIZES ESOFAGICAS,PARA USO EM VIDEOGASTROSCOPIO,TIPO DESCATAVEL,COM DOIS TAMBORES, DE SEIS A SETE ANEIS, MEDINDO 9,8MM DE DIAMETRO EXTERNO, COMPATIVEL COM CANAL PADRAO 2,8MM|LIGADURA ELÁSTICA, APLICAÇÃO: P/ VARIZES ESÔFAGO / HEMORROIDAS , MATERIAL: LÁTEX NATURAL , COMPONENTE: MONTADA EM 2 CILINDROS C/ CERCA DE 6 UNIDADES CADA , DIMENSÕES: CERCA DE 4,0 X 1,5 X 2,0 MM, COMPONENTE ADICIONAL: C/ CONJUNTO APLICADOR COMPLETO , TIPO USO*: USO ÚNICO 
1081|OK_SEM_FLAGS|False|False|False|MATERIAIS DE USO TECNICO HOSPITALAR|INSTRUMENTOS, EQUIPAMENTOS E SUPRIMENTOS MÉDICOS  E  CIRÚRGICOS|488089|626567|KIT P/ ANESTESIA PERIDURAL PROLONGADA - CONTENDO AGULHA G16, AGULHA EQUIVALENTE AO TAMANHO G18, COMBISEL TIPO TUOHY, CANULA DEMARCADA POR CENTIMETRO, CANHAO LUER LOCK + CATETER PERIDURAL, NO TAMANHO G16, EM POLIAMIDA COM DEMARCACAO POR CENTRIMETROS,, COM LINHA RADIOPACA + FILTRO DE RETENCAO DE PERTICULAS DE 0,2MICRA, CALIBRE 18G X 3 1/2, RADIOPACO, EM POLIAMIDA, BIOCOMPATIVEL,INERTE,FLEXIVEL DE LONGA PERMANENCIA, EXTREMIDADE DISTAL CEGA, COM 3 ORIFICIOS LATERAIS, RESISTENTE A TRACAO ENTRE O CATETER E A SERINGA EM CENTIMETROS MEDINDO 100 CM, COM CONECTOR LOCK;COM SERINGA DE 10 ML, APRESENTACAO CONFORME O DECRETO LEI 79094/77 COMBINADO COM O ART.31 DA LEI 8078/90, ROTULAGEM RESPEITANDO O DECRETO LEI 79094/77 ART.31 L.8078/90 PORT.CONJ.N.1 DE 23/1/96-M.SAUDE|"DISPOSITIVO P/ ANESTESIA REGIONAL, TIPO ANESTESIA: PERIDURAL CONTÍNUA , MODELO AGULHA: AGULHA PONTA TUOHY , DIÂMETRO AGULHA: 16 G , COMPRIMENTO AGULHA: CERCA DE 3"" - 80 MM , CARACTERÍSTICA AGULHA: GRADUADA , MATERIAL AGULHA: AÇO INOXIDÁVEL , TIPO CONECTOR: LUER TRANSPARENTE , COMPONENTE: C/ MANDRIL , COMPONENTE ADICIONAL: C/ CATETER EPIDURAL E CONECTOR , FILTRO: C/ FILTRO MICROBIOLÓGICO , TIPO SERINGA: C/ SERINGA PERDA DE RESISTÊNCIA , ESTERILIDADE: ESTÉRIL, USO ÚNICO "
1081|OK_SEM_FLAGS|False|False|False|MATERIAIS DE USO TECNICO HOSPITALAR|INSTRUMENTOS, EQUIPAMENTOS E SUPRIMENTOS MÉDICOS  E  CIRÚRGICOS|488089|626568|KIT P/ ANESTESIA PERIDURAL PROLONGADA - CONTENDO AGULHA G16, AGULHA EQUIVALENTE AO TAMANHO G18, COMBISEL TIPO TUOHY, CANULA DEMARCADA POR CENTIMETRO, CANHAO LUER LOCK + CATETER PERIDURAL, NO TAMANHO G16, EM POLIAMIDA COM DEMARCACAO POR CENTRIMETROS,, COM LINHA RADIOPACA + FILTRO DE RETENCAO DE PERTICULAS DE 0,2MICRA, CALIBRE 18G X 3 1/2, RADIOPACO, EM POLIAMIDA, BIOCOMPATIVEL,INERTE,FLEXIVEL DE LONGA PERMANENCIA, EXTREMIDADE DISTAL CEGA, COM 3 ORIFICIOS LATERAIS, RESISTENTE A TRACAO ENTRE O CATETER E A SERINGA EM CENTIMETROS MEDINDO 100 CM, COM CONECTOR LOCK;COM SERINGA DE 10 ML, APRESENTACAO CONFORME O DECRETO LEI 79094/77 COMBINADO COM O ART.31 DA LEI 8078/90, ROTULAGEM RESPEITANDO O DECRETO LEI 79094/77 ART.31 L.8078/90 PORT.CONJ.N.1 DE 23/1/96-M.SAUDE|"DISPOSITIVO P/ ANESTESIA REGIONAL, TIPO ANESTESIA: PERIDURAL CONTÍNUA , MODELO AGULHA: AGULHA PONTA TUOHY , DIÂMETRO AGULHA: 18 G , COMPRIMENTO AGULHA: CERCA DE 3"" - 80 MM , CARACTERÍSTICA AGULHA: GRADUADA , MATERIAL AGULHA: AÇO INOXIDÁVEL , TIPO CONECTOR: LUER TRANSPARENTE , COMPONENTE: C/ MANDRIL , COMPONENTE ADICIONAL: C/ CATETER EPIDURAL E CONECTOR , FILTRO: C/ FILTRO MICROBIOLÓGICO , TIPO SERINGA: C/ SERINGA PERDA DE RESISTÊNCIA , ESTERILIDADE: ESTÉRIL, USO ÚNICO "
1083|OK_SEM_FLAGS|False|False|False|MATERIAIS DE USO TECNICO HOSPITALAR|INSTRUMENTOS, EQUIPAMENTOS E SUPRIMENTOS MÉDICOS  E  CIRÚRGICOS|4266617|474821|KIT PARA ASPIRACAO UTERINA - COMPOSTO DE: O8 CANULAS IPAS EASY GRIP E ASPIRADOR SENDO CILINDRO AMPLO, CAPACIDADE PARA 60CC, PRESSAO DE VACUO ADEQUADA - 600 MM HG,TIPO CILINDRO, CAPACIDADE 60CC,SENDO UMA CANULA DE 04MM, 05MM, 06MM, 07MM, 08MM ,09MM ,10MM  E 12MM,ESTERILIZADAS COM OXIDO DE ETILENO, COM FENESTRAS LATERAIS E MARCACAO DE 1CM COM ENCAIXE PARA O ASPIRADOR AMIU,EMBALAGEM APROPRIADA PARA O PRODUTO,E ROTULAGEM RESPEITANDO O DECRETO LEI 79094/77 DE ACORDO COM A LEGISLACAO VIGENTE.|CÂNULA ASPIRAÇÃO MANUAL INTRA-UTERINA, MATERIAL: POLÍMERO , PONTA: PONTA DISTAL FECHADA, C/ ORIFÍCIOS LATERAIS , HASTE: HASTE SEMIRRÍGIDA, GRADUADA , CALIBRE: CERCA DE 4 MM, CONECTOR: CONECTOR PADRÃO , ESTERILIDADE: ESTÉRIL, USO ÚNICO 
1083|OK_SEM_FLAGS|False|False|False|MATERIAIS DE USO TECNICO HOSPITALAR|INSTRUMENTOS, EQUIPAMENTOS E SUPRIMENTOS MÉDICOS  E  CIRÚRGICOS|4266617|474822|KIT PARA ASPIRACAO UTERINA - COMPOSTO DE: O8 CANULAS IPAS EASY GRIP E ASPIRADOR SENDO CILINDRO AMPLO, CAPACIDADE PARA 60CC, PRESSAO DE VACUO ADEQUADA - 600 MM HG,TIPO CILINDRO, CAPACIDADE 60CC,SENDO UMA CANULA DE 04MM, 05MM, 06MM, 07MM, 08MM ,09MM ,10MM  E 12MM,ESTERILIZADAS COM OXIDO DE ETILENO, COM FENESTRAS LATERAIS E MARCACAO DE 1CM COM ENCAIXE PARA O ASPIRADOR AMIU,EMBALAGEM APROPRIADA PARA O PRODUTO,E ROTULAGEM RESPEITANDO O DECRETO LEI 79094/77 DE ACORDO COM A LEGISLACAO VIGENTE.|CÂNULA ASPIRAÇÃO MANUAL INTRA-UTERINA, MATERIAL: POLÍMERO , PONTA: PONTA DISTAL FECHADA, C/ ORIFÍCIOS LATERAIS , HASTE: HASTE SEMIRRÍGIDA, GRADUADA , CALIBRE: CERCA DE 5 MM, CONECTOR: CONECTOR PADRÃO , ESTERILIDADE: ESTÉRIL, USO ÚNICO 
1083|OK_SEM_FLAGS|False|False|False|MATERIAIS DE USO TECNICO HOSPITALAR|INSTRUMENTOS, EQUIPAMENTOS E SUPRIMENTOS MÉDICOS  E  CIRÚRGICOS|4266617|474825|KIT PARA ASPIRACAO UTERINA - COMPOSTO DE: O8 CANULAS IPAS EASY GRIP E ASPIRADOR SENDO CILINDRO AMPLO, CAPACIDADE PARA 60CC, PRESSAO DE VACUO ADEQUADA - 600 MM HG,TIPO CILINDRO, CAPACIDADE 60CC,SENDO UMA CANULA DE 04MM, 05MM, 06MM, 07MM, 08MM ,09MM ,10MM  E 12MM,ESTERILIZADAS COM OXIDO DE ETILENO, COM FENESTRAS LATERAIS E MARCACAO DE 1CM COM ENCAIXE PARA O ASPIRADOR AMIU,EMBALAGEM APROPRIADA PARA O PRODUTO,E ROTULAGEM RESPEITANDO O DECRETO LEI 79094/77 DE ACORDO COM A LEGISLACAO VIGENTE.|CÂNULA ASPIRAÇÃO MANUAL INTRA-UTERINA, MATERIAL: POLÍMERO , PONTA: PONTA DISTAL FECHADA, C/ ORIFÍCIOS LATERAIS , HASTE: HASTE SEMIRRÍGIDA, GRADUADA , CALIBRE: CERCA DE 8 MM, CONECTOR: CONECTOR PADRÃO , ESTERILIDADE: ESTÉRIL, USO ÚNICO 
1084|OK_SEM_FLAGS|False|False|False|COMPONENTES PARA EQUIPAMENTOS MEDICO HOSPITALARES|INSTRUMENTOS, EQUIPAMENTOS E SUPRIMENTOS MÉDICOS  E  CIRÚRGICOS|2702550|459255|PLACA - DESCARTAVEL UNIVERSAL, DORSO DE TECIDO MACIO, OCLUSIVO, TRANSTERMAL,IMPERMEAVEL, COM GEL ADESIVO DISPERSIVO EM TODA A PLACA, ADESIVO ACRILICO HIDROFILICO, HIPOALERGENICO, BORDAS ADESIVAS E ABAS DE SUPORTE, COM DISPOSITIVO DE SEGURANCA QUE PERMITE A DISTRIBUICAO DE CALOR DE FORMA UNIFORME POR TODA A PLACA,PARA BISTURI ELETROCIRURGICO,COMPATIVEL COM SISTEMA MQC/PPM/REM,TAMANHO UNICO|PLACA ELETROCIRÚRGICA, MATERIA PRIMA: ESPUMA , TIPO: ADESIVA, IMPERMEÁVEL , MODELO: INTEIRA , COMPONENTE: C/ GEL CONDUTOR , TAMANHO PLACA: TAMANHO UNIVERSAL , COMPONENTE ADICIONAL: S/ CABO , COMPATÍVEL: COMPATÍVEL C/ BISTURI , TIPO USO 1: DESCARTÁVEL 
1085|OK_SEM_FLAGS|False|False|False|MATERIAIS DE USO TECNICO HOSPITALAR|INSTRUMENTOS, EQUIPAMENTOS E SUPRIMENTOS MÉDICOS  E  CIRÚRGICOS|3397645|332814|PRESERVATIVO - MASCULINO DE BORRACHA,EM LATEX,SEM LUBRIFICANTE, A PROVA DE TRACAO, ISENTO DE MICRO FUROS LARGURA 52MM+/-2|PRESERVATIVO MASCULINO, MATERIAL: LÁTEX , COMPRIMENTO MÍNIMO: 16 CM, LARGURA: 4,40 CM, ESPESSURA MÍNIMA: 0,045 MM, APLICAÇÃO: EXAMES DE ULTRASSONOGRAFIA , CARACTERÍSTICAS ADICIONAIS: SEM LUBRIFICANTE 
1086|OK_SEM_FLAGS|False|False|False|INSTRUMENTAIS DE USO MEDICO, CIRURGICO OU HOSPITALAR|INSTRUMENTOS, EQUIPAMENTOS E SUPRIMENTOS MÉDICOS  E  CIRÚRGICOS|119938|609097|SERRA DE GIGLI - EM ACO INOX, COM COMPRIMENTO DE 30CM|SERRA CIRÚRGICA MANUAL, MODELO: GIGLI , COMPRIMENTO TOTAL: CERCA DE 30 CM, MATERIAL: AÇO INOXIDÁVEL , ESTERILIDADE: ESTÉRIL, USO ÚNICO 
1087|OK_SEM_FLAGS|False|False|False|INSTRUMENTAIS DE USO MEDICO, CIRURGICO OU HOSPITALAR|INSTRUMENTOS, EQUIPAMENTOS E SUPRIMENTOS MÉDICOS  E  CIRÚRGICOS|348422|609098|SERRA DE GIGLI - EM ACO INOX AISI 400, COM COMPRIMENTO DE 40 CM|SERRA CIRÚRGICA MANUAL, MODELO: GIGLI , COMPRIMENTO TOTAL: CERCA DE 40 CM, MATERIAL: AÇO INOXIDÁVEL , ESTERILIDADE: ESTÉRIL, USO ÚNICO 
1088|OK_SEM_FLAGS|False|False|False|INSTRUMENTAIS DE USO MEDICO, CIRURGICO OU HOSPITALAR|INSTRUMENTOS, EQUIPAMENTOS E SUPRIMENTOS MÉDICOS  E  CIRÚRGICOS|645290|609099|SERRA DE GIGLI - EM ACO INOX AISI 400, COM COMPRIMENTO DE 50 CM|SERRA CIRÚRGICA MANUAL, MODELO: GIGLI , COMPRIMENTO TOTAL: CERCA DE 50 CM, MATERIAL: AÇO INOXIDÁVEL , ESTERILIDADE: ESTÉRIL, USO ÚNICO 
1091|OK_SEM_FLAGS|False|False|False|MATERIAIS DE USO TECNICO HOSPITALAR|INSTRUMENTOS, EQUIPAMENTOS E SUPRIMENTOS MÉDICOS  E  CIRÚRGICOS|2508532|454583|MASCARA FACIAL - PARA VENTILACAO NAO INVASIVA EM SILICONE, COM COXIM INFLAVEL, ADPTAVEL A VALV.DE SEGURANCA, RESISTENTE AOS PROCESSOS USUAIS DE ESTERILIZACAO, ANATOMICO, SEM REBARBAS, JOELHOS OU CONECTORES C/DISPOSITIVO EM ACO INOXIDAVEL P/FIX.DE PRESILHA, CONSTITUIDO DE POSSIBILITA ADMINISTRAR AR ENRIQUECIDO COM OXIGENIO ATRAVES DE ORIFICIO DE ENTRADA, ADULTO, NUMERO 3, COM ACESSORIOS PRESILHA DE FIXACAO, COM GARANTIA E ASSISTENCIA TECNICA|MÁSCARA GASOTERAPIA, APLICAÇÃO: MÚLTIPLA FUNÇÃO , MODELO: FACIAL OVAL , MATERIAL: CÚPULA EM PLÁSTICO RÍGIDO , TIPO BORDA: COXIM INFLÁVEL EM SILICONE , TAMANHO: ADULTO P , TIPO CONECTOR: CONECTOR PADRÃO , ADICIONAIS: C/ PRESILHA 
1092|OK_SEM_FLAGS|False|False|False|MATERIAIS DE USO TECNICO HOSPITALAR|INSTRUMENTOS, EQUIPAMENTOS E SUPRIMENTOS MÉDICOS  E  CIRÚRGICOS|2508508|454581|MASCARA FACIAL - PARA VENTILACAO NAO INVASIVA EM SILICONE, COM COXIM INFLAVEL, ADPTAVEL A VALV.DE SEGURANCA, RESISTENTE AOS PROCESSOS USUAIS DE ESTERILIZACAO, ANATOMICO, SEM REBARBAS, JOELHOS OU CONECTORES C/DISPOSITIVO EM ACO INOXIDAVEL P/FIX.DE PRESILHA, CONSTITUIDO DE POSSIBILITA ADMINISTRAR AR ENRIQUECIDO COM OXIGENIO ATRAVES DE ORIFICIO DE ENTRADA, ADULTO, NUMERO 4, COM ACESSORIOS PRESILHA DE FIXACAO, COM GARANTIA E ASSISTENCIA TECNICA|MÁSCARA GASOTERAPIA, APLICAÇÃO: MÚLTIPLA FUNÇÃO , MODELO: FACIAL OVAL , MATERIAL: CÚPULA EM PLÁSTICO RÍGIDO , TIPO BORDA: COXIM INFLÁVEL EM SILICONE , TAMANHO: ADULTO M , TIPO CONECTOR: CONECTOR PADRÃO , ADICIONAIS: C/ PRESILHA 
1093|OK_SEM_FLAGS|False|False|False|MATERIAIS DE USO TECNICO HOSPITALAR|INSTRUMENTOS, EQUIPAMENTOS E SUPRIMENTOS MÉDICOS  E  CIRÚRGICOS|2508516|454582|MASCARA FACIAL - PARA VENTILACAO NAO INVASIVA EM SILICONE, COM COXIM INFLAVEL, ADPTAVEL A VALV.DE SEGURANCA, RESISTENTE AOS PROCESSOS USUAIS DE ESTERILIZACAO, ANATOMICO, SEM REBARBAS, JOELHOS OU CONECTORES C/DISPOSITIVO EM ACO INOXIDAVEL P/FIX.DE PRESILHA, CONSTITUIDO DE POSSIBILITA ADMINISTRAR AR ENRIQUECIDO COM OXIGENIO ATRAVES DE ORIFICIO DE ENTRADA, ADULTO, NUMERO 5, COM ACESSORIOS PRESILHA DE FIXACAO, COM GARANTIA E ASSISTENCIA TECNICA|MÁSCARA GASOTERAPIA, APLICAÇÃO: MÚLTIPLA FUNÇÃO , MODELO: FACIAL OVAL , MATERIAL: CÚPULA EM PLÁSTICO RÍGIDO , TIPO BORDA: COXIM INFLÁVEL EM SILICONE , TAMANHO: ADULTO G , TIPO CONECTOR: CONECTOR PADRÃO , ADICIONAIS: C/ PRESILHA 
1094|OK_SEM_FLAGS|False|False|False|MATERIAIS DE USO TECNICO HOSPITALAR|INSTRUMENTOS, EQUIPAMENTOS E SUPRIMENTOS MÉDICOS  E  CIRÚRGICOS|1836749|454555|MASCARA FACIAL TIPO VENTURY - EM MATERIAL SILICONIZADO, CORPO EM PLASTICO, CONECTORES COLORIDOS P/% DE FI02, COM TRANSPARENTE,FLEXIVEL,ATOXICO,COM ELASTICO PARA A JUSTE FACIAL E ORIFICIOS SUPERIORES,TRAQUEIA, TAMANHO PEDIATRICO,COPO EM PLASTICO RIGIDO TRANSPARENTE CO M ENTRADA P/ AR COMPRIMIDO,PROLONGAMENTO DE O2., APRESENTACAO CONFORME DECRETO LEI 79094/77 EMBALAGEM DE APROPRIADA PARA O PRODUTO|MÁSCARA GASOTERAPIA, MODELO: VENTURI , MATERIAL: PLÁSTICO , ADICIONAL: C/ TUBO CORRUGADO , TAMANHO: INFANTIL , TIPO FIXAÇÃO: C/ CLIPE NASAL E FIXADOR CEFÁLICO AJUSTÁVEL , TIPO EXTENSÃO: EXTENSOR CERCA DE 2,0 M , TIPO CONECTOR: CONECTOR PADRÃO , ADICIONAIS: JOGO C/ 6 DILUIDORES P/ FLUXO O2 
1095|OK_SEM_FLAGS|False|False|False|MATERIAIS DE USO TECNICO HOSPITALAR|INSTRUMENTOS, EQUIPAMENTOS E SUPRIMENTOS MÉDICOS  E  CIRÚRGICOS|1956833|454554|MASCARA FACIAL TIPO VENTURY - EM CONFECCIONADA EM SILICONE, CORPO EM PLASTICO RIGIDO,CONECTORES CODIFICADOS P/ DIFERENTES CONCENTRAC, COM OES DE O2: 24%,28%, 31%, 35%,40%,50%, COM ELASTICOP/AJUSTE FACIAL, TRANSPARENTE, FLEXIVEL, ATOXICO, TAMANHO ADULTO COM FORMATO ANATOMICO SOB O QUEIXO, CONJUNTO CONTENDO:TRAQUEIA FLEXIVEL E ADAPTADOR, APRESENTACAO CONFORME DECRETO LEI 79094/77 EMBALAGEM DE APROPRIADA PARA O PRODUTO|MÁSCARA GASOTERAPIA, MODELO: VENTURI , MATERIAL: PLÁSTICO , ADICIONAL: C/ TUBO CORRUGADO , TAMANHO: ADULTO , TIPO FIXAÇÃO: C/ CLIPE NASAL E FIXADOR CEFÁLICO AJUSTÁVEL , TIPO EXTENSÃO: EXTENSOR CERCA DE 2,0 M , TIPO CONECTOR: CONECTOR PADRÃO , ADICIONAIS: JOGO C/ 6 DILUIDORES P/ FLUXO O2 
1096|OK_SEM_FLAGS|False|False|False|MATERIAIS DE USO TECNICO HOSPITALAR|INSTRUMENTOS, EQUIPAMENTOS E SUPRIMENTOS MÉDICOS  E  CIRÚRGICOS|3806928|451071|MASCARA LARINGEA - EM PVC,LIVRE DE LATEX,,TUBO  DE DRENAGEM GASTRICA INTEGRADO, PERMITINDO  UMA DESCOMPRESSAO PASSIVA E ATIVA POR ASPIRACAO DO CONTEUDO GASTRICO COM SONDA NUMERO 10 FR,TUBO PRE CURVADO, ELIPTICO,COM SULCOS LATERAIS, IMPRESSO COM MARCACOES DO TAMANHO, VOLUME DO CUFF E PESO DO PACIENTE, CONECTOR DE 15,00 MM FIXO AO TUBO, CUFF ANATOMICO, ALETAS LATERAIS DE SEGURANCA QUE IMPEDEM A OBSTRUCAO PELA GLOTE POSSUI BARRA DE FIXACAO DO TUBO,TAMANHO 2 , PARA PACIENTE DE 10 A 20 KG,USO UNICO, DESCARTAVEL, ESTERIL,EMBALADO EM PAPEL GRAU CIRURGICO, ESTERELIZADO EM OXIDO DE ETILENO,ROTULO COM N. LOTE, DATA FABRICACAO/VALIDADE E PROCEDENCIA-M.SAUDE|TUBO SUPRAGLÓTICO, TIPO: MÁSCARA LARÍNGEA , MATERIAL*: PVC , VIAS: VIA P/ ACESSO GÁSTRICO , TAMANHO*: Nº 2 , COMPONENTE 1: C/ LINHA DE REFERÊNCIA , CONECTOR: C/ CONECTOR PADRÃO , ESTERILIDADE*: ESTÉRIL, USO ÚNICO 
1097|OK_SEM_FLAGS|False|False|False|MATERIAIS DE USO TECNICO HOSPITALAR|INSTRUMENTOS, EQUIPAMENTOS E SUPRIMENTOS MÉDICOS  E  CIRÚRGICOS|3699170|451073|MASCARA LARINGEA - EM PVC ATOXICO DE GRAU MEDICO, DISPOSITIVO SUPRA-GLOTICO, AUTOCLAVAVEL, PARA ACESSO AS VIAS AEREAS E INTUBACAO,COM PUNHO INTEGRADO E VALVULA ONE WAY PARA INSUFLACAO DO CUFF, COM CONETOR PADRAO DE 15,00MM,NUMERO 4,ESTERIL,APRESENTACAO CONFORME DECRETO LEI 79094/77 COMBINADO COM O ART.31 L.8078/90, EMBALAGEM EM PAPEL GRAU CIRURGICO, ESTERIL,ROTULAGEM RESPEITANDO O DECRETO LEI 79094/77 ART.31 L.8078/90 PORT.CONJ.N.1 DE 23/1/96-M.SAUDE|TUBO SUPRAGLÓTICO, TIPO: MÁSCARA LARÍNGEA , MATERIAL*: PVC , VIAS: VIA P/ ACESSO GÁSTRICO , TAMANHO*: Nº 4 , COMPONENTE 1: C/ LINHA DE REFERÊNCIA , CONECTOR: C/ CONECTOR PADRÃO , ESTERILIDADE*: ESTÉRIL, USO ÚNICO 
1098|OK_SEM_FLAGS|False|False|False|MATERIAIS DE USO TECNICO HOSPITALAR|INSTRUMENTOS, EQUIPAMENTOS E SUPRIMENTOS MÉDICOS  E  CIRÚRGICOS|3699188|451480|MASCARA LARINGEA - EM PVC ATOXICO DE GRAU MEDICO, DISPOSITIVO SUPRA-GLOTICO, AUTOCLAVAVEL, PARA ACESSO AS VIAS AEREAS E INTUBACAO,COM PUNHO INTEGRADO ON WAY PARA INSUFLACAO DO CUFF, COM CONETOR PADRAO DE 15,00MM,NUMERO 5,ESTERIL,APRESENTACAO CONFORME DECRETO LEI 79094/77 COMBINADO COM O ART.31 L.8078/90, EMBALAGEM EM PAPEL GRAU CIRURGICO, ESTERIL,ROTULAGEM RESPEITANDO O DECRETO LEI 79094/77 ART.31 L.8078/90 PORT.CONJ.N.1 DE 23/1/96-M.SAUDE|TUBO SUPRAGLÓTICO, TIPO: MÁSCARA LARÍNGEA , MATERIAL*: PVC , VIAS: VIA P/ ACESSO GÁSTRICO , TAMANHO*: Nº 5 , COMPONENTE 1: C/ LINHA DE REFERÊNCIA , CONECTOR: C/ CONECTOR PADRÃO , ESTERILIDADE*: ESTÉRIL, USO ÚNICO 
1099|OK_SEM_FLAGS|False|False|False|MATERIAIS DE USO TECNICO HOSPITALAR|INSTRUMENTOS, EQUIPAMENTOS E SUPRIMENTOS MÉDICOS  E  CIRÚRGICOS|2523612|451099|MASCARA LARINGEA - EM SILICONE, COM PRESSAO,AUTOCLAVAVEL, NUMERO 1, ESTERIL,EMBALADO INDIVIDUALMENTE, APRESENTACAO CONFORME DECRETO LEI 79094/77 COMBINADO COM O ART.31 L.8078/90, ROTULAGEM RESPEITANDO O DECRETO LEI 79094/77 ART.31 L.8078/90 PORT.CONJ.N.1 DE 23/1/96-M.SAUDE|TUBO SUPRAGLÓTICO, TIPO: MÁSCARA LARÍNGEA , MATERIAL*: SILICONE , TAMANHO*: Nº 1 , COMPONENTE 1: C/ LINHA DE REFERÊNCIA , CONECTOR: C/ CONECTOR PADRÃO , ESTERILIDADE*: REUTILIZÁVEL 
1100|OK_SEM_FLAGS|False|False|False|MATERIAIS DE USO TECNICO HOSPITALAR|INSTRUMENTOS, EQUIPAMENTOS E SUPRIMENTOS MÉDICOS  E  CIRÚRGICOS|2514672|451104|MASCARA LARINGEA - EM SILICONE, COM MANGUITO DE ALTO VOLUME E BAIXA PRESSAO,AUTOCLAVAVEL, NUMERO 1,5, ESTERIL,EMBALADO INDIVIDUALMENTE, APRESENTACAO CONFORME DECRETO LEI 79094/77 COMBINADO COM O ART.31 L.8078/90, ROTULAGEM RESPEITANDO O DECRETO LEI 79094/77 ART.31 L.8078/90 PORT.CONJ.N.1 DE 23/1/96-M.SAUDE|TUBO SUPRAGLÓTICO, TIPO: MÁSCARA LARÍNGEA , MATERIAL*: SILICONE , TAMANHO*: Nº 1,5 , COMPONENTE 1: C/ LINHA DE REFERÊNCIA , CONECTOR: C/ CONECTOR PADRÃO , ESTERILIDADE*: REUTILIZÁVEL 
1101|OK_SEM_FLAGS|False|False|False|MATERIAIS DE USO TECNICO HOSPITALAR|INSTRUMENTOS, EQUIPAMENTOS E SUPRIMENTOS MÉDICOS  E  CIRÚRGICOS|694843|451100|MASCARA LARINGEA - EM SILICONE, COM MANGUITO DE ALTO VOLUME E BAIXA PRESSAO,AUTOCLAVAVEL, NUMERO N.2 LACTENTES 10KG, NAO ESTERIL, APRESENTACAO CONFORME DECRETO LEI 79094/77 COMBINADO COM O ART.31 L.8078/90, ROTULAGEM RESPEITANDO O DECRETO LEI 79094/77 ART.31 L.8078/90 PORT.CONJ.N.1 DE 23/1/96-M.SAUDE|TUBO SUPRAGLÓTICO, TIPO: MÁSCARA LARÍNGEA , MATERIAL*: SILICONE , TAMANHO*: Nº 2 , COMPONENTE 1: C/ LINHA DE REFERÊNCIA , CONECTOR: C/ CONECTOR PADRÃO , ESTERILIDADE*: REUTILIZÁVEL 
1102|OK_SEM_FLAGS|False|False|False|MATERIAIS DE USO TECNICO HOSPITALAR|INSTRUMENTOS, EQUIPAMENTOS E SUPRIMENTOS MÉDICOS  E  CIRÚRGICOS|611689|451098|MASCARA LARINGEA - EM SILICONE, COM MANGUITO DE ALTO VOLUME E BAIXA PRESSAO,AUTOCLAVAVEL, NUMERO 2,5, NAO ESTERIL, APRESENTACAO CONFORME DECRETO LEI 79094/77 COMBINADO COM O ART.31 L.8078/90, ROTULAGEM RESPEITANDO O DECRETO LEI 79094/77 ART.31 L.8078/90 PORT.CONJ.N.1 DE 23/1/96-M.SAUDE|TUBO SUPRAGLÓTICO, TIPO: MÁSCARA LARÍNGEA , MATERIAL*: SILICONE , TAMANHO*: Nº 2,5 , COMPONENTE 1: C/ LINHA DE REFERÊNCIA , CONECTOR: C/ CONECTOR PADRÃO , ESTERILIDADE*: REUTILIZÁVEL 
1103|OK_SEM_FLAGS|False|False|False|MATERIAIS DE USO TECNICO HOSPITALAR|INSTRUMENTOS, EQUIPAMENTOS E SUPRIMENTOS MÉDICOS  E  CIRÚRGICOS|611697|451101|MASCARA LARINGEA - EM SILICONE, COM MANGUITO DE ALTO VOLUME E BAIXA PRESSAO,AUTOCLAVAVEL, NUMERO 3,0, NAO ESTERIL, APRESENTACAO CONFORME DECRETO LEI 79094/77 COMBINADO COM O ART.31 L.8078/90, ROTULAGEM RESPEITANDO O DECRETO LEI 79094/77 ART.31 L.8078/90 PORT.CONJ.N.1 DE 23/1/96-M.SAUDE|TUBO SUPRAGLÓTICO, TIPO: MÁSCARA LARÍNGEA , MATERIAL*: SILICONE , TAMANHO*: Nº 3 , COMPONENTE 1: C/ LINHA DE REFERÊNCIA , CONECTOR: C/ CONECTOR PADRÃO , ESTERILIDADE*: REUTILIZÁVEL 
1104|OK_SEM_FLAGS|False|False|False|MATERIAIS DE USO TECNICO HOSPITALAR|INSTRUMENTOS, EQUIPAMENTOS E SUPRIMENTOS MÉDICOS  E  CIRÚRGICOS|611719|451102|MASCARA LARINGEA - EM SILICONE, COM MANGUITO DE ALTO VOLUME E BAIXA PRESSAO,AUTOCLAVAVEL, NUMERO 4,0, NAO ESTERIL, APRESENTACAO CONFORME DECRETO LEI 79094/77 COMBINADO COM O ART.31 L.8078/90, ROTULAGEM RESPEITANDO O DECRETO LEI 79094/77 ART.31 L.8078/90 PORT.CONJ.N.1 DE 23/1/96-M.SAUDE|TUBO SUPRAGLÓTICO, TIPO: MÁSCARA LARÍNGEA , MATERIAL*: SILICONE , TAMANHO*: Nº 4 , COMPONENTE 1: C/ LINHA DE REFERÊNCIA , CONECTOR: C/ CONECTOR PADRÃO , ESTERILIDADE*: REUTILIZÁVEL 
1105|OK_SEM_FLAGS|False|False|False|MATERIAIS DE USO TECNICO HOSPITALAR|INSTRUMENTOS, EQUIPAMENTOS E SUPRIMENTOS MÉDICOS  E  CIRÚRGICOS|2514729|451103|MASCARA LARINGEA - EM SILICONE, COM PRESSAO,AUTOCLAVAVEL, NUMERO 5, NAO ESTERIL, APRESENTACAO CONFORME DECRETO LEI 79094/77 COMBINADO COM O ART.31 L.8078/90, ROTULAGEM RESPEITANDO O DECRETO LEI 79094/77 ART.31 L.8078/90 PORT.CONJ.N.1 DE 23/1/96-M.SAUDE|TUBO SUPRAGLÓTICO, TIPO: MÁSCARA LARÍNGEA , MATERIAL*: SILICONE , TAMANHO*: Nº 5 , COMPONENTE 1: C/ LINHA DE REFERÊNCIA , CONECTOR: C/ CONECTOR PADRÃO , ESTERILIDADE*: REUTILIZÁVEL 
1106|OK_SEM_FLAGS|False|False|False|MATERIAIS DE USO TECNICO HOSPITALAR|INSTRUMENTOS, EQUIPAMENTOS E SUPRIMENTOS MÉDICOS  E  CIRÚRGICOS|5557879|454574|MASCARA PARA OXIGENOTERAPIA - MASCARA, EXTENSAO E RESERVATORIO EM PVC,TAMANHO ADULTO,ALTA CONCENTRACAO DE OXIGENIO,COM RESERVATORIO COM CAPACIDAD DE 750 A 1000ML, FAIXA ELASTICA AJUSTAVEL E TUBO EXTENSOR,.|MÁSCARA GASOTERAPIA, APLICAÇÃO: P/ ALTA CONCENTRAÇÃO DE NÃO REINALAÇÃO , MATERIAL: PLÁSTICO , TAMANHO: ADULTO , TIPO FIXAÇÃO: C/ CLIPE NASAL E FIXADOR CEFÁLICO AJUSTÁVEL , COMPONENTE ADICIONAL: C/ VÁLVULAS E BALÃO RESERVATÓRIO , TIPO CONECTOR: CONECTOR PADRÃO 
1106|OK_SEM_FLAGS|False|False|False|MATERIAIS DE USO TECNICO HOSPITALAR|INSTRUMENTOS, EQUIPAMENTOS E SUPRIMENTOS MÉDICOS  E  CIRÚRGICOS|5557879|454566|MASCARA PARA OXIGENOTERAPIA - MASCARA, EXTENSAO E RESERVATORIO EM PVC,TAMANHO ADULTO,ALTA CONCENTRACAO DE OXIGENIO,COM RESERVATORIO COM CAPACIDAD DE 750 A 1000ML, FAIXA ELASTICA AJUSTAVEL E TUBO EXTENSOR,.|MÁSCARA GASOTERAPIA, APLICAÇÃO: P/ ALTA CONCENTRAÇÃO DE REINALAÇÃO PARCIAL , MATERIAL: PLÁSTICO , TAMANHO: ADULTO , TIPO FIXAÇÃO: C/ CLIPE NASAL E FIXADOR CEFÁLICO AJUSTÁVEL , COMPONENTE ADICIONAL: BALÃO RESERVATÓRIO , TIPO CONECTOR: CONECTOR PADRÃO 
1107|OK_SEM_FLAGS|False|False|False|MATERIAIS DE USO TECNICO HOSPITALAR|INSTRUMENTOS, EQUIPAMENTOS E SUPRIMENTOS MÉDICOS  E  CIRÚRGICOS|5551692|454575|MASCARA PARA OXIGENOTERAPIA - MASCARA, EXTENSAO E RESERVATORIO EM PVC,TAMANHO INFANTIL,ALTA CONCENTRACAO DE OXIGENIO,COM RESERVATORIO COM CAPACIDADE DE 750 A 1000ML, FAIXA ELASTICA AJUSTAVEL E TUBO EXTENSOR|MÁSCARA GASOTERAPIA, APLICAÇÃO: P/ ALTA CONCENTRAÇÃO DE NÃO REINALAÇÃO , MATERIAL: PLÁSTICO , TAMANHO: INFANTIL , TIPO FIXAÇÃO: C/ CLIPE NASAL E FIXADOR CEFÁLICO AJUSTÁVEL , COMPONENTE ADICIONAL: C/ VÁLVULAS E BALÃO RESERVATÓRIO , TIPO CONECTOR: CONECTOR PADRÃO 
1107|OK_SEM_FLAGS|False|False|False|MATERIAIS DE USO TECNICO HOSPITALAR|INSTRUMENTOS, EQUIPAMENTOS E SUPRIMENTOS MÉDICOS  E  CIRÚRGICOS|5551692|454567|MASCARA PARA OXIGENOTERAPIA - MASCARA, EXTENSAO E RESERVATORIO EM PVC,TAMANHO INFANTIL,ALTA CONCENTRACAO DE OXIGENIO,COM RESERVATORIO COM CAPACIDADE DE 750 A 1000ML, FAIXA ELASTICA AJUSTAVEL E TUBO EXTENSOR|MÁSCARA GASOTERAPIA, APLICAÇÃO: P/ ALTA CONCENTRAÇÃO DE REINALAÇÃO PARCIAL , MATERIAL: PLÁSTICO , TAMANHO: INFANTIL , TIPO FIXAÇÃO: C/ CLIPE NASAL E FIXADOR CEFÁLICO AJUSTÁVEL , COMPONENTE ADICIONAL: BALÃO RESERVATÓRIO , TIPO CONECTOR: CONECTOR PADRÃO 
1108|OK_SEM_FLAGS|False|False|False|MATERIAIS DE USO TECNICO HOSPITALAR|INSTRUMENTOS, EQUIPAMENTOS E SUPRIMENTOS MÉDICOS  E  CIRÚRGICOS|3703932|454645|MASCARA PARA OXIGENOTERAPIA - CONFECCIONADA EM SILICONE TRANSPARENTE AUTOCLAVAVEL FORMATO REDONDO,TAMANHO: Nº 00/R (PREMATURO),SEM VALVULAS,SEM DISPOSITIVO DE SEGURANCA,MANUAL,GARANTIA|MÁSCARA GASOTERAPIA, APLICAÇÃO: MÚLTIPLA FUNÇÃO , MODELO: FACIAL OVAL , MATERIAL: CÚPULA EM SILICONE , TIPO BORDA: COXIM EM SILICONE , TAMANHO: NEONATAL Nº 00 , TIPO CONECTOR: CONECTOR PADRÃO 
1109|OK_SEM_FLAGS|False|False|False|MATERIAIS DE USO TECNICO HOSPITALAR|INSTRUMENTOS, EQUIPAMENTOS E SUPRIMENTOS MÉDICOS  E  CIRÚRGICOS|1744003|479659|PLUGUE ADAPTADOR - PLUGUE ADAPTADOR,MACHO, COM LATEX CICATRIZANTE E CONECTOR LUER-LOCK,, DESCARTAVEL, ESTERIL|TAMPA PROTETORA USO MÉDICO, APLICAÇÃO 1: P/ CONECTORES - EQUIPO, EXTENSOR, SERINGA, CATETER , TIPO: LUER LOCK  E  SLIP , MATERIAL: POLÍMERO , TIPO USO: ESTÉRIL, USO ÚNICO , EMBALAGEM: EMBALAGEM INDIVIDUAL 
1110|OK_SEM_FLAGS|False|False|False|MATERIAIS DE USO TECNICO HOSPITALAR|EQUIPAMENTOS, INSTRUMENTOS E SUPRIMENTOS OFTALMOLÓGICOS|2509750|479667|PROTETOR DESCARTAVEL - EM PROTETOR OCULAR PARA FOTOTERAPIA OU USO EM INCUBADORA, EM TECIDO DE ALGODAO QUE NAO SOLTA RESIDUOS, BLACKOUT INTEGRADO, SEM COSTURAS,LIVRE DE LATEX, FAIXA AJUSTAVEL, NAO ESTERIL, DESCARTAVEL, TAMANHO G, EM PACOTE COM 01 UNIDADE, APRESENTACAO DE ACORDO COM DECRETO LEI 79094/77 COMBINADO COM O ART.31 L.8078/90|PROTETOR OCULAR, APLICAÇÃO: P/ FOTOTERAPIA NEONATAL , FORMATO: TIPO ÓCULOS , MODELO: BINOCULAR , MATERIAL: PELÍCULA HIPOALERGÊNICA , TAMANHO: GRANDE , COMPONENTE: BORDA C/ FIXAÇÃO ADESIVA , ESTERILIDADE: USO ÚNICO , EMBALAGEM: EMBALAGEM INDIVIDUAL 
1111|OK_SEM_FLAGS|False|False|False|MATERIAIS DE USO TECNICO HOSPITALAR|EQUIPAMENTOS, INSTRUMENTOS E SUPRIMENTOS OFTALMOLÓGICOS|2509741|479668|PROTETOR DESCARTAVEL - EM PROTETOR OCULAR PARA FOTOTERAPIA OU USO EM INCUBADORA, EM TECIDO DE ALGODAO QUE NAO SOLTA RESIDUOS, BLACKOUT INTEGRADO, SEM COSTURAS,LIVRE DE LATEX, FAIXA AJUSTAVEL, NAO ESTERIL, DESCARTAVEL, TAMANHO M, EM PACOTE COM 01 UNIDADE, APRESENTACAO DE ACORDO COM DECRETO LEI 79094/77 COMBINADO COM O ART.31 L.8078/90|PROTETOR OCULAR, APLICAÇÃO: P/ FOTOTERAPIA NEONATAL , FORMATO: TIPO ÓCULOS , MODELO: BINOCULAR , MATERIAL: PELÍCULA HIPOALERGÊNICA , TAMANHO: MÉDIO , COMPONENTE: BORDA C/ FIXAÇÃO ADESIVA , ESTERILIDADE: USO ÚNICO , EMBALAGEM: EMBALAGEM INDIVIDUAL 
1113|OK_SEM_FLAGS|False|False|False|MATERIAIS DE USO TECNICO HOSPITALAR|CARTAZES, MOSTRUÁRIOS E PLACAS DE IDENTIFICAÇÃO|597929|225101|PULSEIRA DE IDENTIFICACAO DE PACIENTE - CONFECCIONADO EM PLASTICO MACIO, NA MEDIDA: 2,5 X 6,5 CM (ADULTO), NA COR BRANCA, COM NO MINIMO 12 PONTOS, PERMITINDO O USO DE CANETA ESFEROGRAFICA PONTA FINA, RESISTENTE A PROCEDIMENTOS, COM LACRE INVIOLAVEL, ANTI-ALERGICA, ATOXICA, APRESENTACAO CONFORME DECRETO LEI 79094/77 COMBINADO COM O ART.31 DA LEI 8078/90|PULSEIRA IDENTIFICAÇÃO, TIPO: SEM IMPRESSÃO , COR: BRANCA , LARGURA: 2,50 CM, COMPRIMENTO: 21 CM, TIPO MATERIAL: ATÓXICO E ANTIALÉRGICO , USO: PULSO , COR BÁSICA: NÃO APLICÁVEL , APLICAÇÃO: CONTROLE PARQUE/CLUBE/HOSPITAL/CONGRESSO/FEIRA/ , CARACTERÍSTICAS ADICIONAIS: COLAGEM DEFINITIVA E RETIRADA FÁCIL 
1114|OK_SEM_FLAGS|False|False|False|MATERIAIS DE USO TECNICO HOSPITALAR|CARTAZES, MOSTRUÁRIOS E PLACAS DE IDENTIFICAÇÃO|597937|363142|PULSEIRA DE IDENTIFICACAO DE PACIENTE - CONFECCIONADO EM PLASTICO MACIO, NA MEDIDA: 1,8 X 5,4 CM (INFANTIL), NA COR BRANCA, COM NO MINIMO 14 PONTOS, PERMITINDO O USO DE CANETA ESFEROGRAFICA PONTA FINA, RESISTENTE A PROCEDIMENTOS, LACRE INVIOLAVEL, ANTI-ALERGICA, ATOXICA, APRESENTACAO CONFORME DECRETO LEI 79094/77 COMBINADO COM O ART.31 DA LEI 8078/90.|PULSEIRA IDENTIFICAÇÃO, TIPO: PEDIÁTRICA, IMPERMEÁVEL , TIPO MATERIAL: PLÁSTICO MACIO E RESISTENTE, ANTIALÉRGICO , COR BÁSICA: BRANCA , CARACTERÍSTICAS ADICIONAIS: FECHO INVIOLÁVEL, REGULÁVEL, DESCATÁVEL 
1115|MAPEAMENTO_INCERTO|False|False|True|MATERIAIS DE USO TECNICO HOSPITALAR|CARTAZES, MOSTRUÁRIOS E PLACAS DE IDENTIFICAÇÃO|823422|363142|PULSEIRA DE IDENTIFICACAO DE PACIENTE - CONFECCIONADO EM PLASTICO MACIO,DESCARTAVEL, NA MEDIDA: RECEM NASCIDO COM 1.8 X 5.4 CM, NA COR BRANCA, COM 5 PONTOS, PERMITINDO O USO DE CANETA ESFEROGRAFICA PONTA FINA, RESISTENTE A PROCEDIMENTOS, LACRE INVIOLAVEL, ANTI-ALERGICA, ATOXICA, APRESENTACAO CONFORME DECRETO LEI 79094/77 COMBINADO COM O ART.31 L.8078/90|PULSEIRA IDENTIFICAÇÃO, TIPO: PEDIÁTRICA, IMPERMEÁVEL , TIPO MATERIAL: PLÁSTICO MACIO E RESISTENTE, ANTIALÉRGICO , COR BÁSICA: BRANCA , CARACTERÍSTICAS ADICIONAIS: FECHO INVIOLÁVEL, REGULÁVEL, DESCATÁVEL 
1116|OK_SEM_FLAGS|False|False|False|MATERIAIS DE USO TECNICO HOSPITALAR|CARTAZES, MOSTRUÁRIOS E PLACAS DE IDENTIFICAÇÃO|1769294|479732|PULSEIRA DE IDENTIFICACAO DE PACIENTE - CONFECCIONADO EM CONJUNTO DE PULSEIRAS EM MATERIAL DE POLIETILENO NUMERADAS PARA IDENTIFICACAO MAE/FILHO, NA MEDIDA: COM TAMANHO PADRAO PARA O RECEM-NASCIDO E TAMANHOMINIMO DE 25 CM PARA A DA PACIENTE, NA COR BRANCA, COM PRESILHA DE ACO INOXIDAVEL, PERMITINDO O USO DE ESPACO PARA IDENTIFICACAO DOS NOMES DOS PACIENTES(ESCRITA COM LAPIS ADEQUADO), RESISTENTE A PROCEDIMENTOS, APRESENTAR PERFEITO AJUSTE NA TRANCA E NAO CAUSARFFERIMENTOS NO PACIENTE, APRESENTACAO CONFORME DECRETO LEI 79094/77 EMBALAGEM CONTENDO OS DADOS DE IDENTIFICACAO E PROCEDENCIA.|PULSEIRA IDENTIFICAÇÃO, TIPO: KIT P/ MÃE E RECÉM NASCIDO - RN ÚNICO , TIPO MATERIAL: IMPERMEÁVEL, ANTIALÉRGICO , USO: PULSO , APLICAÇÃO: CONTROLE HOSPITALAR , CARACTERÍSTICAS ADICIONAIS: NUMERADA, INVIOLÁVEL, AJUSTÁVEL, USO ÚNICO 
1116|OK_SEM_FLAGS|False|False|False|MATERIAIS DE USO TECNICO HOSPITALAR|CARTAZES, MOSTRUÁRIOS E PLACAS DE IDENTIFICAÇÃO|1769294|479733|PULSEIRA DE IDENTIFICACAO DE PACIENTE - CONFECCIONADO EM CONJUNTO DE PULSEIRAS EM MATERIAL DE POLIETILENO NUMERADAS PARA IDENTIFICACAO MAE/FILHO, NA MEDIDA: COM TAMANHO PADRAO PARA O RECEM-NASCIDO E TAMANHOMINIMO DE 25 CM PARA A DA PACIENTE, NA COR BRANCA, COM PRESILHA DE ACO INOXIDAVEL, PERMITINDO O USO DE ESPACO PARA IDENTIFICACAO DOS NOMES DOS PACIENTES(ESCRITA COM LAPIS ADEQUADO), RESISTENTE A PROCEDIMENTOS, APRESENTAR PERFEITO AJUSTE NA TRANCA E NAO CAUSARFFERIMENTOS NO PACIENTE, APRESENTACAO CONFORME DECRETO LEI 79094/77 EMBALAGEM CONTENDO OS DADOS DE IDENTIFICACAO E PROCEDENCIA.|PULSEIRA IDENTIFICAÇÃO, TIPO: KIT P/ MÃE E RECÉM NASCIDOS - RN GEMELAR , TIPO MATERIAL: IMPERMEÁVEL, ANTIALÉRGICO , USO: PULSO , APLICAÇÃO: CONTROLE HOSPITALAR , CARACTERÍSTICAS ADICIONAIS: NUMERADA, INVIOLÁVEL, AJUSTÁVEL, USO ÚNICO 
1117|OK_SEM_FLAGS|False|False|False|MATERIAIS DE USO TECNICO HOSPITALAR|INSTRUMENTOS, EQUIPAMENTOS E SUPRIMENTOS MÉDICOS  E  CIRÚRGICOS|2300869|617983|FITA REAJUSTAVEL DE PERNA - RESTRITOR PARA TORNOZELO OU PUNHO, AJUSTAVEL, CONFECIONADO EM TECIDO MACIO E CONFORTAVEL COM TIRAS DE ALGODAO, EMBALAGEM INDIVIDUAL, TAMANHO ADULTO|FAIXA PARA CONTENÇÃO DE PACIENTE, APLICAçãO: P/ MEMBROS SUPERIORES / INFERIORES , MATERIAL: TECIDO RESISTENTE, ACOLCHOADO E IMPERMEÁVEL , COMPONENTE: TIRA AJUSTÁVEL , TAMANHO: ADULTO 
1117|OK_SEM_FLAGS|False|False|False|MATERIAIS DE USO TECNICO HOSPITALAR|INSTRUMENTOS, EQUIPAMENTOS E SUPRIMENTOS MÉDICOS  E  CIRÚRGICOS|2300869|617989|FITA REAJUSTAVEL DE PERNA - RESTRITOR PARA TORNOZELO OU PUNHO, AJUSTAVEL, CONFECIONADO EM TECIDO MACIO E CONFORTAVEL COM TIRAS DE ALGODAO, EMBALAGEM INDIVIDUAL, TAMANHO ADULTO|FAIXA PARA CONTENÇÃO DE PACIENTE, APLICAçãO: P/ MEMBROS SUPERIORES / INFERIORES , MATERIAL: TECIDO RESISTENTE E ACOLCHOADO , COMPONENTE: TIRA AJUSTÁVEL , TAMANHO: ADULTO 
1118|OK_SEM_FLAGS|False|False|False|MATERIAIS DE USO TECNICO HOSPITALAR|INSTRUMENTOS, EQUIPAMENTOS E SUPRIMENTOS MÉDICOS  E  CIRÚRGICOS|1792474|436810|ROMPEDOR DE BOLSA - DE MATERIAL PLASTICO, ESTERIL USADA P/ ROMPER A BOLSA AMNIOTICA, APRESENTACAO CONFORME O DECRETO LEI 79094/77 EMBALAGEM UNICA, ESTERIL E DESCARTAVEL|AMNIÓTOMO, MATERIAL: PLÁSTICO , COMPRIMENTO*: CERCA DE 25 CM, EMBALAGEM: EMBALAGEM INDIVIDUAL , ESTERILIDADE*: ESTÉRIL, DESCARTÁVEL 
1119|OK_SEM_FLAGS|False|False|False|MATERIAIS DE USO TECNICO HOSPITALAR|INSTRUMENTOS, EQUIPAMENTOS E SUPRIMENTOS MÉDICOS  E  CIRÚRGICOS|1785265|617931|SHAKER - CONFECCIONADO EM POLIETILENO, PARA PRODUZIR VIBRACOES E TRANSMITIR PARA A ARVORE BRONQUICA, DESMONTAVEL EM 05 PARTES, APRESENTACAO/EMBALAGEM APROPRIADA AO PRODUTO.|DISPOSITIVO PORTÁTIL PARA TERAPIA RESPIRATÓRIA, TIPO DE FUNCIONAMENTO: PRESSÃO / VIBRAÇÃO , NÍVEL DE ESFORÇO: BAIXO , MODELO: TIPO CACHIMBO, PONTA DISTAL C/ ORIFÍCIOS , MATERIAL: POLÍMERO C/ ESFERA METÁLICA INTERNA , COMPONENTE: C/ BOCAL , COMPONENTE ADICIONAL: C/ CLIPE NASAL , TIPO USO: USO INDIVIDUAL 
1119|OK_SEM_FLAGS|False|False|False|MATERIAIS DE USO TECNICO HOSPITALAR|INSTRUMENTOS, EQUIPAMENTOS E SUPRIMENTOS MÉDICOS  E  CIRÚRGICOS|1785265|617932|SHAKER - CONFECCIONADO EM POLIETILENO, PARA PRODUZIR VIBRACOES E TRANSMITIR PARA A ARVORE BRONQUICA, DESMONTAVEL EM 05 PARTES, APRESENTACAO/EMBALAGEM APROPRIADA AO PRODUTO.|DISPOSITIVO PORTÁTIL PARA TERAPIA RESPIRATÓRIA, TIPO DE FUNCIONAMENTO: PRESSÃO / VIBRAÇÃO , NÍVEL DE ESFORÇO: MéDIO , MODELO: TIPO CACHIMBO, PONTA DISTAL C/ ORIFÍCIOS , MATERIAL: POLÍMERO C/ ESFERA METÁLICA INTERNA , COMPONENTE: C/ BOCAL , COMPONENTE ADICIONAL: C/ CLIPE NASAL , TIPO USO: USO INDIVIDUAL 
1119|OK_SEM_FLAGS|False|False|False|MATERIAIS DE USO TECNICO HOSPITALAR|INSTRUMENTOS, EQUIPAMENTOS E SUPRIMENTOS MÉDICOS  E  CIRÚRGICOS|1785265|617933|SHAKER - CONFECCIONADO EM POLIETILENO, PARA PRODUZIR VIBRACOES E TRANSMITIR PARA A ARVORE BRONQUICA, DESMONTAVEL EM 05 PARTES, APRESENTACAO/EMBALAGEM APROPRIADA AO PRODUTO.|DISPOSITIVO PORTÁTIL PARA TERAPIA RESPIRATÓRIA, TIPO DE FUNCIONAMENTO: PRESSÃO / VIBRAÇÃO , NÍVEL DE ESFORÇO: ALTO , MODELO: TIPO CACHIMBO, PONTA DISTAL C/ ORIFÍCIOS , MATERIAL: POLÍMERO C/ ESFERA METÁLICA INTERNA , COMPONENTE: C/ BOCAL , COMPONENTE ADICIONAL: C/ CLIPE NASAL , TIPO USO: USO INDIVIDUAL 
1120|OK_SEM_FLAGS|False|False|False|MATERIAIS DE USO TECNICO HOSPITALAR|INSTRUMENTOS, EQUIPAMENTOS E SUPRIMENTOS MÉDICOS  E  CIRÚRGICOS|2370654|454391|SISTEMA DE ASPIRACAO TRAQUEAL FECHADO - COMPOSTO POR: SONDA DE ASPIRACAO AUTRAUMATICA DE DUPLA DENSIDADE COM CATETER MOUNT COM SUPERFICIE INTERNA LISA E UMA CARTELA DE ADESIVO PARA CONTROLAR O DIA DA TROCA, EM MATERIA PRIMA DOS COMPONETES EM POLIPROPILENO, POLIESTILENO, BORRACHA NITRILICA, RESINA K, PVC E SILICIONE, ATOXICO,FLEXIVEL,TRANSP., MEDINDO 58 CM. 6 FR COMPR., BROCOSCOPIA, COM GRADUACAO, COM ORIFICIOS LATERAIS E DISTAL, PONTA ARREDONDADA, LUVA EM PLASTICO SILICONIZADA NO CORPO DA SONDA, ADAPTADOR COM CONEXAO EM Y COM DUPLO SWIVEL (PIVO GIRATORIO 360) COM CAMARA FECHADA PARA ISOLAR A SONDA, COM VIA DE INSTILACAO PARA FLUIDIFICACAO DA SECRECAO E LIMPEZA INTERNA DA SONDA, COM VALVULA PARA CONTROLE DE VACUO COM TRAVA E DUAS TAMPA DE VEDACAO PARA TROCA, CONECTOR PARA TUBO ENDOTRAQUEAL, ESTERIL, ROTULAGEM RESPEITANDO O DECRETO LEI 79094/77 ART.31 L.8078/90 PORT.CONJ.N.1 DE 23/1/96-M.SAUDE, APRESENTACAO CONFORME DECRETO LEI 79094/77 COMBINADO COM O ART.31 L.8078/90|SISTEMA FECHADO ASPIRAÇÃO TRAQUEAL, APLICAÇÃO: P/ TUBO ENDOTRAQUEAL , TAMANHO: 6 FR , TIPO SONDA: SONDA GRADUADA E PROTEGIDA , CONECTOR: CONECTORES PADRÃO , VIAS: VIA IRRIGAÇÃO ANTIRREFLUXO , VÁLVULA SUCÇÃO: VÁLVULA SUCÇÃO C/ TAMPA E TRAVA DE SEGURANÇA , ESTERILIDADE: ESTÉRIL, USO ÚNICO , EMBALAGEM: EMBALAGEM INDIVIDUAL 
1120|OK_SEM_FLAGS|False|False|False|MATERIAIS DE USO TECNICO HOSPITALAR|INSTRUMENTOS, EQUIPAMENTOS E SUPRIMENTOS MÉDICOS  E  CIRÚRGICOS|2370654|454396|SISTEMA DE ASPIRACAO TRAQUEAL FECHADO - COMPOSTO POR: SONDA DE ASPIRACAO AUTRAUMATICA DE DUPLA DENSIDADE COM CATETER MOUNT COM SUPERFICIE INTERNA LISA E UMA CARTELA DE ADESIVO PARA CONTROLAR O DIA DA TROCA, EM MATERIA PRIMA DOS COMPONETES EM POLIPROPILENO, POLIESTILENO, BORRACHA NITRILICA, RESINA K, PVC E SILICIONE, ATOXICO,FLEXIVEL,TRANSP., MEDINDO 58 CM. 6 FR COMPR., BROCOSCOPIA, COM GRADUACAO, COM ORIFICIOS LATERAIS E DISTAL, PONTA ARREDONDADA, LUVA EM PLASTICO SILICONIZADA NO CORPO DA SONDA, ADAPTADOR COM CONEXAO EM Y COM DUPLO SWIVEL (PIVO GIRATORIO 360) COM CAMARA FECHADA PARA ISOLAR A SONDA, COM VIA DE INSTILACAO PARA FLUIDIFICACAO DA SECRECAO E LIMPEZA INTERNA DA SONDA, COM VALVULA PARA CONTROLE DE VACUO COM TRAVA E DUAS TAMPA DE VEDACAO PARA TROCA, CONECTOR PARA TUBO ENDOTRAQUEAL, ESTERIL, ROTULAGEM RESPEITANDO O DECRETO LEI 79094/77 ART.31 L.8078/90 PORT.CONJ.N.1 DE 23/1/96-M.SAUDE, APRESENTACAO CONFORME DECRETO LEI 79094/77 COMBINADO COM O ART.31 L.8078/90|SISTEMA FECHADO ASPIRAÇÃO TRAQUEAL, APLICAÇÃO: P/ TUBO ENDOTRAQUEAL , TAMANHO: 6 FR , TIPO SONDA: SONDA GRADUADA E PROTEGIDA , CONECTOR: CONECTORES PADRÃO , VIAS: VIA IRRIGAÇÃO ANTIRREFLUXO E AEROSSOLTERAPIA , VÁLVULA SUCÇÃO: VÁLVULA SUCÇÃO C/ TAMPA E TRAVA DE SEGURANÇA , ESTERILIDADE: ESTÉRIL, USO ÚNICO , EMBALAGEM: EMBALAGEM INDIVIDUAL 
1121|OK_SEM_FLAGS|False|False|False|MATERIAIS DE USO TECNICO HOSPITALAR|INSTRUMENTOS, EQUIPAMENTOS E SUPRIMENTOS MÉDICOS  E  CIRÚRGICOS|5145163|454406|SISTEMA DE ASPIRACAO TRAQUEAL FECHADO - COMPOSTO POR: SONDA DE ASPIRACAO TRAQUEAL COM MANGA PROTETORA, ATRAUMATICA DE DUPLA DENSIDADE, GRADUADA, COM CATETER MOUNT,EM POLIPROPILENO, POLIESTILENO, BORRACHA NITRILICA, RESINA K, PVC E SILICONE, ATOXICO, FLEXIVEL, TRANSPARENTE,TAMANHO PEDIATRICO, APROXIMADAMENTE 36,00CM DE COMPRIMENTO, 08FR,COM ORIFICIOS LISOS, COM DUAS TAMPAS PROTETORAS,LUVA EM PLASTICO, SILICONIZADA NO CORPO DA SONDA,ADAPTADOR  GIRATORIO COM ANGULO DE 120 GRAUS COM MDI,COM VIA PARA INSTILACAO DE FLUIDOS,VALVULA DE ASPIRACAO GIRATORIA DE ACESSO AO PACIENTE,CONECTOR PARA CANULA DE TRAQUEOSTOMIA,EMBALAGEM ESTERIL EM OXIDO DE ETILENO,.,.|SISTEMA FECHADO ASPIRAÇÃO TRAQUEAL, APLICAÇÃO: P/ TUBO ENDOTRAQUEAL , TAMANHO: 8 FR , TIPO SONDA: SONDA GRADUADA E PROTEGIDA , CONECTOR: CONECTORES PADRÃO , VIAS: VIA IRRIGAÇÃO ANTIRREFLUXO , VÁLVULA SUCÇÃO: VÁLVULA SUCÇÃO C/ TAMPA E TRAVA DE SEGURANÇA , ESTERILIDADE: ESTÉRIL, USO ÚNICO , EMBALAGEM: EMBALAGEM INDIVIDUAL 
1122|OK_SEM_FLAGS|False|False|False|MATERIAIS DE USO TECNICO HOSPITALAR|INSTRUMENTOS, EQUIPAMENTOS E SUPRIMENTOS MÉDICOS  E  CIRÚRGICOS|2370689|454394|SISTEMA DE ASPIRACAO TRAQUEAL FECHADO - COMPOSTO POR: SONDA DE ASPIRACAO AUTRAUMATICA DE DUPLA DENSIDADE COM CATETER MOUNT COM SUPERFICIE INTERNA LISA E UMA CARTELA DE ADESIVO PARA CONTROLAR O DIA DA TROCA, EM MATERIA PRIMA DOS COMPONETES EM POLIPROPILENO, POLIESTILENO, BORRACHA NITRILICA, RESINA K, PVC E SILICIONE, ATOXICO,FLEXIVEL,TRANSP., MEDINDO 58 CM. 10 FR COMPR., BROCOSCOPIA, COM GRADUACAO, COM ORIFICIOS LATERAIS E DISTAL, PONTA ARREDONDADA, LUVA EM PLASTICO SILICONIZADA NO CORPO DA SONDA, ADAPTADOR COM CONEXAO EM Y COM DUPLO SWIVEL (PIVO GIRATORIO 360) COM CAMARA FECHADA PARA ISOLAR A SONDA, COM VIA DE INSTILACAO PARA FLUIDIFICACAO DA SECRECAO E LIMPEZA INTERNA DA SONDA, COM VALVULA PARA CONTROLE DE VACUO COM TRAVA E DUAS TAMPA DE VEDACAO PARA TROCA, CONECTOR PARA TUBO ENDOTRAQUEAL, ESTERIL, ROTULAGEM RESPEITANDO O DECRETO LEI 79094/77 ART.31 L.8078/90 PORT.CONJ.N.1 DE 23/1/96-M.SAUDE, APRESENTACAO CONFORME DECRETO LEI 79094/77 COMBINADO COM O ART.31 L.8078/90|SISTEMA FECHADO ASPIRAÇÃO TRAQUEAL, APLICAÇÃO: P/ TUBO ENDOTRAQUEAL , TAMANHO: 10 FR , TIPO SONDA: SONDA GRADUADA E PROTEGIDA , CONECTOR: CONECTORES PADRÃO , VIAS: VIA IRRIGAÇÃO ANTIRREFLUXO , VÁLVULA SUCÇÃO: VÁLVULA SUCÇÃO C/ TAMPA E TRAVA DE SEGURANÇA , ESTERILIDADE: ESTÉRIL, USO ÚNICO , EMBALAGEM: EMBALAGEM INDIVIDUAL 
1122|OK_SEM_FLAGS|False|False|False|MATERIAIS DE USO TECNICO HOSPITALAR|INSTRUMENTOS, EQUIPAMENTOS E SUPRIMENTOS MÉDICOS  E  CIRÚRGICOS|2370689|454399|SISTEMA DE ASPIRACAO TRAQUEAL FECHADO - COMPOSTO POR: SONDA DE ASPIRACAO AUTRAUMATICA DE DUPLA DENSIDADE COM CATETER MOUNT COM SUPERFICIE INTERNA LISA E UMA CARTELA DE ADESIVO PARA CONTROLAR O DIA DA TROCA, EM MATERIA PRIMA DOS COMPONETES EM POLIPROPILENO, POLIESTILENO, BORRACHA NITRILICA, RESINA K, PVC E SILICIONE, ATOXICO,FLEXIVEL,TRANSP., MEDINDO 58 CM. 10 FR COMPR., BROCOSCOPIA, COM GRADUACAO, COM ORIFICIOS LATERAIS E DISTAL, PONTA ARREDONDADA, LUVA EM PLASTICO SILICONIZADA NO CORPO DA SONDA, ADAPTADOR COM CONEXAO EM Y COM DUPLO SWIVEL (PIVO GIRATORIO 360) COM CAMARA FECHADA PARA ISOLAR A SONDA, COM VIA DE INSTILACAO PARA FLUIDIFICACAO DA SECRECAO E LIMPEZA INTERNA DA SONDA, COM VALVULA PARA CONTROLE DE VACUO COM TRAVA E DUAS TAMPA DE VEDACAO PARA TROCA, CONECTOR PARA TUBO ENDOTRAQUEAL, ESTERIL, ROTULAGEM RESPEITANDO O DECRETO LEI 79094/77 ART.31 L.8078/90 PORT.CONJ.N.1 DE 23/1/96-M.SAUDE, APRESENTACAO CONFORME DECRETO LEI 79094/77 COMBINADO COM O ART.31 L.8078/90|SISTEMA FECHADO ASPIRAÇÃO TRAQUEAL, APLICAÇÃO: P/ TUBO ENDOTRAQUEAL , TAMANHO: 10 FR , TIPO SONDA: SONDA GRADUADA E PROTEGIDA , CONECTOR: CONECTORES PADRÃO , VIAS: VIA IRRIGAÇÃO ANTIRREFLUXO E AEROSSOLTERAPIA , VÁLVULA SUCÇÃO: VÁLVULA SUCÇÃO C/ TAMPA E TRAVA DE SEGURANÇA , ESTERILIDADE: ESTÉRIL, USO ÚNICO , EMBALAGEM: EMBALAGEM INDIVIDUAL 
1123|OK_SEM_FLAGS|False|False|False|MATERIAIS DE USO TECNICO HOSPITALAR|INSTRUMENTOS, EQUIPAMENTOS E SUPRIMENTOS MÉDICOS  E  CIRÚRGICOS|2647419|454400|SISTEMA DE ASPIRACAO TRAQUEAL FECHADO - TAMANHO ADULTO, COMPOSTO POR: SONDA DE ASPIRACAO TRAQUEAL COM MANGA PROTETORA DE TAMANHO 12FR, AUTRAUMATICA DE DUPLA DENSIDADE GRADUADA EM 58CM, COM CATETER MOUNT,EM EM POLIPROPILENO, POLIESTILENO, BORRACHA NITRILICA, RESINA K, PVC E SILICIONE, ATOXICO, FLEXIVEL, TRANSPARENTE,MEDINDO 58 CM. 12 FR,COM ORIFICIOS LISO COM DUAS TAMPAS PROTETORAS,LUVA EM PLASTICO SILICONIZADA NO CORPO DA SONDA,CONECTOR GIRATORIO COM ANGULO DE 120 GRAUS COM MDI,COM VIA DE INSTILACAO PARA FLUIDIFICACAO DA SECRECAO E LIMPEZA INTERNA DA SONDA,VALVULA DE ASPIRACAO GIRATORIA DE ACESSO AO PACIENTE,CONECTOR PARA TUBO ENDOTRAQUEAL,EMBALAGEM ESTERIL EM OXIDO DE ETILENO, COM TAMPA ACOPLADA COM PERFEITA VEDACAO,ROTULAGEM RESPEITANDO O DECRETO LEI 79094/77 ART.31 L.8078/90 PORT.CONJ.N.1 DE 23/1/96-M.SAUDE,APRESENTACAO CONFORME DECRETO LEI 79094/77 COMBINADO COM O ART.31 L.8078/90|SISTEMA FECHADO ASPIRAÇÃO TRAQUEAL, APLICAÇÃO: P/ TUBO ENDOTRAQUEAL , TAMANHO: 12 FR , TIPO SONDA: SONDA GRADUADA E PROTEGIDA , CONECTOR: CONECTORES PADRÃO , VIAS: VIA IRRIGAÇÃO ANTIRREFLUXO E AEROSSOLTERAPIA , VÁLVULA SUCÇÃO: VÁLVULA SUCÇÃO C/ TAMPA E TRAVA DE SEGURANÇA , ESTERILIDADE: ESTÉRIL, USO ÚNICO , EMBALAGEM: EMBALAGEM INDIVIDUAL 
1123|OK_SEM_FLAGS|False|False|False|MATERIAIS DE USO TECNICO HOSPITALAR|INSTRUMENTOS, EQUIPAMENTOS E SUPRIMENTOS MÉDICOS  E  CIRÚRGICOS|2647419|454395|SISTEMA DE ASPIRACAO TRAQUEAL FECHADO - TAMANHO ADULTO, COMPOSTO POR: SONDA DE ASPIRACAO TRAQUEAL COM MANGA PROTETORA DE TAMANHO 12FR, AUTRAUMATICA DE DUPLA DENSIDADE GRADUADA EM 58CM, COM CATETER MOUNT,EM EM POLIPROPILENO, POLIESTILENO, BORRACHA NITRILICA, RESINA K, PVC E SILICIONE, ATOXICO, FLEXIVEL, TRANSPARENTE,MEDINDO 58 CM. 12 FR,COM ORIFICIOS LISO COM DUAS TAMPAS PROTETORAS,LUVA EM PLASTICO SILICONIZADA NO CORPO DA SONDA,CONECTOR GIRATORIO COM ANGULO DE 120 GRAUS COM MDI,COM VIA DE INSTILACAO PARA FLUIDIFICACAO DA SECRECAO E LIMPEZA INTERNA DA SONDA,VALVULA DE ASPIRACAO GIRATORIA DE ACESSO AO PACIENTE,CONECTOR PARA TUBO ENDOTRAQUEAL,EMBALAGEM ESTERIL EM OXIDO DE ETILENO, COM TAMPA ACOPLADA COM PERFEITA VEDACAO,ROTULAGEM RESPEITANDO O DECRETO LEI 79094/77 ART.31 L.8078/90 PORT.CONJ.N.1 DE 23/1/96-M.SAUDE,APRESENTACAO CONFORME DECRETO LEI 79094/77 COMBINADO COM O ART.31 L.8078/90|SISTEMA FECHADO ASPIRAÇÃO TRAQUEAL, APLICAÇÃO: P/ TUBO ENDOTRAQUEAL , TAMANHO: 12 FR , TIPO SONDA: SONDA GRADUADA E PROTEGIDA , CONECTOR: CONECTORES PADRÃO , VIAS: VIA IRRIGAÇÃO ANTIRREFLUXO , VÁLVULA SUCÇÃO: VÁLVULA SUCÇÃO C/ TAMPA E TRAVA DE SEGURANÇA , ESTERILIDADE: ESTÉRIL, USO ÚNICO , EMBALAGEM: EMBALAGEM INDIVIDUAL 
1124|OK_SEM_FLAGS|False|False|False|MATERIAIS DE USO TECNICO HOSPITALAR|INSTRUMENTOS, EQUIPAMENTOS E SUPRIMENTOS MÉDICOS  E  CIRÚRGICOS|1213059|454392|SISTEMA DE ASPIRACAO TRAQUEAL FECHADO - COMPOSTO POR: SONDA DE ASPIRACAO TRAQUEAL,VALVULA ERGONOMICA COM TRAVA E TAMPA, EM POLIPROPILENO, POLIESTILENO, BORRACHA NITRILICA, RESINA K, PVC E SILICONE, ATOXICO, FLEXIVEL,TRANSP., MEDINDO 54 CM. COMPR., CALIBRE NR. 14, COM ESCALA NUMERADA, COM ORIFICIOS LATERAIS E DISTAL, PONTA ARREDONDADA, LUVA EM PLASTICO SILICONIZADA NO CORPO DA SONDA, ADAPTADOR COM CONEXAO EM Y COM DUPLO SWIVEL (PIVO GIRATORIO 360) COM CAMARA FECHADA PARA ISOLAR A SONDA, COM VIA DE INSTILACAO PARA FLUIDIFICACAO DA SECRECAO E LIMPEZA INTERNA DA SONDA, COM VALVULA ERGONOMICA NA EXTREMIDADE DISTAL PARA CONTROLE DE VACUO COM TAMPA E TRAVA, CONECTOR PARA TUBO ENDOTRAQUEAL (OU CANULA DE TRAQUEOST.) DE UM LADO E CIRCUITO MECANICO VENTILADOR DO OUTRO, ESTERIL, ROTULAGEM RESPEITANDO O DECRETO LEI 79094/77 ART.31 L.8078/90 PORT.CONJ.N.1 DE 23/1/96-M.SAUDE, APRESENTACAO CONFORME DECRETO LEI 79094/77 COMBINADO COM O ART.31 L.8078/90|SISTEMA FECHADO ASPIRAÇÃO TRAQUEAL, APLICAÇÃO: P/ TUBO ENDOTRAQUEAL , TAMANHO: 14 FR , TIPO SONDA: SONDA GRADUADA E PROTEGIDA , CONECTOR: CONECTORES PADRÃO , VIAS: VIA IRRIGAÇÃO ANTIRREFLUXO , VÁLVULA SUCÇÃO: VÁLVULA SUCÇÃO C/ TAMPA E TRAVA DE SEGURANÇA , ESTERILIDADE: ESTÉRIL, USO ÚNICO , EMBALAGEM: EMBALAGEM INDIVIDUAL 
1124|OK_SEM_FLAGS|False|False|False|MATERIAIS DE USO TECNICO HOSPITALAR|INSTRUMENTOS, EQUIPAMENTOS E SUPRIMENTOS MÉDICOS  E  CIRÚRGICOS|1213059|454397|SISTEMA DE ASPIRACAO TRAQUEAL FECHADO - COMPOSTO POR: SONDA DE ASPIRACAO TRAQUEAL,VALVULA ERGONOMICA COM TRAVA E TAMPA, EM POLIPROPILENO, POLIESTILENO, BORRACHA NITRILICA, RESINA K, PVC E SILICONE, ATOXICO, FLEXIVEL,TRANSP., MEDINDO 54 CM. COMPR., CALIBRE NR. 14, COM ESCALA NUMERADA, COM ORIFICIOS LATERAIS E DISTAL, PONTA ARREDONDADA, LUVA EM PLASTICO SILICONIZADA NO CORPO DA SONDA, ADAPTADOR COM CONEXAO EM Y COM DUPLO SWIVEL (PIVO GIRATORIO 360) COM CAMARA FECHADA PARA ISOLAR A SONDA, COM VIA DE INSTILACAO PARA FLUIDIFICACAO DA SECRECAO E LIMPEZA INTERNA DA SONDA, COM VALVULA ERGONOMICA NA EXTREMIDADE DISTAL PARA CONTROLE DE VACUO COM TAMPA E TRAVA, CONECTOR PARA TUBO ENDOTRAQUEAL (OU CANULA DE TRAQUEOST.) DE UM LADO E CIRCUITO MECANICO VENTILADOR DO OUTRO, ESTERIL, ROTULAGEM RESPEITANDO O DECRETO LEI 79094/77 ART.31 L.8078/90 PORT.CONJ.N.1 DE 23/1/96-M.SAUDE, APRESENTACAO CONFORME DECRETO LEI 79094/77 COMBINADO COM O ART.31 L.8078/90|SISTEMA FECHADO ASPIRAÇÃO TRAQUEAL, APLICAÇÃO: P/ TUBO ENDOTRAQUEAL , TAMANHO: 14 FR , TIPO SONDA: SONDA GRADUADA E PROTEGIDA , CONECTOR: CONECTORES PADRÃO , VIAS: VIA IRRIGAÇÃO ANTIRREFLUXO E AEROSSOLTERAPIA , VÁLVULA SUCÇÃO: VÁLVULA SUCÇÃO C/ TAMPA E TRAVA DE SEGURANÇA , ESTERILIDADE: ESTÉRIL, USO ÚNICO , EMBALAGEM: EMBALAGEM INDIVIDUAL 
1125|OK_SEM_FLAGS|False|False|False|MATERIAIS DE USO TECNICO HOSPITALAR|INSTRUMENTOS, EQUIPAMENTOS E SUPRIMENTOS MÉDICOS  E  CIRÚRGICOS|5856930|481526|SUPORTE PARA FIXACAO - TIRA DE REPOSICAO ACOLCHOADA, NAO ESTERIL, LAVAVEL,PARA FIXAR TUBO OROTRAQUEAL AO PESCOCO,FORMATO ANATOMICO DA FACE AO PESCOCO, DE FACIL APLICACAO E REMOCAO,EMBALAGEM APROPRIADA,.|FIXADOR P/ DISPOSITIVO MÉDICO, APLICAÇÃO: P/ TUBO ENDOTRAQUEAL , MATERIAL: TIRA ALGODÃO , CARACTERÍSTICA: 2 BANDAS ACOLCHOADAS , COMPONENTE: C/ VELCRO AJUSTÁVEL , TAMANHO: ADULTO , TIPO USO: USO ÚNICO , EMBALAGEM: EMBALAGEM INDIVIDUAL 
1125|OK_SEM_FLAGS|False|False|False|MATERIAIS DE USO TECNICO HOSPITALAR|INSTRUMENTOS, EQUIPAMENTOS E SUPRIMENTOS MÉDICOS  E  CIRÚRGICOS|5856930|481528|SUPORTE PARA FIXACAO - TIRA DE REPOSICAO ACOLCHOADA, NAO ESTERIL, LAVAVEL,PARA FIXAR TUBO OROTRAQUEAL AO PESCOCO,FORMATO ANATOMICO DA FACE AO PESCOCO, DE FACIL APLICACAO E REMOCAO,EMBALAGEM APROPRIADA,.|FIXADOR P/ DISPOSITIVO MÉDICO, APLICAÇÃO: P/ TUBO ENDOTRAQUEAL , MATERIAL: TIRA TECIDO SINTÉTICO E HIDROCOLÓIDE , CARACTERÍSTICA: ACOLCHOADA , COMPONENTE: C/ VELCRO AJUSTÁVEL , COMPONENTE ADICIONAL: C/ PRESILHA DE FIXAÇÃO , TAMANHO: ADULTO , TIPO USO: USO ÚNICO , EMBALAGEM: EMBALAGEM INDIVIDUAL 
1126|OK_SEM_FLAGS|False|False|False|MATERIAIS DE USO TECNICO HOSPITALAR|INSTRUMENTOS, EQUIPAMENTOS E SUPRIMENTOS MÉDICOS  E  CIRÚRGICOS|1926373|278669|SUSPENSORIO ESCROTAL - CONFECCIONDO EM TECIDO ELASTICO E ANTI-ALERGICO, NA FORMA ANATOMICO PARA BOLSA ESCROTAL,, COM LEVE E AJUSTAVEL FECHO,, AJUSTAVEL, GRANDE, COM DIMINUICAO DE EDEMA ESCROTAL.|SUSPENSÓRIO ESCROTAL, MATERIAL: TECIDO ELÁSTICO , TIPO: ANTIALÉRGICO , TAMANHO: GRANDE , CARACTERÍSTICAS ADICIONAIS: FAIXA LEVE,AJUSTÁVEL,FECHO NÃO CAUSE DESCONFORTO , COMPONENTE: SAQUEIRA ANATÔMICA 
1127|OK_SEM_FLAGS|False|False|False|MATERIAIS DE USO TECNICO HOSPITALAR|INSTRUMENTOS, EQUIPAMENTOS E SUPRIMENTOS MÉDICOS  E  CIRÚRGICOS|1926365|278670|SUSPENSORIO ESCROTAL - CONFECCIONDO EM TECIDO ELASTICO E ANTI-ALERGICO, NA FORMA ANATOMICO PARA BOLSA ESCROTAL,, COM LEVE E AJUSTAVEL FECHO,, AJUSTAVEL, MEDIO , COM DIMINUICAO DE EDEMA ESCROTAL.|SUSPENSÓRIO ESCROTAL, MATERIAL: TECIDO ELÁSTICO , TIPO: ANTIALÉRGICO , TAMANHO: MÉDIO , CARACTERÍSTICAS ADICIONAIS: FAIXA LEVE,AJUSTÁVEL,FECHO NÃO CAUSE DESCONFORTO , COMPONENTE: SAQUEIRA ANATÔMICA 
1128|OK_SEM_FLAGS|False|False|False|MATERIAIS DE USO TECNICO HOSPITALAR|INSTRUMENTOS, EQUIPAMENTOS E SUPRIMENTOS MÉDICOS  E  CIRÚRGICOS|1926357|313187|SUSPENSORIO ESCROTAL - CONFECCIONDO EM TECIDO ELASTICO E ANTI-ALERGICO, NA FORMA ANATOMICO PARA BOLSA ESCROTAL,, COM LEVE E AJUSTAVEL FECHO,, AJUSTAVEL, PEQUENO , COM DIMINUICAO DE EDEMA ESCROTAL.|SUSPENSÓRIO ESCROTAL, MATERIAL: TECIDO ELÁSTICO , TIPO: ANTIALÉRGICO , TAMANHO: PEQUENO , CARACTERÍSTICAS ADICIONAIS: FAIXA LEVE,AJUSTÁVEL,FECHO NÃO CAUSE DESCONFORTO , COMPONENTE: SAQUEIRA ANATÔMICA 
1129|OK_SEM_FLAGS|False|False|False|MATERIAIS DE USO TECNICO HOSPITALAR|INSTRUMENTOS, EQUIPAMENTOS E SUPRIMENTOS MÉDICOS  E  CIRÚRGICOS|1991230|452218|TALA METALICA - CONFECCIONADA EM ALUMINIO, REVESTIDA EM UM DOS LADOS COM ESPUMA E BORRACHA ANTIALERGICA, MEDINDO 16CM DE COMPRIMENTO, 1,6CM DE LARGURA E 2MM DE ESPESSURA, ROTULAGEM RESPEITANDO O DECRETO LEI 79094/77 MS|IMOBILIZADOR (TALA), MATERIAL: ALUMÍNIO REVESTIDO C/ ESPUMA , TAMANHO: CERCA DE 15 X 2 CM 
1130|OK_SEM_FLAGS|False|False|False|MATERIAIS DE USO TECNICO HOSPITALAR|INSTRUMENTOS, EQUIPAMENTOS E SUPRIMENTOS MÉDICOS  E  CIRÚRGICOS|1991221|452220|TALA METALICA - CONFECCIONADA EM ALUMINIO, REVESTIDA EM UM DOS LADOS COM ESPUMA E BORRACHA ANTIALERGICA, MEDINDO 20CM DE COMPRIMENTO, 2CM DE LARGURA E 2MM DE ESPESSURA, ROTULAGEM RESPEITANDO O DECRETO LEI 79094/77 MS|IMOBILIZADOR (TALA), MATERIAL: ALUMÍNIO REVESTIDO C/ ESPUMA , TAMANHO: CERCA DE 20 X 2 CM 
1131|OK_SEM_FLAGS|False|False|False|MATERIAIS DE USO TECNICO HOSPITALAR|INSTRUMENTOS, EQUIPAMENTOS E SUPRIMENTOS MÉDICOS  E  CIRÚRGICOS|1141660|479659|TAMPA PROTETORA - EM PLASTICO ATOXICO, PARA USO EM PARA TORNEIRINHA, EM INVOLUCRO INDIVIDUAL, ESTERIL, APRESENTACAO CONFORME O DECRETO LEI 79094/77 COMBINADO COM O ART.31 L.8078/90, ART.31 L 8078/90 PORT.CONJ.N.1 DE 23/1/96-M-SAUDE|TAMPA PROTETORA USO MÉDICO, APLICAÇÃO 1: P/ CONECTORES - EQUIPO, EXTENSOR, SERINGA, CATETER , TIPO: LUER LOCK  E  SLIP , MATERIAL: POLÍMERO , TIPO USO: ESTÉRIL, USO ÚNICO , EMBALAGEM: EMBALAGEM INDIVIDUAL 
1132|OK_SEM_FLAGS|False|False|False|EQUIPAMENTOS MEDICO HOSPITALARES|INSTRUMENTOS PARA MEDIÇÃO E CONTROLE DE PRESSÃO,TEMPERATURA E UMIDADE|3540189|424092|TERMOHIGROMETRO - MONITORACAO DE TEMPERATURA E UMIDADE,DIGITAL E PORTATIL,COM RABICHO DE NO MINIMO 1 METRO, MONITOR EM CRISTAL LIQUIDO, PERMITINDO A VISUALIZACAO DA TEMPERATURA E UMIDADE DE MANEIRA SIMULTENEA, POSSUI TAMBEM MEMORIA DE MAXIMO E MINIMO, TANTO PARA TEMPERATURA COMO PARA UMIDADE,ESCALA DE TEMPERATURA INTERNA E EXTERNA DE NO MINIMO -10 A 50 GRAUS CELSIUS,COM PRECISAO MINIMA DE ± 1 ºC ( ENTRE 0 E 35 ºC ) RESTANTE ± 2 ºC, RESOLUCAO MAXIMA DE 0.1 ºC,FAIXA DE MEDICAO UMIDADE RELATIVA: 20 A 95% H.R, PRECISAO MINIMA DE 5% U.R. ENTRE AS FAIXAS 40% - 80% U.R. E 8% PARA O RESTANTE DA ESCALA, COM RESOLUCAO MAXIMA DE 1%,PESO MAXIMO DE 250 GRAMAS,ALIMENTACAO COM PILHA DE 1,5 V, ACOMPANHA CERTIFICADO DE CALIBRACAO REALIZADA POR EMPRESA CREDENCIADA AO INMETRO (RBC) POR UNIDADE DE TERMOHIGROMETRO|TERMOHIGRÔMETRO, FONTE ALIMENTAÇÃO: BATERIA , ALTURA: 108 MM, COMPRIMENTO: 101 MM, ESPESSURA: 23 MM, FAIXA TEMPERATURA: - 10 À 50 °C, FAIXA MEDIÇÃO HUMIDADE RELATIVA: 20 A 90 PER, CARACTERÍSTICAS ADICIONAIS: SENSOR ACOPLADO, DISPLAY LCD, INDICAÇÃO SIMULTÂNEA 
1133|OK_SEM_FLAGS|False|False|False|MATERIAIS DE USO TECNICO HOSPITALAR|EQUIPAMENTO PARA REFRIGERAÇÃO|2363879|365045|TERMOMETRO - COM DIGITAL PARA USO AUXILAR,VISOR DIGITAL FACILIDA DE DE LEITURA;BATERIA DE LONGA DURACAO;LIVRE DE MERCURIO;BEEP SONORO;INDICADOR DE BATERIA BAIXA;MEMORIA PARA O ULTIMO RESULTADO;DESLIGA AUTOMATICAMENTE;, EM MATERIAL RESISTENTE, GRADUADA EM - 30 A 50-C,COM RESOLUCAO DE 0,1GRAU, EMBALAGEM INDIVIDUAL, ROTULAGEM DE ACORDO COM LEGISLACAO VIGENTE MS;GARANTIA DE 01 ANO|TERMÔMETRO, TIPO: DIGITAL , FAIXA MEDIÇÃO TEMPERATURA: -30° A 50 °C, APLICAÇÃO: LABORATÓRIO 
1135|OK_SEM_FLAGS|False|False|False|INSUMOS PARA EQUIPAMENTOS MEDICO HOSPITALARES|INSTRUMENTOS, EQUIPAMENTOS E SUPRIMENTOS MÉDICOS  E  CIRÚRGICOS|2507781|456767|"TRANSDUTOR DE PRESSAO - PARA USO EM SISTEMA DE MONITORIZACAO DE PRESSAO INVASIVA, EM PACIENTES ADULTOS, COM CARTUCHO DESCARTAVEL COMPATIVEL COM SISTEMA DE TRANSDUTOR  PERMANENTE, COM MEMBRANA NA PLACA DE MONTAGEM, COM ATUADOR ERGONOMICO EM FORMA DE GATILHO E COM BOTAO ( QA-CHECK) QUE PERMITE AFERICAO DE TODO O SISTEMA (TRANSDUTOR, CABO E MONITOR), COMPATIVEL COM TODOS OS MODELOS DE MONITORES,, CODIGO KIT COMPLETO COM EQUIPO DE SORO MACROGOTAS COM 60 "" DE COMP., COM CONECTOR LUER LOCK MACHO E FILTRO DE PARTICULAS; DISPOSITIVO DE FLUSH DE 3 CC/H, COM TORNEIRA DO ZERO INCORPORADA AO CARTUCHO DESCARTAVEL; 1 TORNEIRA DE 3 VIAS E DUAS LINHAS DE PRESSAO EM PVC DE BAIXA COMPLACENCIA, COM CONECTORES LUER LOCK MACHO-FEMEA COM 48"" E 12"", RESPECTIVAMENTE."|MATERIAL ESPECIAL CARDIOVASCULAR, APLICAÇÃO*: P/ MONITORIZAÇÃO PRESSÃO ARTERIAL INVASIVA , COMPONENTE 1: TRANSDUTOR C/ DISPOSITIVO FLUXO CERCA 3 ML/H , COMPONENTE 2: LINHA C/ EQUIPO, TORNEIRA VALVULADA , ADICIONAIS: 2 EXTENSORES , TAMANHO: CERCA DE 30 E 120 CM , ESTERILIDADE: ESTÉRIL, DESCARTÁVEL , COMPATIBILIDADE: COMPATIBILIDADE ESPECÍFICA 
1135|OK_SEM_FLAGS|False|False|False|INSUMOS PARA EQUIPAMENTOS MEDICO HOSPITALARES|INSTRUMENTOS, EQUIPAMENTOS E SUPRIMENTOS MÉDICOS  E  CIRÚRGICOS|2507781|456957|"TRANSDUTOR DE PRESSAO - PARA USO EM SISTEMA DE MONITORIZACAO DE PRESSAO INVASIVA, EM PACIENTES ADULTOS, COM CARTUCHO DESCARTAVEL COMPATIVEL COM SISTEMA DE TRANSDUTOR  PERMANENTE, COM MEMBRANA NA PLACA DE MONTAGEM, COM ATUADOR ERGONOMICO EM FORMA DE GATILHO E COM BOTAO ( QA-CHECK) QUE PERMITE AFERICAO DE TODO O SISTEMA (TRANSDUTOR, CABO E MONITOR), COMPATIVEL COM TODOS OS MODELOS DE MONITORES,, CODIGO KIT COMPLETO COM EQUIPO DE SORO MACROGOTAS COM 60 "" DE COMP., COM CONECTOR LUER LOCK MACHO E FILTRO DE PARTICULAS; DISPOSITIVO DE FLUSH DE 3 CC/H, COM TORNEIRA DO ZERO INCORPORADA AO CARTUCHO DESCARTAVEL; 1 TORNEIRA DE 3 VIAS E DUAS LINHAS DE PRESSAO EM PVC DE BAIXA COMPLACENCIA, COM CONECTORES LUER LOCK MACHO-FEMEA COM 48"" E 12"", RESPECTIVAMENTE."|TRANSDUTOR USO MÉDICO, COMPATÍVEL: P/ MONITOR MULTIPARÂMETRO , APLICAÇÃO: DE PRESSÃO ARTERIAL INVASIVA , COMPONENTE 1: C/ DISPOSITIVO DE FLUXO 3 ML/H , ESTERILIDADE: ESTÉRIL, DESCARTÁVEL 
1136|OK_SEM_FLAGS|False|False|False|MATERIAIS DE USO TECNICO HOSPITALAR|INSTRUMENTOS, EQUIPAMENTOS E SUPRIMENTOS MÉDICOS  E  CIRÚRGICOS|131717|457481|TORNEIRA DE 3 VIAS DESCARTAVEL - CONFECCIONADA EM MATERIAL APROPRIADO, EXCAIXE TIPO LUER-LOCK UNIVERSAIS, COM TAMPA INDIVIDUAL E ORIENTADOR DE FLUXO DIRECIONADO, PECA UNICA, COM EMBALAGEM EM PAPEL GRAU CIRURGICOE OU FILME TERMOPLASTICO, APRESENTACAO CONFORME DECRETO LEI 79094/77 COMBINADO COM ART.31 DA LEI 8078/90,COM DADOS DE IDENTIFICACAO,PROCEDENCIA,VAL,LOTE E REGISTRO NO MS|TORNEIRINHA, VIAS: 3 VIAS , MATERIAL*: POLÍMERO , TIPO CONECTOR: LUER LOCK / SLIP , PRESSÃO MÁXIMA: ATÉ CERCA DE 100 PSI, TIPO USO: ESTÉRIL, USO ÚNICO 
1137|OK_SEM_FLAGS|False|False|False|INSUMOS PARA AS AREAS HEMATOLOGICAS E HEMOTERAPICAS|INSTRUMENTOS, EQUIPAMENTOS E SUPRIMENTOS MÉDICOS  E  CIRÚRGICOS|1568620|614779|TORNIQUETE - EM BORRACHA SINTETICA, SEM LATEX, COM 45 CM COMPRIMENTO X 2,5 CM LARGURA, COM PARA ESTASE VENOSA, LIVRE DE PROTEINAS QUE CAUSAMALERGIA, NAO ESTERIL, EMBALAGEM APROPRIADA PARA O PRODUTO, CONSTANDO PROCEDENCIA, NR. LOTE, DATA DE FABRICACAO/VALIDADE|GARROTE, MATERIAL*: BORRACHA SINTÉTICA, ISENTO DE LÁTEX NATURAL , TIPO*: TIPO FITA , COMPONENTE ADICIONAL: TRAVA ADESIVA , DIMENSÕES: CERCA DE 2,5 X 45 CM, APRESENTAÇÃO: EM ROLO, PRÉ CORTADA , TIPO USO: USO ÚNICO 
1138|OK_SEM_FLAGS|False|False|False|MATERIAIS DE USO TECNICO HOSPITALAR|INSTRUMENTOS, EQUIPAMENTOS E SUPRIMENTOS MÉDICOS  E  CIRÚRGICOS|141151|459103|TUBO DE LATEX - FLEXIVEL,TRANSPARENTE, MEDINDO N.200, APRESENTACAO RESPEITANDO A LEGISLACAO ATUAL VIGENTE|TUBO HOSPITALAR, MATERIAL: BORRACHA DE LÁTEX NATURAL , REFERÊNCIA: Nº 200 , DIÂMETRO INTERNO: CERCA DE 3,0 MM , ESTERILIDADE: AUTOCLAVÁVEL 
1139|OK_SEM_FLAGS|False|False|False|MATERIAIS DE USO TECNICO HOSPITALAR|INSTRUMENTOS, EQUIPAMENTOS E SUPRIMENTOS MÉDICOS  E  CIRÚRGICOS|2370247|624472|"TUBO DE VENTILACAO OTOLOGICO - EM DE SILICONE, MEDINDO 1,1 X 4,0 MM, REFERENCIA EM  "" T "", ESTERILIZAVEL A OXIDO DE ETILENO, EMBALADO EM PAPEL GRAU CIRURGICO, DE ACORDO COM O M.S."|"TUBO DE VENTILAÇÃO PARA OUVIDO, MODELO: EM FORMA DE "" T "" , MATERIAL: SILICONE , ESTERILIDADE: ESTÉRIL, USO ÚNICO "
1140|OK_SEM_FLAGS|False|False|False|MATERIAIS DE USO TECNICO HOSPITALAR|INSTRUMENTOS, EQUIPAMENTOS E SUPRIMENTOS MÉDICOS  E  CIRÚRGICOS|2370204|624472|TUBO DE VENTILACAO OTOLOGICO - EM SILICONE, MEDINDO1,2 X 2,6 MM, REFERENCIA 1021, ESTERILIZAVEL A OXIDO DE ETILENO, EMBALADO EM PAPEL GRAU CIRURGICO, DE ACORDO COM O M.S.|"TUBO DE VENTILAÇÃO PARA OUVIDO, MODELO: EM FORMA DE "" T "" , MATERIAL: SILICONE , ESTERILIDADE: ESTÉRIL, USO ÚNICO "
1141|OK_SEM_FLAGS|False|False|False|INSUMOS PARA EQUIPAMENTOS MEDICO HOSPITALARES|INSTRUMENTOS, EQUIPAMENTOS E SUPRIMENTOS MÉDICOS  E  CIRÚRGICOS|3923797|344799|TUBO FLEXIVEL DE PVC - KIT DE TUBOS DE PVC DESCARTAVEIS COM 2 CONECTORES, COMPATIVEL  COM APARELHO HYSTEROMAT II DA MARCA KARL STORZ,INCOLOR, NITIDAMENTE TRANSPARENTE,EM PVC,PARA REALIZACAO DE HISTEROSCOPIA,,DESCARTAVEL,KIT COM 2 CONECTORES DESCARTAVEIS|PEÇA / COMPONENTE EQUIPAMENTO HOSPITALAR, USO: USO EM APARELHO IRRIGAÇÃO/ASPIRAÇÃO KARLS STORZ , COMPONENTES: TUBOS DESCARTÁVEIS C/2 CONECTORES , MATERIAL: PVC MALEÁVEL,ESTÉRIL , COMPRIMENTO: APROXIMADAMENTE 280 CM, DIÂMETRO: 5,1 MM
1142|OK_SEM_FLAGS|False|False|False|INSUMOS PARA EQUIPAMENTOS MEDICO HOSPITALARES|INSTRUMENTOS, EQUIPAMENTOS E SUPRIMENTOS MÉDICOS  E  CIRÚRGICOS|3053601|459102|TUBO FLEXIVEL DE PVC - TUBO EXTENSOR MEDINDO 3 METROS DE COMPRIMENTO E COM DIAMETRO INTERNO DE 6MM,TRANSPARENTE,EM PVC, ATOXICO, ESTERIL, COM CONECTORES NAS EXTREMIDADES,PARA ASPIRACAO,EMBALAGEM CONTENDO TIPO DE ESTERILIZACAO,DADOS DE IDENTIFICACAO, PROCEDENCIA, LOTE, DATA DE VALIDADE, REGISTRO NO MS/ANVISA, E APRESENTACAO CONFORME DECRETO LEI 79094/77 COMBINADO COM O ARTIGO 31 DA LEI 8078/90|TUBO HOSPITALAR, USO: ASPIRAÇÃO E IRRIGAÇÃO , MATERIAL: PVC TRANSPARENTE , MODELO: DUPLO , COMPRIMENTO: 2,0 M , COMPONENTES: CORTA FLUXO NAS 2 VIAS , ADICIONAIS: C/ CONECTORES E PONTEIRAS , ESTERILIDADE: ESTÉRIL, USO ÚNICO 
1143|OK_SEM_FLAGS|False|False|False|INSUMOS PARA EQUIPAMENTOS MEDICO HOSPITALARES|INSTRUMENTOS, EQUIPAMENTOS E SUPRIMENTOS MÉDICOS  E  CIRÚRGICOS|3053520|459117|TUBO FLEXIVEL DE PVC - TUBO EXTENSOR MEDINDO 2 METROS DE COMPRIMENTO E COM DIAMETRO INTERNO DE 6MM,TRANSPARENTE,EM PVC, ATOXICO, ESTERIL, COM CONECTORES NAS EXTREMIDADES,PARA ASPIRACAO,EMBALAGEM CONTENDO TIPO DE ESTERILIZACAO,DADOS DE IDENTIFICACAO, PROCEDENCIA, LOTE, DATA DE VALIDADE, REGISTRO NO MS/ANVISA, E APRESENTACAO CONFORME DECRETO LEI 79094/77 COMBINADO COM O ARTIGO 31 DA LEI 8078/90|TUBO HOSPITALAR, USO: ASPIRAÇÃO E IRRIGAÇÃO , MATERIAL: PVC DUAS CORES , MODELO: DUPLO , COMPRIMENTO: 3,0 M , COMPONENTES: CORTA FLUXO NAS 2 VIAS , ADICIONAIS: C/ CONECTORES E PONTEIRAS , ESTERILIDADE: ESTÉRIL, USO ÚNICO 
1144|OK_SEM_FLAGS|False|False|False|MATERIAIS DE USO TECNICO HOSPITALAR|INSTRUMENTOS, EQUIPAMENTOS E SUPRIMENTOS MÉDICOS  E  CIRÚRGICOS|1519271|459086|TUBO DE SILICONE - CONFECCIONADO EM SILICONE FLEXIVEL E ATOXICO, NA COR TRANSPARENTE, COM MEDIDAS: 2M, ROTULAGEM RESPEITANDO O DECRETO LEI 79094/77 ROTULAGEM DE ACORDO COM EXIGENCIAS DO MINISTERIODASAUDE.|TUBO HOSPITALAR, USO: ASPIRAÇÃO E IRRIGAÇÃO , MATERIAL: SILICONE TRANSPARENTE , MODELO: DUPLO , COMPRIMENTO: 2,0 M , COMPONENTES: CORTA FLUXO NAS 2 VIAS , ADICIONAIS: C/ CONECTORES , ESTERILIDADE: AUTOCLAVÁVEL , COMPATIBILIDADE: COMPATÍVEL C/  SISTEMA DE ARTROSCOPIA 
1145|MAPEAMENTO_INCERTO|False|False|True|MATERIAIS DE USO TECNICO HOSPITALAR|INSTRUMENTOS, EQUIPAMENTOS E SUPRIMENTOS MÉDICOS  E  CIRÚRGICOS|6061451|459120|TUBO DE SILICONE - FLEXIVEL, ATOXICO,TRANSPARENTE,Nº 204, COMPRIMENTO 3,0 M,.|TUBO HOSPITALAR, MATERIAL: SILICONE TRANSPARENTE , MODELO: DUPLO , COMPRIMENTO: 3,0 M , ADICIONAIS: CONECTOR P/ PEÇA DE MÃO , ESTERILIDADE: AUTOCLAVÁVEL , COMPATIBILIDADE: COMPATÍVEL C/ ASPIRADOR ULTRASSÔNICO 
1146|OK_SEM_FLAGS|False|False|False|MATERIAIS DE USO TECNICO HOSPITALAR|INSTRUMENTOS, EQUIPAMENTOS E SUPRIMENTOS MÉDICOS  E  CIRÚRGICOS|5958709|450943|TUBO TRAQUEAL EM T - EM SILICONE, SEMI FLEXIVEL, ESTERIL,DIAMETRO 8,0MM, COMPRIMENTO 9,80CM,PARA CORRECAO DE ESTENOSE TRAQUEAL,.|"ENDOPRÓTESE LUMINAL, TIPO: STENT , TIPO USO: TRAQUEAL , MODELO: MONTGOMERY , FORMATO: EM ""T"" , COMPOSIÇÃO: SILICONE , DIÂMETRO: 8 MM, COMPONENTE: C/ TAMPA , ESTERILIDADE: USO ÚNICO "
1146|OK_SEM_FLAGS|False|False|False|MATERIAIS DE USO TECNICO HOSPITALAR|INSTRUMENTOS, EQUIPAMENTOS E SUPRIMENTOS MÉDICOS  E  CIRÚRGICOS|5958709|450958|TUBO TRAQUEAL EM T - EM SILICONE, SEMI FLEXIVEL, ESTERIL,DIAMETRO 8,0MM, COMPRIMENTO 9,80CM,PARA CORRECAO DE ESTENOSE TRAQUEAL,.|CÂNULA OROFARÍNGEA GUEDEL, TAMANHO: CONJUNTO C/ DIVERSOS TAMANHOS, 6 UNIDADES , MATERIAL*: POLÍMERO 
1147|OK_SEM_FLAGS|False|False|False|MATERIAIS DE USO TECNICO HOSPITALAR|INSTRUMENTOS, EQUIPAMENTOS E SUPRIMENTOS MÉDICOS  E  CIRÚRGICOS|2878054|450950|TUBO TRAQUEAL EM T - EM SILICONE, SEMI FLEXIVEL, ESTERIL,TAMANHO 10MM DE DIAMETRO, 7,1CM DE COMPRIMENTO,PARA CORRECAO DE ESTENOSE TRAQUEAL,EMBALAGEM INDIVIDUAL CONFORME LEGISLACAO VIGENTE, CERTIFICADO MS|"ENDOPRÓTESE LUMINAL, TIPO: STENT , TIPO USO: TRAQUEAL , MODELO: MONTGOMERY , FORMATO: EM ""T"" , COMPOSIÇÃO: SILICONE , DIÂMETRO: 10 MM, COMPONENTE: C/ TAMPA E ANEL , ESTERILIDADE: USO ÚNICO "
1147|OK_SEM_FLAGS|False|False|False|MATERIAIS DE USO TECNICO HOSPITALAR|INSTRUMENTOS, EQUIPAMENTOS E SUPRIMENTOS MÉDICOS  E  CIRÚRGICOS|2878054|450945|TUBO TRAQUEAL EM T - EM SILICONE, SEMI FLEXIVEL, ESTERIL,TAMANHO 10MM DE DIAMETRO, 7,1CM DE COMPRIMENTO,PARA CORRECAO DE ESTENOSE TRAQUEAL,EMBALAGEM INDIVIDUAL CONFORME LEGISLACAO VIGENTE, CERTIFICADO MS|"ENDOPRÓTESE LUMINAL, TIPO: STENT , TIPO USO: TRAQUEAL , MODELO: MONTGOMERY , FORMATO: EM ""T"" , COMPOSIÇÃO: SILICONE , DIÂMETRO: 10 MM, COMPONENTE: C/ TAMPA , ESTERILIDADE: USO ÚNICO "
1148|OK_SEM_FLAGS|False|False|False|MATERIAIS DE USO TECNICO HOSPITALAR|INSTRUMENTOS, EQUIPAMENTOS E SUPRIMENTOS MÉDICOS  E  CIRÚRGICOS|2878070|450946|TUBO TRAQUEAL EM T - EM SILICONE, SEMI FLEXIVEL, ESTERIL,TAMANHO 12MM DE DIAMETRO, 11,3CM DE COMPRIMENTO,PARA CORRECAO DE ESTENOSE TRAQUEAL,EMBALAGEM INDIVIDUAL CONFORME LEGISLACAO VIGENTE, CERTIFICADO MS|"ENDOPRÓTESE LUMINAL, TIPO: STENT , TIPO USO: TRAQUEAL , MODELO: MONTGOMERY , FORMATO: EM ""T"" , COMPOSIÇÃO: SILICONE , DIÂMETRO: 12 MM, COMPONENTE: C/ TAMPA , ESTERILIDADE: USO ÚNICO "
1149|OK_SEM_FLAGS|False|False|False|MATERIAIS DE USO TECNICO HOSPITALAR|INSTRUMENTOS, EQUIPAMENTOS E SUPRIMENTOS MÉDICOS  E  CIRÚRGICOS|2878100|450942|TUBO TRAQUEAL EM T - EM SILICONE, SEMI FLEXIVEL, ESTERIL,TAMANHO 14MM DE DIAMETRO, 11,7CM DE COMPRIMENTO,PARA CORRECAO DE ESTENOSE TRAQUEAL,EMBALAGEM INDIVIDUAL CONFORME LEGISLACAO VIGENTE, CERTIFICADO MS|"ENDOPRÓTESE LUMINAL, TIPO: STENT , TIPO USO: TRAQUEAL , MODELO: MONTGOMERY , FORMATO: EM ""T"" , COMPOSIÇÃO: SILICONE , DIÂMETRO: 14 MM, COMPONENTE: C/ TAMPA , ESTERILIDADE: USO ÚNICO "
1149|OK_SEM_FLAGS|False|False|False|MATERIAIS DE USO TECNICO HOSPITALAR|INSTRUMENTOS, EQUIPAMENTOS E SUPRIMENTOS MÉDICOS  E  CIRÚRGICOS|2878100|450947|TUBO TRAQUEAL EM T - EM SILICONE, SEMI FLEXIVEL, ESTERIL,TAMANHO 14MM DE DIAMETRO, 11,7CM DE COMPRIMENTO,PARA CORRECAO DE ESTENOSE TRAQUEAL,EMBALAGEM INDIVIDUAL CONFORME LEGISLACAO VIGENTE, CERTIFICADO MS|"ENDOPRÓTESE LUMINAL, TIPO: STENT , TIPO USO: TRAQUEAL , MODELO: MONTGOMERY , FORMATO: EM ""T"" , COMPOSIÇÃO: SILICONE , DIÂMETRO: 14 MM, COMPONENTE: C/ TAMPA E ANEL , ESTERILIDADE: USO ÚNICO "
1150|OK_SEM_FLAGS|False|False|False|MATERIAIS DE USO TECNICO HOSPITALAR|INSTRUMENTOS, EQUIPAMENTOS E SUPRIMENTOS MÉDICOS  E  CIRÚRGICOS|2878119|450944|TUBO TRAQUEAL EM T - EM SILICONE, SEMI FLEXIVEL, ESTERIL,TAMANHO 16MM DE DIAMETRO, 7,5CM DE COMPRIMENTO,PARA CORRECAO DE ESTENOSE TRAQUEAL,EMBALAGEM INDIVIDUAL CONFORME LEGISLACAO VIGENTE, CERTIFICADO MS|"ENDOPRÓTESE LUMINAL, TIPO: STENT , TIPO USO: TRAQUEAL , MODELO: MONTGOMERY , FORMATO: EM ""T"" , COMPOSIÇÃO: SILICONE , DIÂMETRO: 16 MM, COMPONENTE: C/ TAMPA , ESTERILIDADE: USO ÚNICO "
1151|OK_SEM_FLAGS|False|False|False|MATERIAIS DE USO TECNICO HOSPITALAR|INSTRUMENTOS, EQUIPAMENTOS E SUPRIMENTOS MÉDICOS  E  CIRÚRGICOS|2305208|454371|DIALISADOR CAPILAR - PARA USO EM HEMODIALISE, MEMBRANA CAPILAR DE POLISSULFONA, SUPERFICIE DE 1,8 M2, COEFICIENTE DE ULTRAFILTRACAO APROXIMADAMENTE 7.5, PREENCHIMENTO APROXIMADO 110., ESTERILIZADO A OXIDO DE ETILENO OU A VAPOR, EMBALAGEM EM PAPEL GRAU CIRURGICO,COM DADOS DE IDENTIFICACAO,PROCEDENCIA,PRAZO DE VALIDADE ,NUMERO DE LOTE E REGISTRO NO MINISTERIO DA SAUDE.|FILTRO CAPILAR DIALISADOR, MATERIAL: MEMBRANA BIOCOMPATÍVEL , PERMEABILIDADE: ALTO FLUXO CAPILAR , SUPERFÍCIE CORPORAL: SUPERFÍCIE DE 1,6 A 2,0 M2, ESTERILIDADE: ESTÉRIL 
1151|OK_SEM_FLAGS|False|False|False|MATERIAIS DE USO TECNICO HOSPITALAR|INSTRUMENTOS, EQUIPAMENTOS E SUPRIMENTOS MÉDICOS  E  CIRÚRGICOS|2305208|454372|DIALISADOR CAPILAR - PARA USO EM HEMODIALISE, MEMBRANA CAPILAR DE POLISSULFONA, SUPERFICIE DE 1,8 M2, COEFICIENTE DE ULTRAFILTRACAO APROXIMADAMENTE 7.5, PREENCHIMENTO APROXIMADO 110., ESTERILIZADO A OXIDO DE ETILENO OU A VAPOR, EMBALAGEM EM PAPEL GRAU CIRURGICO,COM DADOS DE IDENTIFICACAO,PROCEDENCIA,PRAZO DE VALIDADE ,NUMERO DE LOTE E REGISTRO NO MINISTERIO DA SAUDE.|FILTRO CAPILAR DIALISADOR, MATERIAL: MEMBRANA BIOCOMPATÍVEL , PERMEABILIDADE: BAIXO FLUXO CAPILAR , SUPERFÍCIE CORPORAL: SUPERFÍCIE DE 1,6 A 2,0 M2, ESTERILIDADE: ESTÉRIL 
1152|OK_SEM_FLAGS|False|False|False|INSUMOS PARA EQUIPAMENTOS MEDICO HOSPITALARES|INSTRUMENTOS, EQUIPAMENTOS E SUPRIMENTOS MÉDICOS  E  CIRÚRGICOS|3432530|454372|DIALISADOR COM FILTRO TIPO CAPILAR - EM POLISSULFONA, COM FIBRAS CONTIDAS EM CAMARA TRANSPARENTE F8,COM MEMBRANA COM SUPERFICIE DE 1,80 A 2,10 M2,,COM ESPESSURA CAPILAR DE 8 MICRAS,,DESCARTAVEL, ATOXICO, ESTERIL E APIROGENICO,PARA USO EM HEMODIALISE.,EMBALAGEM INDIVIDUAL COM INVOLUCRO TRANSPARENTE. EM CONFORMIDADE COM MINISTERIO DA SAUDE|FILTRO CAPILAR DIALISADOR, MATERIAL: MEMBRANA BIOCOMPATÍVEL , PERMEABILIDADE: BAIXO FLUXO CAPILAR , SUPERFÍCIE CORPORAL: SUPERFÍCIE DE 1,6 A 2,0 M2, ESTERILIDADE: ESTÉRIL 
1152|OK_SEM_FLAGS|False|False|False|INSUMOS PARA EQUIPAMENTOS MEDICO HOSPITALARES|INSTRUMENTOS, EQUIPAMENTOS E SUPRIMENTOS MÉDICOS  E  CIRÚRGICOS|3432530|454371|DIALISADOR COM FILTRO TIPO CAPILAR - EM POLISSULFONA, COM FIBRAS CONTIDAS EM CAMARA TRANSPARENTE F8,COM MEMBRANA COM SUPERFICIE DE 1,80 A 2,10 M2,,COM ESPESSURA CAPILAR DE 8 MICRAS,,DESCARTAVEL, ATOXICO, ESTERIL E APIROGENICO,PARA USO EM HEMODIALISE.,EMBALAGEM INDIVIDUAL COM INVOLUCRO TRANSPARENTE. EM CONFORMIDADE COM MINISTERIO DA SAUDE|FILTRO CAPILAR DIALISADOR, MATERIAL: MEMBRANA BIOCOMPATÍVEL , PERMEABILIDADE: ALTO FLUXO CAPILAR , SUPERFÍCIE CORPORAL: SUPERFÍCIE DE 1,6 A 2,0 M2, ESTERILIDADE: ESTÉRIL 
1153|OK_SEM_FLAGS|False|False|False|MATERIAIS DE USO TECNICO HOSPITALAR|INSTRUMENTOS, EQUIPAMENTOS E SUPRIMENTOS MÉDICOS  E  CIRÚRGICOS|3604128|454374|DIALISADOR CAPILAR - PARA USO EM HEMODIALISE,MEMBRANA CAPILAR DE POLISSULFONA, SUPERFICIE DE 2.2 M2,COEFICIENTE DE ULTRAFILTRACAO APROXIMADAMENTE 21,PREENCHIMENTO APROXIMADO 132,ESTERILIZADO A OXIDO DE ETILENO OU A VAPOR,EMBALAGEM EM PAPEL GRAU CIRURGICO,COM DADOS DE IDENTIFICACAO,PROCEDENCIA,PRAZO DE VALIDADE ,NUMERO DE LOTE E REGISTRO NO MINISTERIO DA SAUDE.|FILTRO CAPILAR DIALISADOR, MATERIAL: MEMBRANA BIOCOMPATÍVEL , PERMEABILIDADE: BAIXO FLUXO CAPILAR , SUPERFÍCIE CORPORAL: SUPERFÍCIE DE 2,1 A 2,5 M2, ESTERILIDADE: ESTÉRIL 
1153|OK_SEM_FLAGS|False|False|False|MATERIAIS DE USO TECNICO HOSPITALAR|INSTRUMENTOS, EQUIPAMENTOS E SUPRIMENTOS MÉDICOS  E  CIRÚRGICOS|3604128|454373|DIALISADOR CAPILAR - PARA USO EM HEMODIALISE,MEMBRANA CAPILAR DE POLISSULFONA, SUPERFICIE DE 2.2 M2,COEFICIENTE DE ULTRAFILTRACAO APROXIMADAMENTE 21,PREENCHIMENTO APROXIMADO 132,ESTERILIZADO A OXIDO DE ETILENO OU A VAPOR,EMBALAGEM EM PAPEL GRAU CIRURGICO,COM DADOS DE IDENTIFICACAO,PROCEDENCIA,PRAZO DE VALIDADE ,NUMERO DE LOTE E REGISTRO NO MINISTERIO DA SAUDE.|FILTRO CAPILAR DIALISADOR, MATERIAL: MEMBRANA BIOCOMPATÍVEL , PERMEABILIDADE: ALTO FLUXO CAPILAR , SUPERFÍCIE CORPORAL: SUPERFÍCIE DE 2,1 A 2,5 M2, ESTERILIDADE: ESTÉRIL 
1154|OK_SEM_FLAGS|False|False|False|MATERIAIS DE USO TECNICO HOSPITALAR|INSTRUMENTOS, EQUIPAMENTOS E SUPRIMENTOS MÉDICOS  E  CIRÚRGICOS|5360382|454371|DIALISADOR CAPILAR - USO EM HEMODIALISE, DE BAIXO FLUXO, USO UNICO,MEMBRANA CAPILAR DE POLISSULFONA OU POLIETERSSULFONA,COEFICIENTE DE ULTRAFILTRACAO DE NO MINIMO 7,5 ML/H MMHG,SUPERFICIE APROXIMADA 1,6M²,ESTERIL,EMBALAGEM INDIVIDUAL|FILTRO CAPILAR DIALISADOR, MATERIAL: MEMBRANA BIOCOMPATÍVEL , PERMEABILIDADE: ALTO FLUXO CAPILAR , SUPERFÍCIE CORPORAL: SUPERFÍCIE DE 1,6 A 2,0 M2, ESTERILIDADE: ESTÉRIL 
1154|OK_SEM_FLAGS|False|False|False|MATERIAIS DE USO TECNICO HOSPITALAR|INSTRUMENTOS, EQUIPAMENTOS E SUPRIMENTOS MÉDICOS  E  CIRÚRGICOS|5360382|454372|DIALISADOR CAPILAR - USO EM HEMODIALISE, DE BAIXO FLUXO, USO UNICO,MEMBRANA CAPILAR DE POLISSULFONA OU POLIETERSSULFONA,COEFICIENTE DE ULTRAFILTRACAO DE NO MINIMO 7,5 ML/H MMHG,SUPERFICIE APROXIMADA 1,6M²,ESTERIL,EMBALAGEM INDIVIDUAL|FILTRO CAPILAR DIALISADOR, MATERIAL: MEMBRANA BIOCOMPATÍVEL , PERMEABILIDADE: BAIXO FLUXO CAPILAR , SUPERFÍCIE CORPORAL: SUPERFÍCIE DE 1,6 A 2,0 M2, ESTERILIDADE: ESTÉRIL 
1155|OK_SEM_FLAGS|False|False|False|MATERIAIS DE USO TECNICO HOSPITALAR|INSTRUMENTOS, EQUIPAMENTOS E SUPRIMENTOS MÉDICOS  E  CIRÚRGICOS|4038150|466646|ADAPTADOR INTERMEDIARIO DE EQUIPOS - EM PVC, COM: 02 VIAS NEONATAL,02 CONECTORES LUER LOCK,CONEXAO UNIVERSAL,PINCA COM TAMPA PARA POSTERIOR FECHAMENTO,CLAMP CORTA FLUXO EM CADA VIA,EMBALAGEM INDIVIDUAL EM PAPEL GRAU CIRURGICO E FILME TERMOPLASTICO. APRESENTACAO DO PRODUTO DE ACORDO COM ART. 31 L.8078/90 PORT. CONJ. N. 1 DE 23/01/1996 DO MINISTERIO DA SAUDE|EXTENSOR INFUSÃO VASCULAR, VIAS: 2 VIAS , MATERIAL: POLÍMERO , COMPRIMENTO: CERCA 20 CM, CALIBRE: CERCA 10 FRENCH, TIPO CONEXÃO: LUER LOCK / SLIP / VALVULADO , PRESSÃO MÁXIMA: ATÉ CERCA DE 100 PSI, COMPONENTE ADICIONAL: C/ CLAMP , TIPO USO: ESTÉRIL, USO ÚNICO 
1156|OK_SEM_FLAGS|False|False|False|MATERIAIS DE USO TECNICO HOSPITALAR|INSTRUMENTOS, EQUIPAMENTOS E SUPRIMENTOS MÉDICOS  E  CIRÚRGICOS|6061443|459689|ADAPTADOR INTERMEDIARIO DE EQUIPOS - EM PVC,COM 04 VIAS, 04 CONECTORES LUER LOCK,CONEXAO UNIVERSAL,PINCA COM TAMPA PARA POSTERIOR FECHAMENTO,CLAMP CORTA FLUXO EM CADA VIA,EMBALAGEM INDIVIDUAL EM PAPEL GRAU CIRURGICO E FILME TERMO PLASTICO|EXTENSOR INFUSÃO VASCULAR, VIAS: 4 VIAS , MATERIAL: POLÍMERO , COMPRIMENTO: CERCA 15 CM, CALIBRE: CERCA 12 FRENCH, TIPO CONEXÃO: LUER LOCK / SLIP , PRESSÃO MÁXIMA: ATÉ CERCA DE 100 PSI, COMPONENTE ADICIONAL: C/ CLAMP , TIPO USO: ESTÉRIL, USO ÚNICO 
1157|OK_SEM_FLAGS|False|False|False|MATERIAIS DE USO TECNICO HOSPITALAR|INSTRUMENTOS, EQUIPAMENTOS E SUPRIMENTOS MÉDICOS  E  CIRÚRGICOS|5665469|613757|MANTAS TERMICAS PARA UNIDADE DE AQUECIMENTO - MANTA ADULTO, DESCARTAVEL, PARA AQUECER CORPO INTEIRO,EM POLIURETANO E POLIPROPILENO, LIVRE DE LATEX,CAMADA EXTERIOR RESISTENTES A FLUIDOS,FUROS E CORTES ACIDENTAIS,TRANSPARENTE AO RAIO-X E MICRO FURADA,APROXIMADAMENTE 234,00 X 153,00CM|MANTA TÉRMICA P/ PACIENTE, TIPO DE AQUECIMENTO: FLUXO DE AR FORÇADO , MATERIAL: MULTICAMADAS C/ MICROFUROS , COMPATIBILIDADE: P/USO EM EQUIPAMENTO AQUECEDOR COMPATÍVEL , TAMANHO: PEDIÁTRICO , APLICAçãO: P/ CORPO INTEIRO , ESTERILIDADE: USO ÚNICO , APRESENTAçãO: EMBALAGEM INDIVIDUAL 
1157|OK_SEM_FLAGS|False|False|False|MATERIAIS DE USO TECNICO HOSPITALAR|INSTRUMENTOS, EQUIPAMENTOS E SUPRIMENTOS MÉDICOS  E  CIRÚRGICOS|5665469|613764|MANTAS TERMICAS PARA UNIDADE DE AQUECIMENTO - MANTA ADULTO, DESCARTAVEL, PARA AQUECER CORPO INTEIRO,EM POLIURETANO E POLIPROPILENO, LIVRE DE LATEX,CAMADA EXTERIOR RESISTENTES A FLUIDOS,FUROS E CORTES ACIDENTAIS,TRANSPARENTE AO RAIO-X E MICRO FURADA,APROXIMADAMENTE 234,00 X 153,00CM|MANTA TÉRMICA P/ PACIENTE, TIPO DE AQUECIMENTO: FLUXO DE AR FORÇADO , MATERIAL: MULTICAMADAS C/ MICROFUROS , COMPATIBILIDADE: P/USO EM EQUIPAMENTO AQUECEDOR COMPATÍVEL , TAMANHO: ADULTO , APLICAçãO: P/ CORPO INTEIRO , ESTERILIDADE: USO ÚNICO , APRESENTAçãO: EMBALAGEM INDIVIDUAL 
1158|OK_SEM_FLAGS|False|False|False|MATERIAIS DE USO TECNICO HOSPITALAR|INSTRUMENTOS, EQUIPAMENTOS E SUPRIMENTOS MÉDICOS  E  CIRÚRGICOS|5633966|613757|MANTAS TERMICAS PARA UNIDADE DE AQUECIMENTO - MANTA PEDIATRICA, DESCARTAVEL, PARA AQUECER CORPO INTEIRO,EM POLIURETANO E POLIPROPILENO, LIVRE DE LATEX,CAMADA EXTERIOR RESISTENTES A FLUIDOS,FUROS E CORTES ACIDENTAIS,TRANSPARENTE AO RAIO-X E MICRO FURADA,APROXIMADAMENTE 142,00 X 102,00 CM|MANTA TÉRMICA P/ PACIENTE, TIPO DE AQUECIMENTO: FLUXO DE AR FORÇADO , MATERIAL: MULTICAMADAS C/ MICROFUROS , COMPATIBILIDADE: P/USO EM EQUIPAMENTO AQUECEDOR COMPATÍVEL , TAMANHO: PEDIÁTRICO , APLICAçãO: P/ CORPO INTEIRO , ESTERILIDADE: USO ÚNICO , APRESENTAçãO: EMBALAGEM INDIVIDUAL 
1158|OK_SEM_FLAGS|False|False|False|MATERIAIS DE USO TECNICO HOSPITALAR|INSTRUMENTOS, EQUIPAMENTOS E SUPRIMENTOS MÉDICOS  E  CIRÚRGICOS|5633966|613766|MANTAS TERMICAS PARA UNIDADE DE AQUECIMENTO - MANTA PEDIATRICA, DESCARTAVEL, PARA AQUECER CORPO INTEIRO,EM POLIURETANO E POLIPROPILENO, LIVRE DE LATEX,CAMADA EXTERIOR RESISTENTES A FLUIDOS,FUROS E CORTES ACIDENTAIS,TRANSPARENTE AO RAIO-X E MICRO FURADA,APROXIMADAMENTE 142,00 X 102,00 CM|MANTA TÉRMICA P/ PACIENTE, TIPO DE AQUECIMENTO: ISOLANTE TÉRMICO , MATERIAL: PELÍCULA DE POLÍMERO ALUMINIZADO , TAMANHO: PEDIÁTRICO , APLICAçãO: P/ CORPO INTEIRO , ESTERILIDADE: USO ÚNICO , APRESENTAçãO: EMBALAGEM INDIVIDUAL 
1159|OK_SEM_FLAGS|False|False|False|MATERIAIS DE USO TECNICO HOSPITALAR|VESTUÁRIO HOSPITALAR E CIRÚRGICO E ITENS CORRELATOS DE  FINALIDADES ESPECIAIS|1758640|481790|LENCOL DE PAPEL DESCARTAVEL - EM TEXTURA FIRME E RESISTENTE, NA COR BRANCA, MEDINDO 50CM DE LARGURA, ROLO COM 50 METROS, INVOLUCRO INDIVIDUAL EM PLASTICO, ROTULAGEM RESPEITANDO A LEGISLACAO VIGENTE.|LENÇOL DESCARTÁVEL USO HOSPITALAR, MATERIA PRIMA: 100% FIBRA CELULOSE NATURAL , DIMENSOES: CERCA DE 50 CM X 50 M , APRESENTAÇÃO 1: EM ROLO 
1160|OK_SEM_FLAGS|False|False|False|MATERIAIS DE USO TECNICO HOSPITALAR|MATERIAIS CIRÚRGICOS PARA CURATIVOS|153907|628473|ALGODAO HIDROFILO - COR BRANCA (80% BRANCO), MACIO, ISENTO DE IMPUREZAS, BOA ABSORCAO, INODORO, EM MANTA FINA COM CAMADAS SOBREPOSTAS FORMANDO UMA MANTA COM ESPESSURA UNIFORME, REGULARMENTE COMPACTO, COM APROXIMADAMENTE 20CM DE LARGURA, EM PAPEL APROPRIADO, EM FORMA DE ROLO, NUM PACOTE DE500G DE PESO, O PRODUTO DEVERA ESTAR ACONDICIONADO DE FORMA A GARANTIR SUA INTEGRIDADE, CONTENDO DADOS DE VALIDADE, LOTE E REGISTRO NO MS, A APRESENTACAO DO PRODUTO DEVERA OBEDECER A LEGISLACAO ATUAL VIGENTE, CONTENDO DADOS DE IDENTIFICACAO E PROCEDENCIA|ALGODÃO USO EM SAÚDE, TIPO: HIDRÓFILO , MATERIAL: FIBRAS DE ALGODÃO PURIFICADO , APRESENTAçãO: ROLO , ESTERILIDADE: NÃO ESTÉRIL 
1161|OK_SEM_FLAGS|False|False|False|MATERIAIS DE USO TECNICO HOSPITALAR|MATERIAIS CIRÚRGICOS PARA CURATIVOS|129011|628466|ATADURA DE ALGODAO ORTOPEDICO - EM FIBRAS DE PURO ALGODAO, LIVRE DE IMPUREZAS, NA COR NATURAL DE ALGODAO, COM RELATIVA IMPERMEABILIDADE E COM CAMADAS CONTINUAS IMPREGNADAS DE SUBSTANCIA GOMADA EM UMA FACE, EMBALADO EM PLASTICO ATOXICO E/OU PAPEL INDIVIDUAL, CONTENDO DADOS DE VALIDADE, LOTE E REGISTRO NO MS, APRESENTACAO CONFORME DEC. LEI 79094/77 COMBINADO COM O ART.31 DA LEI 8078/90, CONTENDO DADOS DE IDENTIFICACAO E PROCEDENCIA, MEDINDO APROXIMADAMENTE 20CM DE LARGURA E EM PACOTE COM 420G, EM FORMA DE ROLO|ATADURA ORTOPÉDICA, MATERIAL: MANTA CONTÍNUA DE FIBRAS DE ALGODÃO , LARGURA: CERCA DE 20 CM , COMPRIMENTO EM REPOUSO: ROLO CERCA DE 1,0 M , ESTERILIDADE: NÃO ESTÉRIL 
1161|OK_SEM_FLAGS|False|False|False|MATERIAIS DE USO TECNICO HOSPITALAR|MATERIAIS CIRÚRGICOS PARA CURATIVOS|129011|628454|ATADURA DE ALGODAO ORTOPEDICO - EM FIBRAS DE PURO ALGODAO, LIVRE DE IMPUREZAS, NA COR NATURAL DE ALGODAO, COM RELATIVA IMPERMEABILIDADE E COM CAMADAS CONTINUAS IMPREGNADAS DE SUBSTANCIA GOMADA EM UMA FACE, EMBALADO EM PLASTICO ATOXICO E/OU PAPEL INDIVIDUAL, CONTENDO DADOS DE VALIDADE, LOTE E REGISTRO NO MS, APRESENTACAO CONFORME DEC. LEI 79094/77 COMBINADO COM O ART.31 DA LEI 8078/90, CONTENDO DADOS DE IDENTIFICACAO E PROCEDENCIA, MEDINDO APROXIMADAMENTE 20CM DE LARGURA E EM PACOTE COM 420G, EM FORMA DE ROLO|ATADURA ORTOPÉDICA, MATERIAL: MANTA CONTÍNUA DE FIBRAS DE ALGODÃO , LARGURA: CERCA DE 20 CM , COMPRIMENTO EM REPOUSO: ROLO CERCA DE 1,5 M , ESTERILIDADE: NÃO ESTÉRIL 
1161|OK_SEM_FLAGS|False|False|False|MATERIAIS DE USO TECNICO HOSPITALAR|MATERIAIS CIRÚRGICOS PARA CURATIVOS|129011|628442|ATADURA DE ALGODAO ORTOPEDICO - EM FIBRAS DE PURO ALGODAO, LIVRE DE IMPUREZAS, NA COR NATURAL DE ALGODAO, COM RELATIVA IMPERMEABILIDADE E COM CAMADAS CONTINUAS IMPREGNADAS DE SUBSTANCIA GOMADA EM UMA FACE, EMBALADO EM PLASTICO ATOXICO E/OU PAPEL INDIVIDUAL, CONTENDO DADOS DE VALIDADE, LOTE E REGISTRO NO MS, APRESENTACAO CONFORME DEC. LEI 79094/77 COMBINADO COM O ART.31 DA LEI 8078/90, CONTENDO DADOS DE IDENTIFICACAO E PROCEDENCIA, MEDINDO APROXIMADAMENTE 20CM DE LARGURA E EM PACOTE COM 420G, EM FORMA DE ROLO|ATADURA ORTOPÉDICA, MATERIAL: MANTA CONTÍNUA DE FIBRAS DE ALGODÃO , LARGURA: CERCA DE 20 CM , COMPRIMENTO EM REPOUSO: ROLO CERCA DE 1,8 M , ESTERILIDADE: NÃO ESTÉRIL 
1161|OK_SEM_FLAGS|False|False|False|MATERIAIS DE USO TECNICO HOSPITALAR|MATERIAIS CIRÚRGICOS PARA CURATIVOS|129011|628424|ATADURA DE ALGODAO ORTOPEDICO - EM FIBRAS DE PURO ALGODAO, LIVRE DE IMPUREZAS, NA COR NATURAL DE ALGODAO, COM RELATIVA IMPERMEABILIDADE E COM CAMADAS CONTINUAS IMPREGNADAS DE SUBSTANCIA GOMADA EM UMA FACE, EMBALADO EM PLASTICO ATOXICO E/OU PAPEL INDIVIDUAL, CONTENDO DADOS DE VALIDADE, LOTE E REGISTRO NO MS, APRESENTACAO CONFORME DEC. LEI 79094/77 COMBINADO COM O ART.31 DA LEI 8078/90, CONTENDO DADOS DE IDENTIFICACAO E PROCEDENCIA, MEDINDO APROXIMADAMENTE 20CM DE LARGURA E EM PACOTE COM 420G, EM FORMA DE ROLO|ATADURA ORTOPÉDICA, MATERIAL: MANTA CONTÍNUA DE FIBRAS DE ALGODÃO , LARGURA: CERCA DE 20 CM , COMPRIMENTO EM REPOUSO: ROLO CERCA DE 3,0 M , ESTERILIDADE: NÃO ESTÉRIL 
1162|MAPEAMENTO_INCERTO|False|False|True|MATERIAIS DE USO TECNICO HOSPITALAR|MATERIAIS CIRÚRGICOS PARA CURATIVOS|2331500|628396|ATADURA DE CREPE - EM CREPE EM ALGODAO 13 FIOS POR CENTIMETRO QUADRADO, COM DIMENSAO DE 10,0CM X 1,80M, COM BORDAS DELIMITADAS SEM DESFIAMENTO, ELASTICIDADE LONGITUDINAL E TRANSVERSALMENTE, ENROLADA UNIFORMEMENTE, EM FORMA CILINDRICA, EMBALADO EM PLASTICO ATOXICO OU PAPEL APROPRIADO, O PRODUTO DEVERA SER ENTREGUE COM LAUDO ANALITICO QUE COMPROVE CUMPRIMENTO DA NBR 14056|ATADURA CREPOM, TIPO: CERCA DE 13 FIOS / CM² , MATERIAL: FAIXA DE TECIDO 100% ALGODÃO , LARGURA: CERCA DE 10 CM , COMPRIMENTO EM REPOUSO: ROLO CERCA DE 1,8 M , ESTERILIDADE: ESTéRIL 
1162|MAPEAMENTO_INCERTO|False|False|True|MATERIAIS DE USO TECNICO HOSPITALAR|MATERIAIS CIRÚRGICOS PARA CURATIVOS|2331500|628378|ATADURA DE CREPE - EM CREPE EM ALGODAO 13 FIOS POR CENTIMETRO QUADRADO, COM DIMENSAO DE 10,0CM X 1,80M, COM BORDAS DELIMITADAS SEM DESFIAMENTO, ELASTICIDADE LONGITUDINAL E TRANSVERSALMENTE, ENROLADA UNIFORMEMENTE, EM FORMA CILINDRICA, EMBALADO EM PLASTICO ATOXICO OU PAPEL APROPRIADO, O PRODUTO DEVERA SER ENTREGUE COM LAUDO ANALITICO QUE COMPROVE CUMPRIMENTO DA NBR 14056|ATADURA CREPOM, TIPO: CERCA DE 13 FIOS / CM² , MATERIAL: FAIXA DE TECIDO 100% ALGODÃO , LARGURA: CERCA DE 10 CM , COMPRIMENTO EM REPOUSO: ROLO CERCA DE 1,8 M , ESTERILIDADE: NÃO ESTÉRIL 
1163|MAPEAMENTO_INCERTO|False|False|True|MATERIAIS DE USO TECNICO HOSPITALAR|MATERIAIS CIRÚRGICOS PARA CURATIVOS|307076|628398|ATADURA DE CREPE - EM ALGODAO COM 13 FIOS POR CENTIMETRO QUADRADO, COM DIMENSAO DE (15CMX1,8M), BORDAS DELIMITADAS SEM DESFIAMENTO, ELASTICIDADE LONGITUDINALMENTE, ENROLADA UNIFORMEMENTE,EM FORMA CILINDRICA, EMBALADO EM PLASTICO ATOXICO OU PAPEL APROPRIADO, O PRODUTO DEVERA SER ENTREGUE COM LAUDO ANALITICO QUE COMPROVE CUMPRIMENTO DA NBR14056|ATADURA CREPOM, TIPO: CERCA DE 13 FIOS / CM² , MATERIAL: FAIXA DE TECIDO 100% ALGODÃO , LARGURA: CERCA DE 15 CM , COMPRIMENTO EM REPOUSO: ROLO CERCA DE 1,8 M , ESTERILIDADE: ESTéRIL 
1163|MAPEAMENTO_INCERTO|False|False|True|MATERIAIS DE USO TECNICO HOSPITALAR|MATERIAIS CIRÚRGICOS PARA CURATIVOS|307076|628380|ATADURA DE CREPE - EM ALGODAO COM 13 FIOS POR CENTIMETRO QUADRADO, COM DIMENSAO DE (15CMX1,8M), BORDAS DELIMITADAS SEM DESFIAMENTO, ELASTICIDADE LONGITUDINALMENTE, ENROLADA UNIFORMEMENTE,EM FORMA CILINDRICA, EMBALADO EM PLASTICO ATOXICO OU PAPEL APROPRIADO, O PRODUTO DEVERA SER ENTREGUE COM LAUDO ANALITICO QUE COMPROVE CUMPRIMENTO DA NBR14056|ATADURA CREPOM, TIPO: CERCA DE 13 FIOS / CM² , MATERIAL: FAIXA DE TECIDO 100% ALGODÃO , LARGURA: CERCA DE 15 CM , COMPRIMENTO EM REPOUSO: ROLO CERCA DE 1,8 M , ESTERILIDADE: NÃO ESTÉRIL 
1164|MAPEAMENTO_INCERTO|False|False|True|MATERIAIS DE USO TECNICO HOSPITALAR|MATERIAIS CIRÚRGICOS PARA CURATIVOS|3331156|628399|ATADURA DE CREPE - EM CREPE EM ALGODAO 18 FIOS POR CENTIMETRO QUADRADO,ESTERIL,COM DIMENSAO DE 20,00CM X 1,80M,COM BORDAS DELIMITADAS SEM DESFIAMENTO,ELASTICIDADE LONGITUDINAL E TRANSVERSALMENTE,ENROLADA UNIFORMEMENTE, EM FORMA CILINDRICA,EMBALADO EM PLASTICO ATOXICO OU PAPEL APROPRIADO,O PRODUTO DEVERA SER ENTREGUE COM LAUDO ANALITICO QUE COMPROVE CUMPRIMENTO DA NBR 14056|ATADURA CREPOM, TIPO: CERCA DE 13 FIOS / CM² , MATERIAL: FAIXA DE TECIDO 100% ALGODÃO , LARGURA: CERCA DE 20 CM , COMPRIMENTO EM REPOUSO: ROLO CERCA DE 1,8 M , ESTERILIDADE: ESTéRIL 
1164|MAPEAMENTO_INCERTO|False|False|True|MATERIAIS DE USO TECNICO HOSPITALAR|MATERIAIS CIRÚRGICOS PARA CURATIVOS|3331156|628381|ATADURA DE CREPE - EM CREPE EM ALGODAO 18 FIOS POR CENTIMETRO QUADRADO,ESTERIL,COM DIMENSAO DE 20,00CM X 1,80M,COM BORDAS DELIMITADAS SEM DESFIAMENTO,ELASTICIDADE LONGITUDINAL E TRANSVERSALMENTE,ENROLADA UNIFORMEMENTE, EM FORMA CILINDRICA,EMBALADO EM PLASTICO ATOXICO OU PAPEL APROPRIADO,O PRODUTO DEVERA SER ENTREGUE COM LAUDO ANALITICO QUE COMPROVE CUMPRIMENTO DA NBR 14056|ATADURA CREPOM, TIPO: CERCA DE 13 FIOS / CM² , MATERIAL: FAIXA DE TECIDO 100% ALGODÃO , LARGURA: CERCA DE 20 CM , COMPRIMENTO EM REPOUSO: ROLO CERCA DE 1,8 M , ESTERILIDADE: NÃO ESTÉRIL 
1165|MAPEAMENTO_INCERTO|False|False|True|MATERIAIS DE USO TECNICO HOSPITALAR|MATERIAIS CIRÚRGICOS PARA CURATIVOS|2967677|628401|ATADURA DE CREPE - EM CREPE EM ALGODAO 13 FIOS POR CENTIMETRO QUADRADO,ESTERIL,COM DIMENSAO DE 30,0CM X 1,80M,COM BORDAS DELIMITADAS SEM DESFIAMENTO,ELASTICIDADE LONGITUDINAL E TRANSVERSALMENTE,ENROLADA UNIFORMEMENTE, EM FORMA CILINDRICA,EMBALADO EM PLASTICO ATOXICO OU PAPEL APROPRIADO,O PRODUTO DEVERA SER ENTREGUE COM LAUDO ANALITICO QUE COMPROVE CUMPRIMENTO DA NBR 14056|ATADURA CREPOM, TIPO: CERCA DE 13 FIOS / CM² , MATERIAL: FAIXA DE TECIDO 100% ALGODÃO , LARGURA: CERCA DE 30 CM , COMPRIMENTO EM REPOUSO: ROLO CERCA DE 1,8 M , ESTERILIDADE: ESTéRIL 
1165|MAPEAMENTO_INCERTO|False|False|True|MATERIAIS DE USO TECNICO HOSPITALAR|MATERIAIS CIRÚRGICOS PARA CURATIVOS|2967677|628383|ATADURA DE CREPE - EM CREPE EM ALGODAO 13 FIOS POR CENTIMETRO QUADRADO,ESTERIL,COM DIMENSAO DE 30,0CM X 1,80M,COM BORDAS DELIMITADAS SEM DESFIAMENTO,ELASTICIDADE LONGITUDINAL E TRANSVERSALMENTE,ENROLADA UNIFORMEMENTE, EM FORMA CILINDRICA,EMBALADO EM PLASTICO ATOXICO OU PAPEL APROPRIADO,O PRODUTO DEVERA SER ENTREGUE COM LAUDO ANALITICO QUE COMPROVE CUMPRIMENTO DA NBR 14056|ATADURA CREPOM, TIPO: CERCA DE 13 FIOS / CM² , MATERIAL: FAIXA DE TECIDO 100% ALGODÃO , LARGURA: CERCA DE 30 CM , COMPRIMENTO EM REPOUSO: ROLO CERCA DE 1,8 M , ESTERILIDADE: NÃO ESTÉRIL 
1166|OK_SEM_FLAGS|False|False|False|MATERIAIS DE USO TECNICO HOSPITALAR|MATERIAIS CIRÚRGICOS PARA CURATIVOS|129038|628323|ATADURA GESSADA ATOXICA - DE MEDIDAS APROXIMADAS DE 10CM X 3M, CONFECCIONADA EM GAZE ESTABILIZADA, LATERAL DE CORTE SINUOSO, IMPREGNADA COM GESSO COLOIDAL, E SECAGEM ENTRE 4 A 6', TEMPERATURA DA AGUA PARA SATURACAO DE 20 A 25 GRAUS CELCIUS, TEMPO MAXIMO DE IMERSAO 2 SEG., ENROLADO EM TUBO PLASTICO RIGIDO DE FORMA CONTINUA E UNIFORME, EMBALAGEM INDIVIDUAL EM PLASTICO ATOXICO, CONTENDO DADOS DEIDENTIFICACAO E PROCEDENCIA, ROTULAGEM RESPEITANDO O DECRETO LEI 79094/77 ART.31 L.8078/90 PORT.CONJ.N1 DE 23/1/96-M.SAUDE,CONTENDO DADOS DE VALIDADE, LOTE E REGISTRO NO MS|Atadura Gessada, MATERIAL: GESSO C/ TECIDO 100% ALGODÃO , CARACTERÍSTICA: SECAGEM RáPIDA , LARGURA: CERCA DE 10 CM , COMPRIMENTO: ROLO CERCA DE 3,0 M , ESTERILIDADE: NÃO ESTÉRIL 
1167|OK_SEM_FLAGS|False|False|False|MATERIAIS DE USO TECNICO HOSPITALAR|MATERIAIS CIRÚRGICOS PARA CURATIVOS|129046|628325|ATADURA GESSADA ATOXICA - DE MEDIDAS APROXIMADAS DE 15CM X 3M, CONFECCIONADA EM GAZE ESTABILIZADA, LATERAL DE CORTE SINUOSO, IMPREGNADA COM GESSO COLOIDAL, E SECAGEM ENTRE 4 A 6', TEMPERATURA DA AGUA PARA SATURACAO DE 20 A 25 GRAUS CELCIUS, TEMPO MAXIMO DE IMERSAO 2 SEG., ENROLADO EM TUBO PLASTICO RIGIDO DE FORMA CONTINUA E UNIFORME, EMBALAGEM INDIVIDUAL EM PLASTICO ATOXICO, CONTENDO DADOS DEIDENTIFICACAO E PROCEDENCIA, ROTULAGEM RESPEITANDO O DECRETO LEI 79094/77 ART.31 L.8078/90 PORT.CONJ.N1 DE 23/1/96-M.SAUDE,CONTENDO DADOS DE VALIDADE, LOTE E REGISTRO NO MS|Atadura Gessada, MATERIAL: GESSO C/ TECIDO 100% ALGODÃO , CARACTERÍSTICA: SECAGEM RáPIDA , LARGURA: CERCA DE 15 CM , COMPRIMENTO: ROLO CERCA DE 3,0 M , ESTERILIDADE: NÃO ESTÉRIL 
1168|OK_SEM_FLAGS|False|False|False|MATERIAIS DE USO TECNICO HOSPITALAR|MATERIAIS CIRÚRGICOS PARA CURATIVOS|209635|628326|ATADURA GESSADA ATOXICA - DE 20CM X 3M, CONFECCIONADA EM TECIDO TIPO GIRO INGLES, IMPREGNADA COM GESSO E COMPONENTES QUIMICOS UNIFORMEMENTE, E SECAGEM ENTRE 5 A 6', SEM DESPRENDIMENTO DE GESSO AO MOLHAR, ENROLADO EM TUBO PLASTICO RIGIDO DE FORMA CONTINUA E UNIFORME, EMBALAGEM INDIVIDUAL EM PLASTICO ATOXICO, ROTULAGEM RESPEITANDO O DECRETO LEI 79094/77 ART.31 L.8078/90 E PORT.CONJ.N1 DE 23/1/96-M.SAUDE|Atadura Gessada, MATERIAL: GESSO C/ TECIDO 100% ALGODÃO , CARACTERÍSTICA: SECAGEM RáPIDA , LARGURA: CERCA DE 20 CM , COMPRIMENTO: ROLO CERCA DE 4,0 M , ESTERILIDADE: NÃO ESTÉRIL 
1169|OK_SEM_FLAGS|False|False|False|AVIAMENTOS DE COSTURA|ITENS DIVERSOS|3115070|442291|CADARCO - EM ALGODAO SARJADO ALVEJADO,100% ALGODAO,MEDINDO 10MM LARGURA,NA COR BRANCA|CADARÇO, MATERIAL: 100% ALGODÃO , COMPRIMENTO: 50 M, LARGURA: 10 MM, CARACTERÍSTICAS ADICIONAIS: SARJADO 
1172|MAPEAMENTO_INCERTO|False|False|True|MATERIAIS DE USO TECNICO HOSPITALAR|VESTUÁRIO PARA FINS ESPECIAIS|5108063|318273|AVENTAL DESCARTAVEL - IMPERMEAVEL, ESTERIL, EM POLIETILENO E VISCOSE, PARA QUIMIOTERAPIA,ACABAMENTO EM OVERLOCK, MEDINDO 1,20X1,50M, GRAMATURA 70G/M,DECOTE COM VIES, 01 PAR DE TIRAS NA CINTURA PARA AMARRAR,EMBALAGEM EM PAPEL,GRAU CIRURGICO|AVENTAL, MATERIAL: NÃO TECIDO DE POLIETILENO DE ALTA DENSIDADE , TIPO: PROTEÇÃO , CARACTERÍSTICAS ADICIONAIS: TRATAMENTO ANTIESTÁTICO, TAMANHO 1,20 X 0,60 CM , APLICAÇÃO: PROTEÇÃO INDIVIDUAL 
1172|MAPEAMENTO_INCERTO|False|False|True|MATERIAIS DE USO TECNICO HOSPITALAR|VESTUÁRIO HOSPITALAR E CIRÚRGICO E ITENS CORRELATOS DE  FINALIDADES ESPECIAIS|5108063|604924|AVENTAL DESCARTAVEL - IMPERMEAVEL, ESTERIL, EM POLIETILENO E VISCOSE, PARA QUIMIOTERAPIA,ACABAMENTO EM OVERLOCK, MEDINDO 1,20X1,50M, GRAMATURA 70G/M,DECOTE COM VIES, 01 PAR DE TIRAS NA CINTURA PARA AMARRAR,EMBALAGEM EM PAPEL,GRAU CIRURGICO|AVENTAL CIRÚRGICO - PARAMENTAÇÃO, ESTERILIDADE: ESTÉRIL, USO ÚNICO , MATERIAL: NÃO TECIDO 100% POLIPROPILENO - TIPO SMS , TIPO DE BARREIRA: C/ BARREIRA BACTERIANA , PROPRIEDADE: HIDROREPELENTE , GRAMATURA: CERCA DE 70 G/M2, MODELO MANGA: LONGA C/ PUNHO EM MALHA , TAMANHO: EXTRA GRANDE (XG) , TIPO FECHAMENTO: POSTERIOR P/ PESCOÇO E CINTURA , CARACTERÍSTICA: CARTÃO DE FECHAMENTO ASSÉPTICO , ADICIONAL: C/ TOALHA DE MÃO , EMBALAGEM: EMBALAGEM INDIVIDUAL 
1172|MAPEAMENTO_INCERTO|False|False|True|MATERIAIS DE USO TECNICO HOSPITALAR|VESTUÁRIO HOSPITALAR E CIRÚRGICO E ITENS CORRELATOS DE  FINALIDADES ESPECIAIS|5108063|604922|AVENTAL DESCARTAVEL - IMPERMEAVEL, ESTERIL, EM POLIETILENO E VISCOSE, PARA QUIMIOTERAPIA,ACABAMENTO EM OVERLOCK, MEDINDO 1,20X1,50M, GRAMATURA 70G/M,DECOTE COM VIES, 01 PAR DE TIRAS NA CINTURA PARA AMARRAR,EMBALAGEM EM PAPEL,GRAU CIRURGICO|AVENTAL CIRÚRGICO - PARAMENTAÇÃO, ESTERILIDADE: ESTÉRIL, USO ÚNICO , MATERIAL: NÃO TECIDO 100% POLIPROPILENO - TIPO SMS , TIPO DE BARREIRA: C/ BARREIRA BACTERIANA , PROPRIEDADE: HIDROREPELENTE , GRAMATURA: CERCA DE 70 G/M2, MODELO MANGA: LONGA C/ PUNHO EM MALHA , TAMANHO: MÉDIO (M) , TIPO FECHAMENTO: POSTERIOR P/ PESCOÇO E CINTURA , CARACTERÍSTICA: CARTÃO DE FECHAMENTO ASSÉPTICO , ADICIONAL: C/ TOALHA DE MÃO , EMBALAGEM: EMBALAGEM INDIVIDUAL 
1173|OK_SEM_FLAGS|False|False|False|MATERIAIS DE USO TECNICO HOSPITALAR|VESTUÁRIO HOSPITALAR E CIRÚRGICO E ITENS CORRELATOS DE  FINALIDADES ESPECIAIS|5133424|604944|AVENTAL DESCARTAVEL - EM FALSO TECIDO, GRAMATURA DE 30G/M2,ACABAMENTO EM OVERLOCK, ABERTO NAS COSTAS, COM UM PAR DE TIRAS NA CINTURA E OUTRO NO DECOTE PARA FECHAMENTO,COM MANGA LONGA E PUNHO DE ELASTICO,COM DECOTE,TAMANHO G|AVENTAL PROCEDIMENTO - PARAMENTAÇÃO, ESTERILIDADE: NÃO ESTÉRIL, DESCARTÁVEL , MATERIAL: NÃO TECIDO 100% POLIPROPILENO - TIPO TNT , PROPRIEDADE: HIDROREPELENTE , GRAMATURA: CERCA DE 30 G/M2, MODELO MANGA: LONGA C/ PUNHO DE ELÁSTICO , TAMANHO: GRANDE (G) , COR: C/ COR , TIPO FECHAMENTO: POSTERIOR P/ PESCOÇO E CINTURA 
1174|MAPEAMENTO_INCERTO|False|False|True|MATERIAIS DE USO TECNICO HOSPITALAR|VESTUÁRIO HOSPITALAR E CIRÚRGICO E ITENS CORRELATOS DE  FINALIDADES ESPECIAIS|2619954|604947|AVENTAL DESCARTAVEL - PARA PROCEDIMENTO HOSPITALAR, SENDO 100% EM POLIPROPILENO (FALSO TECIDO), BRANCO, COM GRAMATURA MINIMA DE 50G,ACABAMENTO EM OVERLOCK, ABERTO ATRAS, COM TIRAS LATERAIS PARA FECHAMENTO NAS COSTAS,MANGA LONGA COM PUNHO SANFONADO,GOLA CIRURGICA,EMBALAGEM COM AS CARACTERISTICAS DO PRODUTO,TAMANHO UNICO, APRESENTANDO CERTIFICADO DE APROVACAO EXPEDIDA PELO M.SAUDE E TRABALHO, BEM COMO LAUDOS DE EFICIENCIA DE FILTRAGEM BACTERIANA, TUDO CONFORME DEC. LEI 79094/77 COMBINADO CO ART 31 L.8078/90|AVENTAL PROCEDIMENTO - PARAMENTAÇÃO, ESTERILIDADE: NÃO ESTÉRIL, DESCARTÁVEL , MATERIAL: NÃO TECIDO 100% POLIPROPILENO - TIPO TNT , PROPRIEDADE: HIDROREPELENTE , GRAMATURA: CERCA DE 50 G/M2, MODELO MANGA: LONGA C/ PUNHO DE ELÁSTICO , TAMANHO: MÉDIO (M) , COR: C/ COR , TIPO FECHAMENTO: POSTERIOR P/ PESCOÇO E CINTURA 
1174|MAPEAMENTO_INCERTO|False|False|True|MATERIAIS DE USO TECNICO HOSPITALAR|VESTUÁRIO HOSPITALAR E CIRÚRGICO E ITENS CORRELATOS DE  FINALIDADES ESPECIAIS|2619954|604948|AVENTAL DESCARTAVEL - PARA PROCEDIMENTO HOSPITALAR, SENDO 100% EM POLIPROPILENO (FALSO TECIDO), BRANCO, COM GRAMATURA MINIMA DE 50G,ACABAMENTO EM OVERLOCK, ABERTO ATRAS, COM TIRAS LATERAIS PARA FECHAMENTO NAS COSTAS,MANGA LONGA COM PUNHO SANFONADO,GOLA CIRURGICA,EMBALAGEM COM AS CARACTERISTICAS DO PRODUTO,TAMANHO UNICO, APRESENTANDO CERTIFICADO DE APROVACAO EXPEDIDA PELO M.SAUDE E TRABALHO, BEM COMO LAUDOS DE EFICIENCIA DE FILTRAGEM BACTERIANA, TUDO CONFORME DEC. LEI 79094/77 COMBINADO CO ART 31 L.8078/90|AVENTAL PROCEDIMENTO - PARAMENTAÇÃO, ESTERILIDADE: NÃO ESTÉRIL, DESCARTÁVEL , MATERIAL: NÃO TECIDO 100% POLIPROPILENO - TIPO TNT , PROPRIEDADE: HIDROREPELENTE , GRAMATURA: CERCA DE 50 G/M2, MODELO MANGA: LONGA C/ PUNHO DE ELÁSTICO , TAMANHO: GRANDE (G) , COR: C/ COR , TIPO FECHAMENTO: POSTERIOR P/ PESCOÇO E CINTURA 
1174|MAPEAMENTO_INCERTO|False|False|True|MATERIAIS DE USO TECNICO HOSPITALAR|VESTUÁRIO HOSPITALAR E CIRÚRGICO E ITENS CORRELATOS DE  FINALIDADES ESPECIAIS|2619954|604949|AVENTAL DESCARTAVEL - PARA PROCEDIMENTO HOSPITALAR, SENDO 100% EM POLIPROPILENO (FALSO TECIDO), BRANCO, COM GRAMATURA MINIMA DE 50G,ACABAMENTO EM OVERLOCK, ABERTO ATRAS, COM TIRAS LATERAIS PARA FECHAMENTO NAS COSTAS,MANGA LONGA COM PUNHO SANFONADO,GOLA CIRURGICA,EMBALAGEM COM AS CARACTERISTICAS DO PRODUTO,TAMANHO UNICO, APRESENTANDO CERTIFICADO DE APROVACAO EXPEDIDA PELO M.SAUDE E TRABALHO, BEM COMO LAUDOS DE EFICIENCIA DE FILTRAGEM BACTERIANA, TUDO CONFORME DEC. LEI 79094/77 COMBINADO CO ART 31 L.8078/90|AVENTAL PROCEDIMENTO - PARAMENTAÇÃO, ESTERILIDADE: NÃO ESTÉRIL, DESCARTÁVEL , MATERIAL: NÃO TECIDO 100% POLIPROPILENO - TIPO TNT , PROPRIEDADE: HIDROREPELENTE , GRAMATURA: CERCA DE 50 G/M2, MODELO MANGA: LONGA C/ PUNHO DE ELÁSTICO , TAMANHO: EXTRA GRANDE (XG) , COR: C/ COR , TIPO FECHAMENTO: POSTERIOR P/ PESCOÇO E CINTURA 
1175|MAPEAMENTO_INCERTO|False|False|True|MATERIAIS DE USO TECNICO HOSPITALAR|VESTUÁRIO HOSPITALAR E CIRÚRGICO E ITENS CORRELATOS DE  FINALIDADES ESPECIAIS|5141427|604922|AVENTAL DESCARTAVEL - EM FALSO TECIDO 100% POLIPROPILENO, GRAMATURA MINIMA DE 80G/M2, NAO-ESTERIL, IMPERMEAVEL,ACABAMENTO EM OVERLOCK, ABERTO NAS COSTAS, COM UM PAR DE TIRAS NA CINTURA E UM NO PESCOCO PARA FECHAMENTO,COM MANGA LONGA, PUNHO ELASTICO OU MALHA SANFONADA,DECOTE COM VIES,,COMPRIMENTO MINIMO 1,20M|AVENTAL CIRÚRGICO - PARAMENTAÇÃO, ESTERILIDADE: ESTÉRIL, USO ÚNICO , MATERIAL: NÃO TECIDO 100% POLIPROPILENO - TIPO SMS , TIPO DE BARREIRA: C/ BARREIRA BACTERIANA , PROPRIEDADE: HIDROREPELENTE , GRAMATURA: CERCA DE 70 G/M2, MODELO MANGA: LONGA C/ PUNHO EM MALHA , TAMANHO: MÉDIO (M) , TIPO FECHAMENTO: POSTERIOR P/ PESCOÇO E CINTURA , CARACTERÍSTICA: CARTÃO DE FECHAMENTO ASSÉPTICO , ADICIONAL: C/ TOALHA DE MÃO , EMBALAGEM: EMBALAGEM INDIVIDUAL 
1175|MAPEAMENTO_INCERTO|False|False|True|MATERIAIS DE USO TECNICO HOSPITALAR|VESTUÁRIO HOSPITALAR E CIRÚRGICO E ITENS CORRELATOS DE  FINALIDADES ESPECIAIS|5141427|604924|AVENTAL DESCARTAVEL - EM FALSO TECIDO 100% POLIPROPILENO, GRAMATURA MINIMA DE 80G/M2, NAO-ESTERIL, IMPERMEAVEL,ACABAMENTO EM OVERLOCK, ABERTO NAS COSTAS, COM UM PAR DE TIRAS NA CINTURA E UM NO PESCOCO PARA FECHAMENTO,COM MANGA LONGA, PUNHO ELASTICO OU MALHA SANFONADA,DECOTE COM VIES,,COMPRIMENTO MINIMO 1,20M|AVENTAL CIRÚRGICO - PARAMENTAÇÃO, ESTERILIDADE: ESTÉRIL, USO ÚNICO , MATERIAL: NÃO TECIDO 100% POLIPROPILENO - TIPO SMS , TIPO DE BARREIRA: C/ BARREIRA BACTERIANA , PROPRIEDADE: HIDROREPELENTE , GRAMATURA: CERCA DE 70 G/M2, MODELO MANGA: LONGA C/ PUNHO EM MALHA , TAMANHO: EXTRA GRANDE (XG) , TIPO FECHAMENTO: POSTERIOR P/ PESCOÇO E CINTURA , CARACTERÍSTICA: CARTÃO DE FECHAMENTO ASSÉPTICO , ADICIONAL: C/ TOALHA DE MÃO , EMBALAGEM: EMBALAGEM INDIVIDUAL 
1176|MAPEAMENTO_INCERTO|False|False|True|MATERIAIS DE USO TECNICO HOSPITALAR|VESTUÁRIO HOSPITALAR E CIRÚRGICO E ITENS CORRELATOS DE  FINALIDADES ESPECIAIS|5150418|604968|AVENTAL DESCARTAVEL - EM POLIETILENO, LAMINADO, GRAMATURA 60G/M², IMPERMEAVEL, REPELE LIQUIDOS E AEROSSOIS,ACABAMENTO EM OVERLOCK, MEDINDO 1,20 X 1,50 M (A X L),MANGA COMPRIDA COM ELASTICO NOS PUNHOS,COM 01 PAR DE TIRAS NA CINTURA,.|AVENTAL PROCEDIMENTO - PARAMENTAÇÃO, ESTERILIDADE: NÃO ESTÉRIL, DESCARTÁVEL , MATERIAL: NÃO TECIDO POLIPROPILENO SMS C/ LÂMINA POLIETILENO , TIPO DE BARREIRA: C/ BARREIRA BACTERIANA , PROPRIEDADE: HIDROREPELENTE E IMPERMEÁVEL , GRAMATURA: CERCA DE 50 G/M2, MODELO MANGA: LONGA C/ PUNHO DE ELÁSTICO , TAMANHO: GRANDE (G) , COR: C/ COR , TIPO FECHAMENTO: POSTERIOR P/ PESCOÇO E CINTURA 
1176|MAPEAMENTO_INCERTO|False|False|True|MATERIAIS DE USO TECNICO HOSPITALAR|VESTUÁRIO HOSPITALAR E CIRÚRGICO E ITENS CORRELATOS DE  FINALIDADES ESPECIAIS|5150418|604967|AVENTAL DESCARTAVEL - EM POLIETILENO, LAMINADO, GRAMATURA 60G/M², IMPERMEAVEL, REPELE LIQUIDOS E AEROSSOIS,ACABAMENTO EM OVERLOCK, MEDINDO 1,20 X 1,50 M (A X L),MANGA COMPRIDA COM ELASTICO NOS PUNHOS,COM 01 PAR DE TIRAS NA CINTURA,.|AVENTAL PROCEDIMENTO - PARAMENTAÇÃO, ESTERILIDADE: NÃO ESTÉRIL, DESCARTÁVEL , MATERIAL: NÃO TECIDO POLIPROPILENO SMS C/ LÂMINA POLIETILENO , TIPO DE BARREIRA: C/ BARREIRA BACTERIANA , PROPRIEDADE: HIDROREPELENTE E IMPERMEÁVEL , GRAMATURA: CERCA DE 50 G/M2, MODELO MANGA: LONGA C/ PUNHO DE ELÁSTICO , TAMANHO: MÉDIO (M) , COR: C/ COR , TIPO FECHAMENTO: POSTERIOR P/ PESCOÇO E CINTURA 
1177|MAPEAMENTO_INCERTO|False|False|True|MATERIAIS DE USO TECNICO HOSPITALAR|VESTUÁRIO HOSPITALAR E CIRÚRGICO E ITENS CORRELATOS DE  FINALIDADES ESPECIAIS|5716349|604917|AVENTAL CIRURGICO - EM POLIPROPILENO, 100% SMS,  RESPIRAVEL, ESTERIL, GRAMATURA 50GR/M2,COM BARREIRA BACTERIANA E LIQUIDA, PROTECAO DO TRONCO, MEMBROS SUPERIORES E INFERIORES,VIES NO PESCOCO, MANGAS LONGAS E SELADAS POR ULTRASSOM COM PUNHOS EM MALHA, AJUSTAVEL NO PESCOCO PARA FECHAMENTO LATERAL (OPAS),TAMANHO 125,00 X 140,00CM,DESCARTAVEL,DOBRA DE FORMA A FACILITAR A PAREMENTACAO SEM QUEBRA DE TECNICA ASSEPTICA,ACOMPANHADA DE TOALHA ABSORVENTE|AVENTAL CIRÚRGICO - PARAMENTAÇÃO, ESTERILIDADE: ESTÉRIL, USO ÚNICO , MATERIAL: NÃO TECIDO 100% POLIPROPILENO - TIPO SMS , TIPO DE BARREIRA: C/ BARREIRA BACTERIANA , PROPRIEDADE: HIDROREPELENTE , GRAMATURA: CERCA DE 50 G/M2, MODELO MANGA: LONGA C/ PUNHO EM MALHA , TAMANHO: GRANDE (G) , TIPO FECHAMENTO: POSTERIOR P/ PESCOÇO E CINTURA , CARACTERÍSTICA: CARTÃO DE FECHAMENTO ASSÉPTICO , ADICIONAL: C/ TOALHA DE MÃO , EMBALAGEM: EMBALAGEM INDIVIDUAL 
1177|MAPEAMENTO_INCERTO|False|False|True|MATERIAIS DE USO TECNICO HOSPITALAR|VESTUÁRIO HOSPITALAR E CIRÚRGICO E ITENS CORRELATOS DE  FINALIDADES ESPECIAIS|5716349|604916|AVENTAL CIRURGICO - EM POLIPROPILENO, 100% SMS,  RESPIRAVEL, ESTERIL, GRAMATURA 50GR/M2,COM BARREIRA BACTERIANA E LIQUIDA, PROTECAO DO TRONCO, MEMBROS SUPERIORES E INFERIORES,VIES NO PESCOCO, MANGAS LONGAS E SELADAS POR ULTRASSOM COM PUNHOS EM MALHA, AJUSTAVEL NO PESCOCO PARA FECHAMENTO LATERAL (OPAS),TAMANHO 125,00 X 140,00CM,DESCARTAVEL,DOBRA DE FORMA A FACILITAR A PAREMENTACAO SEM QUEBRA DE TECNICA ASSEPTICA,ACOMPANHADA DE TOALHA ABSORVENTE|AVENTAL CIRÚRGICO - PARAMENTAÇÃO, ESTERILIDADE: ESTÉRIL, USO ÚNICO , MATERIAL: NÃO TECIDO 100% POLIPROPILENO - TIPO SMS , TIPO DE BARREIRA: C/ BARREIRA BACTERIANA , PROPRIEDADE: HIDROREPELENTE , GRAMATURA: CERCA DE 50 G/M2, MODELO MANGA: LONGA C/ PUNHO EM MALHA , TAMANHO: MÉDIO (M) , TIPO FECHAMENTO: POSTERIOR P/ PESCOÇO E CINTURA , CARACTERÍSTICA: CARTÃO DE FECHAMENTO ASSÉPTICO , ADICIONAL: C/ TOALHA DE MÃO , EMBALAGEM: EMBALAGEM INDIVIDUAL 
1178|MAPEAMENTO_INCERTO|False|False|True|MATERIAIS DE USO TECNICO HOSPITALAR|VESTUÁRIO HOSPITALAR E CIRÚRGICO E ITENS CORRELATOS DE  FINALIDADES ESPECIAIS|3142256|604925|AVENTAL CIRURGICO - NAO TECIDO, 100% SMS, IMPERMEAVEL, RESPIRAVEL, ESTERIL,BARREIRA VIRAL,IDENTIFICANDO GRAU DE PROTECAO VIRAL, MANGAS LONGAS, AJUSTAVEL NO PESCOCO PARA FECHAMENTO EM LACO GANCHO,TAMANHO G, DOBRA MODELO LIVRO,DESCARTAVEL,ACONDICIONADO EM EMBALAGEM APROPIADA, INDIVIDUAL, CONFORME ROTULO RESPEITANDO REGISTRO NO MS,PROCEDENCIA E DA DATA DE FABRICAO|AVENTAL CIRÚRGICO - PARAMENTAÇÃO, ESTERILIDADE: ESTÉRIL, USO ÚNICO , MATERIAL: NÃO TECIDO 100% POLIPROPILENO - TIPO SMS , TIPO DE BARREIRA: C/ BARREIRA BACTERIANA E VIRAL , PROPRIEDADE: HIDROREPELENTE , GRAMATURA: CERCA DE 50 G/M2, MODELO MANGA: LONGA C/ PUNHO EM MALHA , TAMANHO: GRANDE (G) , TIPO FECHAMENTO: POSTERIOR P/ PESCOÇO E CINTURA , CARACTERÍSTICA: CARTÃO DE FECHAMENTO ASSÉPTICO , ADICIONAL: C/ TOALHA DE MÃO , EMBALAGEM: EMBALAGEM INDIVIDUAL 
1178|MAPEAMENTO_INCERTO|False|False|True|MATERIAIS DE USO TECNICO HOSPITALAR|VESTUÁRIO HOSPITALAR E CIRÚRGICO E ITENS CORRELATOS DE  FINALIDADES ESPECIAIS|3142256|604927|AVENTAL CIRURGICO - NAO TECIDO, 100% SMS, IMPERMEAVEL, RESPIRAVEL, ESTERIL,BARREIRA VIRAL,IDENTIFICANDO GRAU DE PROTECAO VIRAL, MANGAS LONGAS, AJUSTAVEL NO PESCOCO PARA FECHAMENTO EM LACO GANCHO,TAMANHO G, DOBRA MODELO LIVRO,DESCARTAVEL,ACONDICIONADO EM EMBALAGEM APROPIADA, INDIVIDUAL, CONFORME ROTULO RESPEITANDO REGISTRO NO MS,PROCEDENCIA E DA DATA DE FABRICAO|AVENTAL CIRÚRGICO - PARAMENTAÇÃO, ESTERILIDADE: ESTÉRIL, USO ÚNICO , MATERIAL: NÃO TECIDO 100% POLIPROPILENO - TIPO SMS , TIPO DE BARREIRA: C/ BARREIRA BACTERIANA E VIRAL , PROPRIEDADE: HIDROREPELENTE , GRAMATURA: CERCA DE 60 G/M2, MODELO MANGA: LONGA C/ PUNHO EM MALHA , TAMANHO: GRANDE (G) , TIPO FECHAMENTO: POSTERIOR P/ PESCOÇO E CINTURA , CARACTERÍSTICA: CARTÃO DE FECHAMENTO ASSÉPTICO , ADICIONAL: C/ TOALHA DE MÃO , EMBALAGEM: EMBALAGEM INDIVIDUAL 
1179|OK_SEM_FLAGS|False|False|False|MATERIAIS DE USO TECNICO HOSPITALAR|VESTUÁRIO HOSPITALAR E CIRÚRGICO E ITENS CORRELATOS DE  FINALIDADES ESPECIAIS|4077040|604968|AVENTAL PLASTICO - DE SEGURANCA PARA EXPURGO, EM NAO TECIDO 100% POLIPROPILENO LAMINADO,NAO ESTERIL, EFICIENTE CONTRA LIQUIDOS E PRODUTOS QUIMICOS,TAMANHO GRANDE, COM MANGAS LONGA E SELADAS POR ULTRASSON PARA MAIOR PROTECAO,PRODUTO ATESTADO PELO IPT/ MINISTERIO DO TRABALHO, IDENTIFICADO COMO EPI,CONFORME LEGISLACAO VIGENTE, REGISTRO MS|AVENTAL PROCEDIMENTO - PARAMENTAÇÃO, ESTERILIDADE: NÃO ESTÉRIL, DESCARTÁVEL , MATERIAL: NÃO TECIDO POLIPROPILENO SMS C/ LÂMINA POLIETILENO , TIPO DE BARREIRA: C/ BARREIRA BACTERIANA , PROPRIEDADE: HIDROREPELENTE E IMPERMEÁVEL , GRAMATURA: CERCA DE 50 G/M2, MODELO MANGA: LONGA C/ PUNHO DE ELÁSTICO , TAMANHO: GRANDE (G) , COR: C/ COR , TIPO FECHAMENTO: POSTERIOR P/ PESCOÇO E CINTURA 
1183|OK_SEM_FLAGS|False|False|False|MATERIAIS DE USO TECNICO HOSPITALAR|MATERIAIS CIRÚRGICOS PARA CURATIVOS|1553143|628249|COMPRESSA DE GAZE HIDROFILA - DE ALGODAO PURO E BRANC SEM FALHAS OU FIAPOS SOLTO, SEM FALHAS OU FIAPOS SOLTOS COM 11 (ONZE) FIOS POR CM QUADRADO, DOBRAS UNIFORMES E PERFEITAS VARIANDO DE 08 DOBRAS, MEDINDO 7,5 X 7,5 CM, COM FORMATO QUADRADO, ESTERIL, EMBALADO EM MATERIAL QUE PROMOVA BARREIRA MICROBIANA E ABERTURA ASSEPTICA PACOTE COM 10 UNIDADES, O PRODUTO DEVERA SER ENTREGUE COM LAUDO ANALITICO O PRODUTO DEVE SER ENTREGUE COM LAUDO ANALITICO ELABORATORIAL DE CUMPRIMENTO DA NORMA BR13843|Gaze uso em saúde, MODELO: Compressa C/ dobras e camadas , MATERIAL: TECIDO 100% ALGODÃO , DENSIDADE: Cerca de 11 Fios / cm2 , RADIOPACIDADE: Com elemento radiopaco , Dimensão Fechada: Cerca de 7,5 x 7,5 cm , ESTERILIDADE: ESTÉRIL, USO ÚNICO 
1183|OK_SEM_FLAGS|False|False|False|MATERIAIS DE USO TECNICO HOSPITALAR|MATERIAIS CIRÚRGICOS PARA CURATIVOS|1553143|628236|COMPRESSA DE GAZE HIDROFILA - DE ALGODAO PURO E BRANC SEM FALHAS OU FIAPOS SOLTO, SEM FALHAS OU FIAPOS SOLTOS COM 11 (ONZE) FIOS POR CM QUADRADO, DOBRAS UNIFORMES E PERFEITAS VARIANDO DE 08 DOBRAS, MEDINDO 7,5 X 7,5 CM, COM FORMATO QUADRADO, ESTERIL, EMBALADO EM MATERIAL QUE PROMOVA BARREIRA MICROBIANA E ABERTURA ASSEPTICA PACOTE COM 10 UNIDADES, O PRODUTO DEVERA SER ENTREGUE COM LAUDO ANALITICO O PRODUTO DEVE SER ENTREGUE COM LAUDO ANALITICO ELABORATORIAL DE CUMPRIMENTO DA NORMA BR13843|Gaze uso em saúde, MODELO: Compressa C/ dobras e camadas , MATERIAL: TECIDO 100% ALGODÃO , DENSIDADE: Cerca de 11 Fios / cm2 , RADIOPACIDADE: Sem elemento radiopaco , Dimensão Fechada: Cerca de 7,5 x 7,5 cm , ESTERILIDADE: ESTÉRIL, USO ÚNICO 
1184|OK_SEM_FLAGS|False|False|False|MATERIAIS DE USO TECNICO HOSPITALAR|MATERIAIS CIRÚRGICOS PARA CURATIVOS|2615746|628249|COMPRESSA GAZE - 50CM X 91CM, 11 FIOS, ESTERIL,.,PACOTE COM 6 UNIDADES EM TECIDO HIDROFILO 100% ALGODAO,ALVEJADO,( ISENTO DE IMPUREZAS, ALVEJANTE OPTICO E RESIDUO DE AMIDO ),.,EMBALADO EM PAPEL GRAU CIRURGICO, CONTENDO DADOS DE IDENTIFICACAO , VALIDADE, REGISTRO NO MS.|Gaze uso em saúde, MODELO: Compressa C/ dobras e camadas , MATERIAL: TECIDO 100% ALGODÃO , DENSIDADE: Cerca de 11 Fios / cm2 , RADIOPACIDADE: Com elemento radiopaco , Dimensão Fechada: Cerca de 7,5 x 7,5 cm , ESTERILIDADE: ESTÉRIL, USO ÚNICO 
1184|OK_SEM_FLAGS|False|False|False|MATERIAIS DE USO TECNICO HOSPITALAR|MATERIAIS CIRÚRGICOS PARA CURATIVOS|2615746|628239|COMPRESSA GAZE - 50CM X 91CM, 11 FIOS, ESTERIL,.,PACOTE COM 6 UNIDADES EM TECIDO HIDROFILO 100% ALGODAO,ALVEJADO,( ISENTO DE IMPUREZAS, ALVEJANTE OPTICO E RESIDUO DE AMIDO ),.,EMBALADO EM PAPEL GRAU CIRURGICO, CONTENDO DADOS DE IDENTIFICACAO , VALIDADE, REGISTRO NO MS.|Gaze uso em saúde, MODELO: Compressa C/ dobras e camadas , MATERIAL: TECIDO 100% ALGODÃO , DENSIDADE: Cerca de 11 Fios / cm2 , RADIOPACIDADE: Sem elemento radiopaco , Dimensão Fechada: CERCA DE 10 X 10 CM , ESTERILIDADE: ESTÉRIL, USO ÚNICO 
1184|OK_SEM_FLAGS|False|False|False|MATERIAIS DE USO TECNICO HOSPITALAR|MATERIAIS CIRÚRGICOS PARA CURATIVOS|2615746|628252|COMPRESSA GAZE - 50CM X 91CM, 11 FIOS, ESTERIL,.,PACOTE COM 6 UNIDADES EM TECIDO HIDROFILO 100% ALGODAO,ALVEJADO,( ISENTO DE IMPUREZAS, ALVEJANTE OPTICO E RESIDUO DE AMIDO ),.,EMBALADO EM PAPEL GRAU CIRURGICO, CONTENDO DADOS DE IDENTIFICACAO , VALIDADE, REGISTRO NO MS.|Gaze uso em saúde, MODELO: Compressa C/ dobras e camadas , MATERIAL: TECIDO 100% ALGODÃO , DENSIDADE: Cerca de 11 Fios / cm2 , RADIOPACIDADE: Com elemento radiopaco , Dimensão Fechada: CERCA DE 10 X 10 CM , ESTERILIDADE: ESTÉRIL, USO ÚNICO 
1185|OK_SEM_FLAGS|False|False|False|MATERIAIS DE USO TECNICO HOSPITALAR|MATERIAIS CIRÚRGICOS PARA CURATIVOS|986933|628242|COMPRESSA DE GAZE HIDROFILA - DE ALGODAO PURO E BRANCO, SEM FALHAS OU FIAPOS SOLTOS 11 FIOS POR CM QUADRADO, DOBRAS UNIFORMES E PERFEITAS VARIANDO DE 08 DOBRAS,SEM FILAMENTO RADIOPACO, MEDINDO 7,5 X 7,5 CM, COM FORMATO QUADRADO, NAO ESTERIL, EMBALADO MATERIAL QUE GARANTA A INTEGRIDADE DO PRODUTO,EM PACOTE COM 500 UNIDADES, O PRODUTO DEVERA SER ENTREGUE COM LAUDO ANALITICO LAUDO ANAL.LABORAT.,DE CUMPRIMENTO DA NBR13843|Gaze uso em saúde, MODELO: Compressa C/ dobras e camadas , MATERIAL: TECIDO 100% ALGODÃO , DENSIDADE: Cerca de 11 Fios / cm2 , RADIOPACIDADE: Sem elemento radiopaco , Dimensão Fechada: Cerca de 7,5 x 7,5 cm , ESTERILIDADE: NÃO ESTÉRIL, USO ÚNICO 
1186|MAPEAMENTO_INCERTO|False|False|True|MATERIAIS DE USO TECNICO HOSPITALAR|MATERIAIS CIRÚRGICOS PARA CURATIVOS|2818043|623050|COMPRESSA NEUROCIRURGICA - CONFECCIONADO EM: FIBRA DE RAYON ENTRELACADAS,COM BOA TEXTURA, BOA ESPESSURA, ENCORPADA, RIGIDEZ ADEQUADA, FILAMENTO RADIOPACO  COM FIO DE SUTURA PARA SEGURANCA..,MEDINDO 13 X 13MM,USO UNICO,ESTERIL,APRESENTACAO CONFORME DECRETO LEI 79094/77 COMBINADO COM O ARTI.31 LEI 8078/90,ROTULAGEM RESPEITANDO O DECRETO LEI 79094/77 ART.31 L.8078/90 PORT.CONJ.N.1 DE 23/1/96-M.SAUDE.|COMPRESSA NEUROCIRÚRGICA, MATERIAL: TECIDO SINTÉTICO C/ ELEMENTO RADIOPACO , DIMENSÃO: CERCA DE 12,5 X 12,5 MM, COMPONENTE: C/ CORDÃO IDENTIFICADOR , ESTERILIDADE: ESTÉRIL, USO ÚNICO 
1187|MAPEAMENTO_INCERTO|False|False|True|MATERIAIS DE USO TECNICO HOSPITALAR|MATERIAIS CIRÚRGICOS PARA CURATIVOS|1995227|623051|COMPRESSA NEUROCIRURGICA - CONFECCIONADO EM: FIBRA DE RAYON, COM FILAMENTO RADIOPACO, SUTURA DE RESGATE FIXA, SEM EMENDAS, MEDINDO APROX. (13 X 25)MM, ESTERIL, APRESENTACAO CONFORME DECRETO LEI 79094/77 MS, ROTULAGEM RESPEITANDO O DECRETO LEI 79094/77 MS|COMPRESSA NEUROCIRÚRGICA, MATERIAL: TECIDO SINTÉTICO C/ ELEMENTO RADIOPACO , DIMENSÃO: CERCA DE 12,5 X 25 MM, COMPONENTE: C/ CORDÃO IDENTIFICADOR , ESTERILIDADE: ESTÉRIL, USO ÚNICO 
1188|MAPEAMENTO_INCERTO|False|False|True|MATERIAIS DE USO TECNICO HOSPITALAR|MATERIAIS CIRÚRGICOS PARA CURATIVOS|2818060|623055|COMPRESSA NEUROCIRURGICA - CONFECCIONADO EM: FIBRA DE RAYON ENTRELACADAS,COM BOA TEXTURA, BOA ESPESSURA, ENCORPADA, RIGIDEZ ADEQUADA, FILAMENTO RADIOPACO  COM FIO DE SUTURA PARA SEGURANCA..,MEDINDO 13 X 76MM,USO UNICO,ESTERIL,APRESENTACAO CONFORME DECRETO LEI 79094/77 COMBINADO COM O ARTI.31 LEI 8078/90,ROTULAGEM RESPEITANDO O DECRETO LEI 79094/77 ART.31 L.8078/90 PORT.CONJ.N.1 DE 23/1/96-M.SAUDE.|COMPRESSA NEUROCIRÚRGICA, MATERIAL: TECIDO SINTÉTICO C/ ELEMENTO RADIOPACO , DIMENSÃO: CERCA DE 12,5 X 75 MM, COMPONENTE: C/ CORDÃO IDENTIFICADOR , ESTERILIDADE: ESTÉRIL, USO ÚNICO 
1189|MAPEAMENTO_INCERTO|False|False|True|MATERIAIS DE USO TECNICO HOSPITALAR|MATERIAIS CIRÚRGICOS PARA CURATIVOS|2818051|623053|COMPRESSA NEUROCIRURGICA - CONFECCIONADO EM: FIBRA DE RAYON ENTRELACADAS,COM BOA TEXTURA, BOA ESPESSURA, ENCORPADA, RIGIDEZ ADEQUADA, FILAMENTO RADIOPACO  COM FIO DE SUTURA PARA SEGURANCA..,MEDINDO 13 X 51MM,USO UNICO,ESTERIL,APRESENTACAO CONFORME DECRETO LEI 79094/77 COMBINADO COM O ARTI.31 LEI 8078/90,ROTULAGEM RESPEITANDO O DECRETO LEI 79094/77 ART.31 L.8078/90 PORT.CONJ.N.1 DE 23/1/96-M.SAUDE.|COMPRESSA NEUROCIRÚRGICA, MATERIAL: TECIDO SINTÉTICO C/ ELEMENTO RADIOPACO , DIMENSÃO: CERCA DE 12,5 X 50 MM, COMPONENTE: C/ CORDÃO IDENTIFICADOR , ESTERILIDADE: ESTÉRIL, USO ÚNICO 
1190|OK_SEM_FLAGS|False|False|False|MATERIAIS DE USO TECNICO HOSPITALAR|MATERIAIS CIRÚRGICOS PARA CURATIVOS|3856534|623085|COMPRESSA CIRURGICA - CAMPO OPERATORIO, PRE-ENCOLHIDA, MASSA MINIMA POR UNIDADE DE 20G,ABSORVENTE, COM 4 CAMADAS  DE GAZE FIXADAS ENTRE SI DE FORMA A EVITAR O DESLIZAMENTO DAS CAMADAS, ALVEJADOS (ISENTOS DE IMPUREZA, ALVEJANTE OPTICO E RESIDUOS DE AMIDO), COM DISPOSITIVO DE FIXACAO FIRMEMENTE UNIDO AO SEU CORPO NA FORMA DE ALCA, MEDINDO NO MINIMO 30 CM DE COMPRIMENTO DA ALCA LIVRE,COM ELEMENTO RADIOPACO,NAS DIMENSOES 25 X 28 CM,ESTERIL,EMBALAGEM CONTENDO DADOS DE IDENTIFICACAO E PROCEDENCIA|COMPRESSA CAMPO OPERATÓRIO, TIPO: COM PRÉ-ENCOLHIMENTO , DIMENSÃO: CERCA DE 25 X 28 CM, MATERIAL: 100% ALGODÃO , RADIOPACIDADE: C/ ELEMENTO RADIOPACO , FIXAÇÃO: C/ DISPOSITIVO DE FIXAÇÃO , ESTERILIDADE: ESTÉRIL, USO ÚNICO 
1191|OK_SEM_FLAGS|False|False|False|MATERIAIS DE USO TECNICO HOSPITALAR|MATERIAIS CIRÚRGICOS PARA CURATIVOS|3856534|623085|COMPRESSA CIRURGICA - CAMPO OPERATORIO, PRE-ENCOLHIDA, MASSA MINIMA POR UNIDADE DE 20G,ABSORVENTE, COM 4 CAMADAS  DE GAZE FIXADAS ENTRE SI DE FORMA A EVITAR O DESLIZAMENTO DAS CAMADAS, ALVEJADOS (ISENTOS DE IMPUREZA, ALVEJANTE OPTICO E RESIDUOS DE AMIDO), COM DISPOSITIVO DE FIXACAO FIRMEMENTE UNIDO AO SEU CORPO NA FORMA DE ALCA, MEDINDO NO MINIMO 30 CM DE COMPRIMENTO DA ALCA LIVRE,COM ELEMENTO RADIOPACO,NAS DIMENSOES 25 X 28 CM,ESTERIL,EMBALAGEM CONTENDO DADOS DE IDENTIFICACAO E PROCEDENCIA|COMPRESSA CAMPO OPERATÓRIO, TIPO: COM PRÉ-ENCOLHIMENTO , DIMENSÃO: CERCA DE 25 X 28 CM, MATERIAL: 100% ALGODÃO , RADIOPACIDADE: C/ ELEMENTO RADIOPACO , FIXAÇÃO: C/ DISPOSITIVO DE FIXAÇÃO , ESTERILIDADE: ESTÉRIL, USO ÚNICO 
1192|OK_SEM_FLAGS|False|False|False|MATERIAIS DE USO TECNICO HOSPITALAR|MATERIAIS CIRÚRGICOS PARA CURATIVOS|2501295|623075|COMPRESSA CIRURGICA - EM CAMPO OPERATORIO, NAO ESTERIL,GRAMATURA MINIMA DE 35G,, COM 4 CAMADAS COM FIO RADIOPACO, COM ISENCAO DE AMIDO, AUSENCIA DE ALVEJANTE, OPTICO, COM HIDROFILIDADE ADEQUADA,, ABSORVENTE, RESISTENTE A ESTERILIZACAO,, SOBREPOSTAS, COR BRANCA,BORDAS DEVIDAMENTE ACABADAS COM CANTOS ARREDONDADOS,, MEDINDO 50CM X 45CM, EMBALAGEM COM 50 UNIDADES,CONTENDO DADOS DE IDENTIFICACAO, PROCEDENCIA ., CONFORME NORMA DA ABNT.|COMPRESSA CAMPO OPERATÓRIO, TIPO: SEM PRÉ-ENCOLHIMENTO , DIMENSÃO: CERCA DE 45 X 50 CM, MATERIAL: 100% ALGODÃO , RADIOPACIDADE: C/ ELEMENTO RADIOPACO , FIXAÇÃO: C/ DISPOSITIVO DE FIXAÇÃO , ESTERILIDADE: NÃO ESTÉRIL, USO ÚNICO 
1193|OK_SEM_FLAGS|False|False|False|MATERIAIS DE USO TECNICO HOSPITALAR|VESTUÁRIO HOSPITALAR E CIRÚRGICO E ITENS CORRELATOS DE  FINALIDADES ESPECIAIS|4898621|485312|MASCARA CIRURGICA DESCARTAVEL - EM TNT 60G,COM DISPOSITIVO PARA AJUSTE NASAL FIXADO NO CORPO DA MASCARA,TRIPLA CAMADA,ATOXICA, APIROGENICA,ELASTICOS LATERAIS,COR BRANCA|MÁSCARA CIRÚRGICA, MATERIAL: NÃO TECIDO 100% POLIPROPILENO , FILTRO: ELEMENTO FILTRANTE INTERNO , EFICIÊNCIA: EFP MAIOR QUE 98% E BFE MAIOR QUE 95% , QUANTIDADE CAMADAS: MÍNIMO 3 CAMADAS , MODELO: AJUSTÁVEL, CLIPE NASAL , FORMATO: RETANGULAR, C/ PREGAS HORIZONTAIS , COR: C/ COR , TAMANHO: ADULTO , ESTERILIDADE: DESCARTÁVEL 
1194|OK_SEM_FLAGS|False|False|False|MATERIAIS DE USO TECNICO HOSPITALAR|VESTUÁRIO HOSPITALAR E CIRÚRGICO E ITENS CORRELATOS DE  FINALIDADES ESPECIAIS|3031497|485312|MASCARA CIRURGICA DESCARTAVEL - EM FALSO TECIDO A BASE DE FIBRAS DE NYLON OU POLIPROPILENO,PREGAS LONGITUDINAIS E QUATRO FITILHOS,COM TRIPLA CAMADA, MODELO RETANGULAR, NA COR VERDE OU BRANCA,HIPOALERGENICA, ATOXICA, INODORA E COM TRATAMENTO REPELENTE AOS AGENTES LIQUIDOS,FILTRO QUE GARANTA BOA VENTILACAO E GRAMATURADE 30G/M2 EM CADA CAMADA,EMBALAGEM EM PACOTE,ART.31 L.8078/90 E PORT.CONJ.N1 DE 23/1/96-M.SAUDE|MÁSCARA CIRÚRGICA, MATERIAL: NÃO TECIDO 100% POLIPROPILENO , FILTRO: ELEMENTO FILTRANTE INTERNO , EFICIÊNCIA: EFP MAIOR QUE 98% E BFE MAIOR QUE 95% , QUANTIDADE CAMADAS: MÍNIMO 3 CAMADAS , MODELO: AJUSTÁVEL, CLIPE NASAL , FORMATO: RETANGULAR, C/ PREGAS HORIZONTAIS , COR: C/ COR , TAMANHO: ADULTO , ESTERILIDADE: DESCARTÁVEL 
1195|OK_SEM_FLAGS|False|False|False|MATERIAIS DE USO TECNICO HOSPITALAR|VESTUÁRIO HOSPITALAR E CIRÚRGICO E ITENS CORRELATOS DE  FINALIDADES ESPECIAIS|1864726|485530|MASCARA FACIAL - N- 95, PARA TRABALHO COM MICOBACTERIUM TUBEREULOSIS, ANATOMICO, SEM REBARBAS , MODELO BICO DE PATO, TAMANHO ADULTO, COM CERTIFICADO DE APROVACAO DO MINISTERIO DO TRABALHO (C.A.)|MÁSCARA PROTEÇÃO RESP. C/ ANVISA, MODELO: RESPIRADOR DOBRÁVEL, TIPO BICO DE PATO , MATERIAL: CAMADAS FIBRAS SINTÉTICAS , FILTRO: EFICIÊNCIA FILTRAÇÃO MÍN. 94% S , CLASSE: PFF2, N95 OU EQUIVALENTE , COMPONENTE: CLIPE NASAL , TIPO FIXAÇÃO: TIRAS VEDAÇÃO ANATÔMICA , ADICIONAL 2: S/ VÁLVULA , COR: C/ COR , TAMANHO: ADULTO , ESTERILIDADE: DESCARTÁVEL 
1196|OK_SEM_FLAGS|False|False|False|MATERIAIS DE USO TECNICO HOSPITALAR|VESTUÁRIO HOSPITALAR E CIRÚRGICO E ITENS CORRELATOS DE  FINALIDADES ESPECIAIS|175730|428620|TOUCA CIRURGICA DESCARTAVEL - CONFECCIONADA A BASE DE FALSO TECIDO 100% POLIPROPILENO, TIPO TURBANTE, DESCARTAVEL, FORMATO ANATOMICO, GRAMATURA 30G/M2, HIPOALERGENICO, COM TOTAL CAPACIDADE DE VENTILACAO POR SER MICRO-PERFURADO, COM ELASTICO EM TODA SUA EXTENSAO, TAMANHO GRANDE, APRESENTACAO CONFORME DECRETO LEI 79094/77 COMBINADO COM O ART.31 DA LEI 8078/90|TOUCA HOSPITALAR, MATERIAL*: NÃO TECIDO 100% POLIPROPILENO , MODELO: COM ELÁSTICO EM TODA VOLTA , COR*: SEM COR , GRAMATURA*: CERCA DE 30 G/M2, TAMANHO*: ÚNICO , TIPO USO*: DESCARTÁVEL , CARACTERÍSTICA ADICIONAL 01: HIPOALERGÊNICA, ATÓXICA, INODORA, UNISSEX 
1197|OK_SEM_FLAGS|False|False|False|MATERIAIS DE USO TECNICO HOSPITALAR|VESTUÁRIO HOSPITALAR E CIRÚRGICO E ITENS CORRELATOS DE  FINALIDADES ESPECIAIS|1548328|428628|GORRO DESCARTAVEL PARA CIRURGIA - EM FALSO TECIDO, COM TIRAS RESISTENTES NA PARTE POSTERIOR PARA AMARRACAO, COM FORMATO ANATOMICO COM DIAMETRO MINIMO DE 45 CM E GRAMATURA 30 G, QUE PERMITA BOA VENTILACAO, EMBALAGEM EM PACOTE, APRESENTACAO RESPEITANDO A LEGISLACAO VIGENTE|GORRO HOSPITALAR, MATERIAL*: NÃO TECIDO 100% POLIPROPILENO , MODELO: TIRAS , COR*: SEM COR , GRAMATURA*: CERCA DE 30 G/M2, TAMANHO: ÚNICO , TIPO USO: DESCARTÁVEL , CARACTERÍSITCAS ADICIONAIS 1: HIPOALERGÊNICA, ATÓXICA, INODORA, UNISSEX 
1199|OK_SEM_FLAGS|False|False|False|MATERIAIS DE USO TECNICO HOSPITALAR|EQUIPAMENTO PARA SEGURANÇA E SALVAMENTO|125288|244064|OCULOS CIRURGICO DE PROTECAO - EM MATERIAL ACRILICO OU SIMILAR SEM REBARBAS, ATOXICO, ANTIALERGICO, COM ADAPTACAO CONFORTAVEL AO ROSTO E PROTETOR LATERAL, EMBALADO EM PLASTICO TRANSPARENTE, ATOXICO INDIVIDUAL, ROTULAGEM RESPEITANDO O DECRETO LEI 79094/77 ART.31 L.8078/90 E PORT.CONJ.N1 DE 23/1/96-M.SAUDE|ÓCULOS PROTEÇÃO, MATERIAL ARMAÇÃO: ACRÍLICO , TIPO PROTEÇÃO: LATERAL/FRONTAL , COR LENTE: INCOLOR , APLICAÇÃO: PROTEÇÃO DOS OLHOS, CONTRA POEIRA E RESÍDUOS DO AR , CARACTERÍSTICAS ADICIONAIS: COM HASTE DOBRÁVEL E REGULÁVEL 
1200|OK_SEM_FLAGS|False|False|False|MATERIAIS DE USO TECNICO HOSPITALAR|MATERIAIS CIRÚRGICOS PARA CURATIVOS|1554603|628519|MALHA TUBULAR ORTOPEDICA - FIOS DE ALGODAO BINADOS, TIPO PUNHO SIMPLES, COM ELASTICIDADE ADEQUADA, ISENTA DE DEFEITOS., NA DIMENSAO 04 CM DE LARGURA, EM ROLO COM 15 METROS, EMBALADO EM MATERIAL COMBINADO COM O ART.31 L.8078/90|MALHA TUBULAR - USO EM SAÚDE, MATERIAL: TECIDO DE FIBRAS 100% ALGODÃO , LARGURA: CERCA DE 4 CM , ESTERILIDADE: NÃO ESTÉRIL 
1200|OK_SEM_FLAGS|False|False|False|MATERIAIS DE USO TECNICO HOSPITALAR|MATERIAIS CIRÚRGICOS PARA CURATIVOS|1554603|628492|MALHA TUBULAR ORTOPEDICA - FIOS DE ALGODAO BINADOS, TIPO PUNHO SIMPLES, COM ELASTICIDADE ADEQUADA, ISENTA DE DEFEITOS., NA DIMENSAO 04 CM DE LARGURA, EM ROLO COM 15 METROS, EMBALADO EM MATERIAL COMBINADO COM O ART.31 L.8078/90|MALHA TUBULAR - USO EM SAÚDE, MATERIAL: TECIDO DE FIBRAS 100% ALGODÃO , LARGURA: CERCA DE 4 CM , ESTERILIDADE: ESTéRIL 
1201|OK_SEM_FLAGS|False|False|False|MATERIAIS DE USO TECNICO HOSPITALAR|MATERIAIS CIRÚRGICOS PARA CURATIVOS|324221|628520|MALHA TUBULAR ORTOPEDICA - EM FIOS DE ALGODAO BINADOS, COM ELASTICIDADE COM BOA ELASTICIDADE, SEM DEFEITOS, NA DIMENSAO DE 6CM X 15M, EMBALADO EM MATERIAL COMBINADO COM O ART.31 DA LEI 8078/90|MALHA TUBULAR - USO EM SAÚDE, MATERIAL: TECIDO DE FIBRAS 100% ALGODÃO , LARGURA: CERCA DE 6 CM , ESTERILIDADE: NÃO ESTÉRIL 
1201|OK_SEM_FLAGS|False|False|False|MATERIAIS DE USO TECNICO HOSPITALAR|MATERIAIS CIRÚRGICOS PARA CURATIVOS|324221|628493|MALHA TUBULAR ORTOPEDICA - EM FIOS DE ALGODAO BINADOS, COM ELASTICIDADE COM BOA ELASTICIDADE, SEM DEFEITOS, NA DIMENSAO DE 6CM X 15M, EMBALADO EM MATERIAL COMBINADO COM O ART.31 DA LEI 8078/90|MALHA TUBULAR - USO EM SAÚDE, MATERIAL: TECIDO DE FIBRAS 100% ALGODÃO , LARGURA: CERCA DE 6 CM , ESTERILIDADE: ESTéRIL 
1202|OK_SEM_FLAGS|False|False|False|MATERIAIS DE USO TECNICO HOSPITALAR|MATERIAIS CIRÚRGICOS PARA CURATIVOS|688894|628521|MALHA TUBULAR ORTOPEDICA - EM FIOS DE ALGODAO BINADOS, COM ELASTICIDADE COM BOA ELASTICIDADE, SEM DEFEITOS, NA DIMENSAO DE 8CM X 15M, EMBALADO EM MATERIAL COMBINADO COM O ART.31 DA LEI 8078/90|MALHA TUBULAR - USO EM SAÚDE, MATERIAL: TECIDO DE FIBRAS 100% ALGODÃO , LARGURA: CERCA DE 8 CM , ESTERILIDADE: NÃO ESTÉRIL 
1202|OK_SEM_FLAGS|False|False|False|MATERIAIS DE USO TECNICO HOSPITALAR|MATERIAIS CIRÚRGICOS PARA CURATIVOS|688894|628494|MALHA TUBULAR ORTOPEDICA - EM FIOS DE ALGODAO BINADOS, COM ELASTICIDADE COM BOA ELASTICIDADE, SEM DEFEITOS, NA DIMENSAO DE 8CM X 15M, EMBALADO EM MATERIAL COMBINADO COM O ART.31 DA LEI 8078/90|MALHA TUBULAR - USO EM SAÚDE, MATERIAL: TECIDO DE FIBRAS 100% ALGODÃO , LARGURA: CERCA DE 8 CM , ESTERILIDADE: ESTéRIL 
1203|OK_SEM_FLAGS|False|False|False|MATERIAIS DE USO TECNICO HOSPITALAR|MATERIAIS CIRÚRGICOS PARA CURATIVOS|617024|628522|MALHA TUBULAR ORTOPEDICA - EM FIOS DE ALGODAO BINADOS, COM ELASTICIDADE COM BOA ELASTICIDADE, SEM DEFEITOS, NA DIMENSAO DE 10 CM X 15M, EMBALADO EM MATERIAL COMBINADO COM O ART.31 DA LEI 8078/90|MALHA TUBULAR - USO EM SAÚDE, MATERIAL: TECIDO DE FIBRAS 100% ALGODÃO , LARGURA: CERCA DE 10 CM , ESTERILIDADE: NÃO ESTÉRIL 
1203|OK_SEM_FLAGS|False|False|False|MATERIAIS DE USO TECNICO HOSPITALAR|MATERIAIS CIRÚRGICOS PARA CURATIVOS|617024|628495|MALHA TUBULAR ORTOPEDICA - EM FIOS DE ALGODAO BINADOS, COM ELASTICIDADE COM BOA ELASTICIDADE, SEM DEFEITOS, NA DIMENSAO DE 10 CM X 15M, EMBALADO EM MATERIAL COMBINADO COM O ART.31 DA LEI 8078/90|MALHA TUBULAR - USO EM SAÚDE, MATERIAL: TECIDO DE FIBRAS 100% ALGODÃO , LARGURA: CERCA DE 10 CM , ESTERILIDADE: ESTéRIL 
1204|OK_SEM_FLAGS|False|False|False|MATERIAIS DE USO TECNICO HOSPITALAR|MATERIAIS CIRÚRGICOS PARA CURATIVOS|1554611|628523|MALHA TUBULAR ORTOPEDICA - FIOS DE ALGODAO BINADOS, TIPO PUNHO SIMPLES, COM ELASTICIDADE ADEQUADA, ISENTA DE DEFEITOS., NA DIMENSAO 12 CM DE LARGURA, EM ROLO COM 15 METROS, EMBALADO EM MATERIAL COMBINADO COM O ART.31 L.8078/90|MALHA TUBULAR - USO EM SAÚDE, MATERIAL: TECIDO DE FIBRAS 100% ALGODÃO , LARGURA: CERCA DE 12 CM , ESTERILIDADE: NÃO ESTÉRIL 
1204|OK_SEM_FLAGS|False|False|False|MATERIAIS DE USO TECNICO HOSPITALAR|MATERIAIS CIRÚRGICOS PARA CURATIVOS|1554611|628496|MALHA TUBULAR ORTOPEDICA - FIOS DE ALGODAO BINADOS, TIPO PUNHO SIMPLES, COM ELASTICIDADE ADEQUADA, ISENTA DE DEFEITOS., NA DIMENSAO 12 CM DE LARGURA, EM ROLO COM 15 METROS, EMBALADO EM MATERIAL COMBINADO COM O ART.31 L.8078/90|MALHA TUBULAR - USO EM SAÚDE, MATERIAL: TECIDO DE FIBRAS 100% ALGODÃO , LARGURA: CERCA DE 12 CM , ESTERILIDADE: ESTéRIL 
1205|OK_SEM_FLAGS|False|False|False|MATERIAIS DE USO TECNICO HOSPITALAR|MATERIAIS CIRÚRGICOS PARA CURATIVOS|1554620|628497|MALHA TUBULAR ORTOPEDICA - FIOS DE ALGODAO BINADOS, TIPO PUNHO SIMPLES, COM ELASTICIDADE ADEQUADA, ISENTA DE DEFEITOS, NA DIMENSAO 15 CM DE LARGURA, EM ROLO COM 15 METROS, EMBALADO EM MATERIAL COMBINADO COM O ART.31 L.8078/90|MALHA TUBULAR - USO EM SAÚDE, MATERIAL: TECIDO DE FIBRAS 100% ALGODÃO , LARGURA: CERCA DE 15 CM , ESTERILIDADE: ESTéRIL 
1205|OK_SEM_FLAGS|False|False|False|MATERIAIS DE USO TECNICO HOSPITALAR|MATERIAIS CIRÚRGICOS PARA CURATIVOS|1554620|628524|MALHA TUBULAR ORTOPEDICA - FIOS DE ALGODAO BINADOS, TIPO PUNHO SIMPLES, COM ELASTICIDADE ADEQUADA, ISENTA DE DEFEITOS, NA DIMENSAO 15 CM DE LARGURA, EM ROLO COM 15 METROS, EMBALADO EM MATERIAL COMBINADO COM O ART.31 L.8078/90|MALHA TUBULAR - USO EM SAÚDE, MATERIAL: TECIDO DE FIBRAS 100% ALGODÃO , LARGURA: CERCA DE 15 CM , ESTERILIDADE: NÃO ESTÉRIL 
