codigo_efisco|posicao|faixa|origem|grupo_efisco|classe_efisco|tem_medida|medidas_consulta|item_efisco|top1_catmat|top1_classe|correto_catmat|correto_classe|mesmo_pdm_top1_correto|movimento
564614-6|1.0|1|big_data|MOBILIARIOS EM GERAL|MOBILIARIOS DE ALOJAMENTO - CADASTRO PADRONIZADO|True|{'MM': {2100.0, 1620.0, 860.0}, 'PCT': {5.0}}|CAMA - TIPO BELICHE,EM ACO,REVESTIDO EM PINTURA EPOXI,MEDINDO 210,00X86,00X162,00CM (AXLXC),DIMENSOES COM VARIACAO EM ATE 5%|CAMA CONJUGADA, MATERIAL: AÇO , QUANTIDADE LEITOS: 2 UN, COMPRIMENTO: 1,97 M, LARGURA: 96 CM, CARACTERÍSTICAS ADICIONAIS: COM ESCADA LATERAL , ALTURA: 180 CM, TIPO: BELICHE |MOBILIÁRIO DOMÉSTICO|CAMA CONJUGADA, MATERIAL: AÇO , QUANTIDADE LEITOS: 2 UN, COMPRIMENTO: 1,97 M, LARGURA: 96 CM, CARACTERÍSTICAS ADICIONAIS: COM ESCADA LATERAL , ALTURA: 180 CM, TIPO: BELICHE |MOBILIÁRIO DOMÉSTICO|True|entrou
99490-1|3.0|2-3|big_data|EQUIPAMENTOS E ARTIGOS DE USO MEDICO, ODONTOLOGICO , HOSPITALAR E LABORATORIAL|TIRAS REAGENTES|False||KIT PARA DETECCAO DE SANGUE OCULTO - DETERMINACAO DA PRESENCA DE SANGUE OCULTO EM AMOSTRAS DE FEZES, COM DISPOSITIVO DE TESTE CONTENDO REAGENTES IMOBILIZADOS, EM UMA MEMBRANA NUMA PROTEINA MATRIZ COM AZIDA SODICA, ENSAIO POR METODO IMUNOCROMATOGRAFICO RAPIDO, ACONDICIONADO EM CAIXA COM 25 TESTES, ROTULO CONTENDO NR. DE LOTE, DATA DE FABRICACAO/VALIDADE, FORMULA E PROCEDENCIA|REAGENTE PARA DIAGNÓSTICO CLÍNICO 4, TIPO: CONJUNTO COMPLETO , TIPO DE ANÁLISE: QUALITATIVO DE ROTAVÍRUS E ADENOVÍRUS , MÉTODO: IMUNOCROMATOGRAFIA , APRESENTAÇÃO: TESTE , CARACTERÍSTICAS ADICIONAIS: EM AMOSTRAS FECAIS |"SUBSTÂNCIAS PARA DIAGNÓSTICO ""IN VITRO"",  REAGENTES,  CONJUNTOS E JOGOS PARA TESTE"|REAGENTE PARA DIAGNÓSTICO CLÍNICO 7, TIPO*: CONJUNTO COMPLETO , TIPO DE ANÁLISE*: QUANTITATIVO CALPROTECTINA FECAL , APRESENTAÇÃO*: TESTE , MÉTODO*: IMUNOCROMATOGRAFIA |"SUBSTÂNCIAS PARA DIAGNÓSTICO ""IN VITRO"",  REAGENTES,  CONJUNTOS E JOGOS PARA TESTE"|False|entrou
155706-8|3.0|2-3|profs_saude|EQUIPAMENTOS E ARTIGOS DE USO MEDICO, ODONTOLOGICO , HOSPITALAR E LABORATORIAL|MATERIAIS DE USO TECNICO HOSPITALAR|True|{'MM': {20.0}}|FIO DE SUTURA POLIESTER TRANCADO COM CERA - EM FILAMENTOS DE POLIESTER TRANCADO, TRANCADO COM COM 2 AGULHAS ATRAUMATICAS CARDIOVASCULAR DE TAM 2,0 C/AGULHA DE 2,0 CM, COM AGULHA, INVOLUCRO EM ENVELOPE INDIVIDUAL, CX C/ 24 ENVELOPES, ROTULAGEM RESPEITANDO O DECRETO LEI 7909477|FIO DE SUTURA AGULHADO, MATERIAL FIO: POLIÉSTER C/ ALGODÃO AZUL , MODELO FIO: MULTIFILAMENTAR , DIÂMETRO FIO: 0 / 1-0 , COMPRIMENTO FIO: CERCA DE 45 CM, TIPO AGULHA: AGULHA 1/2 CÍRCULO , MODELO AGULHA: CILÍNDRICA , COMPRIMENTO AGULHA: CERCA DE 20 MM, ESTERILIDADE: ESTÉRIL , APRESENTAçãO: EMBALAGEM INDIVIDUAL |INSTRUMENTOS, EQUIPAMENTOS E SUPRIMENTOS MÉDICOS  E  CIRÚRGICOS|FIO DE SUTURA AGULHADO, MATERIAL FIO: POLIÉSTER VERDE , MODELO FIO: MULTIFILAMENTAR , COMPONENTE FIO: C/ REVESTIMENTO DESLIZANTE , DIÂMETRO FIO: 2-0 , COMPRIMENTO FIO: CERCA DE 70 CM, TIPO AGULHA: 2 AGULHAS 1/2 CÍRCULO NAS EXTREMIDADES , MODELO AGULHA: CILÍNDRICA , COMPRIMENTO AGULHA: CERCA DE 20 MM, ESTERILIDADE: ESTÉRIL , APRESENTAçãO: EMBALAGEM INDIVIDUAL |INSTRUMENTOS, EQUIPAMENTOS E SUPRIMENTOS MÉDICOS  E  CIRÚRGICOS|True|entrou
287229-3|1.0|1|big_data|EQUIPAMENTOS E ARTIGOS DE USO MEDICO, ODONTOLOGICO , HOSPITALAR E LABORATORIAL|MOBILIARIOS MEDICO HOSPITALARES|True|{'ML': {25000.0}}|LIXEIRA HOSPITALAR - EM POLIPROPILENO,COM TAMPA ACIONADA POR PEDAL COM EIXO DE FERRO , COM PRENDEDOR DO SACO PLASTICO PARA LIXO, CAPACIDADE  APROXIMADAMENTE 25 LITROS, RETANGULAR, SUPERFICIE INTERNA E EXTERNA LISA, MATERIAL NAO RECICLAVEL, CANTOS ARREDONDADOS,NA COR BRANCA,DE ACORDO COM A RESOLUCAO DO CONAMA NR. 275.|LIXEIRA, MATERIAL: PLÁSTICO RESISTENTE , CAPACIDADE: 25 L, CARACTERÍSTICAS ADICIONAIS: COM TAMPA E PEDAL |RECEPIENTES PARA USO DOMÉSTICO E COMERCIAL|LIXEIRA, MATERIAL: PLÁSTICO RESISTENTE , CAPACIDADE: 25 L, CARACTERÍSTICAS ADICIONAIS: COM TAMPA E PEDAL |RECEPIENTES PARA USO DOMÉSTICO E COMERCIAL|True|entrou
185661-8|2.0|2-3|big_data|EQUIPAMENTOS E ARTIGOS DE USO MEDICO, ODONTOLOGICO , HOSPITALAR E LABORATORIAL|MATERIAIS DE USO TECNICO HOSPITALAR|True|{'MM': {20.0}}|KIT COM TUBO ENDOBRONQUIAL - DE DUPLO LUMEN(TRAQUEAL E BRONQUIAL),DESCARTAVEL,ESTERIL EM OXIDO DE ETILENO,CONFECCIONADO EM PVC,, TRANSPARENTE,PARA PERMITIR A VENTILACAO SELETIVADOS PULMOES. COM 02 BALOES INTERNOS,VALVULAS SELF-, SEALING EXTERNAS ADAPTAVEIS A SERINGA E BALOES PIPILOTOS INDIVIDUAIS CODIFICADAS ATRAVES DE CORES., BALAO TRAQUEAL CONFECCIONADO P/EXERCER BAIXA PRESSAO A TRAQUEIA QUANDO INSUFLADO. PONTA ATRAUMATICA, ACOMPANHA UM GUIA DE INTUBACAO,TRES CATETERES DESUCCAO E UM CONECTOR DE CARLEANS EM FORMA DE Y C/, DOIS ADAPTADORES DUPLOS GIRATORIOS. LADO ESQUERDON.35,C/ BALAO BRONQUIAL EM FORMA DE -S-. COM, ORIFICIO LATERAL DE MURPHY RADIOPACO NA PONTA BRONQUIAL P/EVITAR OCLUSAO DA VIA E AUMENTO DA RESIS, TENCIA RESPIRATORIA. COM LINHAS RADIOPACAS NAS PONTAS DOS TUBOS E UMA LINHA RADIOPACA A 2CM DO ORI, FICIO DE MURPHY PARA MELHOR VISUALIZACAO DO POSICIONAMENTO DO TUBO., .EMBALAGEM INDIVIDUAL EM INVOLUCRO APROPRIADO., .ACONDICIONAMENTO DE ACORDO COM AS EXIGENCIAS, DO MS., .|TUBO ENDOBRONQUIAL, MODELO: DUPLO LÚMEN C/ GANCHO DE CARINA , TIPO USO: ESQUERDO , CALIBRE: 39 FR , MATERIAL*: PVC , COMPONENTES: C/ BALÃO TRAQUEAL E ENDOBRONQUIAL , CONECTOR: CONECTORES , ADICIONAL 1: FIO GUIA , ADICIONAL: SONDAS ASPIRAÇÃO , ADICIONAL*: RADIOPACO, GRADUADO , APRESENTAÇÃO: CONJUNTO COMPLETO, EMBALAGEM INDIVIDUAL , ESTERILIDADE*: ESTÉRIL, USO ÚNICO |INSTRUMENTOS, EQUIPAMENTOS E SUPRIMENTOS MÉDICOS  E  CIRÚRGICOS|TUBO ENDOBRONQUIAL, MODELO: DUPLO LÚMEN S/ GANCHO DE CARINA , TIPO USO: ESQUERDO , CALIBRE: 37 FR , MATERIAL*: PVC , COMPONENTES: C/ BALÃO TRAQUEAL E ENDOBRONQUIAL , CONECTOR: CONECTORES , ADICIONAL 1: FIO GUIA , ADICIONAL: SONDAS ASPIRAÇÃO , ADICIONAL*: RADIOPACO, GRADUADO , APRESENTAÇÃO: CONJUNTO COMPLETO, EMBALAGEM INDIVIDUAL , ESTERILIDADE*: ESTÉRIL, USO ÚNICO |INSTRUMENTOS, EQUIPAMENTOS E SUPRIMENTOS MÉDICOS  E  CIRÚRGICOS|True|entrou
485525-6|2.0|2-3|profs_saude|EQUIPAMENTOS E ARTIGOS DE USO MEDICO, ODONTOLOGICO , HOSPITALAR E LABORATORIAL|MATERIAIS DE USO TECNICO HOSPITALAR|True|{'MM': {100.0}, 'G_GAUGE': {8.0}}|CANULA - PARA BIOPSIA EM ACO INOXIDAVEL, COM DOIS MANDRIS, SENDO UM EMPURRADOR E OUTRO COM SISTEMA DE TRAVAMENTO DA AMOSTRA COLETADO, DESCARTAVEL, EXTRATORA COM CONEXAO LUER-LOK,PARA ASPIRACAO DE MEDULA E FRAGMENTO OSSEO,DIAMETRO EXTERNO 8G,E COMPRIMENTO 10,00CM|AGULHA PUNÇÃO ÓSSEA, MODELO: P/ ASPIRAÇÃO, BIÓPSIA , APLICAÇÃO: INTRAÓSSEA / MEDULA ÓSSEA , DIMENSÕES: CERCA DE 8 G X 10 CM , MATERIAL AGULHA: AÇO INOXIDÁVEL , PEÇA DE MÃO: C/ EMPUNHADURA , COMPONENTE 1: C/ MANDRIL , COMPONENTE 2: C/ AJUSTE DE PROFUNDIDADE , COMPONENTE 3: CONECTOR LUER , ESTERILIDADE: ESTÉRIL, USO ÚNICO , EMBALAGEM: INDIVIDUAL |INSTRUMENTOS, EQUIPAMENTOS E SUPRIMENTOS MÉDICOS  E  CIRÚRGICOS|AGULHA PUNÇÃO ÓSSEA, MODELO: P/ ASPIRAÇÃO, BIÓPSIA, INFUSÃO , APLICAÇÃO: INTRAÓSSEA / MEDULA ÓSSEA , TIPO: JAMSHIDI , DIMENSÕES: CERCA DE 8 G X 10 CM , MATERIAL AGULHA: AÇO INOXIDÁVEL , PEÇA DE MÃO: C/ EMPUNHADURA , COMPONENTE 1: C/ MANDRIL , COMPONENTE 3: CONECTOR LUER , ESTERILIDADE: ESTÉRIL, USO ÚNICO , EMBALAGEM: INDIVIDUAL |INSTRUMENTOS, EQUIPAMENTOS E SUPRIMENTOS MÉDICOS  E  CIRÚRGICOS|True|entrou
12781-7|1.0|1|big_data|EQUIPAMENTOS E ARTIGOS DE USO MEDICO, ODONTOLOGICO , HOSPITALAR E LABORATORIAL|MATERIAIS DE USO TECNICO HOSPITALAR|True|{'MM': {35.0, 1500.0}, 'ML': {31000.0}}|FIO DE SUTURA CATGUT - ESTERIL, SIMPLES, CALIBRE 3-0, 1 AGULHA CILINDRICA, AGULHA DE 3,5 CM, 1/2 CIRCULO, FIO COM 150 CM, ROTULAGEM RESPEITANDO O DECRETO LEI 79094/77 ART.31 L.8078/90 PORT.CONJ.N.1 DE 23/1/96-M.SAUDE, CONTENDO DADOS DE VALIDADE, LOTE E REGISTRO DO MS, APRESENTACAO CONFORME DEC. LEI 79094/77 COMBINADO COM O ART.31 L.8078/90, CONTENDO DADOS DE IDENTIFICACAO E PROCEDENCIA|FIO DE SUTURA S/ AGULHA, MATERIAL: CATGUT SIMPLES , MODELO: MULTIFILAMENTAR , DIâMETRO: 3-0 , COMPRIMENTO: CERCA DE 150 CM, ESTERILIDADE: ESTÉRIL , APRESENTAÇÃO: EMBALAGEM INDIVIDUAL |INSTRUMENTOS, EQUIPAMENTOS E SUPRIMENTOS MÉDICOS  E  CIRÚRGICOS|FIO DE SUTURA S/ AGULHA, MATERIAL: CATGUT SIMPLES , MODELO: MULTIFILAMENTAR , DIâMETRO: 3-0 , COMPRIMENTO: CERCA DE 150 CM, ESTERILIDADE: ESTÉRIL , APRESENTAÇÃO: EMBALAGEM INDIVIDUAL |INSTRUMENTOS, EQUIPAMENTOS E SUPRIMENTOS MÉDICOS  E  CIRÚRGICOS|True|entrou
576304-5|1.0|1|big_data|EQUIPAMENTOS E MATERIAIS PARA EXPERIENCIA EM LABORATORIO ESCOLAR, RECREACAO E DESPORTO|EQUIPAMENTOS ESPORTIVOS E EDUCATIVOS|True|{'MM': {2200.0, 50.0}}|BARRA MOVEL - EM ACO INOXIDAVEL,REDONDA,COM 2,20M DE COMPRIMENTO E 50,00MM DE DIAMETRO DA PONTA,DO TIPO OLIMPICA|APARELHO / EQUIPAMENTO PARA CONDICIONAMENTO FÍSICO, TIPO: BARRA , MATERIAL: AÇO , APLICAÇÃO: CONDICIONAMENTO FÍSICO , CARACTERISTICAS ADICIONAIS: COM 2 PRESILHAS , DIMENSÕES: 2,20 M|EQUIPAMENTO PARA GINÁSTICA E RECREAÇÃO|APARELHO / EQUIPAMENTO PARA CONDICIONAMENTO FÍSICO, TIPO: BARRA , MATERIAL: AÇO , APLICAÇÃO: CONDICIONAMENTO FÍSICO , CARACTERISTICAS ADICIONAIS: COM 2 PRESILHAS , DIMENSÕES: 2,20 M|EQUIPAMENTO PARA GINÁSTICA E RECREAÇÃO|True|entrou
528604-2|2.0|2-3|big_data|VEICULOS RODOVIARIOS|VEICULO OPERACIONAL - CADASTRO PADRONIZADO|False||VEICULO DE SOCORRO E SALVAMENTO - PARA ATENDIMENTO PRE-HOSPITALAR,FURGAO, UNIDADE DE SUPORTE BASICO (USB),POTENCIA MINIMA DE 130 CV,COMBUSTIVEL DIESEL,TRANSMISSAO MANUAL,CAPACIDADE PARA NO MINIMO 3 PESSOAS NA CABINE,COM SINALIZACAO ACUSTICA E VISUAL, SISTEMA DE OXIGENACAO, MACA RETRATIL E RADIO TRANSCEPTOR DIGITAL MOVEL|VEÍCULO TRANSPORTE PESSOAL, TIPO: FURGÃO , COMBUSTÍVEL: ÓLEO DIESEL , CAPACIDADE TANQUE COMBUSTÍVEL: 65 L, COR: BRANCA , QUANTIDADE PORTAS: 05 UN, CILINDRADA: MÍNIMA 1.950 CC, POTÊNCIA MÍNIMA: 100 CV|VEÍCULOS SOBRE RODAS|AMBULÂNCIA, TIPO: FURGÃO , CAPACIDADE MÍNIMA CARGA: 1.500 KG, COR: BRANCA , FORMATO SINALIZADOR: ASA DELTA , ESTRUTURA SINALIZADOR: AÇO EXTRUDADO , TIPO SINALIZADOR: LED COM LENTES VERMELHAS , COMBUSTÍVEL: DIESEL , QUANTIDADE PORTAS: 2 FRONTAIS 1 LATERAL DESLIZANTE 2 TRASEIRAS FOLHA , POTÊNCIA: 130 CV, TIPO CAMBIO: MECÂNICO , CILINDRADA: 1950 CC, QUANTIDADE MARCHAS TRANSMISSÃO A FRENTE: 5 UN, ANO FABRICAÇÃO/ANO MODELO: 0 KM |VEÍCULOS SOBRE RODAS|False|entrou
456929-6|1.0|1|big_data|EQUIPAMENTOS FOTOGRAFICOS, FILMOGRAFICOS E FONOGRAFICOS|EQUIPAMENTOS CINEMATOGRAFICOS E SEUS ACESSORIOS|True|{'MM': {2000.0}}|TRIPE - EM ALUMINIO,COM PINO DE ENGATE COM ROSCA UNIVERSAL,NA COR PRETA, TIPO UNIVERSAL PARA ILUMINADOR, COMPATIVEL COM ILUMINADORES EM LED,COM ALTURA MAXIMA DE 2,00M,ESTRUTURA TUBULAR, COM NO MINIMO 2 ESTAGIOS DE ALTURA|TRIPÉ, MATERIAL: AÇO CARBONO , ALTURA MÁXIMA: 2 M, CAPACIDADE: 10 KG, APLICAÇÃO: PROJETORES MULTIMÍDIA , ALTURA MÍNIMA: 1,20 M|EQUIPAMENTO FOTOGRÁFICO E ACESSÓRIOS|TRIPÉ, MATERIAL: AÇO CARBONO , ALTURA MÁXIMA: 2 M, CAPACIDADE: 10 KG, APLICAÇÃO: PROJETORES MULTIMÍDIA , ALTURA MÍNIMA: 1,20 M|EQUIPAMENTO FOTOGRÁFICO E ACESSÓRIOS|True|entrou
58794-0|2.0|2-3|big_data|EQUIPAMENTOS E ARTIGOS DE USO MEDICO, ODONTOLOGICO , HOSPITALAR E LABORATORIAL|MATERIAIS DE USO TECNICO HOSPITALAR|True|{'MM': {200.0, 2000.0}, 'ML': {31000.0}}|FAIXA DE BORRACHA - EM BORRACHA NATURAL, NA COR ROSA, EM ROLO, EM 20CM X 2,0M, APRESENTACAO CONFORME O DECRETO LEI 79094/77 COMBINADO COM O ART. 31 LEI 8078/90, ROTULAGEM RESPEITANDO O DECRETO LEI 79094/77 ART.31 L.8078/90 PORT.CONJ.N.1 DE 23/1/96-M.SAUDE|FAIXA DE ESMARCH, MATERIAL: LÁTEX NATURAL , LARGURA: 20 CM|INSTRUMENTOS, EQUIPAMENTOS E SUPRIMENTOS MÉDICOS  E  CIRÚRGICOS|FAIXA DE ESMARCH, MATERIAL: LÁTEX NATURAL , LARGURA: 20 CM, ESTERILIDADE: ESTÉRIL |INSTRUMENTOS, EQUIPAMENTOS E SUPRIMENTOS MÉDICOS  E  CIRÚRGICOS|True|entrou
289650-8|1.0|1|profs_saude|EQUIPAMENTOS E ARTIGOS DE USO MEDICO, ODONTOLOGICO , HOSPITALAR E LABORATORIAL|INSUMOS PARA EQUIPAMENTOS MEDICO HOSPITALARES|True|{'MM': {65.0, 28.0}}|BOCAL DESCARTAVEL PARA ESPIROMETRO - PARA ESPIROMETRO PORTATIL, EM PAPELAO, DESCARTAVEL, FORMATO CILINDRICO,NAS DIMENSOES DE 65MM X 28MM|BOCAL - USO MÉDICO, COMPATIBILIDADE: COMPATÍVEL C/ ESPIRÔMETRO , MATERIA PRIMA: PAPELÃO RESISTENTE, FACE EXTERNA IMPERMEÁVEL , MODELO: TUBULAR RETO , TAMANHO: ADULTO , ESTERILIDADE: DESCARTÁVEL , APRESENTAÇÃO: EMBALAGEM INDIVIDUAL |INSTRUMENTOS, EQUIPAMENTOS E SUPRIMENTOS MÉDICOS  E  CIRÚRGICOS|BOCAL - USO MÉDICO, COMPATIBILIDADE: COMPATÍVEL C/ ESPIRÔMETRO , MATERIA PRIMA: PAPELÃO RESISTENTE, FACE EXTERNA IMPERMEÁVEL , MODELO: TUBULAR RETO , TAMANHO: ADULTO , ESTERILIDADE: DESCARTÁVEL , APRESENTAÇÃO: EMBALAGEM INDIVIDUAL |INSTRUMENTOS, EQUIPAMENTOS E SUPRIMENTOS MÉDICOS  E  CIRÚRGICOS|True|entrou
556088-8|1.0|1|big_data|EQUIPAMENTOS E MATERIAIS PARA EXPERIENCIA EM LABORATORIO ESCOLAR, RECREACAO E DESPORTO|EQUIPAMENTOS PARA GINASTICA E RECREACAO|True|{'MM': {1000.0, 40.0}}|TATAMI - CONFECCIONADO EM MATERIAL SINTETICO E.V.A COM ENCAIXE DENTADO,RECOBERTO POR PELICULA DE SILICONE,MEDINDO 100,00X100,00X4,00CM(LXCXE),CORES VARIADAS|TATAME, MATERIAL: PLACAS DENTADAS DE ENCAIXE , COMPRIMENTO PLACA: 1 M, LARGURA PLACA: 1 M, ESPESSURA PLACA: 40 MM, CARACTERÍSTICAS ADICIONAIS: ANTIDERRAPANTE, ANTI-ALÉRGICO, LAVÁVEL, LONA  100% |EQUIPAMENTO PARA GINÁSTICA E RECREAÇÃO|TATAME, MATERIAL: PLACAS DENTADAS DE ENCAIXE , COMPRIMENTO PLACA: 1 M, LARGURA PLACA: 1 M, ESPESSURA PLACA: 40 MM, CARACTERÍSTICAS ADICIONAIS: ANTIDERRAPANTE, ANTI-ALÉRGICO, LAVÁVEL, LONA  100% |EQUIPAMENTO PARA GINÁSTICA E RECREAÇÃO|True|entrou
395359-9|2.0|2-3|profs_saude|EQUIPAMENTOS E ARTIGOS DE USO MEDICO, ODONTOLOGICO , HOSPITALAR E LABORATORIAL|MATERIAIS DE USO TECNICO HOSPITALAR|True|{'MM': {40.0}}|FIO DE SUTURA POLIGLACTINA - ESTERIL,CALIBRE 2-0,AGULHA CILINDRICA DE 40,00MM (ORTOPEDIA),.,1/2 CIRCULO DE CIRCUNFERENCIA,APRESENTACAO EM ENVELOPE. ROTULO COM NUMERO DE LOTE, DATA FABRICACAO, VALIDADE E PROCEDENCIA. REGISTRO MS|FIO DE SUTURA AGULHADO, MATERIAL FIO: POLIGLACTINA VIOLETA , MODELO FIO: MULTIFILAMENTAR , DIÂMETRO FIO: 0 / 1-0 , COMPRIMENTO FIO: CERCA DE 70 CM, TIPO AGULHA: AGULHA 1/2 CÍRCULO , MODELO AGULHA: CILÍNDRICA , COMPRIMENTO AGULHA: CERCA DE 40 MM, ESTERILIDADE: ESTÉRIL , APRESENTAçãO: EMBALAGEM INDIVIDUAL |INSTRUMENTOS, EQUIPAMENTOS E SUPRIMENTOS MÉDICOS  E  CIRÚRGICOS|FIO DE SUTURA AGULHADO, MATERIAL FIO: POLIGLACTINA VIOLETA , MODELO FIO: MULTIFILAMENTAR, LAÇADO , DIÂMETRO FIO: 2-0 , COMPRIMENTO FIO: CERCA DE 150 CM, TIPO AGULHA: AGULHA 1/2 CÍRCULO , MODELO AGULHA: CILÍNDRICA , COMPRIMENTO AGULHA: CERCA DE 40 MM, ESTERILIDADE: ESTÉRIL , APRESENTAçãO: EMBALAGEM INDIVIDUAL |INSTRUMENTOS, EQUIPAMENTOS E SUPRIMENTOS MÉDICOS  E  CIRÚRGICOS|True|entrou
192988-7|2.0|2-3|big_data|EQUIPAMENTOS E ARTIGOS DE USO MEDICO, ODONTOLOGICO , HOSPITALAR E LABORATORIAL|MATERIAIS DE USO TECNICO HOSPITALAR|True|{'MM': {100.0, 4500.0}}|ESPARADRAPO ANTIALERGICO - MEDINDO 10 CM X 4,5 METROS, COM BOA ADESIVIDADE., EMBALAGEM EM CARRETEL COM CAPA PLASTICA DE, PROTECAO CONTENDO DADOS DE IDENTIFICACAO E PROCEDENCIA,LOTE, VALIDADE E REGISTR|FITA ADESIVA - USO CUTÂNEO, TIPO: ESPARADRAPO IMPERMEÁVEL , MATERIAL DORSO: À BASE DE ALGODÃO E FIBRA SINTÉTICA , TIPO DE ADESIVO: C/ LÁTEX NATURAL , LARGURA DA FITA: CERCA DE 10 MM , COR: C/ COR , APRESENTAçãO: ROLO C/ CAPA PROTETORA , ESTERILIDADE: NÃO ESTÉRIL |MATERIAIS CIRÚRGICOS PARA CURATIVOS|FITA ADESIVA - USO CUTÂNEO, TIPO: MICROPERFURADA , MATERIAL DORSO: À BASE DE FILME TERMOPLÁSTICO , TIPO DE ADESIVO: SINTÉTICO, HIPOALERGÊNICO , LARGURA DA FITA: CERCA DE 100 MM , COR: TRANSPARENTE , APRESENTAçãO: ROLO C/ CAPA PROTETORA , ESTERILIDADE: NÃO ESTÉRIL |MATERIAIS CIRÚRGICOS PARA CURATIVOS|True|entrou
250303-4|1.0|1|big_data|EQUIPAMENTOS E ARTIGOS DE USO MEDICO, ODONTOLOGICO , HOSPITALAR E LABORATORIAL|MOBILIARIOS MEDICO HOSPITALARES|True|{'MM': {800.0, 1900.0, 127.0}}|CAMA HOSPITALAR - COM ADULTO COM ARCO BALCANICO, MOVIMENTOS FAWLER, TRENDLEMBURG E ELEVACAO DO LEITO, ACIONADOS POR 03 MANIVELAS, NAS DIMENSOES TOTAIS (C X L X A) DE DIMENSOES APROXIMADAS( C X L X A) DE 190CM X 80CM X 80CM, PES COM 04 RODIZIOS GIRATORIOS DE 5 POLEGADAS NO MINIMO, COM FREIOS NA DIAGONAL., ESTRUTURA LEITO CONSTRUIDO EM ACO INOXIDAVEL AISI 304, COM QUADRO BALCANICO EM ACO INOXIDAVEL PARA ORTOPEDIA COMPOSTO POR: 02 COLUNAS EM TUBOS DE ACO INOXIDAVEL, 01 BARRA GUIA HORIZONTAL EM TUBO DE ACO INOXIDAVEL, 02 BARRAS TRANSVERSAIS, 01 TRAPEZIO, ESTRADO EM, CABECEIRA EM TUBO QUADRADO COM PROTECAO DE CINTA INOX, PESEIRA EM TUBO QUADRADO COM PROTECAO DE CINTA INOX, COM PARA-CHOQUES PARA CHOQUE DE BORRACHA, COM GRADES LATERAIS GRADES LATERAIS EM TUBOS DE ACO INOXIDAVEL RETRATEIS OU DE BAIXAR EM ACO INOX, COM COLCHAO COLCHAO DENSIDADE 33, CONFECCIONADO EM ESPUMA REVESTIDA EM MATERIAL SINTETICO IMPREMEAVEL, LAVAVEL E REUTILIZAVEL COM ZIPER, MANUAIS DE OPERACAO E MANUTECAO; GARANTIA DE 1 ANO P/PECAS E SERVICOS; ASSIST. TEC., INSTALACAO E TREINAMENTO; DEMAIS INFORMACOES COMPLEMENTARES VIDE EDITAL.CATALOGO OU FOLDER EM PORTUGUES OU COM TRADUCAO DO TEXTO PARA A LINGUA PORTUGUESA COM INFORMACOES QUE PERMITAM IDENTIFICAR AS CARACTERISTICAS TECNICAS DO PRODUTO OFERTADO; CERTIFICADO DE BOAS PRATICAS DE FABRICACAO DA ANVISA; REGISTRO DO MINISTERIO DA SAUDE; DEVERA SER ENVIADO LAUDO DE COMPROVACAO DA LIGA DO ACO INOXIDAVEL AISI 304;|CAMA HOSPITALAR, MODELO: MECÂNICA , TIPO DE ACIONAMENTO: COMANDO MANUAL , CAPACIDADE DE CARGA MÁXIMA: DE 151 ATÉ 180 KG , MATERIAL ESTRUTURA: BASE METÁLICA , DIMENSÃO TOTAL (L X C): CERCA DE 90 X 200 CM , POSICIONAMENTO: MÍNIMO 3 POSIÇÕES, C/ FOWLER E TRENDELENBURG , MODELO DE GRADE LATERAL: C/ GRADES RETRÁTEIS , MODELO DE CABECEIRA / PESEIRA: REMOVÍVEL , MODELO DO PÉ DA CAMA: RODÍZIOS COM FREIO |MOBILIÁRIO, EQUIPAMENTOS, UTENSÍLIOS E  SUPRIMENTOS  HOSPITALARES|CAMA HOSPITALAR, MODELO: MECÂNICA , TIPO DE ACIONAMENTO: COMANDO MANUAL , CAPACIDADE DE CARGA MÁXIMA: DE 151 ATÉ 180 KG , MATERIAL ESTRUTURA: BASE METÁLICA , DIMENSÃO TOTAL (L X C): CERCA DE 90 X 200 CM , POSICIONAMENTO: MÍNIMO 3 POSIÇÕES, C/ FOWLER E TRENDELENBURG , MODELO DE GRADE LATERAL: C/ GRADES RETRÁTEIS , MODELO DE CABECEIRA / PESEIRA: REMOVÍVEL , MODELO DO PÉ DA CAMA: RODÍZIOS COM FREIO |MOBILIÁRIO, EQUIPAMENTOS, UTENSÍLIOS E  SUPRIMENTOS  HOSPITALARES|True|entrou
502130-8|2.0|2-3|big_data|EQUIPAMENTOS E ARTIGOS DE USO MEDICO, ODONTOLOGICO , HOSPITALAR E LABORATORIAL|VIDRARIAS, CORRELATOS E INSUMOS P/ USO LABORATORIAL|True|{'PCT': {0.3, 1.0, 14.0, 6.8}}|DETERGENTE DESINFETANTE - FORMULACAO PROTEASE, LIPASE, AMILASE, PROPIONATO DE N. N-DIDECIL-NMETIL - POLI (OXIETIL) AMMONIO (14,0%), DIGLUCONATO DE CLOREXIDINA (0,30%), ALCOOIS, C8-10, ETOXILADOS (6,75%), N-C12-14 - ALQUILTRIMETILENEDIAMINA (0,98%), ESTABILIZANTES, AGENTE REDUTOR, REGULADOR DE PH, FRAGANCIA, CORANTE, EXCIPIENTE E AGUA,COM COMPROVACAO DE ATIVIDADE PROTEOLITICA E AMIOLITICA,PARA LIMPEZA HOSPITALAR MANUAL OU AUTOMATIZADA (LAVADORAS ULTRASSONICAS),ACONDICIONADO EM BOMBONA|DETERGENTE ENZIMÁTICO, COMPOSIÇÃO: A BASE DE AMILASE, PROTEASE, LIPASE E CARBOIDRASE |PESTICIDAS E DESINFETANTES|DETERGENTE ENZIMÁTICO, COMPOSIÇÃO: A BASE DE AMILASE, PROTEASE, LIPASE , COMPOSIÇÃO II: PEPTIDASE, CELULASE |PESTICIDAS E DESINFETANTES|True|entrou
199077-2|2.0|2-3|profs_saude|EQUIPAMENTOS E ARTIGOS DE USO MEDICO, ODONTOLOGICO , HOSPITALAR E LABORATORIAL|MATERIAIS DE USO TECNICO HOSPITALAR|True|{'MM': {100000.0, 250.0}, 'G': {70.0}}|PAPEL GRAU CIRURGICO - RESISTENTE A ESTERILIZACAO AUTOCLAVE A VAPOR A RASGOS DURANTE OPROCESSO DE AB, DIAMETRO MAXIMO DE 50 MICRA, FILME LAMINADO TRANSPARENTE EM POLIETILENO E POLIPROPILENO, COM SISTEMA DE SELAGEM TRIPLA EM FILETE QUE SEJA RESISTENTE AO CALOR EM AMBAS AS FACES ATE 140 GRAUS,, DESCARTAVEL, TERMOSELAVEL PARA EMBALAR ARTIGOS MEDICOS HOSPITALAR, MEDINDO GRAMATURA DE 60 A 70G/M2,, TAMANHO 25CM X 100METROS, DEMAIS INFORMACOES COMPLEMENTARES VIDE EDITAL.|EMBALAGEM P/ ESTERILIZAÇÃO, MATERIAL: PAPEL GRAU CIRÚRGICO , COMPOSIÇÃO: C/ FILME POLÍMERO MULTILAMINADO , GRAMATURA / ESPESSURA: CERCA DE 70 G/M2, APRESENTAÇÃO: ENVELOPE , COMPONENTES ADICIONAIS: TERMOSSELANTE , TAMANHO: CERCA DE 10 X 25 CM, COMPONENTES: C/ INDICADOR QUÍMICO , TIPO USO: USO ÚNICO |INSTRUMENTOS, EQUIPAMENTOS E SUPRIMENTOS MÉDICOS  E  CIRÚRGICOS|EMBALAGEM P/ ESTERILIZAÇÃO, MATERIAL: PAPEL GRAU CIRÚRGICO , COMPOSIÇÃO: C/ FILME POLÍMERO MULTILAMINADO , GRAMATURA / ESPESSURA: CERCA DE 60 G/M2, APRESENTAÇÃO: ROLO , COMPONENTES ADICIONAIS: TERMOSSELANTE , TAMANHO: CERCA DE 25 CM, COMPONENTES: C/ INDICADOR QUÍMICO , TIPO USO: USO ÚNICO |INSTRUMENTOS, EQUIPAMENTOS E SUPRIMENTOS MÉDICOS  E  CIRÚRGICOS|True|entrou
572424-4|1.0|1|big_data|EQUIPAMENTOS E ARTIGOS DE USO MEDICO, ODONTOLOGICO , HOSPITALAR E LABORATORIAL|EQUIPAMENTOS MEDICO HOSPITALARES|True|{'V': {220.0}}|ORDENHADEIRA DE LEITE - PARA LEITE HUMANO, DO TIPO ELETRICO, DEVE PERMITIR EXTRACAO SIMPLES E DUPLA,COM MOTOR ISENTO DE OLEO,SUCCAO POR SISTEMA DE VACUO,COM BOTOES PARA LIGAR/DESLIGAR, MUDAR O MODO E AUMENTAR/DIMINUIR NIVEL DE INTENSIDADE DA SUCCAO,FRASCO COM CAPACIDADE GRADUADA EM ML,ALIMENTACAO BIVOLT OU 220V - 60HZ,DEVE ACOMPANHAR, TODOS OS ACESSORIOS NECESSARIOS PERFEITO FUNCIONAMENTO DO EQUIPAMENTO|BOMBA PARA SUCÇÃO DE LEITE MATERNO, TIPO: ELÉTRICA,À VÁCUO TIPO DIAFRAGMA,PORTÁTIL,BIVOLT , CARACTERÍSTICA ADICIONAL: TUBO SUCÇÃO SILICONE,COLETOR FORMATO ANATÔMICO , COMPONENTE: RESERVATÓRIO DE COLETA |JOGOS E CONJUNTOS MÉDICOS|BOMBA PARA SUCÇÃO DE LEITE MATERNO, TIPO: ELÉTRICA,À VÁCUO TIPO DIAFRAGMA,PORTÁTIL,BIVOLT , CARACTERÍSTICA ADICIONAL: TUBO SUCÇÃO SILICONE,COLETOR FORMATO ANATÔMICO , COMPONENTE: RESERVATÓRIO DE COLETA |JOGOS E CONJUNTOS MÉDICOS|True|entrou
580735-2|3.0|2-3|big_data|EQUIPAMENTOS E ARTIGOS DE USO MEDICO, ODONTOLOGICO , HOSPITALAR E LABORATORIAL|ORTESES, PROTESES E MATERIAIS AUXILIARES|True|{'MM': {0.7, 500.0, 60.0, 5.5}}|SISTEMA FIXACAO DE COLUNA - EM TITANIO, PARAFUSO ILIOSACRAL, HEXAGONE DIAMETRO 0,7 MM E COMPRIMENTO 60 MM, CONECTOR ILIOSACRAL DO TIPO E. SPINE TANIT,COM HASTE RETA EM CROMO COBALTO DIAMETRO 5,5 MM E COMPRIMENTO 500 MM, PARA CIRURGIA DE DEFORMIDADE DA COLUNA COM TECNICA BIPOLAR|SISTEMA FIXAÇÃO COLUNA VERTEBRAL VIA POSTERIOR, COMPONENTE: HASTE P/ PARAFUSO PEDICULAR , MODELO: BARRA LONGITUDINAL , MATERIAL: TITÂNIO , TIPO USO: USO ÚNICO , APRESENTAÇÃO: EMBALAGEM INDIVIDUAL |INSTRUMENTOS, EQUIPAMENTOS E SUPRIMENTOS MÉDICOS  E  CIRÚRGICOS|SISTEMA FIXAÇÃO COLUNA VERTEBRAL VIA POSTERIOR, TIPO: SUBLAMINAR , COMPONENTE: HASTE , MODELO: BARRA LONGITUDINAL , MATERIAL: CROMO COBALTO MOLIBDÊNIO , TIPO USO: USO ÚNICO, ESTÉRIL , APRESENTAÇÃO: EMBALAGEM INDIVIDUAL |INSTRUMENTOS, EQUIPAMENTOS E SUPRIMENTOS MÉDICOS  E  CIRÚRGICOS|True|entrou
468946-1|2.0|2-3|big_data|INSTRUMENTOS E EQUIPAMENTOS DE CONTROLE E MEDICAO E GASES COMPRIMIDOS E LIQUEFEITOS|INSTRUMENTOS E APARELHOS METEOROLOGICOS|True|{'MM': {7000.0, 50.0, 120.0, 0.2}, 'PCT': {2.0}}|SENSOR - SENSOR DE PRECIPITACAO PLUVIOMETRICA DO TIPO BASCULA,COM RESOLUCAO ATE 0,20 MM, COM  PRECISAO MINIMA DE 2% PARA CHUVA DE 50,00 MM/HORA, FAIXA MINIMA DE MEDICAO 0 A 120,00 MM/HORA, FORNECIDO COM CHAVE DE PALHETA (REED-SWITCH) ATIVADA POR BRACO MAGNETICO, BASCULA  EM MATERIAL RESISTENTE A CORROSAO,  MECANISMO INTERNO COM NIVELAMENTO A BOLHA. DEVE SUPORTAR A PROGRAMACAO DE COLETA DE DADOS POR EVENTO. CABO COM NO MINIMO DE 07 METROS COM BLINDAGEM EXTERNA METALICA E ISOLAMENTO EM PVC|SENSOR, TIPO: ELETRÔNICO , APLICAÇÃO: BICICLO  E TRICICLO , REFERÊNCIA: CAD70 IGPSPORT , TIPO SENSOR: MEDIÇÃO DE CADÊNCIA E VELOCIDADE , CARACTERÍSTICAS ADICIONAIS: CONECÇÃO BLUETOOTH COM EQUIPAMENTO DE NAVEGAÇÃO , MODELO: GÉMINI 210 |INSTRUMENTOS PARA MEDIÇÃO E CONTROLE DE PRESSÃO,TEMPERATURA E UMIDADE|SENSOR ELETRÔNICO, TIPO SENSOR: ELETRÔNICO , CARACTERÍSTICAS ADICIONAIS: COMPATíVEL COM CONTROLADORES HUNTER ENXERGIZADOS , TIPO: SENSOR DE CHUVA , APLICAÇÃO: SISTEMA DE IRRIGAÇÃO |COMPONENTES ELÉTRICOS E ELETRÔNICOS DIVERSOS|False|entrou
183402-9|1.0|1|big_data|EQUIPAMENTOS E ARTIGOS DE USO MEDICO, ODONTOLOGICO , HOSPITALAR E LABORATORIAL|MATERIAIS DE USO TECNICO HOSPITALAR|True|{'MM': {2.0}}|PERFUSOR DE ARTERIA CORONARIA (SHUNT) - 2MM, EM MATERIAL FLEXIVEL, COM MOLA NA METADE LONGITUDINAL FACILITANDO INSERCAO NO LEITO CORONARIO, PERMITE ANASTOMOSE DE CORONARIAS EM CIR.CARDIACA DE REVASCULARIZACAO DO MIOCARDIO EM BOMBA(OFF-PUMP), MANTENDO O FLUXO DE SANGUE E SEM SANGRAMENTO DA CORONARIA EM ANASTOMOSE|SHUNT, APLICAÇÃO*: CORANÁRIA , MATERIA PRIMA: POLÍMERO , DIÂMETRO*: CERCA DE 2 MM, ESTERILIDADE*: DESCARTÁVEL, ESTÉRIL , EMBALAGEM: EMBALAGEM INDIVIDUAL |INSTRUMENTOS, EQUIPAMENTOS E SUPRIMENTOS MÉDICOS  E  CIRÚRGICOS|SHUNT, APLICAÇÃO*: CORANÁRIA , MATERIA PRIMA: POLÍMERO , DIÂMETRO*: CERCA DE 2 MM, ESTERILIDADE*: DESCARTÁVEL, ESTÉRIL , EMBALAGEM: EMBALAGEM INDIVIDUAL |INSTRUMENTOS, EQUIPAMENTOS E SUPRIMENTOS MÉDICOS  E  CIRÚRGICOS|True|entrou
582852-0|1.0|1|big_data|EQUIPAMENTOS E MATERIAIS PARA EXPERIENCIA EM LABORATORIO ESCOLAR, RECREACAO E DESPORTO|JOGOS, BRINQUEDOS E ARTIGOS CORRELATOS COM RODAS|True|{'MM': {1500.0}}|BRINQUEDO EDUCATIVO E RECREATIVO - EM ESPUMA, REVESTIDO EM BAGUM COLORIDO,TIPO TAPETE COM 20 CUBOS,1,50X1,50M|BRINQUEDO EM GERAL, MATERIAL: BORRACHA SINTÉTICA EVA , TIPO: TAPETE INFANTIL PEDAGÓGICO , COR: DIVERSAS , CARACTERÍSTICAS ADICIONAIS: ANTIALÉRGICO, ARTICULADOS, SELO INMETRO , DIMENSÕES: 30 X 30 X 0,10 CM|JOGOS, BRINQUEDOS E ARTIGOS CORRELATOS COM RODAS|BRINQUEDO EM GERAL, MATERIAL: BORRACHA SINTÉTICA EVA , TIPO: TAPETE INFANTIL PEDAGÓGICO , COR: DIVERSAS , CARACTERÍSTICAS ADICIONAIS: ANTIALÉRGICO, ARTICULADOS, SELO INMETRO , DIMENSÕES: 30 X 30 X 0,10 CM|JOGOS, BRINQUEDOS E ARTIGOS CORRELATOS COM RODAS|True|entrou
179402-7|1.0|1|profs_saude|EQUIPAMENTOS E ARTIGOS DE USO MEDICO, ODONTOLOGICO , HOSPITALAR E LABORATORIAL|MATERIAIS DE USO TECNICO HOSPITALAR|False||SONDA ENDOTRAQUEAL - 2,0, S/BALONETE, PVC TRANSPARENTE COM FILAMENTO RADIOPACO, A APRESENTACAO DO PRODUTO DEVERA OBEDECER A LEGISLACAO ATUAL VIGENTE|TUBO ENDOTRAQUEAL, MATERIAL: PVC , MODELO: CURVA MAGILL , CALIBRE: 2,0 , TIPO PONTA: C/ PONTA DISTAL ATRAUMÁTICA , COMPONENTE 2: RADIOPACO, GRADUADO , TIPO CONECTOR: CONECTOR PADRÃO , ESTERILIDADE: ESTÉRIL, USO ÚNICO |INSTRUMENTOS, EQUIPAMENTOS E SUPRIMENTOS MÉDICOS  E  CIRÚRGICOS|TUBO ENDOTRAQUEAL, MATERIAL: PVC , MODELO: CURVA MAGILL , CALIBRE: 2,0 , TIPO PONTA: C/ PONTA DISTAL ATRAUMÁTICA , COMPONENTE 2: RADIOPACO, GRADUADO , TIPO CONECTOR: CONECTOR PADRÃO , ESTERILIDADE: ESTÉRIL, USO ÚNICO |INSTRUMENTOS, EQUIPAMENTOS E SUPRIMENTOS MÉDICOS  E  CIRÚRGICOS|True|entrou
580218-0|1.0|1|big_data|INSTRUMENTOS MUSICAIS, OBRAS DE ARTE E ARTESANATOS|INSTRUMENTOS MUSICAIS|True|{'MM': {460.0}}|ALFAIA - EM MADEIRA,COR CINZA,DIAMETRO DE 46,00CM|INSTRUMENTO MUSICAL - PERCURSÃO, TIPO: SURDO , MATERIAL: MADEIRA , TAMANHO: 45 X 14 CM, CARACTERÍSTICAS ADICIONAIS: SEIS TIRANTES, SUPER LUXO |INSTRUMENTOS MUSICAIS|INSTRUMENTO MUSICAL - PERCURSÃO, TIPO: SURDO , MATERIAL: MADEIRA , TAMANHO: 45 X 14 CM, CARACTERÍSTICAS ADICIONAIS: SEIS TIRANTES, SUPER LUXO |INSTRUMENTOS MUSICAIS|True|entrou
564280-9|2.0|2-3|big_data|EQUIPAMENTOS E MATERIAIS PARA EXPERIENCIA EM LABORATORIO ESCOLAR, RECREACAO E DESPORTO|EQUIPAMENTOS ESPORTIVOS E EDUCATIVOS|True|{'MM': {150.0}, 'G': {22000.0}}|HALTERES - EM ACO INOXIDAVEL ABNT 304,COM BARRA REDONDA DE 1 1/8 DE POLEGADAS, 150MM DE COMPRIMENTO, RECARTILHADA,TIPO DUMBELL, COM 2 PASTILHAS RECOBERTAS DE BORRACHA PESANDO 22KG|HALTERE, MATERIAL: BORRACHA , TIPO: MACIÇO , FORMA: REDONDA , PESO: 12 KG, APLICAÇÃO: GINÁSTICA E TREINAMENTO DESPORTIVO |EQUIPAMENTO PARA GINÁSTICA E RECREAÇÃO|HALTERE, MATERIAL: FERRO , TIPO: MACIÇO , REVESTIMENTO: BORRACHA PVC - CLORETO DE POLIVINILA , FORMA: CHALEIRA , PESO: 22 KG, COR: PRETA , APLICAÇÃO: GINÁSTICA E TREINAMENTO DESPORTIVO |EQUIPAMENTO PARA GINÁSTICA E RECREAÇÃO|True|entrou
352547-3|3.0|2-3|big_data|EQUIPAMENTOS E ARTIGOS DE USO MEDICO, ODONTOLOGICO , HOSPITALAR E LABORATORIAL|PRODUTOS E INSUMOS PARA DIETAS ESPECIAIS|False||ALIMENTO PARA DIETA ENTERAL OU ORAL - NUTRICAO ORAL OU ENTERAL NUTRICIONALMENTE COMPLETA,PARA CRIANCAS, NORMOPROTEICA,PO,EMBALAGEM ADEQUADA AO PRODUTO|DIETA ENTERAL, ASPECTO FÍSICO: PÓ , USO: ENTERAL OU ORAL , CARACTERÍSTICAS: NORMOCALÓRICA,NORMOPROTEÍCA , FONTE DE PROTEÍNA: SORO LEITE HIDROLISADA , FONTE DE CARBOIDRATO: MALTODEXTRINA, SACAROSE E/OU AMIDO , FONTE DE LIPÍDIOS: ÓLEOS VEGETAIS E/OU TCM , COMPONENTES ADICIONAIS: VITAMINAS E MINERAIS , CARACTERÍSTICAS ADICIONAIS: ISENTA LACTOSE E GLÚTEN , SABOR: C/SABOR |ALIMENTOS ESPECIAIS DIETÉTICOS E PREPARADOS ALIMENTÍCIOS|DIETA ENTERAL, ASPECTO FÍSICO: PÓ , USO: ENTERAL OU ORAL , CARACTERÍSTICAS: NORMOCALÓRICA,NORMOPROTEÍCA , FONTE DE PROTEÍNA: PTN ISOL.SJ.E/OU CASEI.E/OU SR.LTE E/OU ISOL.SR.LT , FONTE DE CARBOIDRATO: MALTODEXTRINA E/OU FRUTOSE E/OU AMIDO , FONTE DE LIPÍDIOS: ÓLEOS VEG.E/OU TCM E/OU LEC.SOJA , COMPONENTES ADICIONAIS: VIT.,MIN. E FIBRAS , CARACTERÍSTICAS ADICIONAIS: ISENTO GLÚTEN,LACT E/OU SACAROSE , SABOR: C/SABOR |ALIMENTOS ESPECIAIS DIETÉTICOS E PREPARADOS ALIMENTÍCIOS|True|entrou
181820-1|3.0|2-3|profs_saude|EQUIPAMENTOS E ARTIGOS DE USO MEDICO, ODONTOLOGICO , HOSPITALAR E LABORATORIAL|MATERIAIS DE USO TECNICO HOSPITALAR|True|{'FR': {4.0}, 'ML': {31000.0}}|CANULA DE TRAQUEOSTOMIA ESTERIL DESCARTAVEL - CONFECCIONADA EM PVC ATOXICO,FLEXIVEL,SEM BALAO, SILICONIZADO,LINHA RADIOPACA, TRANSPARENTE, COMPOSTA POR OBTURADOR DE PONTA ARREDONDADA, CANULA INTERIOR E ADAPTAVEL A QUALQUER TIPO DE SERINGA COM TAMPA DEVEDACAO, ASAS PARA FIXACAO COM IMPRESSAO DO NUMERO EM LOCAL VISIVEL, DE FACIL MANUSEIO QUE NAO CAUSE TRAUMATISMO COM DISPOSITIVO, MANDRIL COM PONTA ARREDONDADA E DE FACIL MANUSEIO, GUARNICAO DE INSUFLACAO UNIVERSAL PARA SERINGAS, TAMANHO CALIBRE 4,0CH, EMBALADO EM PAPEL GRAU CIRURGICO E FILME TRANSPARENTE, INDIVIDUAL E ESTERIL, CONTENDO DADOS DE IDENTIFICACAO E PROCEDENCIA, ROTULAGEM RESPEITANDO O DECRETO LEI 79094/77 ART.31 L.8078/90 E PORT.CONJ.N1 DE 23/1/96-MS, CONTENDO DADOS DE VALIDADE, LOTE E REGISTRO NO MS|CÂNULA DE TRAQUEOSTOMIA, MATERIAL*: POLÍMERO , TIPO: RADIOPACO , MODELO: LONGA , DIÂMETRO: 8,5 MM, CARACTERÍSTICAS ADICIONAIS*: SUPERFÍCIE LISA PONTA ARREDONDADA , ACESSÓRIOS: MANDRIL COM GUIA E OBTURADOR , COMPONENTES*: BALÃO DE ALTO VOLUME E BAIXA PRESSÃO , ESTERELIDADE: ESTÉRIL , EMBALAGEM: EMBALAGEM INDIVIDUAL |JOGOS E CONJUNTOS MÉDICOS|CÂNULA DE TRAQUEOSTOMIA, MATERIAL*: POLÍMERO , TIPO: RADIOPACO , DIÂMETRO: CERCA DE 4,0 MM, CARACTERÍSTICAS ADICIONAIS*: SUPERFÍCIE LISA PONTA ARREDONDADA , ACESSÓRIOS 02: CONECTOR UNIVERSAL , ESTERELIDADE: ESTÉRIL, DESCARTÁVEL , EMBALAGEM: EMBALAGEM INDIVIDUAL |JOGOS E CONJUNTOS MÉDICOS|True|entrou
618273-9|2.0|2-3|big_data|||True|{'ML': {150.0}}|EQUIPO P/ADMINIS. DE SOLUCOES PARENTERAIS C/CAMARA - EM PVC FLEXIVEL,COM PONTA PERFURANTE COMPATIVEL COM AMPOLA PLASTICA OU DE BORRACHA,PINCA CORTA FLUXO,RESPIRO SUPERIOR DE AR COM FILTRO HIDROFOBO BACTERIOLOGICO, INJETOR SUPERIOR RESISTENTE,CONECTOR LUER COM TAMPA,GOTEJADOR DE MICROGOTAS COM CAMARA GRADUADA CAPACIDADE APROXIMADA 150 ML,COM FILTRO DE AR HIDROFOBO,EM EMBALAGEM INDIVIDUAL EM PAPEL GRAU CIRURGICO E MATERIAL TRANSPARENTE, ESTERIL,.|EQUIPO P/ BOMBA DE INFUSÃO, MATERIAL: PVC TRANSPARENTE , MATERIAL ADICIONAL: SEM SEGMENTO DE SILICONE , VOLUME BURETA: BURETA CERCA DE 150 ML, CARACTERÍSTICAS BURETA: GRADUADA, C/ ALÇA, RESPIRO, INJETOR E FILTRO , CÂMARA GOTEJAMENTO: MACROGOTAS, FLEXÍVEL, C/ FILTRO , REGULADOR DE FLUXO MANUAL: PINÇA ROLETE , COMPRIMENTO TOTAL DO TUBO: ACIMA DE 181 CM , TIPO INJETOR LATERAL: C/ 1 INJETOR, AUTOCICATRIZANTE , CONECTOR SOLUÇÃO: PONTA PERFURANTE , CONECTOR PACIENTE: LUER , COMPATIBILIDADE: C/ EQUIPAMENTO , ESTERILIDADE: ESTÉRIL, USO ÚNICO , TIPO EMBALAGEM: INDIVIDUAL |INSTRUMENTOS, EQUIPAMENTOS E SUPRIMENTOS MÉDICOS  E  CIRÚRGICOS|EQUIPO DE INFUSÃO VENOSA GRAVITACIONAL, MATERIAL: PVC TRANSPARENTE , VOLUME BURETA: BURETA CERCA DE 150 ML, CARACTERÍSTICAS BURETA: GRADUADA, C/ ALÇA, RESPIRO, INJETOR E FILTRO , CÂMARA GOTEJAMENTO: MICROGOTAS, FLEXÍVEL, C/ FILTRO , REGULADOR DE FLUXO MANUAL: PINÇA ROLETE , COMPRIMENTO TUBO: ATÉ 180 CM , TIPO INJETOR LATERAL: C/ 1 INJETOR, AUTOCICATRIZANTE , CONECTOR PACIENTE: LUER , ESTERILIDADE: ESTÉRIL, USO ÚNICO , TIPO EMBALAGEM: INDIVIDUAL |INSTRUMENTOS, EQUIPAMENTOS E SUPRIMENTOS MÉDICOS  E  CIRÚRGICOS|False|entrou
317177-9|2.0|2-3|big_data|FERRAGENS E ABRASIVOS|DISPOSITIVOS PARA FIXACAO|True|{'MM': {76.2}}|"DOBRADICA - DE METAL,MEDINDO 3"",PARA DIVISORIA, COM PARAFUSOS, NA COR BRANCA."|DOBRADIÇA, MATERIAL: FERRO ZINCADO , TIPO: COMUM , TAMANHO: 3 POL|FERRAGENS DIVERSAS|DOBRADIÇA, MATERIAL: LATÃO , TIPO: VAI-VEM , TAMANHO: 3 POL, APLICAÇÃO: PORTA , ACABAMENTO: NIQUELADO |FERRAGENS DIVERSAS|True|entrou
26860-7|1.0|1|profs_saude|EQUIPAMENTOS E ARTIGOS DE USO MEDICO, ODONTOLOGICO , HOSPITALAR E LABORATORIAL|MATERIAIS DE USO TECNICO HOSPITALAR|True|{'MM': {15.0}, 'ML': {31000.0}}|FIO DE SUTURA DE POLIPROPILENO - EM POLIPROPILENO N. 4-0, 2 AGULHAS, DE 1/2 CIRCULO CILINDRICA DE 1,5 CM., AZUL, EM ENVELOPE INDIVIDUAL, EM MATERIAL QUE GARANTA BARREIRA MICROBIANA E COMBINADO COM O ARTIGO 31 DA LEI 8078/90, CONTENDO DADOS DE IDENTIFICACAO E PROCEDENCIA, A APRESENTACAO DO PRODUTO DEVERA OBEDECER A ART.31 L.8078/90 PORT.CONJ.N.1 DE 23/1/96-M.SAUDE, CONTENDO VALIDADE, LOTE, E REGISTRO DO MS|FIO DE SUTURA AGULHADO, MATERIAL FIO: POLIPROPILENO AZUL , MODELO FIO: MONOFILAMENTAR , DIÂMETRO FIO: 4-0 , COMPRIMENTO FIO: CERCA DE 70 CM, TIPO AGULHA: 2 AGULHAS 1/2 CÍRCULO NAS EXTREMIDADES , MODELO AGULHA: CILÍNDRICA , COMPRIMENTO AGULHA: CERCA DE 14 MM, ESTERILIDADE: ESTÉRIL , APRESENTAçãO: EMBALAGEM INDIVIDUAL |INSTRUMENTOS, EQUIPAMENTOS E SUPRIMENTOS MÉDICOS  E  CIRÚRGICOS|FIO DE SUTURA AGULHADO, MATERIAL FIO: POLIPROPILENO AZUL , MODELO FIO: MONOFILAMENTAR , DIÂMETRO FIO: 4-0 , COMPRIMENTO FIO: CERCA DE 70 CM, TIPO AGULHA: 2 AGULHAS 1/2 CÍRCULO NAS EXTREMIDADES , MODELO AGULHA: CILÍNDRICA , COMPRIMENTO AGULHA: CERCA DE 14 MM, ESTERILIDADE: ESTÉRIL , APRESENTAçãO: EMBALAGEM INDIVIDUAL |INSTRUMENTOS, EQUIPAMENTOS E SUPRIMENTOS MÉDICOS  E  CIRÚRGICOS|True|entrou
324270-6|3.0|2-3|big_data|EQUIPAMENTOS E ARTIGOS DE USO MEDICO, ODONTOLOGICO , HOSPITALAR E LABORATORIAL|CADASTRO PADRONIZADO DE MEDICAMENTOS|True|{'UI': {4000.0}}|ERITROPOIETINA HUMANA RECOMBINANTE - CONCENTRACAO/DOSAGEM 4000 UI/ML,FORMA FARMACEUTICA SOLUCAO INJETAVEL,FORMA DE APRESENTACAO SERINGA PREENCHIDA,VIA DE ADMINISTRACAO PARENTERAL|ENOXAPARINA, CONCENTRAÇÃO: 100 MG/ML, FORMA FARMACEUTICA: SOLUÇÃO INJETÁVEL , CARACTERÍSTICAS ADICIONAIS 1: SERINGA PREENCHIDA |DROGAS E MEDICAMENTOS|ALFAEPOETINA, CONCENTRAÇÃO: 4.000 UI, FORMA FARMACEUTICA: INJETÁVEL |DROGAS E MEDICAMENTOS|False|entrou
595640-4|2.0|2-3|big_data|MOBILIARIOS EM GERAL|SUPERFICIES DE APOIO - CADASTRO PADRONIZADO|True|{'MM': {3.0, 740.0, 10.0, 1400.0, 700.0}}|MESA - TIPO RETA INDIVIDUAL, SEM GAVETAS PARA COMPUTADOR,ESTRUTURA EM ACO CARBONO,FORMATO COMPOSTO POR PES E TRAVESSAS,TAMPO EM MADEIRA PRENSADA DE MDP,SEM REVESTIMENTO,FORMATO RETANGULAR,MEDINDO -ALTURA 740MM(+/-10MM) DO CHAO AO TAMPO, LARGURA 1400MM(+/-3MM), PROFUNDIDADE 700MM(+/-3MM),(+/-10MM), (+/-3MM)|CONJUNTO ESCOLAR, COMPONENTES: MESA E CADEIRA , MATERIAL: ABS, TUBO AÇO CARBONO , TAMANHO: CONFORME MODELO , FORMATO MESA: OITAVADO , MATERIAL TAMPO: ABS , CARACTERÍSTICAS ADICIONAIS: CADEIRAS COM ASSENTO E ENCOSTO EM POLIPROPILENO , ESPESSURA TAMPO: 10 MM|MOBILIÁRIO PARA ESCRITÓRIO|MÓDULO DE TRABALHO, MATERIAL: MDP 25MM , DIMENSÕES MESA ESCRITÓRIO: COMPRIMENTO: 1350MM. LARGURA:600MM. ALTURA M, CARACTERÍSTICAS ADICIONAIS: BASE COM 2 SAPATAS NIVELADORAS EM BUTIDAS EM NYLON , REVESTIMENTO: LAMINADO MELAMÍNICO , COR: CEREZO LEON , TIPO: RETANGULAR , APLICAÇÃO: MESA DE TRABALHO. |MOBILIÁRIO PARA ESCRITÓRIO|False|entrou
330047-1|3.0|2-3|profs_saude|EQUIPAMENTOS E ARTIGOS DE USO MEDICO, ODONTOLOGICO , HOSPITALAR E LABORATORIAL|VIDRARIAS, CORRELATOS E INSUMOS P/ USO LABORATORIAL|False||DETERGENTE DESINFETANTE - A BASE DE CLORETO DE DIDECILDIMETILAMONIO E CLORIDRATO DE POLIHEXAMETILENO BIGUANIDA; BACTERICIDA, FUNGICIDA: CANDIDA ALBICANS E ASPERGILLUS NIGER, VIRUSCIDA: HIV-1, BVDV, PRV, ROTAVIRUS, VIRUS DA HERPES E VIRUS DA INFLUENZA (H5N1) E CALLICIVIRUS FELINO, PRONTO PARA USO,,APRESENTACAO EM FRASCO SPRAY,SEM PERFUME, SEM ALCOOL, NAO CORROSIVO; COMPATIVEL COM POLIMEROS E METAIS;,LIMPEZA E DESINFECCAO DE SUPERFICIES HOSPITALARES,ACONDICIONADO EM EMBALAGEM APROPRIADA PARA O PRODUTO,ANVISA: 328210001|DESINFETANTE, COMPOSIÇÃO: À BASE DE PHMB, DIDECILDIMETILAMÔNIO , PRINCÍPIO ATIVO: CLORETO ALQUIL DIMETIL BENZIL AMÔNIO , FORMA FÍSICA: EM LENÇO UMIDECIDO |PESTICIDAS E DESINFETANTES|DESINFETANTE, COMPOSIÇÃO: À BASE DE QUATERNÁRIOS DE AMÔNIO , PRINCÍPIO ATIVO: ASSOCIADO À BIGUANIDA (PHMB) , TEOR ATIVO: 20,57% P/P + 0,9% P/P , FORMA FÍSICA: SOLUÇÃO AQUOSA CONCENTRADA |PESTICIDAS E DESINFETANTES|True|entrou
505260-2|2.0|2-3|profs_saude|EQUIPAMENTOS E ARTIGOS DE USO MEDICO, ODONTOLOGICO , HOSPITALAR E LABORATORIAL|SOLUCOES ANTI-SEPTICAS|True|{'PCT': {70.0}}|SOLUCAO ANTI-SEPTICA - USO COMO ANTISSEPSIA DAS MAOS,A BASE DE ALCOOL ETILICO A 70%, AGENTES HIDRATANTES, EMOLIENTES, GLICERINA, SEM PERFUME E CORANTE,APRESENTACAO EM FRASCO COM VALVULA DOSADORA PUMP E SUPORTE PARA LEITO EM COMODATO,ACAO BACTERICIDA, FUNGICIDA, VIRUCIDA,EM GEL TOPICO|ÁLCOOL ETÍLICO, TEOR ALCOÓLICO: 70% V/V , COMPOSIÇÃO BÁSICA: COM EMOLIENTE , FORMA FARMACÊUTICA: GEL |DROGAS E MEDICAMENTOS|ÁLCOOL ETÍLICO, TEOR ALCOÓLICO: 70% P/P (70 °GL) , COMPOSIÇÃO BÁSICA: GLICERINADO , CARACTERÍSTICAS ADICIONAIS: COM BICO DOSADOR |DROGAS E MEDICAMENTOS|True|entrou
40751-8|1.0|1|profs_saude|EQUIPAMENTOS E ARTIGOS DE USO MEDICO, ODONTOLOGICO , HOSPITALAR E LABORATORIAL|MATERIAIS DE USO TECNICO HOSPITALAR|False||SONDA ENDOTRAQUEAL - 5.5, SEM BALONETE, PVC TRANSPARENTE COM FILAMENTO RADIOPACO, A APRESENTACAO DO PRODUTO DEVERA OBEDECER A ART.31 LEI 8078/90 PORT CONJ N1 DE 23/1/96 - M.SAUDE.|TUBO ENDOTRAQUEAL, MATERIAL: PVC , MODELO: CURVA MAGILL , CALIBRE: 5,5 , TIPO PONTA: C/ PONTA DISTAL ATRAUMÁTICA , COMPONENTE 2: RADIOPACO, GRADUADO , TIPO CONECTOR: CONECTOR PADRÃO , ESTERILIDADE: ESTÉRIL, USO ÚNICO |INSTRUMENTOS, EQUIPAMENTOS E SUPRIMENTOS MÉDICOS  E  CIRÚRGICOS|TUBO ENDOTRAQUEAL, MATERIAL: PVC , MODELO: CURVA MAGILL , CALIBRE: 5,5 , TIPO PONTA: C/ PONTA DISTAL ATRAUMÁTICA , COMPONENTE 2: RADIOPACO, GRADUADO , TIPO CONECTOR: CONECTOR PADRÃO , ESTERILIDADE: ESTÉRIL, USO ÚNICO |INSTRUMENTOS, EQUIPAMENTOS E SUPRIMENTOS MÉDICOS  E  CIRÚRGICOS|True|entrou
510173-5|1.0|1|big_data|EQUIPAMENTOS E ARTIGOS DE USO MEDICO, ODONTOLOGICO , HOSPITALAR E LABORATORIAL|INSUMOS PARA EQUIPAMENTOS MEDICO HOSPITALARES|False||LAMINA PARA SHAVER DE ARTROSCOPIA - EM ACO INOXIDAVEL,PARA PROCEDIMENTOS ARTROSCOPICOS DO OMBRO E JOELHO,,,,|LÂMINA SHAVER, TIPO: BROCA REDONDA , HASTE: RETA , DIÂMETRO EXTERNO: CERCA DE 4,5 MM, COMPATIBILIDADE: COMPATÍVEL C/ MICRODEBRIDADOR , MATERIAL: AÇO INOXIDÁVEL , ESTERILIDADE: ESTÉRIL, USO ÚNICO |INSTRUMENTOS, EQUIPAMENTOS E SUPRIMENTOS MÉDICOS  E  CIRÚRGICOS|LÂMINA SHAVER, TIPO: BROCA REDONDA , HASTE: RETA , DIÂMETRO EXTERNO: CERCA DE 4,5 MM, COMPATIBILIDADE: COMPATÍVEL C/ MICRODEBRIDADOR , MATERIAL: AÇO INOXIDÁVEL , ESTERILIDADE: ESTÉRIL, USO ÚNICO |INSTRUMENTOS, EQUIPAMENTOS E SUPRIMENTOS MÉDICOS  E  CIRÚRGICOS|True|entrou
192502-4|2.0|2-3|big_data|EQUIPAMENTOS E ARTIGOS DE USO MEDICO, ODONTOLOGICO , HOSPITALAR E LABORATORIAL|MATERIAIS DE USO TECNICO HOSPITALAR|True|{'MM': {25.0, 700.0}}|FIO DE SUTURA POLIGLACTINA - POLIGLACTINA, ESTERIL,, CALIBRE 2-0, COM AGULHA CILINDRICA, 1/2 DE CIRCULO E 2,5 CM, COMPRIMENTO DO FIO,70CM, GASTRINTESTINAL, APRESENTACAO EM ENVELOPE. ROTULAGEM CONFORME LEGISLACAO VIGENTE.|FIO DE SUTURA AGULHADO, MATERIAL FIO: POLIGLACTINA VIOLETA , MODELO FIO: MULTIFILAMENTAR , DIÂMETRO FIO: 3-0 , COMPRIMENTO FIO: CERCA DE 70 CM, TIPO AGULHA: AGULHA 1/2 CÍRCULO , MODELO AGULHA: CILÍNDRICA , COMPRIMENTO AGULHA: CERCA DE 20 MM, ESTERILIDADE: ESTÉRIL , APRESENTAçãO: EMBALAGEM INDIVIDUAL |INSTRUMENTOS, EQUIPAMENTOS E SUPRIMENTOS MÉDICOS  E  CIRÚRGICOS|FIO DE SUTURA AGULHADO, MATERIAL FIO: POLIGLACTINA VIOLETA , MODELO FIO: MULTIFILAMENTAR , DIÂMETRO FIO: 0 / 1-0 , COMPRIMENTO FIO: CERCA DE 70 CM, TIPO AGULHA: AGULHA 1/2 CÍRCULO , MODELO AGULHA: CILÍNDRICA , COMPRIMENTO AGULHA: CERCA DE 40 MM, ESTERILIDADE: ESTÉRIL , APRESENTAçãO: EMBALAGEM INDIVIDUAL |INSTRUMENTOS, EQUIPAMENTOS E SUPRIMENTOS MÉDICOS  E  CIRÚRGICOS|True|entrou
527186-0|1.0|1|big_data|EQUIPAMENTOS E ARTIGOS DE USO MEDICO, ODONTOLOGICO , HOSPITALAR E LABORATORIAL|INSUMOS PARA EQUIPAMENTOS MEDICO HOSPITALARES|True|{'MM': {1750.0, 22.0}}|CIRCUITO DE PACIENTE - PARA OXIGENOTERAPIA DE ALTO FLUXO, INFANTIL,FLEXIVEL, ANATOMICO, ATOXICO, ESTERIL, APIROGENICO,COMPOSTO DE RAMO INSPIRATORIO, DE 1,75M, COM FIO AQUECIDO INTERNO E PORTAS DE ENTRADA PROXIMAL E DISTAL PARA OS SENSORES DE TEMPERATURA E FLUXO; CAMARA DE AGUA  AUTO-ALIMENTAVEL; ADAPTADOR COM 02 ENTRADAS PARA MISTURA DE GAS, DIAMETRO 22,00MM,DESCARTAVEL, COMPATIVEL COM UMIDIFICADOR SERVO CONTROLADO|CIRCUITO RESPIRATÓRIO, MATERIAL: SILICONE , MODELO: C/ 1 TRAQUEIA , DIÂMETRO TRAQUEIA: CERCA DE 22 MM, COMPRIMENTO TRAQUEIA: CERCA DE 150 CM, CONECTOR: C/ VÁLVULA EXPIRATÓRIA E CONECTOR SENSOR DE FLUXO , DRENO COLETOR DE ÁGUA: SEM DRENO , LINHA ADICIONAL: C/ LINHA PROXIMAL DUPLA P/ SENSOR DE FLUXO , COMPATIBILIDADE: C/ VENTILADOR DE TRANSPORTE , ESTERILIDADE: ESTERILIZÁVEL |INSTRUMENTOS, EQUIPAMENTOS E SUPRIMENTOS MÉDICOS  E  CIRÚRGICOS|CIRCUITO RESPIRATÓRIO, MATERIAL: SILICONE , MODELO: C/ 1 TRAQUEIA , DIÂMETRO TRAQUEIA: CERCA DE 22 MM, COMPRIMENTO TRAQUEIA: CERCA DE 150 CM, CONECTOR: C/ VÁLVULA EXPIRATÓRIA E CONECTOR SENSOR DE FLUXO , DRENO COLETOR DE ÁGUA: SEM DRENO , LINHA ADICIONAL: C/ LINHA PROXIMAL DUPLA P/ SENSOR DE FLUXO , COMPATIBILIDADE: C/ VENTILADOR DE TRANSPORTE , ESTERILIDADE: ESTERILIZÁVEL |INSTRUMENTOS, EQUIPAMENTOS E SUPRIMENTOS MÉDICOS  E  CIRÚRGICOS|True|entrou
590183-9|2.0|2-3|big_data|VESTUARIOS, EQUIPAMENTOS INDIVIDUAIS E INSIGNIAS|UNIFORMES MILITARES|True|{'MM': {100.0}}|BARRETINA - EM FIBRA,NA COR PRETA, COM PENACHO VERMELHO,NA FRENTE UM RESPLENDOR DE METAL PRATEADO ESTRELADO,MEDINDO 100MM DE DIAMENTRO, FORMADO DE 40 LAMINAS CONVEXAS COM O SIMBOLO DA APMP,ENCIMADA POR UMA ACUCENA PRATEADA ONDE SAI UM PENACHO VERMELHO,CORRE NA FRENTE UMA JUGULAR NA MESMA COR DO PENACHO, AJUSTADA POR MEIO DE UMA QUEIXEIRA BRANCA DE NYLON|CADEIRA, MATERIAL: POLIPROPILENO E FIBRA DE VIDRO. , TIPO ESPALDAR: ALTO , COR: PRETA , TIPO: SEM BRAÇO |MOBILIÁRIO DOMÉSTICO|BARRETINA, NOME: BARRETINA |BANDEIRAS, FLAMULAS E PAVILHOES|False|entrou
155368-2|1.0|1|profs_saude|EQUIPAMENTOS E ARTIGOS DE USO MEDICO, ODONTOLOGICO , HOSPITALAR E LABORATORIAL|MATERIAIS DE USO TECNICO HOSPITALAR|True|{'MM': {100.0}}|LAMINA PARA FACA DE BLAIR - DE ACO INOX, 10CM, ESTERIL DESCARTAVEL, ISENTA DE REBARBAS E SINASI DE OXIDACAO, APRESENTACAO CONFORME O DECRETO LEI 79094/77 COMBINADO COM O ART. 31 DA LEI 8078/90|FACA USO MÉDICO, MODELO: DE BLAIR , APLICAÇÃO: P/ ENXERTO DE PELE , TIPO PONTA: P/ LÂMINA DE 4 POLEGADAS , MATERIAL: AÇO INOXIDÁVEL , ESTERILIDADE: ESTERILIZÁVEL |INSTRUMENTOS, EQUIPAMENTOS E SUPRIMENTOS MÉDICOS  E  CIRÚRGICOS|FACA USO MÉDICO, MODELO: DE BLAIR , APLICAÇÃO: P/ ENXERTO DE PELE , TIPO PONTA: P/ LÂMINA DE 4 POLEGADAS , MATERIAL: AÇO INOXIDÁVEL , ESTERILIDADE: ESTERILIZÁVEL |INSTRUMENTOS, EQUIPAMENTOS E SUPRIMENTOS MÉDICOS  E  CIRÚRGICOS|True|entrou
271519-8|2.0|2-3|big_data|||True|{'FR': {30.0}}|DILATADOR - DILATADOR TIPO AMPLATZ,COMPONETES DILATADORES POLIURETANO COM CALIBRES DE 6 A 30 FR, APLICACAO CAMISA AMPLATZ,EM POLIURETANO,GARANTIA DE NO MINIMO 10 ANOS, REGISTRO NO MINISTERIO DA SAUDE, CERTIFICADO DE BOAS PRATICAS DE FABRICACAO DA ANVISA.|CATETER P/ TERAPIA RENAL, TIPO USO: HEMODIÁLISE , DURABILIDADE: TEMPORÁRIO , MODELO: DUPLO LÚMEN , MATÉRIA PRIMA: POLIURETANO RADIOPACO , DIÂMETRO: CERCA DE 12 FRENCH, COMPRIMENTO: CERCA DE 15 CM, COMPONENTE I: KIT C/ FIO GUIA, DILATADOR E AGULHA , COMPONENTE III: CLAMPS C/ CORES DISTINTAS , CARACTERÍSTICAS ADICIONAIS I: CONECTORES C/ TAMPA , ESTERILIDADE: ESTÉRIL, USO ÚNICO |INSTRUMENTOS, EQUIPAMENTOS E SUPRIMENTOS MÉDICOS  E  CIRÚRGICOS|DILATADOR, USO: NEFROSTOMIA PERCUTÂNEA , MATERIAL: POLÍMERO , DIÂMETRO: TAMANHOS DIVERSOS , APRESENTAÇÃO: CONJUNTO COM ATÉ 14 PEÇAS , ESTERILIDADE: ESTÉRIL, USO ÚNICO |INSTRUMENTOS, EQUIPAMENTOS E SUPRIMENTOS MÉDICOS  E  CIRÚRGICOS|False|entrou
296031-1|2.0|2-3|profs_saude|EQUIPAMENTOS E ARTIGOS DE USO MEDICO, ODONTOLOGICO , HOSPITALAR E LABORATORIAL|MATERIAIS DE USO TECNICO HOSPITALAR|True|{'G_GAUGE': {16.0}, 'MM': {100.0}}|AGULHA DE MIELOGRAMA - ACO INOXIDAVEL, (ASPIRATIVA - ESTERNO E CRISTA ILIACA),COM LIMITADOR DE PROFUNDIDADE, SILICONIZADA,,USO UNICO, DESCARTAVEL E ESTERIL,PARA BIOPSIA OSSEA (MIELOGRAMA),16GA X 10 CM,BISEL CORTANTE DE 45º, CONEXAO LUER LOCK,INDIVIDUAL EM PAPEL GRAU CIRURGICO,TRAVA DE SEGURANCA, PLUG ANTI-REFLUXO, CABO ANATOMICO.O PRODUTO DEVERA ESTAR DE ACORDO COM O ARTIGO 31 LEI 8.078/1990|AGULHA BIÓPSIA, VIA DE ACESSO: PERCUTÂNEA , MODELO: ASPIRATIVA , APLICAçãO: HEPÁTICA , TIPO: MENGHINI , DIMENSÃO AGULHA: CERCA DE 16 G X 10 CM , MATERIAL AGULHA: AÇO INOXIDÁVEL , IMAGEM: ECOGÊNICA / RADIOPACA, GRADUADA , COMPONENTE 2: C/ AJUSTE PROFUNDIDADE , COMPONENTE 3: C/ SERINGA  P/ PRESSÃO NEGATIVA , COMPONENTE 4: SISTEMA SEGURANÇA NR/32 , ESTERILIDADE: ESTÉRIL, USO ÚNICO , EMBALAGEM: INDIVIDUAL |INSTRUMENTOS, EQUIPAMENTOS E SUPRIMENTOS MÉDICOS  E  CIRÚRGICOS|AGULHA PUNÇÃO ÓSSEA, MODELO: P/ ASPIRAÇÃO, BIÓPSIA , APLICAÇÃO: INTRAÓSSEA / MEDULA ÓSSEA , DIMENSÕES: Cerca De 16 G X 7,5 A 10 Cm, Ajustável , MATERIAL AGULHA: AÇO INOXIDÁVEL , PEÇA DE MÃO: C/ EMPUNHADURA E ROSQUEÁVEL , COMPONENTE 1: C/ MANDRIL , COMPONENTE 2: C/ AJUSTE DE PROFUNDIDADE , COMPONENTE 3: CONECTOR LUER , ESTERILIDADE: ESTÉRIL, USO ÚNICO , EMBALAGEM: INDIVIDUAL |INSTRUMENTOS, EQUIPAMENTOS E SUPRIMENTOS MÉDICOS  E  CIRÚRGICOS|False|entrou
409509-0|1.0|1|big_data|EQUIPAMENTOS E ARTIGOS DE USO MEDICO, ODONTOLOGICO , HOSPITALAR E LABORATORIAL|ORTESES, PROTESES E MATERIAIS AUXILIARES|False||KIT PARA DISSECTOMIA PERCUTANIA - EM METAL, VIA ENDOSCOPICA, COMPOSTO DE PINCAS, FIO DE KIRSCHNER, TROCATER, PINCA DE COAGULACAO BIPOLAR ESPECIFICA, ENDOSCOPIO PARA USO NA CIRURGIA ENDOSCOPICA,CABO DE FIBRA OTICA,COM ACIONAMENTO MECANICO|"VÍDEOLAPAROSCOPIO, COMPONENTES: MICROCÂMERA PAL M/NTSC,MONITOR 17"",500L , COMPOSIÇÃO: GRAVADOR DVD,FONTE XENON 300W , OUTROS COMPONENTES: INSUFLADOR ELETRÔNICO CO2,16 LT,CABO FIB.ÓTICA 4,8 , ACESSÓRIOS: ENDOSCÓPIO RÍGIDO,CILINDRO CO2,ARMÁRIO,AG.VERESS , CONTEÚDO: TROCATER 11X10,5 E 6X10,5;CAMISA ENDOSC.11X5 , ADITIVOS: PINÇA ENDOSC.BIPOLAR,UNIPOLAR LONGA,UNIPOLAR CURTA , ADICIONAIS: UNIPOLAR DENTADA,CABO DIATERMIA BIPOLAR,UNIPOLAR , CARACTERÍSTICAS ADICIONAIS: CÂNULA,TESOURA ELETROCIRURGIA "|INSTRUMENTOS, EQUIPAMENTOS E SUPRIMENTOS MÉDICOS  E  CIRÚRGICOS|"VÍDEOLAPAROSCOPIO, COMPONENTES: MICROCÂMERA PAL M/NTSC,MONITOR 17"",500L , COMPOSIÇÃO: GRAVADOR DVD,FONTE XENON 300W , OUTROS COMPONENTES: INSUFLADOR ELETRÔNICO CO2,16 LT,CABO FIB.ÓTICA 4,8 , ACESSÓRIOS: ENDOSCÓPIO RÍGIDO,CILINDRO CO2,ARMÁRIO,AG.VERESS , CONTEÚDO: TROCATER 11X10,5 E 6X10,5;CAMISA ENDOSC.11X5 , ADITIVOS: PINÇA ENDOSC.BIPOLAR,UNIPOLAR LONGA,UNIPOLAR CURTA , ADICIONAIS: UNIPOLAR DENTADA,CABO DIATERMIA BIPOLAR,UNIPOLAR , CARACTERÍSTICAS ADICIONAIS: CÂNULA,TESOURA ELETROCIRURGIA "|INSTRUMENTOS, EQUIPAMENTOS E SUPRIMENTOS MÉDICOS  E  CIRÚRGICOS|True|entrou
556819-6|1.0|1|big_data|EQUIPAMENTOS E ARTIGOS DE USO MEDICO, ODONTOLOGICO , HOSPITALAR E LABORATORIAL|MATERIAIS ESPECIFICOS DE DEMANDA JUDICIAL|False||MATERIAIS MEDICO-HOSPITALARES PARA DEMANDA JUDICIAL - DO TIPO LUVA PARA FIXACAO DE CURATIVOS,MARCA TUBIFAST GARMENTS MOLNLYCKE,COMPOSTO DE FIBRAS DE VISCOSE, NYLON E ELASTANO, TAMANHO P INFANTIL|LUVA COMPRESSIVA, MATERIAL: POLIAMIDA + ELASTANO , TIPO COMPRESSÃO: CERCA DE 18 A 25 MMHG, FORMATO: ATÉ O PUNHO , MODELO 1: C/ DEDOS , CARACTERÍSTICAS ADICIONAIS 1: S/ COSTURA |INSTRUMENTOS, EQUIPAMENTOS E SUPRIMENTOS MÉDICOS  E  CIRÚRGICOS|LUVA COMPRESSIVA, MATERIAL: POLIAMIDA + ELASTANO , TIPO COMPRESSÃO: CERCA DE 18 A 25 MMHG, FORMATO: ATÉ O PUNHO , MODELO 1: C/ DEDOS , CARACTERÍSTICAS ADICIONAIS 1: S/ COSTURA |INSTRUMENTOS, EQUIPAMENTOS E SUPRIMENTOS MÉDICOS  E  CIRÚRGICOS|True|entrou
272869-9|2.0|2-3|profs_saude|EQUIPAMENTOS E ARTIGOS DE USO MEDICO, ODONTOLOGICO , HOSPITALAR E LABORATORIAL|MATERIAIS DE USO TECNICO HOSPITALAR|False||FRALDA DESCARTAVEL GERIATRICA ADULTO - TAMANHO P COM DUAS A TRES CAMADAS DE POLPA DE CELULOSE, COM 03 FIOS DE ELASTICO E 02 FITAS ADESIVAS DE CADA LADO PARA AJUSTE DA FRALDA, COM GEL ABSORVENTE E BARREIRA ANTIVAZAMENTO,,PACOTE COM 8-12UNIDADES|FRALDA DESCARTÁVEL, TIPO FIXAÇÃO: TIRAS AJUSTÁVEIS E REPOSICIONÁVEIS , TAMANHO: ADULTO MÉDIO , MATERIAL: TELA POLÍMERICA E NÚCLEO ABSORVENTE , REVESTIMENTO EXTERNO: IMPERMEÁVEL , CARACTERÍSTICA ADICIONAL: BARREIRA ANTIVAZAMENTO |VESTUÁRIO HOSPITALAR E CIRÚRGICO E ITENS CORRELATOS DE  FINALIDADES ESPECIAIS|FRALDA DESCARTÁVEL, TIPO FIXAÇÃO: TIRAS AJUSTÁVEIS E REPOSICIONÁVEIS , TAMANHO: ADULTO PEQUENO , MATERIAL: TELA POLÍMERICA E NÚCLEO ABSORVENTE , REVESTIMENTO EXTERNO: IMPERMEÁVEL , CARACTERÍSTICA ADICIONAL: BARREIRA ANTIVAZAMENTO |VESTUÁRIO HOSPITALAR E CIRÚRGICO E ITENS CORRELATOS DE  FINALIDADES ESPECIAIS|True|entrou
594571-2|1.0|1|big_data|EQUIPAMENTOS E ARTIGOS DE USO MEDICO, ODONTOLOGICO , HOSPITALAR E LABORATORIAL|INSTRUMENTAIS DE USO MEDICO, CIRURGICO OU HOSPITALAR|True|{'MM': {0.0, 450.0, 500.0, 350.0}}|KIT INSTRUMENTAL - PARA ESOFAGOSCOPIA RIGIDA,COMPATIVEL COM TUBOS MODELO HASLLINGER,CONTENDO 03 TUBOS DE ASPIRACAO DE (3,7MMX30,00CM), (3,7MMX40,00CM) E (3,7MMX50,00CM),,03 HASTES DE ILUMINACAO DE 35,00CM, 45,00CM E 50,00CM,2 PINCAS TIPO JACARE AUTOCLAVAVEIS COM 50,00CM, 02 PINCAS TIPO DENTE DE RATO AUTOCLAVAVEIS COM 50,00CM|INSTRUMENTAL P/ ENDOSCÓPIO, TIPO: RETIRADA DE CORPO ESTRANHO , TIPO PONTA: JACARÉ C/ DENTE DE RATO , TIPO FIO: AÇO INOXIDÁVEL , DIMENSÃO: P/ CANAL CERCA DE 2,8 MM X 230 CM , HASTE: HASTE S/ ISOLAMENTO , COMPONENTE 2: MANOPLA , ESTERILIDADE: ESTÉRIL, USO ÚNICO |INSTRUMENTOS, EQUIPAMENTOS E SUPRIMENTOS MÉDICOS  E  CIRÚRGICOS|INSTRUMENTAL P/ ENDOSCÓPIO, TIPO: RETIRADA DE CORPO ESTRANHO , TIPO PONTA: JACARÉ C/ DENTE DE RATO , TIPO FIO: AÇO INOXIDÁVEL , DIMENSÃO: P/ CANAL CERCA DE 2,8 MM X 230 CM , HASTE: HASTE S/ ISOLAMENTO , COMPONENTE 2: MANOPLA , ESTERILIDADE: ESTÉRIL, USO ÚNICO |INSTRUMENTOS, EQUIPAMENTOS E SUPRIMENTOS MÉDICOS  E  CIRÚRGICOS|True|entrou
346431-8|2.0|2-3|big_data|EQUIPAMENTOS E ARTIGOS DE USO MEDICO, ODONTOLOGICO , HOSPITALAR E LABORATORIAL|EQUIPAMENTOS MEDICO HOSPITALARES|False||CENTRAL DE MONITORACAO FISIOLOGICA MULTIPARAMETROS - CONFORME EDITAL,.,.,.,.,.|ELETRODO USO MÉDICO, APLICAÇÃO 1: P/ MONITORIZAÇÃO NEURO , MODELO: AGULHA , TIPO: CONCÊNTRICA, C/ FIO CENTRAL DE PRATA , MATERIAL SENSOR: AÇO INOXIDÁVEL , DIMENSÕES: CERCA DE 20 A 75 X 0,30 A 0,65 MM, ACESSÓRIO: S/ CABO , ESTERILIDADE: ESTÉRIL, USO ÚNICO |INSTRUMENTOS, EQUIPAMENTOS E SUPRIMENTOS MÉDICOS  E  CIRÚRGICOS|"CENTRAL MONITORIZAÇÃO, COMPONENTES: 2 TELAS LCD 19"" ALTA RESOLUÇÃO , OUTROS COMPONENTES: EXTENSÃO LICENÇA P/16 MONITORES , REDE: TROCA SERVIDOR DA CENTRAL,TECLADO,MOUSE,SOFTWARE , CAPACIDADE: VISUALIZAR,SILENCIAR E AJUSTAR LIMITES DE ALARMES , TIPO PROCESSADOR: REGISTRADOR GRÁFICO CONTÍNUO 2 CANAIS TEMPO REAL , CARACTERÍSTICAS ADICIONAIS: LICENÇA GERENCIAMENTO E CONTROLE REMOTO DE ALARMES "|INSTRUMENTOS, EQUIPAMENTOS E SUPRIMENTOS MÉDICOS  E  CIRÚRGICOS|False|entrou
185656-1|1.0|1|profs_saude|EQUIPAMENTOS E ARTIGOS DE USO MEDICO, ODONTOLOGICO , HOSPITALAR E LABORATORIAL|MATERIAIS DE USO TECNICO HOSPITALAR|True|{'MM': {20.0}}|KIT COM TUBO ENDOBRONQUIAL - DE DUPLO LUMEN(TRAQUEAL E BRONQUIAL),DESCARTAVEL,ESTERIL EM OXIDO DE ETILENO,CONFECCIONADO EM PVC,, TRANSPARENTE,PARA PERMITIR A VENTILACAO SELETIVADOS PULMOES. COM 02 BALOES INTERNOS,VALVULAS SELF-, SEALING EXTERNAS ADAPTAVEIS A SERINGA E BALOES PIPILOTOS INDIVIDUAIS CODIFICADAS ATRAVES DE CORES., BALAO TRAQUEAL CONFECCIONADO P/EXERCER BAIXA PRESSAO A TRAQUEIA QUANDO INSUFLADO. PONTA ATRAUMATICA, ACOMPANHA UM GUIA DE INTUBACAO,TRES CATETERES DESUCCAO E UM CONECTOR DE CARLEANS EM FORMA DE Y C/, DOIS ADAPTADORES DUPLOS GIRATORIOS. LADO DIREITO,N.35, COM BALAO BRONQUIAL EM FORMA DE -S-. COM, ORIFICIO LATERAL DE MURPHY RADIOPACO NA PONTA BRONQUIAL P/EVITAR OCLUSAO DA VIA E AUMENTO DA RESIS, TENCIA RESPIRATORIA. COM LINHAS RADIOPACAS NAS PONTAS DOS TUBOS E UMA LINHA RADIOPACA A 2CM DO ORIFI, FICIO DE MURPHY PARA MELHOR VISUALIZACAO DO POSICIONAMENTO DO TUBO., .EMBALAGEM INDIVIDUAL EM INVOLUCRO APROPRIADO., .ACONDICIONAMENTO DE ACORDO COM AS EXIGENCIAS, DO MS., .|TUBO ENDOBRONQUIAL, MODELO: DUPLO LÚMEN S/ GANCHO DE CARINA , TIPO USO: DIREITO , CALIBRE: 35 FR , MATERIAL*: PVC , COMPONENTES: C/ BALÃO TRAQUEAL E ENDOBRONQUIAL , CONECTOR: CONECTORES , ADICIONAL 1: FIO GUIA , ADICIONAL: SONDAS ASPIRAÇÃO , ADICIONAL*: RADIOPACO, GRADUADO , APRESENTAÇÃO: CONJUNTO COMPLETO, EMBALAGEM INDIVIDUAL , ESTERILIDADE*: ESTÉRIL, USO ÚNICO |INSTRUMENTOS, EQUIPAMENTOS E SUPRIMENTOS MÉDICOS  E  CIRÚRGICOS|TUBO ENDOBRONQUIAL, MODELO: DUPLO LÚMEN S/ GANCHO DE CARINA , TIPO USO: DIREITO , CALIBRE: 35 FR , MATERIAL*: PVC , COMPONENTES: C/ BALÃO TRAQUEAL E ENDOBRONQUIAL , CONECTOR: CONECTORES , ADICIONAL 1: FIO GUIA , ADICIONAL: SONDAS ASPIRAÇÃO , ADICIONAL*: RADIOPACO, GRADUADO , APRESENTAÇÃO: CONJUNTO COMPLETO, EMBALAGEM INDIVIDUAL , ESTERILIDADE*: ESTÉRIL, USO ÚNICO |INSTRUMENTOS, EQUIPAMENTOS E SUPRIMENTOS MÉDICOS  E  CIRÚRGICOS|True|entrou
335070-3|3.0|2-3|big_data|EQUIPAMENTOS E ARTIGOS DE USO MEDICO, ODONTOLOGICO , HOSPITALAR E LABORATORIAL|CADASTRO PADRONIZADO DE MEDICAMENTOS|False||AGUA PARA INJECAO - FORMA FARMACEUTICA SOLUCAO,FORMA DE APRESENTACAO BOLSA OU FRASCO ISENTO DE PVC COM ABERTURA TWIST-OFF (SISTEMA FECHADO),USO EXTERNO|GLICOSE, CONCENTRAÇÃO: 10% , INDICAÇÃO: SOLUÇÃO INJETÁVEL , CARACTERÍSTICAS ADICIONAIS: SISTEMA FECHADO |DROGAS E MEDICAMENTOS|ÁGUA DESTILADA, ASPECTO FÍSICO: ESTÉRIL E APIROGÊNICA , TIPO EMBALAGEM: EM SISTEMA FECHADO |"SUBSTÂNCIAS PARA DIAGNÓSTICO ""IN VITRO"",  REAGENTES,  CONJUNTOS E JOGOS PARA TESTE"|False|entrou
503940-1|3.0|2-3|big_data|EQUIPAMENTOS E ARTIGOS DE USO MEDICO, ODONTOLOGICO , HOSPITALAR E LABORATORIAL|INSTRUMENTAIS DE USO MEDICO, CIRURGICO OU HOSPITALAR|True|{'MM': {360.0, 3.0, 5.0}}|PINCA - PORTA AGULHA, EM ACO INOX CIRURGICO,CURVO, COM VIDEA, BOCA 3,0 MM, EMPUNHADURA LONGITUDINAL, ANGULADA COM CREMALHEIRA,MEDINDO 5,0 MM X 36,00CM (DXC)|PINÇA CIRÚRGICA, MODELO 1: MIXTER , FORMATO PONTA: PONTA ANGULADA 90° , TIPO PONTA: SERRILHADA , ADICIONAL: DELICADA , COMPRIMENTO TOTAL: CERCA DE 16 CM, COMPONENTE: C/ CREMALHEIRA , MATERIAL: AÇO INOXIDÁVEL , ESTERILIDADE: ESTERILIZÁVEL |INSTRUMENTOS, EQUIPAMENTOS E SUPRIMENTOS MÉDICOS  E  CIRÚRGICOS|PINÇA P/ VIDEOCIRURGIA, APLICAÇÃO: APREENSÃO ATRAUMÁTICA , MODELO 2: OVAL FENESTRADA , FORMATO PONTA: CURVA , HASTE: HASTE S/ ISOLAMENTO , DIMENSÃO: CERCA DE 5 MM X 35 CM , COMPONENTE: MANOPLA C/ CREMALHEIRA , ESTERILIDADE: ESTERILIZÁVEL |INSTRUMENTOS, EQUIPAMENTOS E SUPRIMENTOS MÉDICOS  E  CIRÚRGICOS|False|entrou
465065-4|1.0|1|profs_saude|EQUIPAMENTOS E ARTIGOS DE USO MEDICO, ODONTOLOGICO , HOSPITALAR E LABORATORIAL|MATERIAIS DE USO TECNICO HOSPITALAR|True|{'MM': {20.0}}|KIT COM TUBO ENDOBRONQUIAL - DE DUPLO LUMEN (TRAQUEAL E BRONQUIAL), DESCARTAVEL, ESTERIL EM OXIDO DE ETILENO, SEM GANCHO DE CARINA,CONFECCIONADO EM PVC, TRANSPARENTE, PARA PERMITIR A VENTILACAO SELETIVA DOS PULMOES,COM 02 BALOES INTERNOS, VALVULAS SELF-SEALING EXTERNAS ADAPTAVEIS A SERINGA,BALOES PILOTOS INDIVIDUAIS CODIFICADAS ATRAVES DE CORES,BALAO TRAQUEAL CONFECCIONADO PARA EXERCER BAIXA PRESSAO DA TRAQUEIA QUANDO INSUFLADO, PONTA ATRAUMATICA,ACOMPANHA UM GUIA DE INTUBACAO, TRES CATETERES DE SUCCAO E UM CONECTOR DE CARLEANS EM FORMA DE Y COM DOIS ADAPTADORES DUPLOS GIRATORIOS,,,LADO ESQUERDO N° 39,COM BALAO BRONQUIAL EM FORMA DE -S- COM ORIFICIO LATERAL DE MURPHY RADIOPACO NA PONTA BRONQUIAL PARA EVITAR OCLUSAO DA VIA E AUMENTO DA RESISTENCIA RESPIRATORIA,COM LINHAS RADIOPACAS NAS PONTAS DOS TUBOS E UMA LINHA RADIOPACA A 2,0 CM,ORIFICIO DE MURPHY PARA MELHOR VISUALIZACAO DO POSICIONAMENTO DO TUBO,EMBALAGEM INDIVIDUAL EM INVOLUCRO APROPRIADO,ACONDICIONAMENTO DE ACORDO COM AS EXIGENCIAS DO MINISTERIO DA SAUDE|TUBO ENDOBRONQUIAL, MODELO: DUPLO LÚMEN C/ GANCHO DE CARINA , TIPO USO: ESQUERDO , CALIBRE: 39 FR , MATERIAL*: PVC , COMPONENTES: C/ BALÃO TRAQUEAL E ENDOBRONQUIAL , CONECTOR: CONECTORES , ADICIONAL 1: FIO GUIA , ADICIONAL: SONDAS ASPIRAÇÃO , ADICIONAL*: RADIOPACO, GRADUADO , APRESENTAÇÃO: CONJUNTO COMPLETO, EMBALAGEM INDIVIDUAL , ESTERILIDADE*: ESTÉRIL, USO ÚNICO |INSTRUMENTOS, EQUIPAMENTOS E SUPRIMENTOS MÉDICOS  E  CIRÚRGICOS|TUBO ENDOBRONQUIAL, MODELO: DUPLO LÚMEN C/ GANCHO DE CARINA , TIPO USO: ESQUERDO , CALIBRE: 39 FR , MATERIAL*: PVC , COMPONENTES: C/ BALÃO TRAQUEAL E ENDOBRONQUIAL , CONECTOR: CONECTORES , ADICIONAL 1: FIO GUIA , ADICIONAL: SONDAS ASPIRAÇÃO , ADICIONAL*: RADIOPACO, GRADUADO , APRESENTAÇÃO: CONJUNTO COMPLETO, EMBALAGEM INDIVIDUAL , ESTERILIDADE*: ESTÉRIL, USO ÚNICO |INSTRUMENTOS, EQUIPAMENTOS E SUPRIMENTOS MÉDICOS  E  CIRÚRGICOS|True|entrou
581257-7|3.0|2-3|big_data|EQUIPAMENTOS E ARTIGOS DE USO MEDICO, ODONTOLOGICO , HOSPITALAR E LABORATORIAL|MATERIAIS ESPECIFICOS DE DEMANDA JUDICIAL|False||PRODUTOS DE HIGIENE PARA DEMANDA JUDICIAL - DO TIPO LENCO BARREIRA DE PROTECAO,MARCA COLOPLAST|LENCO DE TECIDO, NOME: LENCO DE TECIDO |MEIAS, LUVAS E OUTROS COMPLEMENTOS DO VESTUARIO MASCULINO|ADJUVANTE P/ ESTOMIA, TIPO: PROTETOR DE PELE PERIESTOMIA , MATERIAL: SOLUÇÃO POLIMÉRICA, C/ ÁLCOOL , ASPECTO FÍSICO: LÍQUIDO , TIPO USO: P/ FORMAR PELÍCULA , APRESENTAÇÃO: LENÇO NÃO TECIDO , ESTERILIDADE: USO ÚNICO |INSTRUMENTOS, EQUIPAMENTOS E SUPRIMENTOS MÉDICOS  E  CIRÚRGICOS|False|entrou
375059-0|1.0|1|big_data|EQUIPAMENTOS E ARTIGOS DE USO MEDICO, ODONTOLOGICO , HOSPITALAR E LABORATORIAL|MATERIAIS DE USO TECNICO HOSPITALAR|True|{'MM': {115.0, 100.0}, 'ML': {725.0}}|BOLSA PARA ESTOMA INTESTINAL DRENAVEL - SISTEMA UMA PECA,COMPOSTA DE PVC SILENCIOSO E A PROVA DE ODORES, REVESTIDA DE TECIDO SEM TRAMA COM FIBRAS DE POLIPROPILENO HIDROFOBICO,BASE PLANA DE DUPLA CAMADA ADESIVA COMPOSTA DE OXIDO DE FERRO SINTETICO, CARBOXIMETILCELULOSE SODICA, GOMA GUAR, PECTINA, GELATINA ESTIRENO-ISOPRENOESTIRENO E POLIISOBUTILENO; JANELA INTEGRADA DE 100,00MM E VALVULA DE DRENAGEM EM FORMATO FUNIL ADPATAVEL A DIVERSAS BOLSAS DE CAMA,RECORTAVEL DE 10,00 A 115,00MM; BOLSA COM CAPACIDADE PARA 725,00ML E ADESIVO MICROPOROSO HIPOALERGENICO.|SISTEMA P/ ESTOMIA, APLICAÇÃO: INTESTINAL , TIPO: BOLSA C/ BASE ADESIVA 1 PEÇA , MODELO: DRENÁVEL , TIPO BOLSA: ANTIODOR OPACA , TIPO BASE: ADESIVO MICROPOROSO E RESINA SINTÉTICA , ESTRUTURA: PLANA , TIPO RECORTE BASE ADESIVA: RECORTÁVEL , TIPO USO: ADULTO |INSTRUMENTOS, EQUIPAMENTOS E SUPRIMENTOS MÉDICOS  E  CIRÚRGICOS|SISTEMA P/ ESTOMIA, APLICAÇÃO: INTESTINAL , TIPO: BOLSA C/ BASE ADESIVA 1 PEÇA , MODELO: DRENÁVEL , TIPO BOLSA: ANTIODOR OPACA , TIPO BASE: ADESIVO MICROPOROSO E RESINA SINTÉTICA , ESTRUTURA: PLANA , TIPO RECORTE BASE ADESIVA: RECORTÁVEL , TIPO USO: ADULTO |INSTRUMENTOS, EQUIPAMENTOS E SUPRIMENTOS MÉDICOS  E  CIRÚRGICOS|True|entrou
322003-6|1.0|1|big_data|EQUIPAMENTOS E ARTIGOS DE USO MEDICO, ODONTOLOGICO , HOSPITALAR E LABORATORIAL|KITS/REAGENTES PARA DOSAGENS BIOQUIMICAS|False||REAGENTE PARA DOSAGEM DE PROTEINA TOTAL - ENSAIO COLORIMETRICO-PONTO FINAL,FAIXA DE LEITURA VISIVEL 552/659 NM,METODOLOGIA POR BIURETO,PRONTO PARA USO,EM SORO / PLASMA,ANALISADORES AUTOMATICOS DE QUIMICA CLINICA,MANUAL ATUALIZADO POR INFORMATIVOS,EMBALAGEM DE ACORDO COM A LEGISLACAO VIGENTE,ROTULO CONTENDO NUMERO DE LOTE, PRAZO DE VALIDADE, TEMPERATURA DE ESTOCAGEM E DATA DE FABRICACAO,VALIDADE DO MATERIAL APOS ENTREGA DE NO MINIMO 12 MESES|REAGENTE PARA DIAGNÓSTICO CLÍNICO 5, TIPO: CONJUNTO COMPLETO PARA AUTOMAÇÃO , TIPO DE ANÁLISE: QUANTITATIVO DE CÁLCIO , MÉTODO: COLORIMÉTRICO DE PONTO FINAL , APRESENTAÇÃO: TESTE |"SUBSTÂNCIAS PARA DIAGNÓSTICO ""IN VITRO"",  REAGENTES,  CONJUNTOS E JOGOS PARA TESTE"|REAGENTE PARA DIAGNÓSTICO CLÍNICO 5, TIPO: CONJUNTO COMPLETO PARA AUTOMAÇÃO , TIPO DE ANÁLISE: QUANTITATIVO DE CÁLCIO , MÉTODO: COLORIMÉTRICO DE PONTO FINAL , APRESENTAÇÃO: TESTE |"SUBSTÂNCIAS PARA DIAGNÓSTICO ""IN VITRO"",  REAGENTES,  CONJUNTOS E JOGOS PARA TESTE"|True|entrou
192693-4|1.0|1|big_data|EQUIPAMENTOS E ARTIGOS DE USO MEDICO, ODONTOLOGICO , HOSPITALAR E LABORATORIAL|MATERIAIS DE USO TECNICO HOSPITALAR|True|{'MM': {400.0}}|EQUIPO PARA AFERICAO DE PRESSAO VENOSA CENTRAL - ESTERIL, CONSTITUIDO DE CAMARA GOTEJADORA FLEXIVEL, TUBO CONECTORES INTERLIGADOS POR, INTERMEDIARIOS EM FORMA DE Y NO TERCO SUPERIOR,PINCA ROLETE DE ALTA PRECISAO, FITA COM ESCALA, COM GRADUACAO MINIMA DE 0 A 40 CM DE BAIXO PARACIMA., EMBALAGEM DE PAPEL GRAU CIRURGICO E/OU FILMETERMOPLASTICO QUE PERMITA ABERTURA ASSEPTICA,, CONTENDO DADOS DE IDENTIFICACAO,PROCEDENCIA,LOTE,TIPO DE ESTERILIZACAO,VAL. E REG. NO MS.|EQUIPO ESPECIAL - USO MÉDICO, APLICAçãO: P/ MEDIR PVC - PRESSÃO VENOSA CENTRAL , MATERIAL: PVC TRANSPARENTE , CONECTOR SOLUÇÃO: PONTA PERFURANTE , CÂMARA GOTEJAMENTO: MACROGOTAS, FLEXÍVEL , REGULADOR DE FLUXO MANUAL: PINÇA ROLETE E CLAMP , COMPRIMENTO TOTAL DO TUBO: ATÉ 180 CM, C/ DERIVAÇÃO EM Y , CONECTOR DISTAL: LUER , ADICIONAL: C/ ESCALA GRADUADA EM CM , ESTERILIDADE: ESTÉRIL, USO ÚNICO , TIPO EMBALAGEM: INDIVIDUAL |INSTRUMENTOS, EQUIPAMENTOS E SUPRIMENTOS MÉDICOS  E  CIRÚRGICOS|EQUIPO ESPECIAL - USO MÉDICO, APLICAçãO: P/ MEDIR PVC - PRESSÃO VENOSA CENTRAL , MATERIAL: PVC TRANSPARENTE , CONECTOR SOLUÇÃO: PONTA PERFURANTE , CÂMARA GOTEJAMENTO: MACROGOTAS, FLEXÍVEL , REGULADOR DE FLUXO MANUAL: PINÇA ROLETE E CLAMP , COMPRIMENTO TOTAL DO TUBO: ATÉ 180 CM, C/ DERIVAÇÃO EM Y , CONECTOR DISTAL: LUER , ADICIONAL: C/ ESCALA GRADUADA EM CM , ESTERILIDADE: ESTÉRIL, USO ÚNICO , TIPO EMBALAGEM: INDIVIDUAL |INSTRUMENTOS, EQUIPAMENTOS E SUPRIMENTOS MÉDICOS  E  CIRÚRGICOS|True|entrou
179292-0|1.0|1|profs_saude|EQUIPAMENTOS E ARTIGOS DE USO MEDICO, ODONTOLOGICO , HOSPITALAR E LABORATORIAL|MATERIAIS DE USO TECNICO HOSPITALAR|True|{'MM': {305.0, 50.8, 11.0}}|"CATETER PARA SUBCLAVIA - EM POLIURETANO,PARA VIA CENTRAL,MEDINDO 30,5CM, RADIOPACO, COMPOSTO DE GUIA DE ACO INOXIDAVEL,AGULHA DE CALIBRE 19GX12""MEDINDO 1,1X30,5CM , INFANTIL, ESTERIL,TRIFACEADO E BIANGULADA, COM ORIFIO PARA S UTURA E FECHO DE SEGURANCA"|CATETER CENTRAL, APLICAÇÃO: VENOSO , MATÉRIA PRIMA: POLIURETANO RADIOPACO , VIAS: MONO LÚMEN , LÚMEN: 19 GAU, COMPRIMENTO: CERCA 30 CM, TIPO FIXAÇÃO: FIXAÇÃO SUBCUTÂNEA , CONECTOR: CONECTORES PADRÃO, CLAMP E TAMPA , COMPONENTE: KIT INTRODUTOR COMPLETO , TIPO USO: ESTÉRIL, DESCARTÁVEL, EMBALAGEM INDIVIDUAL |INSTRUMENTOS, EQUIPAMENTOS E SUPRIMENTOS MÉDICOS  E  CIRÚRGICOS|CATETER CENTRAL, APLICAÇÃO: VENOSO , MATÉRIA PRIMA: POLIURETANO RADIOPACO , VIAS: MONO LÚMEN , LÚMEN: 19 GAU, COMPRIMENTO: CERCA 30 CM, TIPO FIXAÇÃO: FIXAÇÃO SUBCUTÂNEA , CONECTOR: CONECTORES PADRÃO, CLAMP E TAMPA , COMPONENTE: KIT INTRODUTOR COMPLETO , TIPO USO: ESTÉRIL, DESCARTÁVEL, EMBALAGEM INDIVIDUAL |INSTRUMENTOS, EQUIPAMENTOS E SUPRIMENTOS MÉDICOS  E  CIRÚRGICOS|True|entrou
155952-4|2.0|2-3|big_data|EQUIPAMENTOS E ARTIGOS DE USO MEDICO, ODONTOLOGICO , HOSPITALAR E LABORATORIAL|MATERIAIS DE USO TECNICO HOSPITALAR|True|{'ML': {31000.0}}|CONJUNTO PARA NEBULIZACAO CONTINUA - COMPOSTO POR COPO PARA MEDICAMENTO, MASCARA E EXTENSAO C/ ROSCA, COMPLETO, PARA ADULTO, ROTULAGEM RESPEITANDO O DECRETO LEI 79094/77 ART.31 L.8078/90 PORT.CONJ.N.1.DE 23/1/96-M-SAUDE|MATERIAL P/ VNI - CPAP / BIPAP, TIPO 1: MÁSCARA FACIAL , MATERIAL*: SILICONE , CARACTERÍSTICA ADICIONAL: FENDA EXALATÓRIA , TAMANHO*: ADULTO M , TIPO CONECTOR: CONECTOR PADRÃO , TIPO FIXAÇÃO: FIXADOR AJUSTÁVEL , APRESENTAÇÃO: CONJUNTO COMPLETO |INSTRUMENTOS, EQUIPAMENTOS E SUPRIMENTOS MÉDICOS  E  CIRÚRGICOS|MATERIAL GASOTERAPIA, MODELO: MACRONEBULIZADOR , SAÍDA: P/ OXIGÊNIO , TIPO MÁSCARA: MÁSCARA EM SILICONE, C/ AJUSTE , TAMANHO: ADULTO , TIPO FRASCO: FRASCO ACRÍLICO GRADUADO, C/ TAMPA , VOLUME: CERCA DE 500 ML, TIPO EXTENSÃO: TRAQUEIA CORRUGADA EM SILICONE C/ CONECTORES , COMPRIMENTO EXTENSÃO: CERCA DE 1,5 M, CARACTERÍSTICA ADICIONAL: CONECTOR METAL C/ROSCA , ESTERILIDADE*: ESTERILIZÁVEL |INSTRUMENTOS, EQUIPAMENTOS E SUPRIMENTOS MÉDICOS  E  CIRÚRGICOS|False|entrou
423751-0|2.0|2-3|big_data|EQUIPAMENTOS E ARTIGOS DE USO MEDICO, ODONTOLOGICO , HOSPITALAR E LABORATORIAL|ORTESES, PROTESES E MATERIAIS AUXILIARES|True|{'MM': {12.0}}|BOTAO PARA CIRURGIA ORTOPEDICA - EM  TITANIO,COM 12,00MM,UTILIZADO PARA RECONSTRUCAO LIGAMENTAR, RETANGULAR SEM CONTROLE DO LOOP PARA USO FEMORAL E TIBIAL|PRÓTESE DE JOELHO, TIPO CIRURGIA: CIRURGIA REVISÃO , COMPONENTE: COMPONENTE HASTE TIBIAL / FEMORAL , MATERIAL: TITÂNIO , TIPO FIXAÇÃO: CIMENTAÇÃO BIOLÓGICA , ESTERILIDADE: ESTÉRIL, USO ÚNICO |INSTRUMENTOS, EQUIPAMENTOS E SUPRIMENTOS MÉDICOS  E  CIRÚRGICOS|PRÓTESE PARA LIGAMENTO, TIPO: PLACA TIPO BOTÃO , FORMATO: RETANGULAR , MATERIAL: TITÂNIO , COMPONENTES ADICIONAIS: C/ FIO DE POLIETILENO E POLIÉSTER TRANÇADO MONTADO , TIPO USO: USO ÚNICO, ESTÉRIL , APRESENTAÇÃO: EMBALAGEM INDIVIDUAL |INSTRUMENTOS, EQUIPAMENTOS E SUPRIMENTOS MÉDICOS  E  CIRÚRGICOS|False|entrou
428224-8|2.0|2-3|big_data|EQUIPAMENTOS E ARTIGOS DE USO MEDICO, ODONTOLOGICO , HOSPITALAR E LABORATORIAL|COMPONENTES PARA EQUIPAMENTOS MEDICO HOSPITALARES|False||MEMBRANA - SISTEMA DE VENTILACAO KT5,PARA KT5. APARELHO DE ANESTESIA DRAGER.|CONECTOR USO MÉDICO, APLICAÇÃO: P/ACESSO VASCULAR , MATERIAL 1: POLÍMERO , MATERIAL 2: C/ MEMBRANA SILICONE , MODELO: SISTEMA FECHADO , COMPONENTE 1: CONEXÃO LUER , COMPONENTE 2: VALVULADO , CARACTERÍSTICA ADICIONAL: P/ USO SEM AGULHA , TIPO USO: ESTÉRIL, USO ÚNICO |INSTRUMENTOS, EQUIPAMENTOS E SUPRIMENTOS MÉDICOS  E  CIRÚRGICOS|PEÇA EQUIPAMENTO MÉDICO, TIPO 1: Diafragma / Membrana , FUNÇÃO: p/ cassete expiratório , COMPATÍVEL: COMPATÍVEL C/ VENTILADOR PULMONAR |INSTRUMENTOS, EQUIPAMENTOS E SUPRIMENTOS MÉDICOS  E  CIRÚRGICOS|False|entrou
611651-5|3.0|2-3|big_data|EQUIPAMENTOS E ARTIGOS DE USO MEDICO, ODONTOLOGICO , HOSPITALAR E LABORATORIAL|MATERIAIS DE USO TECNICO HOSPITALAR|True|{'MM': {2000.0}}|EQUIPO PARA BOMBA DE INFUSAO - PARA SOLUCOES ENTERAIS, MACROGOTAS COM CAMARA DE GOTEJAMENTO FLEXIVEL,CONTROLE DE GOTEJAMENTO POR PINCA ROLETE CORTA FLUXO, COLORACAO DE ACORDO COM A NORMA, TUBO EXTENSOR COMPRIMENTO APROXIMADO 200,00 CM, EM PVC ATOXICO, ESTERIL, TERMINAL DO EQUIPO ADAPTAVEL A SONDAS PARA DIETA EM FORMATO DE CRUZ,EMBALAGEM EM PAPEL GRAU CIRURGICO,.|EQUIPO P/ BOMBA DE INFUSÃO, MATERIAL: PVC TRANSPARENTE , MATERIAL ADICIONAL: SEM SEGMENTO DE SILICONE , CÂMARA GOTEJAMENTO: MACROGOTAS, FLEXÍVEL, C/ FILTRO , REGULADOR DE FLUXO MANUAL: PINÇA ROLETE , COMPRIMENTO TOTAL DO TUBO: ACIMA DE 181 CM , TIPO INJETOR LATERAL: C/ 1 INJETOR, AUTOCICATRIZANTE , CONECTOR SOLUÇÃO: PONTA PERFURANTE , CONECTOR PACIENTE: LUER , COMPATIBILIDADE: C/ EQUIPAMENTO , ESTERILIDADE: ESTÉRIL, USO ÚNICO , TIPO EMBALAGEM: INDIVIDUAL |INSTRUMENTOS, EQUIPAMENTOS E SUPRIMENTOS MÉDICOS  E  CIRÚRGICOS|EQUIPO DE NUTRIÇÃO ENTERAL, MATERIAL: PVC SEM DEHP, C/ COR , TIPO: P/ BOMBA INFUSÃO, SEM SEGMENTO DE SILICONE, 2 VIAS , CÂMARA GOTEJAMENTO: MACROGOTAS, FLEXÍVEL , REGULADOR DE FLUXO MANUAL: PINÇA ROLETE , CONECTOR DIETA: PONTA EM CRUZ , CONECTOR VIA ADICIONAL: PONTA PERFURANTE , CONECTOR PACIENTE: COMPATÍVEL , COMPRIMENTO TOTAL DO TUBO: ACIMA DE 181 CM , ADICIONAL: C/ CLAMP , COMPATIBILIDADE: C/ EQUIPAMENTO , ESTERILIDADE: ESTÉRIL, USO ÚNICO , TIPO EMBALAGEM: INDIVIDUAL |INSTRUMENTOS, EQUIPAMENTOS E SUPRIMENTOS MÉDICOS  E  CIRÚRGICOS|False|entrou
391468-2|2.0|2-3|big_data|EQUIPAMENTOS E ARTIGOS DE USO MEDICO, ODONTOLOGICO , HOSPITALAR E LABORATORIAL|ORTESES, PROTESES E MATERIAIS AUXILIARES|False||STENT VASCULAR - STENT REDIRECIONADOR DE FLUXO,TIPO PIPELINE|ENDOPRÓTESE VASCULAR PERIFÉRICA, TIPO: STENT RECOBERTO , MATERIAL PLATAFORMA: LIGA METÁLICA , DIÂMETRO: CERCA DE 5 X 20 A 120 MM, SISTEMA ENTREGA: AUTO EXPANSÍVEL , ESTERILIDADE: ESTÉRIL |INSTRUMENTOS, EQUIPAMENTOS E SUPRIMENTOS MÉDICOS  E  CIRÚRGICOS|ENDOPRÓTESE VASCULAR PERIFÉRICA, MODELO: INTRACRANIANO, P/ SUSTENTAR COLO ANEURISMA , TIPO: STENT NÃO FARMACOLÓGICO , MATERIAL PLATAFORMA: LIGA METÁLICA , DIÂMETRO: CERCA DE 2 A 3,25 X 10 A 30 MM, SISTEMA ENTREGA: AUTO EXPANSÍVEL , ESTERILIDADE: ESTÉRIL |INSTRUMENTOS, EQUIPAMENTOS E SUPRIMENTOS MÉDICOS  E  CIRÚRGICOS|True|entrou
185252-3|1.0|1|big_data|EQUIPAMENTOS E ARTIGOS DE USO MEDICO, ODONTOLOGICO , HOSPITALAR E LABORATORIAL|MATERIAIS DE USO TECNICO HOSPITALAR|True|{'MM': {102.0, 127.0}}|CURATIVO CIRURGICO - POLIURETANO TRANSPARENTE, RESISTENTE IMPERMEAVEL A AGUA MAS PERMEAVEL AO OXIGENIO COBERTO COM ADESIVO ACRILICO HIPOALERGICO, MEDINDO ( 10,2 X 12,7 )CM APROXIMADAMENTE, INDIVIDUAL, ESTERIL|PELÍCULA PROTETORA, TIPO: ADESIVA , COMPOSIçãO: À BASE DE POLIURETANO (PU) , COMPONENTE 1: C/ SILICONE , DIMENSÃO: CERCA DE 10 X 12,5 CM, ESTERILIDADE: ESTÉRIL |MATERIAIS CIRÚRGICOS PARA CURATIVOS|PELÍCULA PROTETORA, TIPO: ADESIVA , COMPOSIçãO: À BASE DE POLIURETANO (PU) , COMPONENTE 1: C/ SILICONE , DIMENSÃO: CERCA DE 10 X 12,5 CM, ESTERILIDADE: ESTÉRIL |MATERIAIS CIRÚRGICOS PARA CURATIVOS|True|entrou
603796-8|2.0|2-3|big_data|MAQUINAS E EQUIPAMENTOS PARA INDUSTRIAS E USINAS ESPECIALIZADAS|MAQUINAS E EQUIPAMENTOS PARA INDUSTRIAS DE LATICINIOS|True|{'ML': {9600.0}}|TANQUE DE RESFRIAMENTO - ISOTERMICO EM FORMATO CILINDRICO PARA DE LEITE A GRANEL,COM CAPACIDADE PARA 9.600 LITROS,COM MODULOS INTERNOS, REVESTIMENTO EXTERNO COM CHAPA INOX, COM 3 COMPARTIMENTOS DE BOCAS DE VISITAS, SISTEMA DE CARGA E DESCARGA, SISTEMA ICP, CONJUNTO BASE (CHASSI) E PLATAFORMAS DE PROTECAO LATERAL, PASSARELA SUPERIOR E ACESSORIOS|PANELA PRESSÃO, MATERIAL: ALUMÍNIO POLIDO , CAPACIDADE: 10 L, CARACTERÍSTICAS ADICIONAIS: TAMPA COM SISTEMA DE FECHAMENTO EXTERNO |UTENSÍLIOS E FERRAMENTAS MANUAIS DE COZINHA|TANQUE REFRIGERADO, MATERIAL: AÇO , FORMATO: CILÍNDRICO , DIÂMETRO: 40 M, ALTURA: 34 M, VOLUME ÚTIL: 31.000 M3, APLICAÇÃO: AMÔNIA LÍQUIDA , TEMPERATURA: -35 °C|TANQUES DE ARMAZENAGEM|False|entrou
601805-0|2.0|2-3|big_data|ARTIGOS, UTENSILIOS E UTILIDADES DE USO DOMESTICO E PESSOAL|GUARNICOES DE CAMA, MESA E ARTIGOS DE PANO|True|{'MM': {0.0}, 'PCT': {100.0}}|COBERTOR - COMPOSTO DE 100% POLIESTER,MEDINDO SOTEIRO MEDINDO (1,80MX2,00M),TIPO MANTA , LISO  (LAVAVEL COM TOQUE FELPUDO E AVELUDADO),CORES CLARAS|COLCHA CAMA, TIPO: COBERTOR , MATERIAL: 100% POLIÉSTER , MEDIDAS MÍNIMAS (C X L): 1,50 X 2,00 M, COR: COR AZUL INDIGO , CARACTERÍSTICAS ADICIONAIS: LISO; COSTURA REFORCADA |UTENSÍLIOS DOMÉSTICOS|COLCHA CAMA, TIPO: MANTA , MATERIAL: 100% POLIÉSTER , MEDIDAS MÍNIMAS (C X L): 2,20 X 1,80 M, COR: BRANCO , GRAMATURA MÍNIMA: 200 G/M2|UTENSÍLIOS DOMÉSTICOS|True|entrou
525178-8|1.0|1|big_data|EQUIPAMENTOS E MATERIAIS PARA EXPERIENCIA EM LABORATORIO ESCOLAR, RECREACAO E DESPORTO|EQUIPAMENTOS ESPORTIVOS E EDUCATIVOS|True|{'MM': {1000.0, 1.5, 2.5, 10000.0}}|REDE - DE POLIURETANO,NA COR BRANCA,COM FIO DE 1,5MM A 2,5MM, POLIETILENO (TIPO SEDA ),TAMANHO OFICIAL,COM DUAS FAIXAS HORIZONTAIS (SUPERIOR E INFERIOR) E DUAS FAIXAS VERTICAIS (LATERAIS) EM ALGODAO OU LONA, MEDINDO 1,00X10,00M (AXC)|REDE ESPORTE, MATERIAL: FIO SEDA , MATERIAL REFORÇO BORDA: SEDA , COR: VERDE , APLICAÇÃO: VOLEIBOL , CARACTERÍSTICAS ADICIONAIS: COM AJUSTE DE TENSÃO , TAMANHO: OFICIAL |EQUIPAMENTO PARA GINÁSTICA E RECREAÇÃO|REDE ESPORTE, MATERIAL: FIO SEDA , MATERIAL REFORÇO BORDA: SEDA , COR: VERDE , APLICAÇÃO: VOLEIBOL , CARACTERÍSTICAS ADICIONAIS: COM AJUSTE DE TENSÃO , TAMANHO: OFICIAL |EQUIPAMENTO PARA GINÁSTICA E RECREAÇÃO|True|entrou
604988-5|3.0|2-3|big_data|MOBILIARIOS EM GERAL|DEPOSITO, ARMAZENAGEM E ESTOCAGEM - CADASTRO PADRONIZADO|True|{'MM': {600.0}, 'PCT': {5.0}}|ARMARIO - TIPO - ARQUIVO DESLIZANTE DE MODULO COM FACE MOVEL,EM ACO CARBONO,REVESTIMENTO COM PINTURA EPOXI,MEDINDO 1,26MX 0,60M,COM VARIACAO  DE ATE 5%,COM  PORTAS,COM  PRATELEIRAS,SEM GAVETAS,MODULO SOBRE PLATAFORMAS|ARMÁRIO AÇO, ACABAMENTO SUPERFICIAL: PINTURA ELETROSTÁTICA EPÓXI-PÓ , QUANTIDADE PORTAS: 2 UN, QUANTIDADE PRATELEIRAS: 4 UN, ALTURA: 1,85 M, LARGURA: 90 CM, PROFUNDIDADE: 0,45 M, CARACTERÍSTICAS ADICIONAIS: PORTAS COM PUXADOR E FECHADURA, PRATELEIRAS REGULÁ , MATERIAL: CHAPA DE AÇO |ARMÁRIOS E ESTANTES|ARMÁRIO ARQUIVO, REVESTIMENTO: LAMINADO MELAMÍNICO , PRATELEIRAS INTERNAS: 3 , LARGURA: 0,90 M, PROFUNDIDADE: 0,50 M, ALTURA: 1,60 M, PADRÃO ACABAMENTO: TEXTURIZADO , MATERIAL: POST FORMING (FÓRMICA) , MATERIAL BASE: METAL , COR: ARGILA , QUANTIDADE PORTAS: 2 , TIPO PORTA: COM FECHADURA , CARACTERÍSTICAS ADICIONAIS: COM TRINCO TIPO GANGORRA, PUXADORES DE POLIETILENO |ARMÁRIOS E ESTANTES|False|entrou
291371-2|1.0|1|big_data|EQUIPAMENTOS E ARTIGOS DE USO MEDICO, ODONTOLOGICO , HOSPITALAR E LABORATORIAL|ORTESES, PROTESES E MATERIAIS AUXILIARES|True|{'MM': {8.0, 20.0}}|COMPONENTE TIBIAL DE REVISAO - EM POLIETILENO,TAMANHO DE 8,00MM A 20,00MM,APRESENTACAO CONFORME DEC. LEI 8078/90 COMB. COM ART.31.,ROTULAGEM RESPEITANDO O DECRETO LEI 79094/77 PESPEITANDO O DECRETO LEI 79094/97- ART.31 LEI 8078/90 PORT.N1 DE 23.01.96.|PRÓTESE DE JOELHO, COMPONENTE: COMPONENTE TIBIAL SUPERFÍCIE ARTICULAR , MODELO: BICONDILAR , MATERIAL: POLIETILENO , CARACTERÍSTICA FIXAÇÃO: PLATÔ FIXO , TIPO ESTABILIZAÇÃO: CONGRUÊNCIA INTERCONDILAR COM BLOQUEIO , ESTERILIDADE: ESTÉRIL, USO ÚNICO |INSTRUMENTOS, EQUIPAMENTOS E SUPRIMENTOS MÉDICOS  E  CIRÚRGICOS|PRÓTESE DE JOELHO, COMPONENTE: COMPONENTE TIBIAL SUPERFÍCIE ARTICULAR , MODELO: BICONDILAR , MATERIAL: POLIETILENO , CARACTERÍSTICA FIXAÇÃO: PLATÔ FIXO , TIPO ESTABILIZAÇÃO: CONGRUÊNCIA INTERCONDILAR COM BLOQUEIO , ESTERILIDADE: ESTÉRIL, USO ÚNICO |INSTRUMENTOS, EQUIPAMENTOS E SUPRIMENTOS MÉDICOS  E  CIRÚRGICOS|True|entrou
58274-3|1.0|1|big_data|EQUIPAMENTOS E ARTIGOS DE USO MEDICO, ODONTOLOGICO , HOSPITALAR E LABORATORIAL|REAGENTES QUIMICOS E BIOLOGICOS|True|{'G': {25.0}}|REAGENTES QUIMICOS - EOSINA AMARELADA, CATEGORIA P.A., CATEGORIA COLORACAO DE RASPADO DE CELULAS EM CAVIDADES NATURAIS (VAGINA, MUCOSA BUCAL ETC), APRESENTADO EM PO, ASPECTO DA SOLUCAO COLORACAO DE PAPANICOLAU, REAGENTE SOLUVEL EM ALCOOL, ACONDICIONADO EM POTE PLASTICO DE 25 GR, ROTULO COM NUM. DO OTE, VALIDADE, FORMULA, ARMAZENAGEM|CORANTE, TIPO: EOSINA AMARELADA Y , ASPECTO FÍSICO: PÓ , CARACTERÍSTICAS ADICIONAIS: CI 45380 |"SUBSTÂNCIAS PARA DIAGNÓSTICO ""IN VITRO"",  REAGENTES,  CONJUNTOS E JOGOS PARA TESTE"|CORANTE, TIPO: EOSINA AMARELADA Y , ASPECTO FÍSICO: PÓ , CARACTERÍSTICAS ADICIONAIS: CI 45380 |"SUBSTÂNCIAS PARA DIAGNÓSTICO ""IN VITRO"",  REAGENTES,  CONJUNTOS E JOGOS PARA TESTE"|True|entrou
582179-7|1.0|1|big_data|EQUIPAMENTOS E ARTIGOS DE USO MEDICO, ODONTOLOGICO , HOSPITALAR E LABORATORIAL|INSTRUMENTAIS DE USO MEDICO, CIRURGICO OU HOSPITALAR|True|{'MM': {460.0}, 'FR': {7.0}}|PINCA PARA BIOPSIA - PARA CITOSCOPIA,EM ACO INOXIDAVEL  FLEXIVEL,CIRURGICO,  AUTOCLAVAVEL, MEDINCO 7FR COM 460,00MM DE COMPRIMENTO,.|INSTRUMENTAL P/ ENDOSCÓPIO, TIPO: BIÓPSIA , TIPO PONTA: CONCHA , DIMENSÃO: CERCA DE 7 FR X 40 CM , HASTE: HASTE S/ ISOLAMENTO , COMPONENTE 2: MANOPLA , ESTERILIDADE: ESTERILIZÁVEL |INSTRUMENTOS, EQUIPAMENTOS E SUPRIMENTOS MÉDICOS  E  CIRÚRGICOS|INSTRUMENTAL P/ ENDOSCÓPIO, TIPO: BIÓPSIA , TIPO PONTA: CONCHA , DIMENSÃO: CERCA DE 7 FR X 40 CM , HASTE: HASTE S/ ISOLAMENTO , COMPONENTE 2: MANOPLA , ESTERILIDADE: ESTERILIZÁVEL |INSTRUMENTOS, EQUIPAMENTOS E SUPRIMENTOS MÉDICOS  E  CIRÚRGICOS|True|entrou
254555-1|1.0|1|profs_saude|EQUIPAMENTOS E ARTIGOS DE USO MEDICO, ODONTOLOGICO , HOSPITALAR E LABORATORIAL|MATERIAIS DE USO TECNICO HOSPITALAR|True|{'MM': {1200.0}}|EXTENSOR DE SERINGA DESCARTAVEL - COM APROXIMADAMENTE 120 CM DE COMPRIMENTO, CONECTOR TIPO LUER LUCK, ADAPTAVEL  A COMPATIVEL COM  AS BOMBAS DE INFUSAO CEDIDAS PELA EMPRESA VENCEDORA., EMBALAGEM EM PAPEL GRAU CIRURGICO,COM DADOS DE IDENTIFICACAO,PROCEDENCIA,TIPO DE ESTERILIZACAO,PRAZO DE VALIDADE,NUMERO DE LOTE E REGISTRO NO MINISTERIO DA SAUDE.|EXTENSOR INFUSÃO VASCULAR, VIAS: 1 VIA , MATERIAL: POLÍMERO , COMPRIMENTO: CERCA 120 CM, CALIBRE: CERCA 12 FRENCH, TIPO CONEXÃO: LUER LOCK / SLIP , PRESSÃO MÁXIMA: ATÉ CERCA DE 100 PSI, COMPONENTE ADICIONAL: C/ CLAMP , CARACTERíSTICAS ADICIONAIS: FOTOSSENSÍVEL , TIPO USO: ESTÉRIL, USO ÚNICO |INSTRUMENTOS, EQUIPAMENTOS E SUPRIMENTOS MÉDICOS  E  CIRÚRGICOS|EXTENSOR INFUSÃO VASCULAR, VIAS: 1 VIA , MATERIAL: POLÍMERO , COMPRIMENTO: CERCA 120 CM, CALIBRE: CERCA 12 FRENCH, TIPO CONEXÃO: LUER LOCK / SLIP , PRESSÃO MÁXIMA: ATÉ CERCA DE 100 PSI, COMPONENTE ADICIONAL: C/ CLAMP , CARACTERíSTICAS ADICIONAIS: FOTOSSENSÍVEL , TIPO USO: ESTÉRIL, USO ÚNICO |INSTRUMENTOS, EQUIPAMENTOS E SUPRIMENTOS MÉDICOS  E  CIRÚRGICOS|True|entrou
181510-5|1.0|1|big_data|EQUIPAMENTOS E ARTIGOS DE USO MEDICO, ODONTOLOGICO , HOSPITALAR E LABORATORIAL|INSUMOS DE USO ODONTOLOGICO|False||BROCA PARA USO ODONTOLOGICO - PARA ALTA ROTACAO SHOFU, OXIDO DE ALUMINIO, TIPO PERA, PARA ACABAMENTO DE RESINA, NUMERO SEM NUMERACAO, HASTE CURTA, CONFORME AS NORMAS ISO EXISTENTES PARA OS INSTRUMENTOS ROTATIVOS ODONTOLOGICOS, PASSIVEL DE ESTERILIZACAO EM MEIOS FISICO-QUIMICOS, EMBALADA INDIVIDUALMENTE, CONTENDO EXTERNAMENTE MARCA COMERCIAL, NUMERACAO, PROCEDENCIA DE FABRICACAO|BROCA ALTA ROTAÇÃO, MATERIAL: CARBIDE , FORMATO: PÊRA , CARACTERÍSTICA ADICIONAL: CURTA , TIPO HASTE: HASTE REGULAR , TIPO CORTE: CORTE MÉDIO , NUMERAÇÃO AMERICANA 1: REF. 331 |INSTRUMENTOS, EQUIPAMENTOS E SUPRIMENTOS DENTÁRIOS|BROCA ALTA ROTAÇÃO, MATERIAL: CARBIDE , FORMATO: PÊRA , CARACTERÍSTICA ADICIONAL: CURTA , TIPO HASTE: HASTE REGULAR , TIPO CORTE: CORTE MÉDIO , NUMERAÇÃO AMERICANA 1: REF. 331 |INSTRUMENTOS, EQUIPAMENTOS E SUPRIMENTOS DENTÁRIOS|True|entrou
345739-7|2.0|2-3|big_data|EQUIPAMENTOS E ARTIGOS DE USO MEDICO, ODONTOLOGICO , HOSPITALAR E LABORATORIAL|MATERIAIS DE USO TECNICO HOSPITALAR|True|{'MM': {50.0}, 'FR': {5.0}, 'ML': {31000.0}}|PROTESE BILIAR - CONFECCIONADA EM PLASTICO RIGIDO, TIPO AMSTERDAM, ACOMPANHADO DO CONJUNTO APLICADOR, SET INTRODUTOR,DIAMETRO DA PROTESE DE 5FR,  5CM,TOTAL,ESTERIL,USO UNICO, DESCARTAVEL,PARA USO EM VIA BILIAR E PANCREATICA DURANTE CPER,CALIBRE 5FR,RETA,EMBALADO INDIVIDUALMENTE, EM PAPEL GRAU CIRURGICO, DATA DE FAB. E PROCEDENCIA,APRESENTACAO DE ACORDO COM DECRETO LEI 79094/77 COMBINADO COM O ART.31 L.8078/90|ENDOPRÓTESE LUMINAL, TIPO: STENT , TIPO USO: BILIAR , COMPOSIÇÃO: POLÍMERO , SISTEMA DE IMPLANTE: C/ SISTEMA INTRODUTOR , DIMENSÕES: CERCA DE 10 FR X 5 A 15 CM, COMPONENTE I: ANCORADORES EXTERNOS NAS EXTREMIDADES , COMPONENTE II: C/ MARCAS RADIOPACAS , ESTERILIDADE: ESTÉRIL, USO ÚNICO |INSTRUMENTOS, EQUIPAMENTOS E SUPRIMENTOS MÉDICOS  E  CIRÚRGICOS|ENDOPRÓTESE LUMINAL, TIPO: STENT , TIPO USO: PANCREÁTICA , FORMATO: RETO , COMPOSIÇÃO: POLÍMERO , SISTEMA DE IMPLANTE: C/ SISTEMA INTRODUTOR , DIMENSÕES: CERCA DE 5 FR X 2 A 15 CM , COMPONENTE I: ANCORADORES EXTERNOS NAS EXTREMIDADES , COMPONENTE II: C/ MARCAS RADIOPACAS , ESTERILIDADE: ESTÉRIL, USO ÚNICO |INSTRUMENTOS, EQUIPAMENTOS E SUPRIMENTOS MÉDICOS  E  CIRÚRGICOS|True|entrou
26862-3|3.0|2-3|profs_saude|EQUIPAMENTOS E ARTIGOS DE USO MEDICO, ODONTOLOGICO , HOSPITALAR E LABORATORIAL|MATERIAIS DE USO TECNICO HOSPITALAR|True|{'MM': {13.0, 750.0}, 'ML': {31000.0}}|FIO DE SUTURA DE POLIPROPILENO - EM MONOFILAMENTO DE POLIPROPILENO N. 6-0 DE 75 CM. DE, 2 AGULHAS, 3/8 CIRCULO CILINDRICA DE 1,3 CM., AZUL, EM ENVELOPE INDIVIDUAL, EM MATERIAL QUE GARANTA BARREIRA MICROBIANA E COMBINADO COM O ARTIGO 31 DA LEI 8078/90, A APRESENTACAO DO PRODUTO DEVERA OBEDECER A ART.31 L.8078/90 PORT.CONJ.N.1 DE 23/1/96-M.SAUDE|FIO DE SUTURA AGULHADO, MATERIAL FIO: POLIPROPILENO AZUL , MODELO FIO: MONOFILAMENTAR , DIÂMETRO FIO: 3-0 , COMPRIMENTO FIO: CERCA DE 70 CM, TIPO AGULHA: 2 AGULHAS 1/2 CÍRCULO NAS EXTREMIDADES , MODELO AGULHA: CILÍNDRICA , COMPRIMENTO AGULHA: CERCA DE 20 MM, ESTERILIDADE: ESTÉRIL , APRESENTAçãO: EMBALAGEM INDIVIDUAL |INSTRUMENTOS, EQUIPAMENTOS E SUPRIMENTOS MÉDICOS  E  CIRÚRGICOS|FIO DE SUTURA AGULHADO, MATERIAL FIO: POLIPROPILENO AZUL , MODELO FIO: MONOFILAMENTAR , DIÂMETRO FIO: 6-0 , COMPRIMENTO FIO: CERCA DE 70 CM, TIPO AGULHA: 2 AGULHAS 3/8 CÍRCULO NAS EXTREMIDADES , MODELO AGULHA: CILÍNDRICA , COMPRIMENTO AGULHA: CERCA DE 14 MM, ESTERILIDADE: ESTÉRIL , APRESENTAçãO: EMBALAGEM INDIVIDUAL |INSTRUMENTOS, EQUIPAMENTOS E SUPRIMENTOS MÉDICOS  E  CIRÚRGICOS|True|entrou
509873-4|2.0|2-3|big_data|EQUIPAMENTOS E ARTIGOS DE USO MEDICO, ODONTOLOGICO , HOSPITALAR E LABORATORIAL|MATERIAIS DE USO TECNICO HOSPITALAR|True|{'MM': {50000.0, 250.0}}|EMBALAGEM DESCARTAVEL PARA ESTERILIZACAO - MEDINDO 25,00CM X 50,00M,SISTEMA DE BARREIRAS PARA MATERIAIS TERMODESINFECTADOS E DESINFECTADOS,COMPOSTO EM QUATRO CAMADAS DE FILME DE POLIESTER  E POLIPROPILENO DE ALTA RESISTENCIA MECANICA IMPERMEAVEL, LIVRE DE CONTAMINACAO QUIMICA E COM PROCEDIMENTO SIMPLES DE SELAGEM E ABERTURA (SISTEMA EASY OPEN),,,.|EMBALAGEM P/ ESTERILIZAÇÃO, MATERIAL: PAPEL GRAU CIRÚRGICO , COMPOSIÇÃO: C/ FILME POLÍMERO MULTILAMINADO , GRAMATURA / ESPESSURA: CERCA DE 70 G/M2, APRESENTAÇÃO: ENVELOPE , COMPONENTES ADICIONAIS: TERMOSSELANTE , TAMANHO: CERCA DE 10 X 25 CM, COMPONENTES: C/ INDICADOR QUÍMICO , TIPO USO: USO ÚNICO |INSTRUMENTOS, EQUIPAMENTOS E SUPRIMENTOS MÉDICOS  E  CIRÚRGICOS|EMBALAGEM P/ ESTERILIZAÇÃO, MATERIAL: PAPEL GRAU CIRÚRGICO , COMPOSIÇÃO: C/ FILME POLÍMERO MULTILAMINADO , GRAMATURA / ESPESSURA: CERCA DE 60 G/M2, APRESENTAÇÃO: ROLO , COMPONENTES ADICIONAIS: TERMOSSELANTE , TAMANHO: CERCA DE 25 CM, COMPONENTES: C/ INDICADOR QUÍMICO , TIPO USO: USO ÚNICO |INSTRUMENTOS, EQUIPAMENTOS E SUPRIMENTOS MÉDICOS  E  CIRÚRGICOS|True|entrou
515158-9|2.0|2-3|big_data|GENEROS ALIMENTICIOS|ALIMENTOS DIETETICOS E PARA DIETAS ESPECIAIS|False||SUPLEMENTO ALIMENTAR - PARA USO ORAL OU ENTERAL, LIQUIDO, 1,25 KCAL/ML, PARA DISTURBIOS DO PROCESSO DE CICATRIZACAO, HIPERPROTEICO,ACRESCIDO COM ARGININA, NORMOGLICIDICO, NORMOLIPIDICO, ALTO TEOR DE VITAMINAS A, C E E, COM SELENIO E ZINCO, ISENTO DE GLUTEN,ACONDICIONADO EM EMBALAGEM APROPRIADA|DIETA ENTERAL, ASPECTO FÍSICO: LÍQUIDO , USO: ENTERAL OU ORAL , CARACTERÍSTICAS: HIPERCALÓRICA,HIPERPROTEICA , FONTE DE PROTEÍNA: CASEINATO E/OU PTN SOJA E/OU SORO LEITE , FONTE DE CARBOIDRATO: MALTODEXTRINA E/OU AMIDO E/OU XAROPE DE GLICOSE , FONTE DE LIPÍDIOS: ÓLEOS VEGETAIS E/OU LEC.SOJA , COMPONENTES ADICIONAIS: AA'S,VIT.,MINERAIS,FIBRAS , CARACTERÍSTICAS ADICIONAIS: ISENTO DE GLÚTEN , SABOR: C/SABOR |ALIMENTOS ESPECIAIS DIETÉTICOS E PREPARADOS ALIMENTÍCIOS|DIETA ENTERAL, ASPECTO FÍSICO: LÍQUIDO , USO: ENTERAL OU ORAL , CARACTERÍSTICAS: HIPERCALÓRICA,HIPERPROTEICA , FONTE DE PROTEÍNA: CONC. SR.E/OU ISOL.SOJA E/OU ISOL.LTE E/OU CASEI. , FONTE DE CARBOIDRATO: XAROPE MILHO E/OU SACAROSE E/OU MALTODEXTRINA , FONTE DE LIPÍDIOS: ÓLEOS VEGETAIS E/OU LEC.SOJA , COMPONENTES ADICIONAIS: VIT.,MIN. E FIBRAS , CARACTERÍSTICAS ADICIONAIS: ISENTO DE GLÚTEN , SABOR: C/ OU S/ SABOR |ALIMENTOS ESPECIAIS DIETÉTICOS E PREPARADOS ALIMENTÍCIOS|True|entrou
493083-5|2.0|2-3|big_data|RECIPIENTES E MATERIAIS PARA ACONDICIONAMENTO E EMBALAGEM|SACOS,BOLSAS E SACOLAS|True|{'MM': {400.0, 250.0}}|SACO - PARA EMBALAGEM,EM POLIETILENO,.,MEDINDO APROXIMADAMENTE 25,00X40,00CM,ESPESSURA DE 0,20 MICRAS,SEM LACRE,NA COR TRANSPARENTE|SACO, MATERIAL: PLÁSTICO , TIPO USO: GERAL , COR: TRANSPARENTE , APLICAÇÃO: ACONDICIONAMENTO , ALTURA: 35 CM, LARGURA: 25 CM, ESPESSURA: 0,06 CM|SACOS E BOLSAS|SACO, MATERIAL: PLÁSTICO TRANSPARENTE , CAPACIDADE: 25 L, APLICAÇÃO: TRANSPORTE DE DOCUMENTOS , CARACTERÍSTICAS ADICIONAIS: LISO , ALTURA: 40 CM, LARGURA: 25 CM, ESPESSURA: 3 MM|SACOS E BOLSAS|True|entrou
606660-7|1.0|1|big_data|INSTRUMENTOS E EQUIPAMENTOS DE CONTROLE E MEDICAO E GASES COMPRIMIDOS E LIQUEFEITOS|MATERIAIS, PECAS E ACESSORIOS PARA REPOSICAO OU MANUTENCAO DE INSTRUMENTOS E EQUIPAMENTOS DE CONTROLE E MEDICAO|True|{'PCT': {0.0, 1.8, 90.0, 100.0}}|PECA DE REPOSICAO EQUIPAMENTOS DE MEDICAO - SENSOR INTEGRADO DE TEMPERATURA E UMIDADE RELATIVA DO AR,PARA PLATAFORMA DE COLETA DE DADOS PLUVIOMETRICO,TEMPERATURA 40°C A 80°C, UMIDADE 0 A 100% UMIDADE R,ELATIVA RESOLUCAO 0,01°C, UMIDADE 0,01 % UR. INCERTEZA MAXIMA A 25°C: 0,1°C E 1,8%, 10 A 90% DE UMIDADE RELATIVA +/- 0,5 HPA|TERMOHIGRÔMETRO, TIPO: DIGITAL , FAIXA TEMPERATURA: -50  A 70 °C, FAIXA MEDIÇÃO HUMIDADE RELATIVA: 20 A 90 PER, RESOLUÇÃO: 1% °C, APLICAÇÃO: MONITORAMENTO TEMPERATURA E HUMIDADE , CARACTERÍSTICAS ADICIONAIS: COM CABO EXTENSOR E PARTE ADESIVA PARA FIXAÇÃO |INSTRUMENTOS PARA MEDIÇÃO E CONTROLE DE PRESSÃO,TEMPERATURA E UMIDADE|TERMOHIGRÔMETRO, TIPO: DIGITAL , FAIXA TEMPERATURA: -50  A 70 °C, FAIXA MEDIÇÃO HUMIDADE RELATIVA: 20 A 90 PER, RESOLUÇÃO: 1% °C, APLICAÇÃO: MONITORAMENTO TEMPERATURA E HUMIDADE , CARACTERÍSTICAS ADICIONAIS: COM CABO EXTENSOR E PARTE ADESIVA PARA FIXAÇÃO |INSTRUMENTOS PARA MEDIÇÃO E CONTROLE DE PRESSÃO,TEMPERATURA E UMIDADE|True|entrou
569199-0|1.0|1|big_data|EQUIPAMENTOS E ARTIGOS DE USO MEDICO, ODONTOLOGICO , HOSPITALAR E LABORATORIAL|PRODUTOS E INSUMOS PARA DIETAS ESPECIAIS|False||ALIMENTO PARA DIETA ENTERAL OU ORAL - FORMULA INFANTIL A BASE DE PROTEINAS DO SORO DO LEITE EXTENSAMENTE HIDROLISADAS,COM TRIGLICERIDEOS DE CADEIA MEDIA, DHA, ARA, NUCLEOTIDEOS,ISENTO DE LACTOSE, SACAROSE E GLUTEN.,EM PO,EM EMBALAGEM APROPRIADA|DIETA ENTERAL, INDICAÇÃO: MÓDULO DE LIPÍDIOS , ASPECTO FÍSICO: LÍQUIDO , USO: ENTERAL OU ORAL , FONTE DE LIPÍDIOS: TRIGLICERÍDEOS DE CADEIA MÉDIA (TCM) , CARACTERÍSTICAS ADICIONAIS: ISENTO GLÚTEN,LACT.,SACAROSE , SABOR: C/ OU S/ SABOR |ALIMENTOS ESPECIAIS DIETÉTICOS E PREPARADOS ALIMENTÍCIOS|DIETA ENTERAL, INDICAÇÃO: MÓDULO DE LIPÍDIOS , ASPECTO FÍSICO: LÍQUIDO , USO: ENTERAL OU ORAL , FONTE DE LIPÍDIOS: TRIGLICERÍDEOS DE CADEIA MÉDIA (TCM) , CARACTERÍSTICAS ADICIONAIS: ISENTO GLÚTEN,LACT.,SACAROSE , SABOR: C/ OU S/ SABOR |ALIMENTOS ESPECIAIS DIETÉTICOS E PREPARADOS ALIMENTÍCIOS|True|entrou
359246-4|1.0|1|profs_saude|EQUIPAMENTOS E ARTIGOS DE USO MEDICO, ODONTOLOGICO , HOSPITALAR E LABORATORIAL|MATERIAIS DE USO TECNICO HOSPITALAR|True|{'MM': {230.0}}|CONECTOR VALVULADO PARA SISTEMA DE INFUSAO VENOSA FECHADO - PARA TOMOGRAFIA E RESSONANCIA, DESCARTAVEL,COM DUPLA VALVULA DE SEGURANCA, ANTI-REFLUXO QUE IMPEDE A CONTAMINACAO POR FLUXO REVERSO,ESTERIL,EM PVC,USADO COMO LINHA DO PACIENTE E INDICADO PARA CONDUCAO DE MEIOS DE CONTRASTE RADIOLOGICOS ATRAVES DE BOMBA INJETORA DE BAIXA PRESSAO,APROXIMADAMENTE 23,00 CM DE COMPRIMENTO, COMPATIVEL COM SISTEMA MULTIPACIENTE,UNIVERSAL|EXTENSOR INFUSÃO VASCULAR, TIPO: P/ BOMBA INJETORA CONTRASTE , VIAS: 1 VIA , MATERIAL: POLÍMERO , COMPRIMENTO: CERCA 25 CM, TIPO CONEXÃO: LUER LOCK / SLIP , PRESSÃO MÁXIMA: ATÉ CERCA DE 300 PSI, CARACTERíSTICAS ADICIONAIS: C/ VÁLVULA ANTIRREFLUXO , TIPO USO: ESTÉRIL, USO ÚNICO |INSTRUMENTOS, EQUIPAMENTOS E SUPRIMENTOS MÉDICOS  E  CIRÚRGICOS|EXTENSOR INFUSÃO VASCULAR, TIPO: P/ BOMBA INJETORA CONTRASTE , VIAS: 1 VIA , MATERIAL: POLÍMERO , COMPRIMENTO: CERCA 25 CM, TIPO CONEXÃO: LUER LOCK / SLIP , PRESSÃO MÁXIMA: ATÉ CERCA DE 300 PSI, CARACTERíSTICAS ADICIONAIS: C/ VÁLVULA ANTIRREFLUXO , TIPO USO: ESTÉRIL, USO ÚNICO |INSTRUMENTOS, EQUIPAMENTOS E SUPRIMENTOS MÉDICOS  E  CIRÚRGICOS|True|entrou
612070-9|1.0|1|big_data|ARTIGOS DE HIGIENE|PRODUTOS PARA HIGIENE PESSOAL|False||LOCAO - LOCAO PRE DEPILATORIA, PARA ALIVIO A IRRITACAO DA PELE|LOÇÃO HIDRATANTE, COMPOSIÇÃO*: C/ ÓLEO DE SEMENTE DE UVA E VITAMINAS , CARACTERÍSTICA ADICIONAL: FORMULAÇÃO ESPECIALMENTE MANIPULADA |COSMÉTICOS E ARTIGOS DE TOUCADOR DE NATUREZA MEDICINAL|LOÇÃO HIDRATANTE, COMPOSIÇÃO*: C/ ÓLEO DE SEMENTE DE UVA E VITAMINAS , CARACTERÍSTICA ADICIONAL: FORMULAÇÃO ESPECIALMENTE MANIPULADA |COSMÉTICOS E ARTIGOS DE TOUCADOR DE NATUREZA MEDICINAL|True|entrou
256051-8|2.0|2-3|big_data|EQUIPAMENTOS E ARTIGOS DE USO MEDICO, ODONTOLOGICO , HOSPITALAR E LABORATORIAL|EQUIPAMENTOS MEDICO HOSPITALARES|False||LARINGOSCOPIO - PEDIATRICO - COM LAMINAS CURVAS CABO PEQUENO EM METAL RECARTILHADO COM TAMPA DE ROSCA E MOLA EM ACO INOXIDAVEL PARA PILHAS MEDIAS,04 LAMINAS DE ACO INOXIDAVEL EM PECA UNICA, COM EXTREMIDADE DISTAL DE FORMATO REDONDO, ACABAMENTO FOSCO, PARA IMPEDIR REFLEXAO DA LUZ. COM 04 (QUATRO) LAMINAS CURVAS Nº  0,1,2,3,ENCAIXE PARA LAMINA PADRAO INTERNACIONAL;CONTATOS COM MATERIAL ANTIOXIDANTE; LAMPADA ESPECIAL DE ALTA LUMINOSIDADE; PINO DE ACO SUBSTITUIVEL;,ACONDICIONAMENTO EM BOLSA DE COURVIN, FECHADA COM ZIPER; ACOMPANHAM 01 LAMPADA SOBRESSALENTE GUIA PARA INTUBACAO TODOS ACESSORIOS NECESSARIOS AO COMPLETO FUNCIONAMENTO DO EQUIPAMENTO,GARANTIA MINIMA DE 01 (UM) ANO PARA PECAS E SERVICOS MANUAL DE OPERACAO. ASSISTENCIA TECNICA NO ESTADO DE PERNAMBUCO,PARA EFEITOS DE ANALISE E PARECER TECNICO DEVE ACOMPANHAR A PROPOSTA CATALOGO OU FOLDER EM PORTUGUES COM INFORMACOES QUE PERMITAM IDENTIFICAR AS CARACTERISTICAS TECNICAS DO PRODUTO OFERTADO,NOME E ENDERECO DO RESPONSAVEL PELA ASSISTENCIA TECNICA AUTORIZADA PELO FABRICANTE NO ESTADO DE PERNAMBUCO;,REGISTRO NO MINISTERIO DA SAUDE.|LARINGOSCÓPIO, TIPO LÂMPADA: DE FIBRA ÓTICA , COMPONENTES: C/ 3 LÂMINAS , COMPONENTES ADICIONAIS: C/CABO , MATERIAL 2: EM AÇO INOXIDÁVEL , TAMANHO CABO: ADULTO |INSTRUMENTOS, EQUIPAMENTOS E SUPRIMENTOS MÉDICOS  E  CIRÚRGICOS|LARINGOSCÓPIO, TIPO LÂMPADA: HALÓGENA , COMPONENTES: C/ 6 LÂMINAS , COMPONENTES ADICIONAIS: C/CABO , MATERIAL 2: EM AÇO INOXIDÁVEL , TAMANHO CABO: INFANTIL |INSTRUMENTOS, EQUIPAMENTOS E SUPRIMENTOS MÉDICOS  E  CIRÚRGICOS|True|entrou
191785-4|1.0|1|big_data|EQUIPAMENTOS E ARTIGOS DE USO MEDICO, ODONTOLOGICO , HOSPITALAR E LABORATORIAL|MATERIAIS DE USO TECNICO HOSPITALAR|True|{'MM': {2000.0, 150.0}}|ATADURA DE BORRACHA FAIXA SMARCH - MEDINDO 15 CM X 2 M, CONFECCIONADAEM BORRACHA NA COR ROSA, APRESENTANDO AS, BORDAS DEVIDAMENTE ACABADAS, EMBALAGEM INDIVIDUAL CONTENDO DADOS DEIDENTIFICACAO, TIPO DE ESTERILIZACAO,, PROCEDENCIA , LOTE, VALIDADE E REGISTRO NOMINISTERIO DA SAUDE.|FAIXA DE ESMARCH, MATERIAL: LÁTEX NATURAL , LARGURA: 15 CM, ESTERILIDADE: ESTÉRIL |INSTRUMENTOS, EQUIPAMENTOS E SUPRIMENTOS MÉDICOS  E  CIRÚRGICOS|FAIXA DE ESMARCH, MATERIAL: LÁTEX NATURAL , LARGURA: 15 CM, ESTERILIDADE: ESTÉRIL |INSTRUMENTOS, EQUIPAMENTOS E SUPRIMENTOS MÉDICOS  E  CIRÚRGICOS|True|entrou
5043-1|1.0|1|big_data|EQUIPAMENTOS E ARTIGOS DE USO MEDICO, ODONTOLOGICO , HOSPITALAR E LABORATORIAL|INSTRUMENTAIS DE USO ODONTOLOGICO|False||PERFURADOR PARA DIQUE DE BORRACHA - CABO CONTENDO INSCRICAO DO NUMERO E MARCA OU FABRICANTE, EXTREMIDADE DE SUPERFICIE IRREGULAR, COM RUGOSIDADES/SIMILAR, ENCAIXES PERFEITOS E ALINHADOS, CONFECCIONADO EM ACO INOX COM ACABAMENTO E POLIMENTO PERFEITOS, PASSIVEL DE ESTERILIZACAO EM MEIOS FISICO-QUIMICOS, EMBALADO INDIVIDUALMENTE, CONSTANDO EXTERNAMENTE MARCA COMERCIAL, PROCEDENCIA DE FABRICACAO|MATERIAL P/ ISOLAMENTO DENTAL, DIQUE DE BORRACHA, MATERIAL: AÇO INOXIDÁVEL , TIPO: INSTRUMENTAL, PERFURADOR DE AINSWORTH |INSTRUMENTOS, EQUIPAMENTOS E SUPRIMENTOS DENTÁRIOS|MATERIAL P/ ISOLAMENTO DENTAL, DIQUE DE BORRACHA, MATERIAL: AÇO INOXIDÁVEL , TIPO: INSTRUMENTAL, PERFURADOR DE AINSWORTH |INSTRUMENTOS, EQUIPAMENTOS E SUPRIMENTOS DENTÁRIOS|True|entrou
3731-1|1.0|1|big_data|GENEROS ALIMENTICIOS|FRUTAS,VERDURAS E LEGUMES IN-NATURA|True|{'MM': {600.0, 450.0, 360.0}}|ACELGA - FRESCA, DE PRIMEIRA, TAMANHO E COLORACAO UNIFORMES, DEVENDO SER BEM DESENVOLVIDA, FIRME E INTACTA, ISENTA DE ENFERMIDADES, MATERIAL TERROSO E UMIDADE EXTERNA ANORMAL, LIVRE DE RESIDUOS DE FERTILIZANTES SUJIDADES,PARASITAS E LARVAS, SEM DANOS FISICOS E MECANICOS ORIUNDOS DO MANUSEIO E TRANSPORTE, ACONDICIONADA EM ENGRADADO DE MADEIRA(600X450X360)MM, PESANDO APROXIMADAMENTE 12KGS|VERDURA IN NATURA, TIPO: ACELGA |FRUTAS, VERDURAS E LEGUMES|VERDURA IN NATURA, TIPO: ACELGA |FRUTAS, VERDURAS E LEGUMES|True|entrou
30326-7|1.0|1|big_data|ARTIGOS DE HIGIENE|UTENSILIOS PARA HIGIENE PESSOAL|False||CORTADOR DE UNHA - ACO INOX, GRANDE, CONVENCIONAL, COM HASTE DE LIXA, EM EMBALAGEM APROPRIADA|ARTIGO DE MANICURE, MATERIAL: AÇO , TIPO: CORTADOR DE UNHA , CARACTERíSTICAS ADICIONAIS: LAMINA CURVA, tamanho 8 cm |ARTIGOS PARA HIGIENE PESSOAL|ARTIGO DE MANICURE, MATERIAL: AÇO , TIPO: CORTADOR DE UNHA , CARACTERíSTICAS ADICIONAIS: LAMINA CURVA, tamanho 8 cm |ARTIGOS PARA HIGIENE PESSOAL|True|entrou
235101-3|1.0|1|big_data|EQUIPAMENTOS E ARTIGOS DE USO MEDICO, ODONTOLOGICO , HOSPITALAR E LABORATORIAL|MATERIAIS DE USO TECNICO HOSPITALAR|True|{'MM': {140.0}, 'FR': {4.0}}|CATETER VENOSO CENTRAL - (PICC) CATETER PUR 4FR DE UMA VIA, INTRAVENOSO INTRODUZIDO POR VIA PERIFERICA PARA ACESSO CENTRAL DE LONGA PERMANENCIA, COMPRIMENTO APROX 14CM,, ACOMPANHA INTRODUTOR, ,,,, EMBALADOS EM KIT'S DE PROCEDIMENTO ESTERIL|CATETER CENTRAL, APLICAÇÃO: VENOSO , TIPO IMPLANTE: INSERÇÃO PERIFÉRICA , MATÉRIA PRIMA: SILICONE RADIOPACO , DIÂMETRO: CERCA 4 FR , VIAS: MONO LÚMEN , COMPRIMENTO: CERCA 55 CM, CONECTOR: CONECTORES PADRÃO, CLAMP E TAMPA , COMPONENTE: KIT INTRODUTOR COMPLETO , TIPO USO: ESTÉRIL, DESCARTÁVEL, EMBALAGEM INDIVIDUAL |INSTRUMENTOS, EQUIPAMENTOS E SUPRIMENTOS MÉDICOS  E  CIRÚRGICOS|CATETER CENTRAL, APLICAÇÃO: VENOSO , TIPO IMPLANTE: INSERÇÃO PERIFÉRICA , MATÉRIA PRIMA: SILICONE RADIOPACO , DIÂMETRO: CERCA 4 FR , VIAS: MONO LÚMEN , COMPRIMENTO: CERCA 55 CM, CONECTOR: CONECTORES PADRÃO, CLAMP E TAMPA , COMPONENTE: KIT INTRODUTOR COMPLETO , TIPO USO: ESTÉRIL, DESCARTÁVEL, EMBALAGEM INDIVIDUAL |INSTRUMENTOS, EQUIPAMENTOS E SUPRIMENTOS MÉDICOS  E  CIRÚRGICOS|True|entrou
524075-1|2.0|2-3|big_data|EQUIPAMENTOS E ARTIGOS DE USO MEDICO, ODONTOLOGICO , HOSPITALAR E LABORATORIAL|INSTRUMENTAIS DE USO MEDICO, CIRURGICO OU HOSPITALAR|True|{'MM': {0.9, 1450.0, 60.0, 150.0}}|"FIO GUIA - EM TEFLON, TIPO BENTSON, COM EXTREMIDADE FLEXIVEL DE 6,0 CM, PONTA RETA,PONTA CONICA COMPRIMENTO 15,00 CM,DIAMETRO 0,035"" X COMPRIMENTO 145,00 CM,EMBALAGEM APROPRIADA"|"FIO GUIA, APLICAÇÃO: VASCULAR , MATERIAL: AÇO INOXIDÁVEL , REVESTIMENTO: HIDROFÍLICO , DIÂMETRO: 0,035"" , COMPRIMENTO: CERCA DE 180 CM, TIPO PONTA: PONTA RETA , CARACTERÍSTICAS ADICIONAIS: RADIOPACO , ESTERILIDADE: ESTÉRIL "|INSTRUMENTOS, EQUIPAMENTOS E SUPRIMENTOS MÉDICOS  E  CIRÚRGICOS|"FIO GUIA, APLICAÇÃO: NÃO VASCULAR , MATERIAL: NITINOL , REVESTIMENTO: POLITETRAFLUORETILENO - PTFE , DIÂMETRO: 0,035"" , COMPRIMENTO: CERCA DE 145 CM, TIPO PONTA: PONTA EM ""J"" , CARACTERÍSTICAS ADICIONAIS: RADIOPACO , ESTERILIDADE: ESTÉRIL, DESCARTÁVEL "|INSTRUMENTOS, EQUIPAMENTOS E SUPRIMENTOS MÉDICOS  E  CIRÚRGICOS|True|entrou
603107-2|3.0|2-3|big_data|ARTIGOS DE HIGIENE|UTENSILIOS PARA HIGIENE PESSOAL|True|{'MM': {140.0}}|ESCOVA PARA CABELO - EM PLASTICO,MODELO TRADICIONAL,MEDINDO 14,00CM DE COMPRIMENTO,COM CERDAS EM NYLON.|PENTE DE CABELO, MATERIAL: PLÁSTICO , MODELO: COM CABO , TAMANHO: MÉDIO , TIPO DENTES: LARGOS , DIMENSÕES: 15 CM|ARTIGOS PARA HIGIENE PESSOAL|ESCOVA CABELO, MATERIAL: MADEIRA , MATERIAL CERDAS: Pelo De Javali e Náilon, , MODELO: Parte Frontal não Vazada , DIÂMETRO: 4,5 X 6 X 7 CM, APLICAÇÃO: TODO TIPO DE CABELO , CARACTERÍSTICAS ADICIONAIS: Cabo antiderrapante E ponta Divisor De Mechas |ARTIGOS PARA HIGIENE PESSOAL|False|entrou
256543-9|1.0|1|big_data|EQUIPAMENTOS E ARTIGOS DE USO MEDICO, ODONTOLOGICO , HOSPITALAR E LABORATORIAL|MATERIAIS DE USO TECNICO HOSPITALAR|False||ASPIRADOR DE SECRECAO MANUAL PORTATIL - ASPIRADOR DE MECONIO EM PLASTICO RESISTENTE, QUE POSSIBILITE SER SUBMETIDO A PROCESSOS DE ESTERILIZACAO,PARA SER UTILIZADO COMO ACESSORIO EM OUTRO EQUIPAMENTO PARA REALIZACAO DA ASPIRACAO,USO NAO ELETRICO, REUTILIZAVEL,NEONATAL,RECIPIENTE DE FRASCO DE COLETA,DE ACORDO COM AS NORMAS VIGENTES,DE ACORDO COM AS NORMAS VIGENTES|ASPIRADOR CIRÚRGICO, MODELO: ELÉTRICO PORTÁTIL , PRESSÃO DE VÁCUO: CERCA DE 550 MMHG , FLUXO DE ASPIRAÇÃO: DE 10 A 50 LPM , COMPONENTES: FILTRO BACTERIOLÓGICO |INSTRUMENTOS, EQUIPAMENTOS E SUPRIMENTOS MÉDICOS  E  CIRÚRGICOS|ASPIRADOR CIRÚRGICO, MODELO: ELÉTRICO PORTÁTIL , PRESSÃO DE VÁCUO: CERCA DE 550 MMHG , FLUXO DE ASPIRAÇÃO: DE 10 A 50 LPM , COMPONENTES: FILTRO BACTERIOLÓGICO |INSTRUMENTOS, EQUIPAMENTOS E SUPRIMENTOS MÉDICOS  E  CIRÚRGICOS|True|entrou
74709-2|1.0|1|profs_saude|EQUIPAMENTOS E ARTIGOS DE USO MEDICO, ODONTOLOGICO , HOSPITALAR E LABORATORIAL|MATERIAIS DE USO TECNICO HOSPITALAR|True|{'MM': {100.0, 20.0}, 'G_GAUGE': {14.0}, 'ML': {31000.0}}|AGULHA PARA BIOPSIA - MAMA, COMPOSTA DE CONDUTOR DA AGULHA EXTERNA E AGULHA INTERNA COM GAVETA, AGULHA EXTERNA CONDUTOR GRADUADO E COM FIXADOR DE PLASTICO P/PISTOLA C/TIRO DE 2CM, AGULHA INTERNA COM GAVETA PARA RETIRADA DE MATERIAL, DESCARTAVEL,COMPATIVEL COM PISTOLA COM TIRO DE 2 CM,ESTERIL, CALIBRE/TAMANHO 14G X 10 CM, EMBALADO EM COMBINADO COM O ART 31 DA LEI 8078/90, ART.31 L.8078/90 PORT.CONJ.N.1 DE 23/1/96-M.SAUDE|AGULHA BIÓPSIA, VIA DE ACESSO: PERCUTÂNEA , MODELO: C/ GAVETA P/ AMOSTRA , APLICAçãO: P/ TECIDOS MOLES , DIMENSÃO AGULHA: CERCA DE 14 G X 10 CM , MATERIAL AGULHA: AÇO INOXIDÁVEL , IMAGEM: ECOGÊNICA / RADIOPACA, GRADUADA , COMPONENTE 1: C/ MANDRIL , COMPATIBILIDADE: USO C/ PISTOLA  AUTOMÁTICA , ESTERILIDADE: ESTÉRIL, USO ÚNICO , EMBALAGEM: INDIVIDUAL |INSTRUMENTOS, EQUIPAMENTOS E SUPRIMENTOS MÉDICOS  E  CIRÚRGICOS|AGULHA BIÓPSIA, VIA DE ACESSO: PERCUTÂNEA , MODELO: C/ GAVETA P/ AMOSTRA , APLICAçãO: P/ TECIDOS MOLES , DIMENSÃO AGULHA: CERCA DE 14 G X 10 CM , MATERIAL AGULHA: AÇO INOXIDÁVEL , IMAGEM: ECOGÊNICA / RADIOPACA, GRADUADA , COMPONENTE 1: C/ MANDRIL , COMPATIBILIDADE: USO C/ PISTOLA  AUTOMÁTICA , ESTERILIDADE: ESTÉRIL, USO ÚNICO , EMBALAGEM: INDIVIDUAL |INSTRUMENTOS, EQUIPAMENTOS E SUPRIMENTOS MÉDICOS  E  CIRÚRGICOS|True|entrou
612060-1|1.0|1|big_data|EQUIPAMENTOS E ARTIGOS DE USO MEDICO, ODONTOLOGICO , HOSPITALAR E LABORATORIAL|EQUIPAMENTOS MEDICO HOSPITALARES|True|{'MM': {75.0, 175.0}}|AQUECEDOR - DE CERA ROLL-ON,EM PLASTICO E COMPONENTES ELETRICOS, DIMENSOES 17,5 X 7,5 CM (A X L),PARA AQUECIMENTO RAPIDO DE REFIL ROLL-ON,CONTROLE AUTOMATICO DE TEMPERATURA,BIVOLT,INDICADOR DE LED|AQUECEDOR, TIPO: CHAPA AQUECEDORA , POTÊNCIA: 1000 W, APLICAÇÃO: COZINHA , CARACTERÍSTICAS ADICIONAIS: VIDRO TEMPERADO, 70X60 CM, TEMPERATURA 30 A 200º , VOLTAGEM: 220 V|EQUIPAMENTO DE LATICÍNIOS, AVICULTURA E PECUÁRIA|AQUECEDOR, TIPO: CHAPA AQUECEDORA , POTÊNCIA: 1000 W, APLICAÇÃO: COZINHA , CARACTERÍSTICAS ADICIONAIS: VIDRO TEMPERADO, 70X60 CM, TEMPERATURA 30 A 200º , VOLTAGEM: 220 V|EQUIPAMENTO DE LATICÍNIOS, AVICULTURA E PECUÁRIA|True|entrou
73357-1|3.0|2-3|big_data|EQUIPAMENTOS E ARTIGOS DE USO MEDICO, ODONTOLOGICO , HOSPITALAR E LABORATORIAL|REAGENTES QUIMICOS E BIOLOGICOS|True|{'ML': {1000.0}}|REAGENTES QUIMICOS - LUGOL, CATEGORIA COMERCIAL, CATEGORIA PARA ANALISE LABORATORIAL, APRESENTADO EM LIQUIDO, ACONDICIONADO EM FRASCO COM 01 LITRO, ROTULO COM NR. DO LOTE, DATA DE FABRICACAO/VALIDADE, FORMULA E PROCEDENCIA|SORO, TIPO: ANTI-D , COMPOSIÇÃO: PARA EXPRESSÃO D FRACO , OUTROS COMPONENTES: CATEGORIA D (VI) |"SUBSTÂNCIAS PARA DIAGNÓSTICO ""IN VITRO"",  REAGENTES,  CONJUNTOS E JOGOS PARA TESTE"|CORANTE, TIPO: LUGOL FORTE , CARACTERÍSTICAS ADICIONAIS: SOLUÇÃO A 2% |"SUBSTÂNCIAS PARA DIAGNÓSTICO ""IN VITRO"",  REAGENTES,  CONJUNTOS E JOGOS PARA TESTE"|False|entrou
161407-0|1.0|1|big_data|EQUIPAMENTOS E ARTIGOS DE USO MEDICO, ODONTOLOGICO , HOSPITALAR E LABORATORIAL|COMPONENTES PARA EQUIPAMENTOS MEDICO HOSPITALARES|False||OLIVA PARA ESTETOSCOPIO - FABRICADA EM BORRACHA LATEX PRETA, MODELO UNIVERSAL, 01 PAR.|OLIVA USO MÉDICO, MATERIAL: SILICONE , APLICAÇÃO: COMPATÍVEL C/ ESTETOSCÓPIO |INSTRUMENTOS, EQUIPAMENTOS E SUPRIMENTOS MÉDICOS  E  CIRÚRGICOS|OLIVA USO MÉDICO, MATERIAL: SILICONE , APLICAÇÃO: COMPATÍVEL C/ ESTETOSCÓPIO |INSTRUMENTOS, EQUIPAMENTOS E SUPRIMENTOS MÉDICOS  E  CIRÚRGICOS|True|entrou
563105-0|2.0|2-3|big_data|EQUIPAMENTOS E ARTIGOS DE USO MEDICO, ODONTOLOGICO , HOSPITALAR E LABORATORIAL|PRODUTOS E INSUMOS PARA DIETAS ESPECIAIS|False||FORMULA MODIFICADA PARA NUTRICAO ENTERAL - NORMOPROTEICA,QUANTITATIVOS DE MINERAIS ADEQUADOS PARA PACIENTES RENAIS,COM BAIXO TEOR DE SODIO E POTASSIO,ISENTA DE SACAROSE,DENSIDADE CALORICA  A PARTIR DE 2.0 KCAL/ML,APRESENTACAO LIQUIDA,EMBALAGEM ADEQUADA AO PRODUTO|DIETA ENTERAL, ASPECTO FÍSICO: PÓ , USO: ENTERAL OU ORAL , CARACTERÍSTICAS: NORMOCALÓRICA,NORMOPROTEÍCA , FONTE DE PROTEÍNA: SORO LEITE HIDROLISADA , FONTE DE CARBOIDRATO: MALTODEXTRINA, SACAROSE E/OU AMIDO , FONTE DE LIPÍDIOS: ÓLEOS VEGETAIS E/OU TCM , COMPONENTES ADICIONAIS: VITAMINAS E MINERAIS , CARACTERÍSTICAS ADICIONAIS: ISENTA LACTOSE E GLÚTEN , SABOR: C/SABOR |ALIMENTOS ESPECIAIS DIETÉTICOS E PREPARADOS ALIMENTÍCIOS|DIETA ENTERAL, ASPECTO FÍSICO: LÍQUIDO , USO: ENTERAL OU ORAL , CARACTERÍSTICAS: HIPERCALÓRICA,NORMOPROTEICA , FONTE DE PROTEÍNA: CASEIN.E/OU PTN ISOL.SOJA E/OU SOJA E/OU SR LEITE , FONTE DE CARBOIDRATO: MALTO. E/OU XAROPE MILHO E/OU XAROPE GLICOSE , FONTE DE LIPÍDIOS: ÓLEOS VEGETAIS E/OU TCM , COMPONENTES ADICIONAIS: VIT.,MIN. E FIBRAS , CARACTERÍSTICAS ADICIONAIS: ISENTO GLÚTEN,LACT.,SACAROSE , SABOR: C/ OU S/ SABOR |ALIMENTOS ESPECIAIS DIETÉTICOS E PREPARADOS ALIMENTÍCIOS|True|entrou
232949-2|2.0|2-3|big_data|PINCEIS, TINTAS, VEDANTES E ADESIVOS|ADESIVOS|True|{'G': {2800.0}}|COLA P/ MADEIRA - NORCOLA, NA COR INCOLOR, PARA SER APLICADA EM MADEIRA, DO TIPO LIQUIDA, APLICACAO POR APLICADA COM PALHETA, EMBALAGEM EMBALADA EM LATA DE ( 2,8 KG )|COLA, COMPOSIÇÃO: SILICONE , COR: INCOLOR , CARACTERÍSTICAS ADICIONAIS: Frasco 100ML , TIPO: LÍQUIDO |ADESIVOS|COLA, COMPOSIÇÃO: BASE ÁGUA , COR: BRANCA , APLICAÇÃO: PAPEL, COURO E TECIDO , CARACTERÍSTICAS ADICIONAIS: LAVÁVEL E ATÓXICA , TIPO: LÍQUIDO , APRESENTAÇÃO: EMBALAGEM 100 G |ADESIVOS|True|entrou
235396-2|2.0|2-3|big_data|EQUIPAMENTOS E ARTIGOS DE USO MEDICO, ODONTOLOGICO , HOSPITALAR E LABORATORIAL|MATERIAIS DE USO TECNICO HOSPITALAR|False||ADAPTADOR INTERMEDIARIO DE EQUIPOS - EM PVC, PARA TRANSFERENCIA DE SOLUCOES PARENTERAIS, COMPOSTO POR DUAS TAMPAS E UM CONECTOR, UMA PONTA PERFURANTE RESISTENTE, COM MEATO INTERNO COMPONDO O CANAL DE LIQUIDO, PEGA ERGOMETRICA PARA MANIPULACAO, COMPATIVEL COM SOLUCOES DE SISTEMA FECHADO, A APRESENTACAO DO PRODUTO DEVERA OBEDECER A EMBALAGEM BLISTER INDIVIDUAL, ESTERILIZADO POR OXIDO DE ETILENO, USO UNICO|ADAPTADOR USO MÉDICO, APLICAÇÃO: P/ TRANSFERÊNCIA / IRRIGAÇÃO DE SOLUÇÕES , TIPO 2: DUPLA PONTA PERFURANTE , MATERIAL: POLÍMERO , COMPONENTE 1: C/ TAMPAS , TIPO USO: ESTÉRIL |INSTRUMENTOS, EQUIPAMENTOS E SUPRIMENTOS MÉDICOS  E  CIRÚRGICOS|ADAPTADOR USO MÉDICO, APLICAÇÃO: P/ RECIPIENTE NUTRIÇÃO ENTERAL , TIPO 1: USO C/ EQUIPO UNIVERSAL , TIPO 2: PONTA PERFURANTE EM CRUZ , MATERIAL: POLÍMERO , COMPONENTE ADICIONAL: C/ EXTENSOR , DIMENSÃO: CERCA DE 10 CM , TIPO USO: USO ÚNICO |INSTRUMENTOS, EQUIPAMENTOS E SUPRIMENTOS MÉDICOS  E  CIRÚRGICOS|True|entrou
291372-0|2.0|2-3|big_data|EQUIPAMENTOS E ARTIGOS DE USO MEDICO, ODONTOLOGICO , HOSPITALAR E LABORATORIAL|ORTESES, PROTESES E MATERIAIS AUXILIARES|True|{'MM': {8.0, 20.0}}|COMPONENTE TIBIAL DE REVISAO - EM ACO AISI 400, METALICO CIMENTADO / FIXACAO BIOLOGICA EM CUNHA,TAMANHO DE 8,00MM A 20,00MM,APRESENTACAO CONFORME DEC. LEI 8078/90 COMB.COM ART.31.,ROTULAGEM RESPEITANDO O DECRETO LEI 79094/77 RESPEITANDO O DECRETO LEI 79094/97- ART.31 LEI 8078/90 PORT.N1 DE 23.01.96.|PRÓTESE DE JOELHO, TIPO CIRURGIA: CIRURGIA REVISÃO , COMPONENTE: COMPONENTE HASTE TIBIAL / FEMORAL , MATERIAL: TITÂNIO , TIPO FIXAÇÃO: CIMENTAÇÃO BIOLÓGICA , ESTERILIDADE: ESTÉRIL, USO ÚNICO |INSTRUMENTOS, EQUIPAMENTOS E SUPRIMENTOS MÉDICOS  E  CIRÚRGICOS|PRÓTESE DE JOELHO, TIPO CIRURGIA: CIRURGIA REVISÃO , COMPONENTE: COMPONENTE BASE TIBIAL , MODELO: BICONDILAR , MATERIAL: CROMO COBALTO MOLIBDÊNIO , TIPO FIXAÇÃO: CIMENTADA , CARACTERÍSTICA FIXAÇÃO: C/ HASTE , TIPO ESTABILIZAÇÃO: PLATÔ MÓVEL , ESTERILIDADE: ESTÉRIL, USO ÚNICO |INSTRUMENTOS, EQUIPAMENTOS E SUPRIMENTOS MÉDICOS  E  CIRÚRGICOS|True|entrou
413758-2|2.0|2-3|big_data|EQUIPAMENTOS E ARTIGOS DE USO MEDICO, ODONTOLOGICO , HOSPITALAR E LABORATORIAL|MATERIAIS DE USO TECNICO HOSPITALAR|True|{'MM': {100.0}}|CURATIVO - COMPOSTO POR FIBRAS HIDRO-DESBRIDANTES,FORMADAS POR DOIS COMPONENTES: NUCLEO DE ACRILICO ENVOLTO POR POLIMEROS DE POLIACRILATO DE AMONIA,ASSOCIA AS FIBRAS HIDRO DESBRIDANTES A UMA MATRIZ CICATRIZANTE DE TLC (TECNOLOGIA LIPIDO COLOIDE), MEDINDO: 10X10CM|CURATIVO / COBERTURA, APLICAÇÃO: P/ FERIDA , ASPECTO FÍSICO: PLACA , COMPOSIçãO: À BASE DE ESPUMA PU / HIDROPOLÍMERO / HIDROCELULAR , COMPONENTE 4: C/ PHMB , DIMENSÃO: CERCA DE 10 X 10 CM, ESTERILIDADE: ESTÉRIL |MATERIAIS CIRÚRGICOS PARA CURATIVOS|CURATIVO / COBERTURA, APLICAÇÃO: P/ FERIDA , ASPECTO FÍSICO: PLACA C/ BORDA , COMPOSIçãO: À BASE DE HIDROCOLÓIDE , COMPONENTE 1: C/ PELÍCULA E ESPUMA PU , COMPONENTE 2: C/ ALGINATO , DIMENSÃO: CERCA DE 10 X 10 CM, ESTERILIDADE: ESTÉRIL |MATERIAIS CIRÚRGICOS PARA CURATIVOS|True|entrou
113724-7|1.0|1|big_data|EQUIPAMENTOS E ARTIGOS DE USO MEDICO, ODONTOLOGICO , HOSPITALAR E LABORATORIAL|KITS/REAGENTES PARA DOSAGENS BIOQUIMICAS|False||REAGENTE PARA DOSAGEM DE LACTATO - ENZIMATICO COLORIMETRICO, ENZIMATICA, REAGENTE PRINCIPAL LACTATO OXIDASE, EXECUCAO AUTOMATICA, EM PLASMA HUMANO, KIT CONTENDO CASSETES PRONTO PARA USO, VALIDADE MINIMA APOS ENTREGA DE 6 MESES, ROTULO COM DATA DE FABRICACAO/VALIDADE, NUMERO DE LOTE, CODIGO DE BARRAS|REAGENTE PARA DIAGNÓSTICO CLÍNICO 5, TIPO: CONJUNTO COMPLETO , TIPO DE ANÁLISE: QUANTITATIVO DE LACTATO , MÉTODO: ENZIMÁTICO COLORIMÉTRICO DE PONTO FINAL , APRESENTAÇÃO: TESTE |"SUBSTÂNCIAS PARA DIAGNÓSTICO ""IN VITRO"",  REAGENTES,  CONJUNTOS E JOGOS PARA TESTE"|REAGENTE PARA DIAGNÓSTICO CLÍNICO 5, TIPO: CONJUNTO COMPLETO , TIPO DE ANÁLISE: QUANTITATIVO DE LACTATO , MÉTODO: ENZIMÁTICO COLORIMÉTRICO DE PONTO FINAL , APRESENTAÇÃO: TESTE |"SUBSTÂNCIAS PARA DIAGNÓSTICO ""IN VITRO"",  REAGENTES,  CONJUNTOS E JOGOS PARA TESTE"|True|entrou
570815-0|2.0|2-3|big_data|EQUIPAMENTOS E ARTIGOS DE USO MEDICO, ODONTOLOGICO , HOSPITALAR E LABORATORIAL|MATERIAIS ESPECIFICOS DE DEMANDA JUDICIAL|False||PRODUTOS DE HIGIENE PARA DEMANDA JUDICIAL - DO TIPO FRALDA GERIATRICA,MARCA BIGFRAL,TAMANHO G|FRALDA DESCARTÁVEL, TIPO FIXAÇÃO: CINTURA ELÁSTICA AJUSTÁVEL, TIPO CALCINHA , TAMANHO: INFANTIL EXTRA GRANDE XG , MATERIAL: TELA POLÍMERICA E NÚCLEO ABSORVENTE , REVESTIMENTO EXTERNO: IMPERMEÁVEL , CARACTERÍSTICA ADICIONAL: BARREIRA ANTIVAZAMENTO |VESTUÁRIO HOSPITALAR E CIRÚRGICO E ITENS CORRELATOS DE  FINALIDADES ESPECIAIS|FRALDA DESCARTÁVEL, TIPO FIXAÇÃO: TIRAS AJUSTÁVEIS E REPOSICIONÁVEIS , TAMANHO: ADULTO GRANDE , MATERIAL: TELA POLÍMERICA E NÚCLEO ABSORVENTE , REVESTIMENTO EXTERNO: IMPERMEÁVEL , CARACTERÍSTICA ADICIONAL: BARREIRA ANTIVAZAMENTO |VESTUÁRIO HOSPITALAR E CIRÚRGICO E ITENS CORRELATOS DE  FINALIDADES ESPECIAIS|True|entrou
583827-4|2.0|2-3|big_data|CANOS, TUBOS, MANGUEIRAS E ACESSORIOS|CANOS E TUBOS|True|{'MM': {0.0, 48.0}}|ABRACADEIRA - EM NYLON AJUSTAVEL,FIXACAO DE TUBOS,4,80CM X2,00 MM|ESFIGMOMANÔMETRO, AJUSTE: ANALÓGICO, ANERÓIDE , USO: P/ FIXAÇÃO EM SUPERFÍCIES , TIPO*: DE BRAÇO , FAIXA DE OPERAÇÃO: ATÉ 300 MMHG, MATERIAL BRAÇADEIRA: BRAÇADEIRA EM NYLON , TIPO FECHO: FECHO EM METAL , TAMANHO: ADULTO |INSTRUMENTOS, EQUIPAMENTOS E SUPRIMENTOS MÉDICOS  E  CIRÚRGICOS|ABRAÇADEIRA, MATERIAL: AÇO INOXIDÁVEL , TIPO: RÍGIDA , LARGURA: 1 POL, APLICAÇÃO: DUTO HCA-4698-8 , CARACTERÍSTICAS ADICIONAIS: USO: HI-COATER VHC-60 , DIÂMETRO AMARRAÇÃO: 14 POL|DISPOSITIVOS PARA FIXAÇÃO|False|entrou
383471-9|3.0|2-3|profs_saude|EQUIPAMENTOS E ARTIGOS DE USO MEDICO, ODONTOLOGICO , HOSPITALAR E LABORATORIAL|MATERIAIS DE USO TECNICO HOSPITALAR|True|{'ML': {1000.0, 25.0}, 'MM': {290.0, 150.0}}|BOLSA COLETORA DE EXCRETA E MATERIAIS ORGANICOS - EM POLIETILENO FLEXIVEL,OVAL, APROXIMADAMENTE 15,00X29,00CM,,GRADUACAO A CADA 25,00ML,COM TAMPA PARA FECHAMENTO ACOPLADA AO ANEL DA BOLSA QUE SE CONECTA AO KIT DE MANEJO FECAL,CAPACIDADE DE 1,00 LITRO,EMBALAGEM DE ACORDO COM NORMAS DA ANVISA|SONDA TRATO DIGESTIVO, APLICAÇÃO: RETAL , MODELO: P/ INCONTINÊNCIA FECAL , MATERIAL: POLÍMERO , TAMANHO: TAMANHO ADULTO , COMPONENTES: SISTEMA FIXAÇÃO EXPANSÍVEL INTRA ANAL , OUTROS COMPONENTES: PONTA PROXIMAL C/ CONECTOR , ADICIONAIS: BOLSA COLETORA CERCA 1 L , ESTERILIDADE: DESCARTÁVEL |INSTRUMENTOS, EQUIPAMENTOS E SUPRIMENTOS MÉDICOS  E  CIRÚRGICOS|RECIPIENTE COLETOR - USO MÉDICO, MODELO: BOLSA , APLICAçãO: P/ INCONTINÊNCIA FECAL , MATERIAL: POLÍMERO MALEÁVEL, GRADUADO , VOLUME: CERCA DE 1250 ML , FECHAMENTO: DRENÁVEL, C/ SISTEMA ANTIRREFLUXO , ESTERILIDADE: NÃO ESTÉRIL, USO ÚNICO |INSTRUMENTOS, EQUIPAMENTOS E SUPRIMENTOS MÉDICOS  E  CIRÚRGICOS|False|entrou
241460-0|1.0|1|big_data|EQUIPAMENTOS E ARTIGOS DE USO MEDICO, ODONTOLOGICO , HOSPITALAR E LABORATORIAL|INSTRUMENTAIS DE USO MEDICO, CIRURGICO OU HOSPITALAR|False||CURETA - CURETA OSSEA Nº 2|CURETA PERIODONTAL, MATERIAL: AÇO INOXIDÁVEL , TIPO: MOLT , CARACTERÍSTICAS ADICIONAIS: CABO OCO |INSTRUMENTOS, EQUIPAMENTOS E SUPRIMENTOS DENTÁRIOS|CURETA PERIODONTAL, MATERIAL: AÇO INOXIDÁVEL , TIPO: MOLT , CARACTERÍSTICAS ADICIONAIS: CABO OCO |INSTRUMENTOS, EQUIPAMENTOS E SUPRIMENTOS DENTÁRIOS|True|entrou
443805-1|2.0|2-3|big_data|EQUIPAMENTOS E ARTIGOS DE USO MEDICO, ODONTOLOGICO , HOSPITALAR E LABORATORIAL|VESTUARIOS E UNIFORMES PARA USO HOSPITALAR E LABORATORIAL|True|{'G': {170.0}, 'PCT': {100.0}}|CONJUNTO JALECO E CALCA - TECIDO EM BRIM, 100% ALGODAO, CAMISA FECHADA, MANGA TIPO QUIMONO, DECOTE CANOA, COM UM BOLSO EXTERNO,GRAMATURA 170 G/M², SARJA 1X1, RESISTENTE A MULTIPLAS LAVAGENS E AO CLORO, CONFORME NORMA ABNT, COR VERDE JADE,TAMANHO G,SERIGRAFIA SILKADA DA LOGOMARCA DO HOSPITAL DO SOLICITANTE, AZUL ROYAL|TECIDO BRIM, MATERIAL: ALGODÃO , LARGURA: 1,60 M M, COR: BEGE-CLARO |TECIDOS|UNIFORME PROFISSIONAL, COMPONENTES: BLUSA EM BRIM LEVE E CALÇA EM BRIM PESADO , TAMANHO: G , COR: BRANCO , MATERIAL: TECIDO , CARACTERÍSTICAS ADICIONAIS: BLUSA FECHADA, MANGA CURTA, SEM GOLA, DECOTE EM V, |VESTUÁRIO EXTERNO MASCULINO|False|entrou
580949-5|1.0|1|big_data|EQUIPAMENTOS E ARTIGOS DE USO MEDICO, ODONTOLOGICO , HOSPITALAR E LABORATORIAL|MATERIAIS ESPECIFICOS DE DEMANDA JUDICIAL|True|{'MM': {75.0}}|MATERIAIS MEDICO-HOSPITALARES PARA DEMANDA JUDICIAL - DO TIPO CURATIVO DE ESPUMA ABSORVENTE,MARCA BIATAIN® SILICONE LITE,TAMANHO 7,50X7,50CM|CURATIVO / COBERTURA, APLICAÇÃO: P/ FERIDA , ASPECTO FÍSICO: PLACA C/ BORDA , COMPOSIçãO: À BASE DE ESPUMA PU / HIDROPOLÍMERO / HIDROCELULAR , COMPONENTE 1: C/ PELÍCULA PU / POLIETILENO , COMPONENTE 3: C/ SILICONE , DIMENSÃO: CERCA DE 7,5 X 7,5 CM, ESTERILIDADE: ESTÉRIL |MATERIAIS CIRÚRGICOS PARA CURATIVOS|CURATIVO / COBERTURA, APLICAÇÃO: P/ FERIDA , ASPECTO FÍSICO: PLACA C/ BORDA , COMPOSIçãO: À BASE DE ESPUMA PU / HIDROPOLÍMERO / HIDROCELULAR , COMPONENTE 1: C/ PELÍCULA PU / POLIETILENO , COMPONENTE 3: C/ SILICONE , DIMENSÃO: CERCA DE 7,5 X 7,5 CM, ESTERILIDADE: ESTÉRIL |MATERIAIS CIRÚRGICOS PARA CURATIVOS|True|entrou
233735-5|2.0|2-3|big_data|EQUIPAMENTOS E ARTIGOS DE USO MEDICO, ODONTOLOGICO , HOSPITALAR E LABORATORIAL|MATERIAIS DE USO TECNICO HOSPITALAR|True|{'MM': {1200.0}}|EQUIPO PARA SORO MICROGOTAS - SISTEMA FECHADO, PARA INFUSAO GRAVITACIONAL, SOLUCOES PARENTERAIS, COM PONTA PERFURANTE, CAMARA GOTEJADORA TRANSPARENTE, COM FILTRO DE PARTICULA, COM TAMPA PROTETORA CONTENTO MEMBRANA HIDROFOBA,, PINCA ROLETE PARA CONTROLE DE FLUXO, TUBO FLEXIVEL EM PVC, MEDINDO NO MINIMO 1,20 METROS, COM INJETOR LATERAL,, COM MEMBRANA AUTOVEDANTE E ADAPTADOR LUER. ESTERIL, ATOXICO E APIROGENICO., EMBALAGEM INDIVIDUAL EM PAPEL GRAU CIRURGICO,, E FILME TERMOPLASTICO, COM ABERTURA EM PETALA,CONSTANDO DE DADOS DE IDENTIFICACAO E PROCE, DENCIA, DATA E TIPO DE ESTERILIZACAO, TEMPO DE VALIDADE E REGISTRO NO MS.|EQUIPO DE INFUSÃO VENOSA GRAVITACIONAL, MATERIAL: PVC TRANSPARENTE , VOLUME BURETA: BURETA CERCA DE 150 ML, CARACTERÍSTICAS BURETA: GRADUADA, C/ ALÇA, RESPIRO, INJETOR E FILTRO , CÂMARA GOTEJAMENTO: MICROGOTAS, FLEXÍVEL, C/ FILTRO , REGULADOR DE FLUXO MANUAL: PINÇA ROLETE , COMPRIMENTO TUBO: ATÉ 180 CM , TIPO INJETOR LATERAL: C/ 1 INJETOR, AUTOCICATRIZANTE , CONECTOR PACIENTE: LUER , ESTERILIDADE: ESTÉRIL, USO ÚNICO , TIPO EMBALAGEM: INDIVIDUAL |INSTRUMENTOS, EQUIPAMENTOS E SUPRIMENTOS MÉDICOS  E  CIRÚRGICOS|EQUIPO DE INFUSÃO VENOSA GRAVITACIONAL, MATERIAL: PVC TRANSPARENTE, SEM DEHP , VOLUME BURETA: BURETA CERCA DE 150 ML, CARACTERÍSTICAS BURETA: GRADUADA, C/ ALÇA, RESPIRO, INJETOR E FILTRO , CÂMARA GOTEJAMENTO: MICROGOTAS, FLEXÍVEL, C/ FILTRO , REGULADOR DE FLUXO MANUAL: PINÇA ROLETE , COMPRIMENTO TUBO: ATÉ 180 CM , TIPO INJETOR LATERAL: C/ 1 INJETOR, AUTOCICATRIZANTE , CONECTOR PACIENTE: LUER , ESTERILIDADE: ESTÉRIL, USO ÚNICO , TIPO EMBALAGEM: INDIVIDUAL |INSTRUMENTOS, EQUIPAMENTOS E SUPRIMENTOS MÉDICOS  E  CIRÚRGICOS|True|entrou
618446-4|1.0|1|big_data|||False||CANULA DE TRAQUEOSTOMIA ESTERIL DESCARTAVEL - EM MATERIAL ATOXICO-FLEXIVEL-TRANSPARENTE,COMPOSTA POR CANULA EXTERNA COM BALAO DE BAIXA PRESSAO,CANULA INTERIOR E TAMPA DE VEDACAO, LINHA RADIOPACA,ASAS PARA FIXACAO COM IMPRESSAO DO NUMERO/CALIBRE VISIVEL,MANDRIL ATRAUMATICO COM PONTA ARREDONDADA,GUARNICAO DE INSUFLACAO UNIVERSAL PARA SERINGAS,CALIBRE 6.0,EMBALAGEM INDIVIDUAL EM PAPEL GRAU CIRURGICO E FILME TRANSPARENTE,ESTERIL|CÂNULA DE TRAQUEOSTOMIA, MATERIAL*: PVC , TIPO: RADIOPACO , DIÂMETRO: CERCA DE 6,0 MM, CARACTERÍSTICAS ADICIONAIS*: C/ ASA DE FIXAÇÃO LATERAL FLEXÍVEL , ACESSÓRIOS: C/ FITA P/ FIXAÇÃO , ACESSÓRIOS 02: CONECTOR UNIVERSAL , COMPONENTES*: BALÃO DE ALTO VOLUME E BAIXA PRESSÃO , ESTERELIDADE: ESTÉRIL, DESCARTÁVEL , EMBALAGEM: EMBALAGEM INDIVIDUAL |JOGOS E CONJUNTOS MÉDICOS|CÂNULA DE TRAQUEOSTOMIA, MATERIAL*: PVC , TIPO: RADIOPACO , DIÂMETRO: CERCA DE 6,0 MM, CARACTERÍSTICAS ADICIONAIS*: C/ ASA DE FIXAÇÃO LATERAL FLEXÍVEL , ACESSÓRIOS: C/ FITA P/ FIXAÇÃO , ACESSÓRIOS 02: CONECTOR UNIVERSAL , COMPONENTES*: BALÃO DE ALTO VOLUME E BAIXA PRESSÃO , ESTERELIDADE: ESTÉRIL, DESCARTÁVEL , EMBALAGEM: EMBALAGEM INDIVIDUAL |JOGOS E CONJUNTOS MÉDICOS|True|entrou
479791-4|1.0|1|big_data|EQUIPAMENTOS E ARTIGOS DE USO MEDICO, ODONTOLOGICO , HOSPITALAR E LABORATORIAL|EQUIPAMENTOS MEDICO HOSPITALARES|True|{'W': {300.0, 70.0}, 'V': {220.0}}|EQUIPAMENTO ELETROCIRURGICO - POTENCIAS DE CORTES MONOPOLAR MAXIMA DE ATE PELO MENOS 300W, E BIPOLAR MAXIMA DE ATE PELO MENOS 70W,GERADOR ELETROCIRURGICO MICROPROCESSADO EM TODAS AS FUNCOES E ISOLADO,CONTROLE DE ACIONAMENTO DE CORTE OU COAGULACAO VIA CANETA OU PEDAL,DISPLAYS DIGITAIS INDEPENDENTES PARA CADA MODO,SISTEMA DE MONOTORIZACAO CONTINUA DE QUALIDADE DE CONTATO,SAIDAS ISOLADAS,CORTES MONOPOLAR, BIPOLAR E COAGULACAO,ALIMENTACAO ELETRICA BIVOLT AUTOMATICO OU 220V - 60HZ|BISTURI ELÉTRICO, MODELO: RADIOFREQUÊNCIA , MODO DE OPERAÇÃO MONOPOLAR: MONOPOLAR , POTÊNCIA MÁXIMA CORTE MONOPOLAR: DE 301 A 400 W, TIPO DE COAGULAÇÃO: COAGULAÇÃO, SPRAY E FULGURAÇÃO , TIPO DE CORTE: CORTE PURO E NO MÍNIMO 3 MISTOS , MODO DE OPERAÇÃO: BIPOLAR, MICRO E MACRO , OUTROS COMPONENTES: ALARME, MEMÓRIA , COMPATIBILIDADE: COMPATÍVEL C/ COAGULADOR ARGÔNIO |MOBILIÁRIO, EQUIPAMENTOS, UTENSÍLIOS E  SUPRIMENTOS  HOSPITALARES|BISTURI ELÉTRICO, MODELO: RADIOFREQUÊNCIA , MODO DE OPERAÇÃO MONOPOLAR: MONOPOLAR , POTÊNCIA MÁXIMA CORTE MONOPOLAR: DE 301 A 400 W, TIPO DE COAGULAÇÃO: COAGULAÇÃO, SPRAY E FULGURAÇÃO , TIPO DE CORTE: CORTE PURO E NO MÍNIMO 3 MISTOS , MODO DE OPERAÇÃO: BIPOLAR, MICRO E MACRO , OUTROS COMPONENTES: ALARME, MEMÓRIA , COMPATIBILIDADE: COMPATÍVEL C/ COAGULADOR ARGÔNIO |MOBILIÁRIO, EQUIPAMENTOS, UTENSÍLIOS E  SUPRIMENTOS  HOSPITALARES|True|entrou
343438-9|1.0|1|big_data|EQUIPAMENTOS E ARTIGOS DE USO MEDICO, ODONTOLOGICO , HOSPITALAR E LABORATORIAL|INSTRUMENTAIS DE USO MEDICO, CIRURGICO OU HOSPITALAR|True|{'MM': {2.5, 3.5, 150.0}}|PONTEIRA NASAL - EM ACO INOX, COM LAMINA GIRATORIA,DIAMETRO INTERNO DE 2,50MM E EXTERNO 3,50MM,COMPRIMENTO DE 15,00CM, COM CANULA GUIA E CANULA DE CORTE E SUCCAO, COM GUIA DE SORO DO TIPO AGRESSIVO CORTADOR CARTILAGEM,PARA MICRODEBRIDADORES ENDONASAIS, ESTEREIS|LÂMINA SHAVER, TIPO: CORTADOR DE MENISCO AGRESSIVO , HASTE: RETA , DIÂMETRO EXTERNO: CERCA DE 3,5 MM, COMPATIBILIDADE: COMPATÍVEL C/ MICRODEBRIDADOR , MATERIAL: AÇO INOXIDÁVEL , ESTERILIDADE: ESTÉRIL, USO ÚNICO |INSTRUMENTOS, EQUIPAMENTOS E SUPRIMENTOS MÉDICOS  E  CIRÚRGICOS|LÂMINA SHAVER, TIPO: CORTADOR DE MENISCO AGRESSIVO , HASTE: RETA , DIÂMETRO EXTERNO: CERCA DE 3,5 MM, COMPATIBILIDADE: COMPATÍVEL C/ MICRODEBRIDADOR , MATERIAL: AÇO INOXIDÁVEL , ESTERILIDADE: ESTÉRIL, USO ÚNICO |INSTRUMENTOS, EQUIPAMENTOS E SUPRIMENTOS MÉDICOS  E  CIRÚRGICOS|True|entrou
366751-0|1.0|1|big_data|EQUIPAMENTOS E ARTIGOS DE USO MEDICO, ODONTOLOGICO , HOSPITALAR E LABORATORIAL|MATERIAIS DE USO TECNICO HOSPITALAR|False||FIXADOR ESTERIL PARA CATETER PERIFERICO - EM POLIURETANO,ADESIVO HIPOALERGICO, SEMIPERMEAVEL A TROCA GASOSAS, IMPERMEAVEL A LIQUIDOS E FLUIDOS CORPORAIS, COM SISTEMA DE FIXACAO FACIL, FITAS DE RAYON LATERAIS,COM CLOREXIDINA, LIVRE DE LATEX, ESTERELIZADO A RAIO GAMA. VALIDADE MINIMA DE UM ANO,EMBALAGEM INDIVIDUAL,CONFORME MINISTERIO DA SAUDE|FIXADOR P/ DISPOSITIVO MÉDICO, APLICAÇÃO: P/ CATETER / SONDA , MATERIAL: FILME ADESIVO TRANSPARENTE , COMPONENTE ADICIONAL: FENESTRADO , DIMENSÕES: CERCA DE 8,0 X 12 CM, TIPO USO: ESTÉRIL , EMBALAGEM: EMBALAGEM INDIVIDUAL |INSTRUMENTOS, EQUIPAMENTOS E SUPRIMENTOS MÉDICOS  E  CIRÚRGICOS|FIXADOR P/ DISPOSITIVO MÉDICO, APLICAÇÃO: P/ CATETER / SONDA , MATERIAL: FILME ADESIVO TRANSPARENTE , COMPONENTE ADICIONAL: FENESTRADO , DIMENSÕES: CERCA DE 8,0 X 12 CM, TIPO USO: ESTÉRIL , EMBALAGEM: EMBALAGEM INDIVIDUAL |INSTRUMENTOS, EQUIPAMENTOS E SUPRIMENTOS MÉDICOS  E  CIRÚRGICOS|True|entrou
278492-0|2.0|2-3|big_data|EQUIPAMENTOS E ARTIGOS DE USO MEDICO, ODONTOLOGICO , HOSPITALAR E LABORATORIAL|MATERIAIS DE USO TECNICO HOSPITALAR|True|{'ML': {31000.0}}|PROTESE PARA INCONTINENCIA URINARIA MASCULINA - SLING MASCULINO AJUSTAVEL COM DUAS ARRUELAS DE AJUSTES, COM DUAS AGULHAS E COM DOIS POSICIONADORES E UMA REGUA,.,EM ESPUMA DE SILICONE, CONECTADO A COLUNAS DE SILICONE,ESTERIL,INDIVIDUAL APROPRIADA PARA MANTER A ESTERILIDADE,DE ACORDO COM O ART. 31 L. 8078/90 PORT. CONJ. N1 DE 23/1/96-M.SAUDE|DISPOSITIVO EXTERNO P/ INCONTINÊNCIA URINÁRIA, MODELO: MASCULINO , TIPO: PRESERVATIVO C/ ABERTURA P/ DRENAGEM , MATERIAL: LÁTEX NATURAL , DIÂMETRO: CERCA DE 25 MM, ESTERILIDADE: ESTÉRIL, USO ÚNICO , EMBALAGEM: EMBALAGEM INDIVIDUAL |INSTRUMENTOS, EQUIPAMENTOS E SUPRIMENTOS MÉDICOS  E  CIRÚRGICOS|SISTEMA P/ CORREÇÃO DA INCONTINÊNCIA URINÁRIA, USO: MASCULINA , MODELO: SUPORTE SUBURETRAL , VIA: TRANSOBTURATÓRIA , MATERIAL: FAIXA DE POLIPROPILENO MONOFILAMENTAR , COMPONENTE: SISTEMA COMPLETO PARA IMPLANTAÇÃO , TIPO USO: USO ÚNICO , ESTERILIDADE: ESTÉRIL , APRESENTAÇÃO: EMBALAGEM INDIVIDUAL |INSTRUMENTOS, EQUIPAMENTOS E SUPRIMENTOS MÉDICOS  E  CIRÚRGICOS|False|entrou
238188-5|2.0|2-3|big_data|EQUIPAMENTOS E ARTIGOS DE USO MEDICO, ODONTOLOGICO , HOSPITALAR E LABORATORIAL|EQUIPAMENTOS DE USO LABORATORIAL|True|{'V': {220.0}}|AGLUTINOSCOPIO - PARA VISUALIZACAO DE TESTES DE AGLUTINACAO, ILUMINACAO INCIDENTE E VISUALIZACAO ATRAVES DE UMA LENTE CORRIGIDA DE ATE 5 VEZES, REFLETOR E ESTAMPADO EM ALUMINIO SUSTENTADO POR BRACO FLEXIVEL, LENTE COM UM MOVIMENTO GIRATORIO DE VISUALIZACAO, ALIMENTACAO: ALIMENTACAO 220 VOLTS, INCLUI: INCLUIR: MANUAL, GARANTIA, ASSISTENCIA TECNICA LOCAL E TREINAMENTO|OTOSCÓPIO, TIPO: LED, LENTE GIRATÓRIA MÍNIMO DE 2 X , MODELO: COM VISOR SOBRESSALENTE , ALIMENTAÇÃO: 2 PILHAS , COMPONENTES: 8 ESPÉCULOS REUSÁVEIS , TIPO CONECTOR: CONEXÃO PARA OTOSCOPIA PNEUMÁTICA , TIPO PROTEÇÃO: ESTOJO PRÓPRIO |INSTRUMENTOS, EQUIPAMENTOS E SUPRIMENTOS MÉDICOS  E  CIRÚRGICOS|EQUIPAMENTO LABORATÓRIO, TIPO: AGLUTINOSCÓPIO , AJUSTE: AJUSTE MECÂNICO, BOTÃO LIGA/DESLIGA , ADICIONAL: C/ HOMOGEINIZADOR |EQUIPAMENTOS E ARTIGOS DE LABORATÓRIO|False|entrou
566220-6|2.0|2-3|big_data|MOBILIARIOS EM GERAL|ASSENTOS - CADASTRO PADRONIZADO|True|{'MM': {490.0, 530.0, 460.0}, 'PCT': {5.0}}|CADEIRA - TIPO GIRATORIA,BASE EM ACO,COM  RODIZIOS,ALTURA REGULAVEL,COM BRACOS,ASSENTO EM ESPUMA DE POLIURETANO,REVESTIDO EM POLIESTER,MEDINDO 460,00X490,00MM (PXL),COM REGULAGEM,ENCOSTO EM ESPUMA DE POLIURETANO,REVESTIDO EM POLIESTER,MEDINDO 530,00X460,00MM (AXL),COM REGULAGEM DE 8 POSICOES,DIMENSOES COMVARIACAO EM ATE 5%|CADEIRA ESCRITÓRIO, MATERIAL ESTRUTURA: AÇO , MATERIAL REVESTIMENTO ASSENTO E ENCOSTO: VINIL , MATERIAL ENCOSTO: ESPUMA INJETADA , MATERIAL ASSENTO: ESPUMA INJETADA , TIPO BASE: GIRATÓRIA COM 5 RODÍZIOS DUPLOS , TIPO ENCOSTO: ESPALDAR MÉDIO , APOIO BRAÇO: COM BRAÇOS , CARACTERÍSTICAS ADICIONAIS: BRAÇOS REVESTIDOS COM POLIURETANO NA COR PRETA |MOBILIÁRIO PARA ESCRITÓRIO|CADEIRA ESCRITÓRIO, MATERIAL ESTRUTURA: AÇO , MATERIAL REVESTIMENTO ASSENTO E ENCOSTO: COURO SINTÉTICO , MATERIAL ENCOSTO: ESPUMA INJETADA , MATERIAL ASSENTO: ESPUMA INJETADA , TIPO BASE: GIRATÓRIA , TIPO ENCOSTO: REGULÁVEL , APOIO BRAÇO: COM BRAÇOS FIXOS |MOBILIÁRIO PARA ESCRITÓRIO|True|entrou
601381-3|3.0|2-3|big_data|EQUIPAMENTOS E ARTIGOS DE USO MEDICO, ODONTOLOGICO , HOSPITALAR E LABORATORIAL|COMPONENTES PARA EQUIPAMENTOS MEDICO HOSPITALARES|True|{'MM': {5.0}}|ANEL O'RING - EM BORRACHA,PARA VEDACAO,EM TUBO DE ASPIRACAO E IRRIGACAO,COMPATIVEL COM A MARCA EDLO,MEDINDO 5,00MM|TUBO HOSPITALAR, USO: ASPIRAÇÃO E IRRIGAÇÃO , MATERIAL: PVC DUAS CORES , MODELO: DUPLO , COMPRIMENTO: 3,0 M , COMPONENTES: CORTA FLUXO NAS 2 VIAS , ADICIONAIS: C/ CONECTORES E PONTEIRAS , ESTERILIDADE: ESTÉRIL, USO ÚNICO |INSTRUMENTOS, EQUIPAMENTOS E SUPRIMENTOS MÉDICOS  E  CIRÚRGICOS|BORRACHA VEDAÇÃO, MATERIAL: BORRACHA , APLICAÇÃO: VBCOAP M109 A5/A3 , LARGURA: LARGURA DA SEÇÃO TRANSVERSAL: 6,880 POL MM, ALTURA: ALTURA DA SEÇÃO TRANSVERSAL: 0,688 POL MM, COMPRIMENTO: 0,812 POL M, CARACTERÍSTICAS ADICIONAIS: ESPESSURA TRANSVERSAL: 0,188 POL ,CONSTRUÇÃO: SÓLI |GAXETAS E OUTROS MATERIAIS PARA VEDAÇÃO|False|entrou
169010-8|1.0|1|big_data|ARTIGOS E UTENSILIOS DE ESCRITORIOS|UTENSILIOS PARA ESCRITORIOS|True|{'MM': {600.0, 300.0}}|CESTO PARA PAPEIS - DE EM PLASTICO, NO FORMATO REDONDO, VAZADO, MEDINDO CESTO PARA LIXO 30CM DE ALTURA 60CM DE DIAMETRO, NA COR VARIADAS|CESTO, MATERIAL: PLÁSTICO , FORMATO: CILÍNDRICO , TAMANHO: MÉDIO , COR: PRETA , CARACTERÍSTICAS ADICIONAIS: SEM TAMPA, NÃO TELADO |RECEPIENTES PARA USO DOMÉSTICO E COMERCIAL|CESTO, MATERIAL: PLÁSTICO , FORMATO: CILÍNDRICO , TAMANHO: MÉDIO , COR: PRETA , CARACTERÍSTICAS ADICIONAIS: SEM TAMPA, NÃO TELADO |RECEPIENTES PARA USO DOMÉSTICO E COMERCIAL|True|entrou
530324-9|2.0|2-3|big_data|EQUIPAMENTOS E ARTIGOS DE USO MEDICO, ODONTOLOGICO , HOSPITALAR E LABORATORIAL|MATERIAIS ESPECIFICOS DE DEMANDA JUDICIAL|False||PRODUTOS DE NUTRICAO PARA DEMANDA JUDICIAL - DO TIPO FORMULA INFANTIL HIPOALERGENICA,MARCA APTAMIL PROEXPERT PEPTI, DANONE,A BASE DE PROTEINA DO SORO DO LEITE, PARA LACTENTES E CRIANCAS COM ALERGIA AO LEITE DE VACA E SOJA, COM ADICAO DE PREBIOTICOS, ACIDOS GRAXOS DE CADEIA LONGA E NUCLEOTIDEOS, ISENTO DE SACAROSE, FRUTOSE E GLUTEN, APRESENTACAO EM PO, ACONDICIONADO EM LATA|DIETA INFANTIL, INDICAÇÃO: 0 A 12 MESES , ASPECTO FÍSICO: PÓ , USO: ENTERAL OU ORAL , FONTE DE PROTEÍNA: PTN HIDROLISADA SORO LEITE , FONTE DE CARBOIDRATO: MALTODEXTRINA E/OU LACTOSE E/OU AMIDO , FONTE DE LIPÍDIOS: ÓLEOS VEGETAIS , COMPONENTES ADICIONAIS: VIT.,MIN.E FIBRAS , CARACTERÍSTICAS ADICIONAIS: ISENTO GLÚTEN,SACAROSE E FRUTOSE , ADICIONAIS:  C/ LC PUFAS,PREBIÓTICOS |ALIMENTOS ESPECIAIS DIETÉTICOS E PREPARADOS ALIMENTÍCIOS|DIETA INFANTIL, INDICAÇÃO: 0 A 36 MESES , ASPECTO FÍSICO: PÓ , USO: ENTERAL OU ORAL , FONTE DE PROTEÍNA: PTN HIDROLISADA SORO LEITE , FONTE DE CARBOIDRATO: MALTODEXTRINA E/OU LACTOSE E/OU AMIDO , FONTE DE LIPÍDIOS: ÓLEOS VEGETAIS E/OU TCM , COMPONENTES ADICIONAIS: VIT.,MIN.E FIBRAS , CARACTERÍSTICAS ADICIONAIS: ISENTO GLÚTEN , ADICIONAIS: C/ ÁCIDOS GRAXOS ESSENCIAIS , SABOR: C/ OU S/SABOR |ALIMENTOS ESPECIAIS DIETÉTICOS E PREPARADOS ALIMENTÍCIOS|True|entrou
530374-5|2.0|2-3|big_data|EQUIPAMENTOS E ARTIGOS DE USO MEDICO, ODONTOLOGICO , HOSPITALAR E LABORATORIAL|MATERIAIS ESPECIFICOS DE DEMANDA JUDICIAL|False||PRODUTOS DE NUTRICAO PARA DEMANDA JUDICIAL - ALIMENTO PARA DIETA ENTERAL OU ORAL, NUTRICIONALMENTE COMPLETA, PARA LACTENTES E CRIANCAS DE PRIMEIRA INFANCIA,MARCA INFATRINI, DANONE,BEBIDA HIPERCALORICA, CONTEM LCPUFAS (ARA/DHA), NUCLEOTIDEOS, BETA-CAROTENO, PREBIOTICOS (GOS/FOS), ISENTA DE SACAROSE, NAO CONTEM GLUTEN, APRESENTACAO LIQUIDA,  ACONDICIONADA EM FRASCO|DIETA ENTERAL, ASPECTO FÍSICO: LÍQUIDO , USO: ENTERAL OU ORAL , CARACTERÍSTICAS: HIPERCALÓRICA E HIPOPROTÉICA , FONTE DE PROTEÍNA: CASEINATO , FONTE DE CARBOIDRATO: MALTODEXTRINA , FONTE DE LIPÍDIOS: ÓLEOS VEGETAIS E TCM , COMPONENTES ADICIONAIS: AA'S,VIT.,MINERAIS , CARACTERÍSTICAS ADICIONAIS: ISENTO SACAROSE,LACTOSE,GLÚTEN,FIBRAS , SABOR: C/SABOR |ALIMENTOS ESPECIAIS DIETÉTICOS E PREPARADOS ALIMENTÍCIOS|DIETA INFANTIL, INDICAÇÃO: 0 A 12 MESES , ASPECTO FÍSICO: LÍQUIDO , USO: ENTERAL OU ORAL , CARACTERÍSTICA: HIPERCALÓRICO , FONTE DE PROTEÍNA: CASEINATO , FONTE DE CARBOIDRATO: MALTODEXTRINA E/OU SACAROSE , FONTE DE LIPÍDIOS: ÓLEOS VEGETAIS , COMPONENTES ADICIONAIS: AA'S,VIT.,MINERAIS,FIBRAS , CARACTERÍSTICAS ADICIONAIS: ISENTO GLÚTEN,LACTOSE |ALIMENTOS ESPECIAIS DIETÉTICOS E PREPARADOS ALIMENTÍCIOS|False|entrou
504719-6|2.0|2-3|big_data|EQUIPAMENTOS E ARTIGOS DE USO MEDICO, ODONTOLOGICO , HOSPITALAR E LABORATORIAL|PRODUTOS E INSUMOS PARA DIETAS ESPECIAIS|False||ALIMENTO PARA DIETA ENTERAL OU ORAL - FORMULA PARA NUTRICAO ENTERAL,PARA CRIANCA DE 01 A 10 ANOS,ISENTO DE GLUTEN E SEM ADICAO DE LACTOSE, COM FIBRAS,SABORES DIVERSOS,HIPERCALORICO, NORMOPROTEICO,EMBALAGEM APROPRIADA|DIETA INFANTIL, INDICAÇÃO: 1 A 6 ANOS , ASPECTO FÍSICO: LÍQUIDO , USO: ENTERAL OU ORAL , CARACTERÍSTICA: HIPERCALÓRICO,NORMOPROTEICO , FONTE DE PROTEÍNA: SORO LEITE E CASEÍNA , FONTE DE CARBOIDRATO: MALTODEXTRINA , FONTE DE LIPÍDIOS: ÓLEOS VEGETAIS , COMPONENTES ADICIONAIS: VIT.,MIN.E FIBRAS , CARACTERÍSTICAS ADICIONAIS: ISENTO GLÚTEN E LACT.E/OU SACAROSE , SABOR: C/ OU S/SABOR |ALIMENTOS ESPECIAIS DIETÉTICOS E PREPARADOS ALIMENTÍCIOS|DIETA INFANTIL, INDICAÇÃO: 1 A 12 ANOS , ASPECTO FÍSICO: LÍQUIDO , USO: ENTERAL OU ORAL , CARACTERÍSTICA: HIPERCALÓRICO , FONTE DE PROTEÍNA: CASEINATO OU CONCENTRADO PROTEICO SORO LEITE , FONTE DE CARBOIDRATO: MALTODEXTRINA,SACAROSE , FONTE DE LIPÍDIOS: ÓLEOS VEGETAIS E/OU TCM , COMPONENTES ADICIONAIS: AA'S,VIT.,MINERAIS,FIBRAS , CARACTERÍSTICAS ADICIONAIS: ISENTO GLÚTEN,LACTOSE , SABOR: C/SABOR |ALIMENTOS ESPECIAIS DIETÉTICOS E PREPARADOS ALIMENTÍCIOS|True|entrou
155290-2|1.0|1|big_data|ARTIGOS DE HIGIENE|PRODUTOS PARA HIGIENE PESSOAL|False||FRALDA DESCARTAVEL - COMPOSTA DE COBERTURA INTERNA DE FALSO TECIDO, PELICULA ANTI UMIDADE, POLPA E FLOCOS ABSORVENTES, ADESIVOS TERMOPLASTICOS,FIOS ELASTICOS, COBERTURA EXTERNA IMPERMEAVEL, ELASTICOS NAS PERNAS E FITAS ADESIVAS LATERAIS, PARA USO INFANTIL, DESCARTAVEL E DE FORMATO ANATOMICO,COM APRESENTACAO EM UNIDADES, NO TAMANHO MEDIO UNISSEX, E SUAS CONDICOES DEVERAM ESTAR DE ACORDO COM A LEGISLACAO VIGENTE, CONTENDO DADOS DE IDENTIFICACAO E PROCEDENCIA, LOTE E REGISTRO DO MS|FRALDA DESCARTÁVEL, TIPO FIXAÇÃO: CINTURA ELÁSTICA AJUSTÁVEL, TIPO CALCINHA , TAMANHO: INFANTIL MÉDIO , MATERIAL: TELA POLÍMERICA E NÚCLEO ABSORVENTE , REVESTIMENTO EXTERNO: IMPERMEÁVEL , CARACTERÍSTICA ADICIONAL: BARREIRA ANTIVAZAMENTO |VESTUÁRIO HOSPITALAR E CIRÚRGICO E ITENS CORRELATOS DE  FINALIDADES ESPECIAIS|FRALDA DESCARTÁVEL, TIPO FIXAÇÃO: CINTURA ELÁSTICA AJUSTÁVEL, TIPO CALCINHA , TAMANHO: INFANTIL MÉDIO , MATERIAL: TELA POLÍMERICA E NÚCLEO ABSORVENTE , REVESTIMENTO EXTERNO: IMPERMEÁVEL , CARACTERÍSTICA ADICIONAL: BARREIRA ANTIVAZAMENTO |VESTUÁRIO HOSPITALAR E CIRÚRGICO E ITENS CORRELATOS DE  FINALIDADES ESPECIAIS|True|entrou
270974-0|3.0|2-3|profs_saude|EQUIPAMENTOS E ARTIGOS DE USO MEDICO, ODONTOLOGICO , HOSPITALAR E LABORATORIAL|MATERIAIS DE USO TECNICO HOSPITALAR|False||ESCOVA GINECOLOGICA - ESCOVA GINECOLOGICA CERVICAL,  PARA COLETA CITOLOGICA - COMPOSTO POR NYLON COM HASTES LONGAS,EXTREMIDADE FLEXIVEL E CERDAS MACIAS, ESTERIL DESCARTAVEL, APRESENTACAO NORMAS DO M.S.|ESCOVA LIMPEZA - CME, APLICAÇÃO: P/ ENDOSCÓPIO , MATERIAL CERDAS: CERDAS DE NYLON , PONTA ATIVA: EM UMA DAS EXTREMIDADES , DIÂMETRO PONTA: CERCA DE 2 MM, HASTE: HASTE FLEXÍVEL , COMPRIMENTO TOTAL: CERCA DE 100 CM, TIPO USO: DESCARTÁVEL |INSTRUMENTOS, EQUIPAMENTOS E SUPRIMENTOS MÉDICOS  E  CIRÚRGICOS|ESCOVA ENDOCERVICAL, MATERIAL CABO: PLÁSTICO , MATERIAL CERDA: MICROCERDAS EM NYLON, PONTA DA ESCOVA CÔNICA , COMPRIMENTO: CABO CERCA DE 16 A 18 CM E CERDAS CERCA DE 2 CM , CARACTERÍSTICAS ADICIONAIS: DESCARTÁVEL, ATÓXICA |INSTRUMENTOS, EQUIPAMENTOS E SUPRIMENTOS MÉDICOS  E  CIRÚRGICOS|False|entrou
417091-1|1.0|1|big_data|EQUIPAMENTOS E MATERIAIS PARA EXPERIENCIA EM LABORATORIO ESCOLAR, RECREACAO E DESPORTO|EQUIPAMENTOS ESPORTIVOS E EDUCATIVOS|True|{'MM': {150.0}, 'G': {12000.0}}|HALTERES - DE ACO INOXIDAVEL  ABNT 304,COM BARRA REDONDA DE 1 1/8 DE POLEGADAS, 150MM DE COMPRIMENTO, RECARTILHADA,TIPO DUMBELL, COM DUAS PASTILHAS RECOBERTAS DE BORRACHA PESANDO 12 KG|HALTERE, MATERIAL: BORRACHA , TIPO: MACIÇO , FORMA: REDONDA , PESO: 12 KG, APLICAÇÃO: GINÁSTICA E TREINAMENTO DESPORTIVO |EQUIPAMENTO PARA GINÁSTICA E RECREAÇÃO|HALTERE, MATERIAL: BORRACHA , TIPO: MACIÇO , FORMA: REDONDA , PESO: 12 KG, APLICAÇÃO: GINÁSTICA E TREINAMENTO DESPORTIVO |EQUIPAMENTO PARA GINÁSTICA E RECREAÇÃO|True|entrou
192503-2|1.0|1|profs_saude|EQUIPAMENTOS E ARTIGOS DE USO MEDICO, ODONTOLOGICO , HOSPITALAR E LABORATORIAL|MATERIAIS DE USO TECNICO HOSPITALAR|True|{'MM': {700.0, 20.0}}|FIO DE SUTURA POLIGLACTINA - POLIGLACTINA, ESTERIL,, CALIBRE 3-0, COM AGULHA CILINDRICA, 1/2 DE CIRCULO E 2,0 CM, COMPRIMENTO DO FIO,70CM, GASTRINTESTINAL, APRESENTACAO EM ENVELOPE. ROTULAGEM CONFORME LEGISLACAO VIGENTE.|FIO DE SUTURA AGULHADO, MATERIAL FIO: POLIGLACTINA VIOLETA , MODELO FIO: MULTIFILAMENTAR , DIÂMETRO FIO: 3-0 , COMPRIMENTO FIO: CERCA DE 70 CM, TIPO AGULHA: AGULHA 1/2 CÍRCULO , MODELO AGULHA: CILÍNDRICA , COMPRIMENTO AGULHA: CERCA DE 20 MM, ESTERILIDADE: ESTÉRIL , APRESENTAçãO: EMBALAGEM INDIVIDUAL |INSTRUMENTOS, EQUIPAMENTOS E SUPRIMENTOS MÉDICOS  E  CIRÚRGICOS|FIO DE SUTURA AGULHADO, MATERIAL FIO: POLIGLACTINA VIOLETA , MODELO FIO: MULTIFILAMENTAR , DIÂMETRO FIO: 3-0 , COMPRIMENTO FIO: CERCA DE 70 CM, TIPO AGULHA: AGULHA 1/2 CÍRCULO , MODELO AGULHA: CILÍNDRICA , COMPRIMENTO AGULHA: CERCA DE 20 MM, ESTERILIDADE: ESTÉRIL , APRESENTAçãO: EMBALAGEM INDIVIDUAL |INSTRUMENTOS, EQUIPAMENTOS E SUPRIMENTOS MÉDICOS  E  CIRÚRGICOS|True|entrou
226671-7|1.0|1|big_data|EQUIPAMENTOS E ARTIGOS DE USO MEDICO, ODONTOLOGICO , HOSPITALAR E LABORATORIAL|MATERIAIS DE USO TECNICO HOSPITALAR|True|{'MM': {450.0}}|FIO DE NYLON - FIO DE NYLON, ESTERIL, COM AGULHA Nº 5, COM 45CM, ACONDICIONADO INDIVIDUALMENTE|FIO DE SUTURA AGULHADO, MATERIAL FIO: NYLON / POLIAMIDA PRETO , MODELO FIO: MONOFILAMENTAR , DIÂMETRO FIO: 5-0 , COMPRIMENTO FIO: CERCA DE 45 CM, TIPO AGULHA: AGULHA 3/8 CÍRCULO , MODELO AGULHA: CORTANTE REVERSA / INVERTIDA , COMPRIMENTO AGULHA: CERCA DE 20 MM, ESTERILIDADE: ESTÉRIL , APRESENTAçãO: EMBALAGEM INDIVIDUAL |INSTRUMENTOS, EQUIPAMENTOS E SUPRIMENTOS MÉDICOS  E  CIRÚRGICOS|FIO DE SUTURA AGULHADO, MATERIAL FIO: NYLON / POLIAMIDA PRETO , MODELO FIO: MONOFILAMENTAR , DIÂMETRO FIO: 5-0 , COMPRIMENTO FIO: CERCA DE 45 CM, TIPO AGULHA: AGULHA 3/8 CÍRCULO , MODELO AGULHA: CORTANTE REVERSA / INVERTIDA , COMPRIMENTO AGULHA: CERCA DE 20 MM, ESTERILIDADE: ESTÉRIL , APRESENTAçãO: EMBALAGEM INDIVIDUAL |INSTRUMENTOS, EQUIPAMENTOS E SUPRIMENTOS MÉDICOS  E  CIRÚRGICOS|True|entrou
155841-2|1.0|1|profs_saude|EQUIPAMENTOS E ARTIGOS DE USO MEDICO, ODONTOLOGICO , HOSPITALAR E LABORATORIAL|MATERIAIS DE USO TECNICO HOSPITALAR|True|{'MM': {35.0, 1500.0}, 'ML': {31000.0}}|FIO DE SUTURA CATGUT - ESTERIL, CROMADO, CALIBRE 3-0, 1 AGULHA CILINDRICA, AGULHA DE 3,5 CM, 1/2 CIRCULO, FIO COM 150 CM, ROTULAGEM RESPEITANDO O DECRETO LEI 79094/77 ART.31 L.8078/90 PORT.CONJ.N.1 DE 23/1/96-M.SAUDE, CONTENDO DADOS DE VALIDADE, LOTE E REGISTRO DO MS, APRESENTACAO CONFORME DEC. LEI 79094/77 COMBINADO COM O ART.31 L.8078/90, CONTENDO DADOS DE IDENTIFICACAO E PROCEDENCIA|FIO DE SUTURA AGULHADO, MATERIAL FIO: CATGUT CROMADO , MODELO FIO: MULTIFILAMENTAR , DIÂMETRO FIO: 3-0 , COMPRIMENTO FIO: CERCA DE 70 CM, TIPO AGULHA: AGULHA 1/2 CÍRCULO , MODELO AGULHA: CILÍNDRICA ROBUSTA , COMPRIMENTO AGULHA: CERCA DE 35 MM, ESTERILIDADE: ESTÉRIL , APRESENTAçãO: EMBALAGEM INDIVIDUAL |INSTRUMENTOS, EQUIPAMENTOS E SUPRIMENTOS MÉDICOS  E  CIRÚRGICOS|FIO DE SUTURA AGULHADO, MATERIAL FIO: CATGUT CROMADO , MODELO FIO: MULTIFILAMENTAR , DIÂMETRO FIO: 3-0 , COMPRIMENTO FIO: CERCA DE 70 CM, TIPO AGULHA: AGULHA 1/2 CÍRCULO , MODELO AGULHA: CILÍNDRICA ROBUSTA , COMPRIMENTO AGULHA: CERCA DE 35 MM, ESTERILIDADE: ESTÉRIL , APRESENTAçãO: EMBALAGEM INDIVIDUAL |INSTRUMENTOS, EQUIPAMENTOS E SUPRIMENTOS MÉDICOS  E  CIRÚRGICOS|True|entrou
395718-7|3.0|2-3|big_data|EQUIPAMENTOS E ARTIGOS DE USO MEDICO, ODONTOLOGICO , HOSPITALAR E LABORATORIAL|INSUMOS PARA EQUIPAMENTOS MEDICO HOSPITALARES|True|{'MM': {1950.0, 2.9, 3.2, 30.0}}|BASKETS - EM ACO CIRURGICO,COMPRIMENTO UTIL 195,00 CM, DIAMETRO DE ABERTURA DA CESTA 30.00MM, CANAL DE TRABALHO 3.2MM, DIAMETRO PORCAO INSERCAO 2.9MM,BASKET ACOPLADO EM LITOTRIPTOR MECANICO, ROTATORIO, USO UNICO, ESTERIL, CONSTRUCAO DUPLA CAMISA, CONEXAO LUER PARA INJECAO DE CONTRASTE,COMPATIVEL COM DUODENOSCOPIO|PAPILÓTOMO, LÚMEN: DUPLO , TIPO PONTA: C/ PONTA AGULHA , COMPRIMENTO CORTE: CERCA DE 15 MM, FIO GUIA: S/ FIO GUIA , COMPATIBILIDADE: P/ CANAL DE TRABALHO CERCA DE 2,8 MM X 200 CM , PEÇA DE MÃO: MANOPLA C/ CONEXÃO P/ BISTURI ELÉTRICO , APLICAÇÃO: P/ COLANGIOPANCREATOGRAFIA RETRÓGRADA ENDOSCÓPICA , ESTERILIDADE: ESTÉRIL, USO ÚNICO |INSTRUMENTOS, EQUIPAMENTOS E SUPRIMENTOS MÉDICOS  E  CIRÚRGICOS|INSTRUMENTAL P/ ENDOSCÓPIO, TIPO: ALÇA POLIPECTOMIA , TIPO PONTA: OVAL , TIPO FIO: FIO AÇO INOXIDÁVEL, MONOFILAMENTAR , DIÂMETRO PONTA: CERCA DE 30 MM, DIMENSÃO: P/ CANAL CERCA DE 3,2 MM X 230 CM , HASTE: HASTE ISOLADA , COMPONENTE 2: MANOPLA C/ CONEXÃO P/ BISTURI ELÉTRICO , ESTERILIDADE: ESTERILIZÁVEL |INSTRUMENTOS, EQUIPAMENTOS E SUPRIMENTOS MÉDICOS  E  CIRÚRGICOS|False|entrou
250850-8|3.0|2-3|big_data|EQUIPAMENTOS E ARTIGOS DE USO MEDICO, ODONTOLOGICO , HOSPITALAR E LABORATORIAL|MATERIAIS DE USO TECNICO HOSPITALAR|False||MASCARA FACIAL - PARA VENTILACAO NAO INVASIVA EM SILICONE, COM COXIM INFLAVEL, ADPTAVEL A VALV.DE SEGURANCA, RESISTENTE AOS PROCESSOS USUAIS DE ESTERILIZACAO, ANATOMICO, SEM REBARBAS, JOELHOS OU CONECTORES C/DISPOSITIVO EM ACO INOXIDAVEL P/FIX.DE PRESILHA, CONSTITUIDO DE POSSIBILITA ADMINISTRAR AR ENRIQUECIDO COM OXIGENIO ATRAVES DE ORIFICIO DE ENTRADA, ADULTO, NUMERO 4, COM ACESSORIOS PRESILHA DE FIXACAO, COM GARANTIA E ASSISTENCIA TECNICA|MÁSCARA GASOTERAPIA, APLICAÇÃO: MÚLTIPLA FUNÇÃO , MODELO: FACIAL OVAL , MATERIAL: CÚPULA EM PLÁSTICO RÍGIDO , TIPO BORDA: COXIM INFLÁVEL EM PLÁSTICO , TAMANHO: ADULTO G , TIPO CONECTOR: CONECTOR PADRÃO , ADICIONAIS: C/ PRESILHA |INSTRUMENTOS, EQUIPAMENTOS E SUPRIMENTOS MÉDICOS  E  CIRÚRGICOS|MATERIAL P/ VNI - CPAP / BIPAP, TIPO 1: MÁSCARA NASAL , TIPO BORDA: COXIM SILICONE , TAMANHO*: INFANTIL M , TIPO CONECTOR: GIRATÓRIO , TIPO FIXAÇÃO: FIXADOR AJUSTÁVEL , APRESENTAÇÃO: CONJUNTO COMPLETO |INSTRUMENTOS, EQUIPAMENTOS E SUPRIMENTOS MÉDICOS  E  CIRÚRGICOS|False|entrou
530551-9|1.0|1|big_data|EQUIPAMENTOS E ARTIGOS DE USO MEDICO, ODONTOLOGICO , HOSPITALAR E LABORATORIAL|MATERIAIS ESPECIFICOS DE DEMANDA JUDICIAL|False||PRODUTOS DE NUTRICAO PARA DEMANDA JUDICIAL - DO TIPO ALIMENTO EM PO,MARCA  MMA/PA ANAMIX INFANT, DANONE,PARA LACTENTES DE 0 A 12 MESES DE IDADE,COM RESTRICAO DE METIONINA, TREONINA, VALINA E COM BAIXO TEOR DE ISOLEUCINA, NAO CONTEM GLUTEN, ACONDICIONADO EM LATA|DIETA ENTERAL, INDICAÇÃO: ACIDEMIAS ORGÂNICAS , ASPECTO FÍSICO: PÓ , USO: ENTERAL OU ORAL , FONTE DE PROTEÍNA: À BASE DE AA'S , FONTE DE CARBOIDRATO: MALTODEXTRINA , COMPONENTES ADICIONAIS: VITAMINAS E MINERAIS , CARACTERÍSTICAS ADICIONAIS: ISENTO ISOLEUCINA,METIONINA,TREONINA E VALINA , FAIXA: 0 A 1 ANO |ALIMENTOS ESPECIAIS DIETÉTICOS E PREPARADOS ALIMENTÍCIOS|DIETA ENTERAL, INDICAÇÃO: ACIDEMIAS ORGÂNICAS , ASPECTO FÍSICO: PÓ , USO: ENTERAL OU ORAL , FONTE DE PROTEÍNA: À BASE DE AA'S , FONTE DE CARBOIDRATO: MALTODEXTRINA , COMPONENTES ADICIONAIS: VITAMINAS E MINERAIS , CARACTERÍSTICAS ADICIONAIS: ISENTO ISOLEUCINA,METIONINA,TREONINA E VALINA , FAIXA: 0 A 1 ANO |ALIMENTOS ESPECIAIS DIETÉTICOS E PREPARADOS ALIMENTÍCIOS|True|entrou
607220-8|1.0|1|big_data|EQUIPAMENTOS E ARTIGOS DE USO MEDICO, ODONTOLOGICO , HOSPITALAR E LABORATORIAL|MATERIAIS ESPECIFICOS DE DEMANDA JUDICIAL|False||MATERIAIS MEDICO-HOSPITALARES PARA DEMANDA JUDICIAL - DO TIPO COLA DE SILICONE,MARCA PROVOX SILICONE GLUE|COLA, COMPOSIÇÃO: SILICONE , COR: INCOLOR , CARACTERÍSTICAS ADICIONAIS: Frasco 100ML , TIPO: LÍQUIDO |ADESIVOS|COLA, COMPOSIÇÃO: SILICONE , COR: INCOLOR , CARACTERÍSTICAS ADICIONAIS: Frasco 100ML , TIPO: LÍQUIDO |ADESIVOS|True|entrou
510885-3|1.0|1|big_data|EQUIPAMENTOS E ARTIGOS DE USO MEDICO, ODONTOLOGICO , HOSPITALAR E LABORATORIAL|MATERIAIS ESPECIFICOS DE DEMANDA JUDICIAL|True|{'G': {0.4}}|MEDICAMENTO PARA DEMANDA JUDICIAL - NOME COMERCIAL VOTRIENT,PRINCIPIO ATIVO CLORIDRATO DE PAZOPANIBE,CONCENTRACAO/DOSAGEM 400 MG,FORMA FARMACEUTICA COMPRIMIDO REVESTIDO,VIA DE ADMINISTRACAO ORAL|PAZOPANIBE, CONCENTRAÇÃO: 400 MG|DROGAS E MEDICAMENTOS|PAZOPANIBE, CONCENTRAÇÃO: 400 MG|DROGAS E MEDICAMENTOS|True|entrou
327893-0|1.0|1|big_data|EQUIPAMENTOS E ARTIGOS DE USO MEDICO, ODONTOLOGICO , HOSPITALAR E LABORATORIAL|MATERIAIS DE USO TECNICO HOSPITALAR|True|{'MM': {90.0}, 'FR': {10.0}, 'ML': {31000.0}}|PROTESE BILIAR - EM PLASTICO, RIGIDA, TIPO AMSTERDAM, ACOMPANHADO DO CONJUNTO APLICADOR  (SET INTRODUTOR),DIAMETRO DA PROTESE DE 10FR,09CM DE COMPRIMENTO TOTAL,ESTERIL,USO UNICO,DESCARTAVEL,PARA USO EM VIA BILIAR DURANTE CPER,10,0 FR,RETA,EMBALADO INDIVIDUALMENTE,EM PAPEL GRAU CIRURGICO,ETC,APRESENTACAO DE ACORDO COM DECRETO LEI 79094/77 COMBINADO COM O ART.31 L.8078/90|ENDOPRÓTESE LUMINAL, TIPO: STENT , TIPO USO: BILIAR , COMPOSIÇÃO: POLÍMERO , SISTEMA DE IMPLANTE: C/ SISTEMA INTRODUTOR , DIMENSÕES: CERCA DE 10 FR X 5 A 15 CM, COMPONENTE I: ANCORADORES EXTERNOS NAS EXTREMIDADES , COMPONENTE II: C/ MARCAS RADIOPACAS , ESTERILIDADE: ESTÉRIL, USO ÚNICO |INSTRUMENTOS, EQUIPAMENTOS E SUPRIMENTOS MÉDICOS  E  CIRÚRGICOS|ENDOPRÓTESE LUMINAL, TIPO: STENT , TIPO USO: BILIAR , COMPOSIÇÃO: POLÍMERO , SISTEMA DE IMPLANTE: C/ SISTEMA INTRODUTOR , DIMENSÕES: CERCA DE 10 FR X 5 A 15 CM, COMPONENTE I: ANCORADORES EXTERNOS NAS EXTREMIDADES , COMPONENTE II: C/ MARCAS RADIOPACAS , ESTERILIDADE: ESTÉRIL, USO ÚNICO |INSTRUMENTOS, EQUIPAMENTOS E SUPRIMENTOS MÉDICOS  E  CIRÚRGICOS|True|entrou
335961-1|2.0|2-3|profs_saude|EQUIPAMENTOS E ARTIGOS DE USO MEDICO, ODONTOLOGICO , HOSPITALAR E LABORATORIAL|MATERIAIS DE USO TECNICO HOSPITALAR|True|{'MM': {25.4, 254.0, 127.0}}|ESCOVA PARA LIMPEZA DE MATERIAL - CERDAS EM NYLON, ANTIMICROBIANAS,CABO ANATOMICO EM PLASTICO,COMPRIMENTO DO CABO 25,40CM E CERDAS MEDINDO 2,54 X 12,70CM,PARA LIMPEZA DE ARTIGOS GRANDES,EMBALAGEM DE ACORDO COM NORMAS VIGENTES.|ESCOVA LIMPEZA - CME, APLICAÇÃO: P/ CANULADO , MATERIAL CERDAS: CERDAS DE NYLON , PONTA ATIVA: EM UMA DAS EXTREMIDADES , DIÂMETRO PONTA: CERCA DE 2 MM, HASTE: HASTE LIGA METÁLICA , COMPRIMENTO TOTAL: CERCA DE 25 CM, TIPO USO: REPROCESSÁVEL |INSTRUMENTOS, EQUIPAMENTOS E SUPRIMENTOS MÉDICOS  E  CIRÚRGICOS|ESCOVA LIMPEZA - CME, APLICAÇÃO: P/ CANULADO , MATERIAL CERDAS: CERDAS DE NYLON , PONTA ATIVA: EM UMA DAS EXTREMIDADES , DIÂMETRO PONTA: CERCA DE 3 MM, HASTE: HASTE LIGA METÁLICA , COMPRIMENTO TOTAL: CERCA DE 25 CM, TIPO USO: REPROCESSÁVEL |INSTRUMENTOS, EQUIPAMENTOS E SUPRIMENTOS MÉDICOS  E  CIRÚRGICOS|True|entrou
514469-8|2.0|2-3|big_data|EQUIPAMENTOS E ARTIGOS DE USO MEDICO, ODONTOLOGICO , HOSPITALAR E LABORATORIAL|EQUIPAMENTOS MEDICO HOSPITALARES|True|{'V': {220.0}}|OXIMETRO DE PULSO - PARA VERIFICACAO NAO INVASIVA DA SPO2 E FREQUENCIA CARDIACA,COM ESCALA EM PORCENTAGEM E BATIMENTOS POR MINUTO,APRESENTAR CURVA PLESTIMOGRAFICA,.,COM TEMPO DE RESPOSTA RAPIDO,.,ALARME AUDIOVISUAL PARA VALORES MAXIMOS E MINIMOS DE SP02,ALARME VISUAL DE BATERIA FRACA,ACOMPANHA TODOS OS ACESSORIOS NECESSARIOS AO COMPLETO FUNCIONAMENTO DO EQUIPAMENTO,PARA USO EM PACIENTES ADULTOS, PEDIATRICOS E NEONATAIS,ALIMENTACAO ELETRICA 110/220V -  60HZ, COM COMUTACAO AUTOMATICA,DO TIPO PORTATIL|SELADORA ELÉTRICA, TIPO: PORTÁTIL, MANUAL COM BATERIA , APLICAÇÃO: P/ TUBOS DE BOLSAS DE SANGUE , CAPACIDADE: SOLDA MANUAL/ALTA , ACESSÓRIOS: INDICADOR VISUAL DA QUALIDADE DA SELAGEM , TIPO ALARME: SEM ALARME , OPERAÇÃO: PERMITE SOLDA ALTERNADA DE TUBOS(3/4,5MM)S/ AJUSTE , COMPONENTES: CARREGADOR P/BATERIA,DETECTOR CURTO-CIRCUITO , VOLTAGEM: 110 E OU 220V |MÁQUINAS DE EMBALAR E EMPACOTAR|OXÍMETRO USO MÉDICO, TIPO: PULSO , FAIXA MEDIÇÃO SATURAÇÃO 1: 0 A 100% , FAIXA MEDIÇÃO PULSO 1: CERCA  DE 20 A 250 BPM, AUTONOMIA SISTEMA 1: CERCA 32 H, ALIMENTAÇÃO: PILHA , ACESSÓRIOS: C/ SENSOR |MOBILIÁRIO, EQUIPAMENTOS, UTENSÍLIOS E  SUPRIMENTOS  HOSPITALARES|False|entrou
399097-4|3.0|2-3|big_data|EQUIPAMENTOS E ARTIGOS DE USO MEDICO, ODONTOLOGICO , HOSPITALAR E LABORATORIAL|MATERIAIS DE USO TECNICO HOSPITALAR|True|{'MM': {150.0}}|CURATIVO DE ALGINATO COM PRATA - ESTERIL,COM GRANDE CAPACIDADE DE ABSORCAO, COESO E NAO ADERENTE AO TECIDO PERMITINDO FACIL REMOCAO, INDOLOR,PODENDO SER MOLDADO, CORTADO OU DOBRADO,COMPOSTO DE CMC E PRATA,EM PLACA  DE 15,00 X 15,00CM APROXIMADAMENTE|CURATIVO / COBERTURA, APLICAÇÃO: P/ FERIDA , ASPECTO FÍSICO: PLACA , COMPOSIçãO: À BASE DE ALGINATO , COMPONENTE 2: C/ CMC , DIMENSÃO: CERCA DE 15 X 15 CM, ESTERILIDADE: ESTÉRIL |MATERIAIS CIRÚRGICOS PARA CURATIVOS|CURATIVO / COBERTURA, APLICAÇÃO: P/ FERIDA , ASPECTO FÍSICO: PLACA , COMPOSIçãO: À BASE DE HIDROCOLÓIDE , COMPONENTE 1: C/ PELÍCULA E ESPUMA PU , COMPONENTE 2: C/ ALGINATO , DIMENSÃO: CERCA DE 15 X 15 CM, ESTERILIDADE: ESTÉRIL |MATERIAIS CIRÚRGICOS PARA CURATIVOS|True|entrou
308617-8|2.0|2-3|big_data|EQUIPAMENTOS E ARTIGOS DE USO MEDICO, ODONTOLOGICO , HOSPITALAR E LABORATORIAL|CADASTRO PADRONIZADO DE MEDICAMENTOS|True|{'G': {0.0}}|TENOXICAM - CONCENTRACAO/DOSAGEM 40 MG,FORMA FARMACEUTICA PO LIOFILIZADO PARA SOLUCAO INJETAVEL,FORMA DE APRESENTACAO FRASCO-AMPOLA,VIA DE ADMINISTRACAO PARENTERAL|AZITROMICINA, DOSAGEM: 500 MG, APRESENTAÇÃO: PÓ LIOFILIZADO PARA SOLUÇÃO INJETÁVEL |DROGAS E MEDICAMENTOS|TERLIPRESSINA, COMPOSIÇÃO: ACETATO , CONCENTRAÇÃO: 1 MG, FORMA FARMACEUTICA: PÓ LIÓFILO P/ INJETÁVEL |DROGAS E MEDICAMENTOS|False|entrou
17452-1|1.0|1|big_data|EQUIPAMENTOS E ARTIGOS DE USO MEDICO, ODONTOLOGICO , HOSPITALAR E LABORATORIAL|REAGENTES QUIMICOS E BIOLOGICOS|True|{'G': {1230.0}}|GLICERINA - CATEGORIA P.A. PARA FINS BIOQUIMICOS, ETC, LIMITES MAXIMOS GLICERINA, PROPANOTRIOL, GLICEROL, TRIDOXIPANO, LI, DENSIDADE 1,23 KG/L ETC, SUBSTANCIAS REDUTORAS ACAO UMECTANTE E SOLVENTE, ACONDICIONADO EM DEVE SER ENVASADO EM LITRO, ROTULO COM CONSTAR IDENTIFICACAO, PROCEDENCIA, DATA DE FABRIC|GLICEROL, DOSAGEM: PURA E ESTÉRIL |DROGAS E MEDICAMENTOS|GLICEROL, DOSAGEM: PURA E ESTÉRIL |DROGAS E MEDICAMENTOS|True|entrou
386702-1|3.0|2-3|big_data|EQUIPAMENTOS E ARTIGOS DE USO MEDICO, ODONTOLOGICO , HOSPITALAR E LABORATORIAL|EQUIPAMENTOS MEDICO HOSPITALARES|True|{'V': {220.0}, 'MM': {50.0, 20.0}}|ELETROCARDIOGRAFO - PORTATIL,MULTICANAL, COM 3 CANAIS COM AQUISICAO SIMULTANEA DE 12 DERIVACOES, COM SELECAO DE DERIVACAO AUTOMATICA OU MANUAL,VARIACAO DE SENSIBILIDADE NO MINIMO PARA 5, 10, 20MM/MV,VELOCIDADE DE REGISTRODE 5, 25 A 50MM/S,COM FILTRO 60HZ, E PARA  TREMOR MUSCULAR DE 25 OU 35 HZ( PROGRAMAVEL) COM CAPACIDADE DE CAPTACAO DE QUALQUER DERIVACAO PRECORDIAL, DETECCAO  DE MARCAPASSO COM VARIACAO DE 1 A 50 MV/0.1 A MS , DISPLAY ICD,,,DISPLAY ICD  SOFTWARE NA LINGUA PORTUGUESA,PROTECAO CONTRA DESCARGA DE DESFIBRILADOR E BISTURI ELETRICO,IMPRESSORA  INTEGRADA AO APARELHO COM REGISTRO POR CABECA TERMICA DE ALTA RESOLUCAO EM PAPEL TERMOSENSIVEL MOSTRADOR INDICANDO FREQUENCIA CARDIACA , GANHO, VELOCIDADE, DERIVACAO ESCALA DE FREQUENCIA CARDIACA DE 30 A 300 BPM, SOFTWARE NA LINGUA PORTUGUESA,220 VOLTS, 60 HZ COM FILTRO, COM BATERIA INTERNA RECARREGAVEL COM AUTONOMIA DE PELO MENOS DUAS HORAS  EM USO NORMAL , FONTE DE ALIMENTACAO INCORPORADA AO CORPO DO EQUIPAMENTO E COM INDICACAO DE ALIMENTACAO PELA REDE ELETRICA OU PELA BATERIA,ACOMPANHA 01 CABO DE FORCA, 02 CABOS DE PACIENTES COM 10 VIAS COM PINO BANANA , 02 MACOS DE PAPEL DOBRADOS EM Z E PICOTADOS OU 02 DOIS ROLOS DE PAPEL TERMOSENSIVEL PARA REGISTRO, 6 ELETRODOS PRECORDIAIS DE SUCCAO, 4 ELETRODOS DE MEMBRO TIPO CLIPS, 1 FRASCO DE GEL E TODOS OS ACESSORIOS NECESSARIOS PARA O COMPLETO FUNCIONAMENTO DO EQUIPAMENTO,MANUAL DE OPERACAO, 1 ANO DE GARANTIA DE PECAS E SERVICOS, ASSISTENCIA TECNICA AUTORIZADA NA GRANDE RECIFE, INSTALACAO E TREINAMENTO, APARELHO EM CONFORMIDADE COM A NBR/IEC 601.1, 2-25 (EQUIPAMENTO ELETRO MEDICO-PARTE 1 - PRESCRICOES GERAIS DE SEGURANCA - COMPATIBILIDADE ELETROMAGNETICA) PARA ELETROCARDIOGRAFO, REGISTRO DE EQUIPAMENTO NA ANVISA/MS|"ELETROCARDIÓGRAFO*, APLICAÇÃO: ADULTO E PEDIÁTRICO , NÚMERO DE CANAIS: 12 , TIPO TELA DO CONSOLE: TELA CERCA DE 7 A 11´"" COM VISOR GRÁFICO , MODELO CONSOLE: OPERAÇÃO NO CONSOLE , ALIMENTAÇÃO: BIVOLT AUTOMÁTICO E BATERIA RECARREGÁVEL , TRANSFERÊNCIA DE DADOS: COM E SEM FIO , IMPRESSORA: COM IMPRESSORA INTEGRADA "|MOBILIÁRIO, EQUIPAMENTOS, UTENSÍLIOS E  SUPRIMENTOS  HOSPITALARES|"ELETROCARDIÓGRAFO*, APLICAÇÃO: ADULTO, PEDIÁTRICO E NEONATAL , NÚMERO DE CANAIS: 3, 6 E 12 , TIPO TELA DO CONSOLE: TELA CERCA DE 12 A 15´"" COM VISOR GRÁFICO , MODELO CONSOLE: OPERAÇÃO NO CONSOLE , ALIMENTAÇÃO: BIVOLT AUTOMÁTICO , TRANSFERÊNCIA DE DADOS: COM E SEM FIO , IMPRESSORA: COM IMPRESSORA INTEGRADA "|MOBILIÁRIO, EQUIPAMENTOS, UTENSÍLIOS E  SUPRIMENTOS  HOSPITALARES|True|entrou
397396-4|3.0|2-3|big_data|EQUIPAMENTOS E ARTIGOS DE USO MEDICO, ODONTOLOGICO , HOSPITALAR E LABORATORIAL|ORTESES, PROTESES E MATERIAIS AUXILIARES|True|{'MM': {4.0, 4.5, 10.0, 12.0, 20.0, 92.0}}|PARAFUSO CENTRAL P/PLACA CERVICAL - EM TITANIO, PARA FIXACAO DE PLACA CERVICAL, COM ANGULO VARIAVEL,DIAMETRO PADRAO DE 4,00MM A 4,50MM, COMPRIMENTO PADRAO DE 10,00MM A 20,00MM, COMPATIVEL COM PLACA CERVICAL DE 12,00MM A 92,00MM|SISTEMA FIXAÇÃO COLUNA VERTEBRAL, COMPONENTE: PLACA CERVICAL ANTERIOR , MATERIAL: TITÂNIO , MODELO: COM CURVA LORDÓTICA , APLICAÇÃO: 4 SEGMENTOS , DIÂMETRO FURO: P/ PARAFUSO CERCA DE 4,0 - 4,5 MM, TIPO USO: USO ÚNICO , APRESENTAÇÃO: EMBALAGEM INDIVIDUAL |INSTRUMENTOS, EQUIPAMENTOS E SUPRIMENTOS MÉDICOS  E  CIRÚRGICOS|PARAFUSO ÓSSEO - PEQUENOS E GRANDES FRAGMENTOS, MATERIAL: TITÂNIO , TIPO FIXAÇÃO: P/ FIXAÇÃO RÍGIDA , TIPO: CORTICAL , MODELO: BLOQUEIO , MODELO ROSCA: ROSCA TOTAL , DIÂMETRO: CERCA DE 4,5 MM|INSTRUMENTOS, EQUIPAMENTOS E SUPRIMENTOS MÉDICOS  E  CIRÚRGICOS|False|entrou
612103-9|1.0|1|big_data|ARTIGOS DE HIGIENE|UTENSILIOS PARA HIGIENE PESSOAL|True|{'MM': {200.0, 75.0, 150.0}, 'V': {220.0}}|ESTERILIZADOR DE INSTRUMENTOS - EM ACO INOXIDAVEL,COM POLIMENTO METALICO,DO TIPO ESTUFA ESTERILIZADORA DE MESA PARA MANICURE E PODOLOGIA,MEDINDO 20,00X15,00X7,50CM (CXLXA),220V|ESTUFA DE SECAGEM DE PINTURA, TIPO *: CABINE LED/UV , POTÊNCIA MÍNIMA: 48 W, TENSÃO: 110/220 V, USO: MANICURE/PEDICURE , CARACTERÍSTICAS ADICIONAIS: COM TEMPORIZADOR |FORNALHAS, FORNOS E ESTUFAS INDUSTRIAIS|ESTUFA DE SECAGEM DE PINTURA, TIPO *: CABINE LED/UV , POTÊNCIA MÍNIMA: 48 W, TENSÃO: 110/220 V, USO: MANICURE/PEDICURE , CARACTERÍSTICAS ADICIONAIS: COM TEMPORIZADOR |FORNALHAS, FORNOS E ESTUFAS INDUSTRIAIS|True|entrou
439738-0|2.0|2-3|big_data|EQUIPAMENTOS E ARTIGOS DE USO MEDICO, ODONTOLOGICO , HOSPITALAR E LABORATORIAL|PRODUTOS E INSUMOS PARA DIETAS ESPECIAIS|True|{'PCT': {0.0}, 'ML': {100.0}}|ALIMENTO PARA DIETA ENTERAL OU ORAL - COMPLEMENTO ALIMENTAR LACTEO,PARA ADOLESCENTE, ADULTOS E IDOSOS COM MAUS HABITOS ALIMENTARES E/OU QUE NECESSITEM DE UM APORTE MAIOR DE NUTRIENTES.,COM 0 POR CENTO DE GORDURA E COLESTEROL,FORNECE CARBOIDRATOS, PROTEINAS, TODAS AS VITAMINAS E MINERAIS, ALEM DE COLINA E INOSITOL,NAO CONTEM GLUTEN,PO,COM DENSIDADE CALORICA DE 105 KCAL/100 ML,EMBALAGEM EM LATA|DIETA INFANTIL, INDICAÇÃO: A PARTIR 3 ANOS , ASPECTO FÍSICO: PÓ , USO: ENTERAL OU ORAL , CARACTERÍSTICA: HIPERCALÓRICO , FONTE DE PROTEÍNA: LEITE DESNATADO , FONTE DE CARBOIDRATO: LACTOSE E/OU MALTODEXTRINA E/OU SACAROSE , FONTE DE LIPÍDIOS: GORDURA LÁCTEA , COMPONENTES ADICIONAIS: VITAMINAS E MINERAIS , CARACTERÍSTICAS ADICIONAIS: ISENTO GLÚTEN , SABOR: C/SABOR |ALIMENTOS ESPECIAIS DIETÉTICOS E PREPARADOS ALIMENTÍCIOS|DIETA ENTERAL, ASPECTO FÍSICO: PÓ , USO: ENTERAL OU ORAL , CARACTERÍSTICAS: NORMOCALÓRICA,NORMOPROTEÍCA , FONTE DE PROTEÍNA: SORO LEITE HIDROLISADA , FONTE DE CARBOIDRATO: MALTODEXTRINA, SACAROSE E/OU AMIDO , FONTE DE LIPÍDIOS: ÓLEOS VEGETAIS E/OU TCM , COMPONENTES ADICIONAIS: VITAMINAS E MINERAIS , CARACTERÍSTICAS ADICIONAIS: ISENTA LACTOSE E GLÚTEN , SABOR: C/SABOR |ALIMENTOS ESPECIAIS DIETÉTICOS E PREPARADOS ALIMENTÍCIOS|False|entrou
303707-0|2.0|2-3|profs_saude|EQUIPAMENTOS E ARTIGOS DE USO MEDICO, ODONTOLOGICO , HOSPITALAR E LABORATORIAL|MATERIAIS DE USO TECNICO HOSPITALAR|True|{'ML': {31000.0, 2.0, 100.0}, 'MM': {1200.0}}|KIT PARA DRENAGEM - KIT PARA DRENAGEM TORACICA,COMPOSTO DE CATETER (DRENO), TUBO E FRASCO COLETOR (RESERVATORIO),CATETER MULTIPERFURADO,EM PVC ,RADIOPACO, N-. 34,COM TUBO EXTENSOR A PARTIR DE 1,20M,COM CAPACIDADE DO RESERVATORIO DE 2.000ML,GRADUADO A CADA 100ML,TRANSPARENTE, ATOXICO, COM SUPORTE PARA POSICIONAMENTO VERTICAL,TAMPA DE ROSCA COM PERFEITA VEDACAO E COM TRES VIAS,ESTERIL,COMBINADO COM O ART.31 L.8078/90, CONTENDO DADOS DE IDENTIFICACAO E PROCEDENCIA,DEVENDO CONSTAR. ART.31 L.8078/90 PORT.CONJ.N.1 DE 23/1/96-MS, CONTENDO DADOS DE VALIDADE, LOTE E REGISTRO NO MS|SISTEMA COLETOR PARA DRENO DE TÓRAX, TIPO: SELO D'ÁGUA , MODELO RECIPIENTE: FRASCO RÍGIDO, GRADUADO , MATERIAL: POLÍMERO TRANSPARENTE , VOLUME: CERCA DE 2000 ML, VEDAÇÃO: TAMPA ROSQUEÁVEL 3 VIAS , EXTENSOR: EXTENSOR C/ CLAMP, CONECTOR P/ DRENO , COMPONENTES: ALÇA DE TRANSPORTE / FIXAÇÃO , ESTERILIDADE: ESTÉRIL, USO ÚNICO |INSTRUMENTOS, EQUIPAMENTOS E SUPRIMENTOS MÉDICOS  E  CIRÚRGICOS|SISTEMA COLETOR PARA DRENO DE TÓRAX, TIPO: SELO D'ÁGUA , MODELO RECIPIENTE: FRASCO RÍGIDO, GRADUADO , MATERIAL: POLÍMERO TRANSPARENTE , VOLUME: CERCA DE 2000 ML, VEDAÇÃO: TAMPA ROSQUEÁVEL 2 VIAS , EXTENSOR: EXTENSOR C/ CLAMP, CONECTOR P/ DRENO , COMPONENTES: ALÇA DE TRANSPORTE / FIXAÇÃO , ESTERILIDADE: ESTÉRIL, USO ÚNICO |INSTRUMENTOS, EQUIPAMENTOS E SUPRIMENTOS MÉDICOS  E  CIRÚRGICOS|True|entrou
487517-6|2.0|2-3|big_data|MOBILIARIOS EM GERAL|DEPOSITO, ARMAZENAGEM E ESTOCAGEM - CADASTRO PADRONIZADO|True|{'MM': {920.0, 420.0, 2000.0}, 'PCT': {5.0}}|ARMARIO - TIPO ESTANTE,EM ACO INOX,SEM REVESTIMENTO,MEDINDO 42,00X92,00X200,00CM (PXLXA),DIMENSOES COM VARIACAO DE ATE 5%,SEM PORTAS,COM 6 PRATELEIRAS,SEM GAVETAS|ARMÁRIO AÇO, ACABAMENTO SUPERFICIAL: PINTURA ELETROSTÁTICA EPÓXI-PÓ , QUANTIDADE PORTAS: 2 UN, QUANTIDADE PRATELEIRAS: 4 UN, ALTURA: 1,85 M, LARGURA: 90 CM, PROFUNDIDADE: 0,45 M, CARACTERÍSTICAS ADICIONAIS: PORTAS COM PUXADOR E FECHADURA, PRATELEIRAS REGULÁ , MATERIAL: CHAPA DE AÇO |ARMÁRIOS E ESTANTES|ARMÁRIO ESTANTE, MATERIAL: MADEIRA MDF , REVESTIMENTO: LAMINADO MELAMÍNICO , PADRÃO ACABAMENTO: CEREJEIRA , QUANTIDADE PRATELEIRAS EXTERNAS: 3 UN, CARACTERÍSTICA PORTA: COM DOBRADIÇAS E CHAVE , LARGURA: 0,90 M, PROFUNDIDADE: 0,45 M, ALTURA: 1,80 M, QUANTIDADE PORTAS: 2 UN, CARACTERÍSTICAS ADICIONAIS: PRATELEIRAS VAZADAS E REMOVÍVEIS |ARMÁRIOS E ESTANTES|False|entrou
173563-2|1.0|1|profs_saude|EQUIPAMENTOS E ARTIGOS DE USO MEDICO, ODONTOLOGICO , HOSPITALAR E LABORATORIAL|MATERIAIS DE USO TECNICO HOSPITALAR|True|{'MM': {25.0}, 'ML': {31000.0}}|FIO DE SUTURA DE POLIPROPILENO - EM POLIPROPILENO, FIO DE SUTURA CALIBRE 3-0, COM 2 AGULHAS E 2,5 CM DE CORDA P/CIRURGIA CARDIO-VASCULAR, .., EM ENVELOPE INDIVIDUAL, EM MATERIAL QUE GARANTA BARREIRA MICROBIANA E COMBINADO COM O ARTIGO 31 DA LEI 8078/90, A APRESENTACAO DO PRODUTO DEVERA OBEDECER A ART.31 L.8078/90 PORT.CONJ.N.1 DE 23/1/96-M.SAUDE|FIO DE SUTURA AGULHADO, MATERIAL FIO: POLIPROPILENO AZUL , MODELO FIO: MONOFILAMENTAR , DIÂMETRO FIO: 3-0 , COMPRIMENTO FIO: CERCA DE 70 CM, TIPO AGULHA: 2 AGULHAS 1/2 CÍRCULO NAS EXTREMIDADES , MODELO AGULHA: CILÍNDRICA , COMPRIMENTO AGULHA: CERCA DE 26 MM, ESTERILIDADE: ESTÉRIL , APRESENTAçãO: EMBALAGEM INDIVIDUAL |INSTRUMENTOS, EQUIPAMENTOS E SUPRIMENTOS MÉDICOS  E  CIRÚRGICOS|FIO DE SUTURA AGULHADO, MATERIAL FIO: POLIPROPILENO AZUL , MODELO FIO: MONOFILAMENTAR , DIÂMETRO FIO: 3-0 , COMPRIMENTO FIO: CERCA DE 70 CM, TIPO AGULHA: 2 AGULHAS 1/2 CÍRCULO NAS EXTREMIDADES , MODELO AGULHA: CILÍNDRICA , COMPRIMENTO AGULHA: CERCA DE 26 MM, ESTERILIDADE: ESTÉRIL , APRESENTAçãO: EMBALAGEM INDIVIDUAL |INSTRUMENTOS, EQUIPAMENTOS E SUPRIMENTOS MÉDICOS  E  CIRÚRGICOS|True|entrou
308658-5|3.0|2-3|big_data|EQUIPAMENTOS E ARTIGOS DE USO MEDICO, ODONTOLOGICO , HOSPITALAR E LABORATORIAL|INSUMOS PARA AS AREAS HEMATOLOGICAS E HEMOTERAPICAS|False||REAGENTES E INSUMOS PARA TESTES DE COAGULACAO - REAGENTE CEFALINA,COAGULOMETRICO AUTOMATIZADO,LIQUIDA, COMPOSTA DE FOSFOLIPIDEOS SINTETICOS E SILICA COLOIDAL, PARA REALIZACAO DOS TESTE DE TTPA E DOSAGEM DOS FATORES DA VIA INTRISICA DA COAGULACAO EM PLASMA HUMANO CITRATADO,PARA USO EM EQUIPAMENTO DE HEMOSTASIA,VALORES NORMAIS DE 25 A 30 SEGUDOS E RATIO DE 0,8 A 1,2,ACOMPANHADA DE CLORETO DE CALCIO A 0,025 MOL/L,VALIDADE MINIMA DE 12 MESES APOS A ENTREGA,BULA, ROTULO DO FABRICANTE COM DATA DE FABRICACAO, VALIDADE E NUMERO DO LOTE, REGISTRO NO MS|REAGENTE PARA DIAGNÓSTICO CLÍNICO 7, TIPO: CONJUNTO COMPLETO PARA AUTOMAÇÃO , TIPO DE ANÁLISE: QUANTITATIVO DE ANTICOAGULANTES LÚPICOS , MÉTODO: COAGULAÇÃO , APRESENTAÇÃO: TESTE |"SUBSTÂNCIAS PARA DIAGNÓSTICO ""IN VITRO"",  REAGENTES,  CONJUNTOS E JOGOS PARA TESTE"|REAGENTE PARA DIAGNÓSTICO CLÍNICO 5, TIPO: CONJUNTO COMPLETO , TIPO DE ANÁLISE: TEMPO DE TROMBOPLASTINA PARCIAL ATIVADA , MÉTODO: COAGULOMETRIA , APRESENTAÇÃO: TESTE |"SUBSTÂNCIAS PARA DIAGNÓSTICO ""IN VITRO"",  REAGENTES,  CONJUNTOS E JOGOS PARA TESTE"|False|entrou
607923-7|1.0|1|big_data|EQUIPAMENTOS FOTOGRAFICOS, FILMOGRAFICOS E FONOGRAFICOS|EQUIPAMENTOS FOTOGRAFICOS E SEUS ACESSORIOS|True|{'MM': {450.0, 850.0}, 'PCT': {18.0}}|CABINE - TIPO CENARIO FOTOGRAFICO COM PAINEL DE FUNDO AJUSTAVEL, ESTRUTURA PORTATIL UTILIZADA COMO FUNDO BRANCO PARA FOTOS DE IDENTIFICACAO, COM CARACTERISTICAS QUE EVITAM SOMBRAS, BRILHOS E PERMITEM CALIBRACAO DE IMAGEM,ALUMINIO E PLASTICO DE ALTA RESISTENCIA,PINTURA RESISTENTE A OXIDACAO, ACABAMENTO PRETO FOSCO,PAINEL COM HASTE TELESCOPICA AJUSTAVEL E MONTAGEM SEM FERRAMENTAS,ALTURA AJUSTAVEL DA BASE ENTRE 0,45M E 0,85M DO CHAO COMPOSICOES,FUNDO BRANCO ANTIRREFLEXO PARA FOTOGRAFIA PADRAO, EQUIPAMENTO LEVE E RESISTENTE, IDEAL PARA USO EM AMBIENTES DE COLETA BIOMETRICA COM EXIGENCIA DE PADRAO FOTOGRAFICO UNIFORME,VERSO CINZA NEUTRO 18% PARA AJUSTE DE WHITE BALANCE (CALIBRACAO DE COR),HASTE TELESCOPICA COM 03 SECOES,BASE DE APOIO REGULAVEL,ESTRUTURA DE ENCAIXE LEVE E DE FACIL TRANSPORTE,SISTEMA DE MONTAGEM INTUITIVA SEM NECESSIDADE DE FERRAMENTAS|EQUIPAMENTO / ACESSÓRIOS FOTOGRÁFICOS, TIPO: FUNDO FOTOGRÁFICO , MATERIAL: ALUMÍNIO ANODIZADO , CARACTERíSTICAS ADICIONAIS: DOBRÁVEL E PORTÁTIL , APLICAçãO: BIOMETRIA , DIMENSÕES: 65 X 85 CM|EQUIPAMENTO PARA REVELAÇÃO E ACABAMENTO FOTOGRÁFICO|EQUIPAMENTO / ACESSÓRIOS FOTOGRÁFICOS, TIPO: FUNDO FOTOGRÁFICO , MATERIAL: ALUMÍNIO ANODIZADO , CARACTERíSTICAS ADICIONAIS: DOBRÁVEL E PORTÁTIL , APLICAçãO: BIOMETRIA , DIMENSÕES: 65 X 85 CM|EQUIPAMENTO PARA REVELAÇÃO E ACABAMENTO FOTOGRÁFICO|True|entrou
191414-6|1.0|1|big_data|EQUIPAMENTOS E ARTIGOS DE USO MEDICO, ODONTOLOGICO , HOSPITALAR E LABORATORIAL|EQUIPAMENTOS DE USO LABORATORIAL|True|{'ML': {500.0}, 'V': {220.0}}|SISTEMA DE REFRIGERACAO PARA BANCO DE SANGUE - COM CAPACIDADE DE 270 BOLSAS DE 500 ML, GELADEIRA VERTICAL, COM 1 PORTAS INTERNAS E 5 GAVETAS EM ACO INOX, RODIZIOS REGULAVEIS,, EM PINTURA ELETROSTATICA,, COM CONTROLE DE TEMPERATURA MICROPROCESSADO,C/ TEMPERATURA DE TRABALHO DE +4-C COM VARIACAO +/- 2-C DE ACORDO COM A RDC 153, COM ALARMES SONORO E AUDIO VISUAIS DE MAXIMA E MINIMA TEMPERATURA E DE FALTA DE ENERGIA, COM REGISTRO GRAFICO CONTINUO E ININTERRUPTO DE TEMPERATURA CIRCULAR PARA NO MINIMO 7 DIAS COM BACKUP DE BATERIA, COM MOSTRADOR TIPO DIGITAL, PORTA DE VIDRO VERTICAL C/ TRIPLA PAREDECOM FECHO MAGNETICO, ALIMENTACAO: 220V - 60 HZ, INCLUI: MANUAIS, GARANTIA,INSTALACAO,TREINAMENTO,ASSIST.TECNICA,DEMAIS INF. COMPLEMENTARES VIDE EDITAL.|CÂMARA CONSERVAÇÃO, APLICAÇÃO: ARMAZENAMENTO DE CONCENTRADO DE HEMÁCIAS , TIPO GABINETE: EXPOSITOR , TEMPERATURA: REGISTRADOR CONTÍNUO DE TEMPERATURA,2 A 6°C , CAPACIDADE ARMAZENAGEM: 300 BOLSAS,6 GAVETAS , ACESSÓRIOS: ALARME SONORO E VISUAL , CARACTERÍSTICAS ADICIONAIS: PORTA DE VIDRO |EQUIPAMENTO PARA REFRIGERAÇÃO|CÂMARA CONSERVAÇÃO, APLICAÇÃO: ARMAZENAMENTO DE CONCENTRADO DE HEMÁCIAS , TIPO GABINETE: EXPOSITOR , TEMPERATURA: REGISTRADOR CONTÍNUO DE TEMPERATURA,2 A 6°C , CAPACIDADE ARMAZENAGEM: 300 BOLSAS,6 GAVETAS , ACESSÓRIOS: ALARME SONORO E VISUAL , CARACTERÍSTICAS ADICIONAIS: PORTA DE VIDRO |EQUIPAMENTO PARA REFRIGERAÇÃO|True|entrou
475411-5|1.0|1|profs_saude|EQUIPAMENTOS E ARTIGOS DE USO MEDICO, ODONTOLOGICO , HOSPITALAR E LABORATORIAL|MATERIAIS DE USO TECNICO HOSPITALAR|True|{'MM': {20.0}}|FIO DE SUTURA POLIESTER - TRANCADO MULTIFILAMENTAR,N. 2-0,COM  AGULHAS CILINDRICAS ATRAUMATICAS DE APROXIMADAMENTE 2,00CM,1/2 CIRCULO,PARA USO CARDIOVASCULAR|FIO DE SUTURA AGULHADO, MATERIAL FIO: POLIÉSTER VERDE , MODELO FIO: MULTIFILAMENTAR , DIÂMETRO FIO: 2-0 , COMPRIMENTO FIO: CERCA DE 70 CM, TIPO AGULHA: 2 AGULHAS 1/2 CÍRCULO NAS EXTREMIDADES , MODELO AGULHA: CILÍNDRICA , COMPRIMENTO AGULHA: CERCA DE 20 MM, ESTERILIDADE: ESTÉRIL , APRESENTAçãO: EMBALAGEM INDIVIDUAL |INSTRUMENTOS, EQUIPAMENTOS E SUPRIMENTOS MÉDICOS  E  CIRÚRGICOS|FIO DE SUTURA AGULHADO, MATERIAL FIO: POLIÉSTER VERDE , MODELO FIO: MULTIFILAMENTAR , DIÂMETRO FIO: 2-0 , COMPRIMENTO FIO: CERCA DE 70 CM, TIPO AGULHA: 2 AGULHAS 1/2 CÍRCULO NAS EXTREMIDADES , MODELO AGULHA: CILÍNDRICA , COMPRIMENTO AGULHA: CERCA DE 20 MM, ESTERILIDADE: ESTÉRIL , APRESENTAçãO: EMBALAGEM INDIVIDUAL |INSTRUMENTOS, EQUIPAMENTOS E SUPRIMENTOS MÉDICOS  E  CIRÚRGICOS|True|entrou
604489-1|3.0|2-3|big_data|INSTRUMENTOS E EQUIPAMENTOS DE CONTROLE E MEDICAO E GASES COMPRIMIDOS E LIQUEFEITOS|INSTRUMENTOS DE TOPOGRAFIA|True|{'MM': {66.0}}|"RECEPTOR GPS - DO TIPO GPS ESPORTIVO PORTATIL, COM TELA DE 2,6"".,RECEPTOR GPS E GLONASS DE ALTA SENSIBILIDADE,MEMORIA INTERNA DE 4GB, ACEITA SLOT MICROS,GRAVA 5000 WAYPOINTS, 200 ROTAS, ROBUSTO E A PROVA DAGUA IPX7,BATERIA COM CAPACIDADE DE 16 HORAS,RECEBE NOTIFICACOES DE E-MAILS, TEXTOS E ALERTAS DO IPHONE 4S OU POSTERIOR,COMPATIVEL COM BASECAMP MOBILE E GARMIN CONNECT MOBILE (LIVETRACK),1 GPSMAP 64S, 1 PRESILHA PARA MOSQUETAO, 1 CABO US, SLOT CART MICROSD,BUSSOLA DE 3 EIXOS, ACELEROMETRO, ALTIMETRO BAROMETRICO (GPSMAP64S),CONECTIVIDADE SEM FIO ANT E BLUETOOTH"|RECEPTOR, QUANTIDADE CANAIS: 12 , CARACTERÍSTICAS ADICIONAIS: RECEPTOR DE GPS, ALTÍMETRO, BARÔMETRO, CONEXÃOUSB , APLICAÇÃO: EQUIPAMENTO DE ORIENTAÇÃO , MODELO: VISTA H |OUTROS EQUIPAMENTOS CRIPTOLÓGICOS E COMPONENTES|SISTEMA GLOBAL DE POSICIONAMENTO - GLOBAL, TIPO: DIGITAL , DISPLAY: TELA 2.6 POLEGADAS , PADRÃO: SISTEMA DE SATÉLITE: GPS E GLONASS , MEMÓRIA: 4 GB, CARACTERÍSTICAS ADICIONAIS: CABO USB, ANTENA, BUSSOLA 3 EIXO |EQUIPAMENTOS DE ENTRADA DE DADOS|False|entrou
119860-2|1.0|1|big_data|EQUIPAMENTOS E ARTIGOS DE USO MEDICO, ODONTOLOGICO , HOSPITALAR E LABORATORIAL|COMPONENTES PARA EQUIPAMENTOS MEDICO HOSPITALARES|True|{'MM': {16.0, 0.0, 900.0}, 'FR': {3.0}}|"PINCA BASKET - EM ACO INOX, DESMONTAVEL, PARA RETIRADA DE CALCULO URETERAL,, COM 04 FIOS LAMINADOS DE 16MM DE DIAMETRO, PONTA ""0"",90CM DE COMPRIMENTO, 3.0 FR, COM STORZ, EM AUTOCLAVE OU OXIDO DE ETILENO"|SISTEMA EXTRATOR, MATERIAL: AÇO INOXIDÁVEL , TIPO: DORMIA C/ CESTA C/ 4 FIOS , CALIBRE: CERCA DE 3 FRENCH, COMPRIMENTO: CERCA DE 90 CM, APLICAÇÃO: P/ CÁLCULO RENAL OU URETERAL , ESTERILIDADE: ESTÉRIL, DESCARTÁVEL |INSTRUMENTOS, EQUIPAMENTOS E SUPRIMENTOS MÉDICOS  E  CIRÚRGICOS|SISTEMA EXTRATOR, MATERIAL: AÇO INOXIDÁVEL , TIPO: DORMIA C/ CESTA C/ 4 FIOS , CALIBRE: CERCA DE 3 FRENCH, COMPRIMENTO: CERCA DE 90 CM, APLICAÇÃO: P/ CÁLCULO RENAL OU URETERAL , ESTERILIDADE: ESTÉRIL, DESCARTÁVEL |INSTRUMENTOS, EQUIPAMENTOS E SUPRIMENTOS MÉDICOS  E  CIRÚRGICOS|True|entrou
333956-4|2.0|2-3|profs_saude|EQUIPAMENTOS E ARTIGOS DE USO MEDICO, ODONTOLOGICO , HOSPITALAR E LABORATORIAL|MATERIAIS DE USO TECNICO HOSPITALAR|True|{'MM': {178.0}}|ESCOVA PARA LIMPEZA DE MATERIAL - CERDAS EM NYLON,ANTIMICROBIANAS NAS DUAS EXTREMIDADES, CABO EM POLIPROPILENO ANTIDERRAPANTE,17,8CM DE COMPRIMENTO,PARA LIMPEZA DE INSTRUMENTAIS,EMBALAGEM DE ACORDO COM NORMAS VIGENTES.|ESCOVA LIMPEZA - CME, APLICAÇÃO: P/ ENDOSCÓPIO , MATERIAL CERDAS: CERDAS DE NYLON , PONTA ATIVA: EM UMA DAS EXTREMIDADES , DIÂMETRO PONTA: CERCA DE 6 MM, HASTE: HASTE FLEXÍVEL , COMPRIMENTO TOTAL: CERCA DE 220 CM, TIPO USO: DESCARTÁVEL |INSTRUMENTOS, EQUIPAMENTOS E SUPRIMENTOS MÉDICOS  E  CIRÚRGICOS|ESCOVA LIMPEZA GERAL, MATERIAL CORPO: PLÁSTICO , MATERIAL CERDAS: NÁILON , CARACTERÍSTICAS ADICIONAIS: CERDAS NAS DUAS EXTREMIDADES , COMPRIMENTO: CERCA DE 20 CM, APLICAÇÃO: LIMPEZA DE INSTRUMENTOS EM GERAL |VASSOURAS, ESCOVAS, RODOS, ESPONJAS E ESFREGÕES|False|entrou
187474-8|2.0|2-3|big_data|INFORMATICA|EQUIPAMENTOS DE REDE LOCAL|False||SWITCH - COMUTADOR PARA REDE LOCAL ETHERNET, TIPO SWITCH, 16 PORTAS ETHERNET 10/100 NORMA BASE TX PADRAO IEEE 802.3 E IEEE 802.3U, LEDS INDICADORES DE OPERACAO E STATUS DAS PORTASDA REDE LOCAL, CONECTORES RJ-45, COMPATIVEIS COM O PADRAO EIA/TIA CATEGORIA 5, FONTE COMUTAVEL AUTOMATICAMENTE PARA TENSOES DE ENTRADA DE 115 E 220VAC, GARANTIA MINIMA DE 01 ANO FORNECIDA PELO FABRICANTE|SWITCH, QUANTIDADE PORTAS: 48 UN, TIPO PORTAS: 10/100/1000 BASE T , VELOCIDADE PORTA: 1 GB , ALIMENTAÇÃO: 110/220 V, CARACTERÍSTICAS ADICIONAIS: 1 FONTE ENERGIA, 2 PORTAS 1/10 GIGABIT ETHERNET SF |EQUIPAMENTOS DE REDE DE TIC - LOCAL E REMOTA|SWITCH, QUANTIDADE PORTAS: 16 UN, TIPO PORTAS: FULL/HALF DUPLEX , VELOCIDADE PORTA: 10/100 BASE TX , SUPORTE VLAN: 4 MB, ALIMENTAÇÃO: 110/220 V, FREQUÊNCIA: 50/60 HZ, CARACTERÍSTICAS ADICIONAIS: AUTO-SENSE E AUTONEGOCIÁVEIS, AUTO MDI/MDIX COM CO , APLICAÇÃO: CONECTAR MICROCOMPUTADOR À REDE |EQUIPAMENTOS DE REDE DE TIC - LOCAL E REMOTA|True|entrou
80153-4|2.0|2-3|big_data|EQUIPAMENTOS E ARTIGOS DE USO MEDICO, ODONTOLOGICO , HOSPITALAR E LABORATORIAL|ORTESES, PROTESES E MATERIAIS AUXILIARES|False||ARRUELA PARA PARAFUSO CANULADO EM ACO - EM ACO INOXIDAVEL AISI 400|PRÓTESE DE QUADRIL, MATERIAL: AÇO INOXIDÁVEL , COMPONENTE: PARAFUSO ACETABULAR , DIÂMETRO: CERCA DE 6,5 MM|INSTRUMENTOS, EQUIPAMENTOS E SUPRIMENTOS MÉDICOS  E  CIRÚRGICOS|ARRUELA ORTOPÉDICA, MATERIAL: AÇO INOXIDÁVEL , TIPO: LISA , APLICAÇÃO: P/ OSTEOSSÍNTESE DE PEQUENOS E GRANDES FRAGMENTOS , TIPO USO:: USO ÚNICO , APRESENTAÇÃO: EMBALAGEM INDIVIDUAL |INSTRUMENTOS, EQUIPAMENTOS E SUPRIMENTOS MÉDICOS  E  CIRÚRGICOS|False|entrou
523610-0|3.0|2-3|big_data|VESTUARIOS, EQUIPAMENTOS INDIVIDUAIS E INSIGNIAS|UNIFORMES MILITARES|True|{'MM': {620.0}}|CAPACETE - CASCO EM ABS (POLICARBONATO) ALTAMENTE RESISTENTE A IMPACTOS, NA COR PRETO LISO, PROTECAO INTERNA EM EPS, 11 ABERTURAS PARA VENTILACAO DISTRIBUIDAS NA PARTE FRONTAL, FORRO REMOVIVEL FIXADO ATRAVES DE VELCRON E LAVAVEL, PALA DO CAPACETE INTEGRADA AO CASCO, SENDO DO MESMO MATERIAL E FORMATO, FECHAMENTO E REGULAGEM POR MEIO DE TRIDENTE,PARA ATIVIDADE EQUESTRE,TAMANHOS VARIANDO ENTRE 53 E 62CM.|CAPACETE CONDUTOR MOTOCICLETA, MATERIAL: POLICARBONATO , TIPO: MODULAR , TIPO VISEIRA: CRISTAL , COR: BRANCO , CARACTERíSTICAS ADICIONAIS: QUEIXEIRA ESCAMOTEÁVEL |EQUIPAMENTO PARA SEGURANÇA E SALVAMENTO|CAPACETE SEGURANÇA, MATERIAL: ACRILONITRILA-BUTADIENO-ESTIRENO (ABS) , APLICAÇÃO: HIPISMO , CARACTERÍSTICAS ADICIONAIS: FORRADO COM ESPUMA E TECIDO/FIXAÇÃO DE TRÊS PONTAS |EQUIPAMENTO PARA SEGURANÇA E SALVAMENTO|False|entrou
521689-3|1.0|1|big_data|EQUIPAMENTOS E ARTIGOS DE USO MEDICO, ODONTOLOGICO , HOSPITALAR E LABORATORIAL|MATERIAIS ESPECIFICOS DE DEMANDA JUDICIAL|False||MATERIAIS MEDICO-HOSPITALARES PARA DEMANDA JUDICIAL - DO TIPO ADESIVO CIRURGICO PARA TRAQUEOSTOMIA,MARCA PROVOX STABILIBASE|FIXADOR P/ DISPOSITIVO MÉDICO, APLICAÇÃO: P/ FILTRO RESPIRATÓRIO EM TRAQUEOSTOMIA , MATERIAL: BASE ADESIVA DE NÃO TECIDO , COMPONENTE ADICIONAL: FENESTRADO, USO EM LARINGECTOMIZADO , TAMANHO: TAMANHO ÚNICO , TIPO USO: ESTÉRIL , EMBALAGEM: EMBALAGEM INDIVIDUAL |INSTRUMENTOS, EQUIPAMENTOS E SUPRIMENTOS MÉDICOS  E  CIRÚRGICOS|FIXADOR P/ DISPOSITIVO MÉDICO, APLICAÇÃO: P/ FILTRO RESPIRATÓRIO EM TRAQUEOSTOMIA , MATERIAL: BASE ADESIVA DE NÃO TECIDO , COMPONENTE ADICIONAL: FENESTRADO, USO EM LARINGECTOMIZADO , TAMANHO: TAMANHO ÚNICO , TIPO USO: ESTÉRIL , EMBALAGEM: EMBALAGEM INDIVIDUAL |INSTRUMENTOS, EQUIPAMENTOS E SUPRIMENTOS MÉDICOS  E  CIRÚRGICOS|True|entrou
409094-2|1.0|1|big_data|EQUIPAMENTOS E ARTIGOS DE USO MEDICO, ODONTOLOGICO , HOSPITALAR E LABORATORIAL|VIDRARIAS, CORRELATOS E INSUMOS P/ USO LABORATORIAL|True|{'MM': {150.0}}|HASTE PARA COLETA - EM PLASTICO POLIPROPILENO (PP), TAMPA COM LACRE,MEDINDO APROXIMADAMENTE: 15,0CM,COM PONTA DE ALGODAO DE ALTA ABSORCAO,COM MEIO DE CULTURA STUART,ESTERIL,ACONDICIONADO EM EMBALAGEM INDIVIDUAL,ROTULO COM NR. DE LOTE, DATA DE FABRICACAO/VALIDADE E PROCEDENCIA|SWAB, MATERIAL: HASTE PLÁSTICA , TIPO PONTA: PONTA EM ALGODÃO HIDRÓFILO , APRESENTAÇÃO*: EMBALAGEM INDIVIDUAL , ADITIVOS: COM MEIO DE TRANSPORTE STUART , ESTERILIDADE: ESTÉRIL , TIPO DE USO: DESCARTÁVEL |INSTRUMENTOS, EQUIPAMENTOS E SUPRIMENTOS MÉDICOS  E  CIRÚRGICOS|SWAB, MATERIAL: HASTE PLÁSTICA , TIPO PONTA: PONTA EM ALGODÃO HIDRÓFILO , APRESENTAÇÃO*: EMBALAGEM INDIVIDUAL , ADITIVOS: COM MEIO DE TRANSPORTE STUART , ESTERILIDADE: ESTÉRIL , TIPO DE USO: DESCARTÁVEL |INSTRUMENTOS, EQUIPAMENTOS E SUPRIMENTOS MÉDICOS  E  CIRÚRGICOS|True|entrou
368491-1|1.0|1|big_data|EQUIPAMENTOS E ARTIGOS DE USO MEDICO, ODONTOLOGICO , HOSPITALAR E LABORATORIAL|ORTESES, PROTESES E MATERIAIS AUXILIARES|True|{'MM': {24.0, 4.5}}|ANCORA BIOABSORVIVEL PARA CIRURGIA ORTOPEDICA - EM PLLA ( ACIDO POLY-L-LACTIDE),DE (4,50X24,00)MM (DIAMETRO X COMPRIMENTO), CANULADA, COM ALMA CILINDRICA E RANHURAS CIRCULARES CONICAS, PRE-MONTADA EM INSTRUMENTO DE INSERCAO COM ANILHA EM PEEK (POLIESTERESTERCETONA) PARA APREENSAO DE SUTURAS, DE FIXACAO IMPACTADA|ÂNCORA DE SUTURA ORTOPÉDICA, MATERIAL: POLIETERETERCETONA PEEK , DIÂMETRO: CERCA DE 4,5 MM, COMPONENTE: 1 FIO SUTURA , MATERIAL DO FIO: POLIÉSTER , COMPONENTE 2: SISTEMA DE APLICAÇÃO , TIPO USO: ESTÉRIL, USO ÚNICO , APRESENTAÇÃO: EMBALAGEM INDIVIDUAL |INSTRUMENTOS, EQUIPAMENTOS E SUPRIMENTOS MÉDICOS  E  CIRÚRGICOS|ÂNCORA DE SUTURA ORTOPÉDICA, MATERIAL: POLIETERETERCETONA PEEK , DIÂMETRO: CERCA DE 4,5 MM, COMPONENTE: 1 FIO SUTURA , MATERIAL DO FIO: POLIÉSTER , COMPONENTE 2: SISTEMA DE APLICAÇÃO , TIPO USO: ESTÉRIL, USO ÚNICO , APRESENTAÇÃO: EMBALAGEM INDIVIDUAL |INSTRUMENTOS, EQUIPAMENTOS E SUPRIMENTOS MÉDICOS  E  CIRÚRGICOS|True|entrou
47920-9|1.0|1|big_data|EQUIPAMENTOS E ARTIGOS DE USO MEDICO, ODONTOLOGICO , HOSPITALAR E LABORATORIAL|EQUIPAMENTOS MEDICO HOSPITALARES|True|{'ML': {100000.0}, 'MM': {80.0, 500.0, 400.0}, 'V': {220.0}}|ESTUFA DE ESTERILIZACAO - COM CAPACIDADE DE 100 LITROS, ESTRUTURA EM CHAPA DE ACO TRATADO, PINTADA COM EXPOXI, PORTA ISOLADA COM LA DE VIDRO (ESPESSURA DE 8CM), COM LAMPADA PILOTO, TERMOMETRO, TEMPERATURA REGULAVEL DE 50 A 300 GRAUS CELSIUS, CONTROLE CICLO AUTOMATICO, DIMENSOES: 0,5 X 0,4 X 0,5M (INTERNAS), ALIMENTACAO: 110/220V - 60HZ, ACOMPANHA: 2 PRATELEIRAS REMOVIVEIS EM ACO INOX, INCLUI: MANUAL DE INSTRUCOES, GARANTIA DE 01 ANO|ESTUFA LABORATÓRIO, TIPO: C/ RENOVAÇÃO AR , MATERIAL*: GABINETE AÇO INOX , AJUSTE: AJUSTE DIGITAL,C/ PAINEL DE CONTROLE, PROGRAMÁVEL , CAPACIDADE: CERCA DE 100 L, TEMPERATURA: ATÉ 300 °C, TEMPORIZAÇÃO: C/ TEMPORIZADOR ATÉ 1000 MIN, COMPONENTES: C/ ATÉ 3 BANDEJAS , ADICIONAL: C/ VEDAÇÃO, ALARMES |EQUIPAMENTOS E ARTIGOS DE LABORATÓRIO|ESTUFA LABORATÓRIO, TIPO: C/ RENOVAÇÃO AR , MATERIAL*: GABINETE AÇO INOX , AJUSTE: AJUSTE DIGITAL,C/ PAINEL DE CONTROLE, PROGRAMÁVEL , CAPACIDADE: CERCA DE 100 L, TEMPERATURA: ATÉ 300 °C, TEMPORIZAÇÃO: C/ TEMPORIZADOR ATÉ 1000 MIN, COMPONENTES: C/ ATÉ 3 BANDEJAS , ADICIONAL: C/ VEDAÇÃO, ALARMES |EQUIPAMENTOS E ARTIGOS DE LABORATÓRIO|True|entrou
183277-8|3.0|2-3|big_data|EQUIPAMENTOS E ARTIGOS DE USO MEDICO, ODONTOLOGICO , HOSPITALAR E LABORATORIAL|MATERIAIS DE USO TECNICO HOSPITALAR|False||FILTRO DE PROTECAO PARA ANGIOPLASTIA PERIFERICA - CONTRA EMBOLIA CEREBRAL 0,14|CATETER BALÃO P/ ANGIOPLASTIA PERIFÉRICA, MATERIAL: SEMI COMPLACENTE , REVESTIMENTO: PACLITAXEL , DIÂMETRO BALÃO: CERCA DE 1,5 ATÉ 4 MM, COMPRIMENTO BALÃO: CERCA DE 26 A 50 MM, MARCADOR: RADIOPACO , COMPRIMENTO CATETER: ACIMA DE 101 CM, COMPATIBILIDADE: P/ FIO GUIA CERCA DE 0,014?? , ESTERILIDADE: ESTÉRIL, USO ÚNICO |INSTRUMENTOS, EQUIPAMENTOS E SUPRIMENTOS MÉDICOS  E  CIRÚRGICOS|"CATETER P/ INTERVENÇÃO, TIPO DE CATETER: GUIA P/ CAPTURA ÊMBOLOS , TIPO USO: PROTEÇÃO DISTAL , TIPO PONTA: PONTA FLEXÍVEL , CALIBRE INTERNO: COMPATÍVEL C/ GUIA 0,014"" , COMPRIMENTO: 300 CM, COMPONENTE: FILTRO DISTAL C/ PTFE DE 3,5 A 5,5MM , CARACTERÍSTICA ADICIONAL: BAINHA INTRODUTORA 6FR, SISTEMA TROCA RÁPIDA , APLICAÇÃO: ANGIOPLASTIA CAROTÍDEA , COMPONENTES ADICIONAIS: C/ CATETER EXTRATOR , ESTERILIDADE: ESTÉRIL, USO ÚNICO "|INSTRUMENTOS, EQUIPAMENTOS E SUPRIMENTOS MÉDICOS  E  CIRÚRGICOS|False|entrou
225604-5|1.0|1|big_data|EQUIPAMENTOS E ARTIGOS DE USO MEDICO, ODONTOLOGICO , HOSPITALAR E LABORATORIAL|INSUMOS PARA AS AREAS HEMATOLOGICAS E HEMOTERAPICAS|True|{'ML': {10.0}}|SORO ANTI RH - ANTI SORO ESPECIFICO P/ ANTIGENOS DO SISTEMA RH CONTROLE DE RH - CONTROLE NEGATIVO PARA A DETERMINACAO RH COM REAGENTES RH MONOCLONAIS, DO TIPO IMUNOLOGICAMENTE INERTE, COM FORMULACAO IDENTICA AO DO REAGENTE RH MONOCLONAL, MAS SEM O ANTICORPO, REATIVO EM REAGENTE CONTROLE DAS CLASSIFICACOES RH PARA METODO EM LAMINA, TUBO E MICROPLACA, DATA DE VALIDADE, NO LOTE E INFORMACOES TECNICAS FRASCOS COM 10ML, APRESENTANDO NUMERO DO LOTE, DATA DE FABRICACAO E VALIDADE CONFORME LEGISLACAO VIGENTE, CONSTITUIDO PELOS ESTABILIZANTES E CONSERVANTES COM CONSERVACAO A TEMPERATURA ENTRE 2ºA 8ºC, DEVENDO SER UTLIZADO EXCLUSIVAMENTE COM O REAGENTE RH MONOCLONAL DO MESMO FABRICANTE.|REAGENTE PARA DIAGNÓSTICO CLÍNICO 6, TIPO: SORO CONTROLE NEGATIVO , TIPO DE ANÁLISE: FENOTIPAGEM SANGÜÍNEA RH |"SUBSTÂNCIAS PARA DIAGNÓSTICO ""IN VITRO"",  REAGENTES,  CONJUNTOS E JOGOS PARA TESTE"|REAGENTE PARA DIAGNÓSTICO CLÍNICO 6, TIPO: SORO CONTROLE NEGATIVO , TIPO DE ANÁLISE: FENOTIPAGEM SANGÜÍNEA RH |"SUBSTÂNCIAS PARA DIAGNÓSTICO ""IN VITRO"",  REAGENTES,  CONJUNTOS E JOGOS PARA TESTE"|True|entrou
201478-5|2.0|2-3|big_data|EQUIPAMENTOS E ARTIGOS DE USO MEDICO, ODONTOLOGICO , HOSPITALAR E LABORATORIAL|MATERIAIS DE USO TECNICO HOSPITALAR|True|{'MM': {1200.0}, 'ML': {31000.0}}|CONJUNTO PARA NEBULIZACAO CONTINUA - COMPOSTO POR COPO NEBULIZADOR,COM FRASCO,TRAQUEIA DE SILICONE CORRUGADA, COM 1,20M DE COMPRIMENTO ESTERELIZAVEL, PARA REDE DE GASES DO HOSPITAL, MASCARA FACIAL PARA USO EM PACIENTES INFANTIL, ROTULAGEM RESPEITANDO O DECRETO LEI 79094/77 ART.31 L.8078/90 PORT.CONJ.N.1.DE 23/1/96-M-SAUDE|MATERIAL GASOTERAPIA, MODELO: MACRONEBULIZADOR , SAÍDA: P/ OXIGÊNIO , TIPO MÁSCARA: MÁSCARA EM SILICONE, C/ AJUSTE , TAMANHO: ADULTO , TIPO FRASCO: FRASCO ACRÍLICO GRADUADO, C/ TAMPA , VOLUME: CERCA DE 500 ML, TIPO EXTENSÃO: TRAQUEIA CORRUGADA EM SILICONE C/ CONECTORES , COMPRIMENTO EXTENSÃO: CERCA DE 1,5 M, CARACTERÍSTICA ADICIONAL: CONECTOR METAL C/ROSCA , ESTERILIDADE*: ESTERILIZÁVEL |INSTRUMENTOS, EQUIPAMENTOS E SUPRIMENTOS MÉDICOS  E  CIRÚRGICOS|MATERIAL GASOTERAPIA, MODELO: MACRONEBULIZADOR , SAÍDA: P/ OXIGÊNIO , TIPO MÁSCARA: MÁSCARA EM PLÁSTICO , TAMANHO: INFANTIL , TIPO FRASCO: FRASCO PLÁSTICO GRADUADO, C/ TAMPA , VOLUME: CERCA DE 500 ML, TIPO EXTENSÃO: TRAQUEIA CORRUGADA EM PVC C/ CONECTORES , COMPRIMENTO EXTENSÃO: CERCA DE 1,0 M, CARACTERÍSTICA ADICIONAL: CONECTOR METAL C/ROSCA , ESTERILIDADE*: ESTERILIZÁVEL |INSTRUMENTOS, EQUIPAMENTOS E SUPRIMENTOS MÉDICOS  E  CIRÚRGICOS|True|entrou
188163-9|1.0|1|big_data|EQUIPAMENTOS E ARTIGOS DE USO MEDICO, ODONTOLOGICO , HOSPITALAR E LABORATORIAL|MATERIAIS DE USO TECNICO HOSPITALAR|True|{'MM': {200.0}}|GAZE RAYON - GAZE RAYON 7,5 X 15 A 20 CM, EMBEBIDA COM ACIDOSGRAXOS ESSENCIAIS.|CURATIVO / COBERTURA, APLICAÇÃO: P/ FERIDA , ASPECTO FÍSICO: MALHA / GAZE , COMPOSIçãO: À BASE DE CELULOSE , COMPONENTE 1: C/ ACETATO DE CELULOSE / RAYON , COMPONENTES 5: C/ AGE , DIMENSÃO: CERCA DE 7,5 X 20 CM, ESTERILIDADE: ESTÉRIL |MATERIAIS CIRÚRGICOS PARA CURATIVOS|CURATIVO / COBERTURA, APLICAÇÃO: P/ FERIDA , ASPECTO FÍSICO: MALHA / GAZE , COMPOSIçãO: À BASE DE CELULOSE , COMPONENTE 1: C/ ACETATO DE CELULOSE / RAYON , COMPONENTES 5: C/ AGE , DIMENSÃO: CERCA DE 7,5 X 20 CM, ESTERILIDADE: ESTÉRIL |MATERIAIS CIRÚRGICOS PARA CURATIVOS|True|entrou
611995-6|2.0|2-3|big_data|ARTIGOS DE HIGIENE|UTENSILIOS PARA HIGIENE PESSOAL|False||ALICATE - DE ACO INOX,PARA CORTAR CUTICULA,NO TAMANHO GRANDE,COM ACABAMENTO CROMADO,ACONDICIONADO DE FORMA ADEQUADA|ALICATE PARA CORTAR UNHA, MATERIAL: AÇO INOX , COMPRIMENTO: 12 CM, TIPO: PET , APLICAçãO: CÃES E GATOS , MATERIAL CABO: EMBORRACHADO |ARTIGOS PARA HIGIENE PESSOAL|ALICATE PARA CORTAR UNHA, MATERIAL: AçO CARBONO , COMPRIMENTO: 5,5 CM, TIPO: Corte tradicional , APLICAçãO: UNHAS DAS MÃOS , MATERIAL CABO: AçO CARBONO |ARTIGOS PARA HIGIENE PESSOAL|True|entrou
530408-3|1.0|1|big_data|EQUIPAMENTOS E ARTIGOS DE USO MEDICO, ODONTOLOGICO , HOSPITALAR E LABORATORIAL|MATERIAIS DE USO TECNICO HOSPITALAR|True|{'G': {104.0, 260.0}, 'PCT': {100.0}}|CAPOTE - USO EM BLOCO CIRURGICO,PARA PROFISSIONAIS DA AREA DE SAUDE,TECIDO BRIM PESADO, 100% ALGODAO, 260G/M2, ARMACAO DE TELA 2X2, PESO 104G,MANGA LONGA, PUNHO SANFONADO, ALCA ENTRE O DEDO POLEGAR,TEXTURA LISA E ENCORPADA,AZUL CLARO, TAMANHO EXT G, MODELO ENVELOPE, TIPO OPA, COM LOGOMARCA DA INSTITUICAO, FECHAMENTO PRIMARIO NA PARTE INTERNA COM TIRAS NA ALTURA DA CINTURA EM UM DOS LADOS, FECHAMENTO FINAL NAS COSTAS PARA  AMARRACAO DA CINTURA E DO PESCOCO COM DECOTE REDONDO|AVENTAL CIRÚRGICO - PARAMENTAÇÃO, ESTERILIDADE: ESTERILIZÁVEL , MATERIAL: 100% ALGODÃO , GRAMATURA: MÍNIMO DE 260 G/M2, MODELO MANGA: LONGA C/ PUNHO EM MALHA , TAMANHO: EXTRA GRANDE (XG) , TIPO FECHAMENTO: POSTERIOR P/ PESCOÇO E CINTURA |VESTUÁRIO HOSPITALAR E CIRÚRGICO E ITENS CORRELATOS DE  FINALIDADES ESPECIAIS|AVENTAL CIRÚRGICO - PARAMENTAÇÃO, ESTERILIDADE: ESTERILIZÁVEL , MATERIAL: 100% ALGODÃO , GRAMATURA: MÍNIMO DE 260 G/M2, MODELO MANGA: LONGA C/ PUNHO EM MALHA , TAMANHO: EXTRA GRANDE (XG) , TIPO FECHAMENTO: POSTERIOR P/ PESCOÇO E CINTURA |VESTUÁRIO HOSPITALAR E CIRÚRGICO E ITENS CORRELATOS DE  FINALIDADES ESPECIAIS|True|entrou
190827-8|1.0|1|big_data|EQUIPAMENTOS E ARTIGOS DE USO MEDICO, ODONTOLOGICO , HOSPITALAR E LABORATORIAL|MATERIAIS DE USO TECNICO HOSPITALAR|True|{'FR': {12.0}, 'ML': {31000.0}}|"DRENO KERR - LATEX, ATOXICO, APIROGENICO, DESCARTAVEL PARA SUCCAO, EM FORMA DE ""T"" N.12CH, ROTULAGEM CONF. ART.31 L.8078/90 PORT.N.1 DE 23/01/97, APRESENTACAO E EMBALAGEM CONFORME LEGISLACAO EM VIGOR. MS."|"DRENO CIRÚRGICO, MODELO: KEHR EM ""T"" , MATERIAL: BORRACHA , CALIBRE: 12 FRENCH, COMPRIMENTO: CERCA DE 50 CM, TIPO USO: ESTÉRIL, DESCARTÁVEL , EMBALAGEM: EMBALAGEM INDIVIDUAL "|INSTRUMENTOS, EQUIPAMENTOS E SUPRIMENTOS MÉDICOS  E  CIRÚRGICOS|"DRENO CIRÚRGICO, MODELO: KEHR EM ""T"" , MATERIAL: BORRACHA , CALIBRE: 12 FRENCH, COMPRIMENTO: CERCA DE 50 CM, TIPO USO: ESTÉRIL, DESCARTÁVEL , EMBALAGEM: EMBALAGEM INDIVIDUAL "|INSTRUMENTOS, EQUIPAMENTOS E SUPRIMENTOS MÉDICOS  E  CIRÚRGICOS|True|entrou
292099-9|6.0|4-10|big_data|EQUIPAMENTOS E ARTIGOS DE USO MEDICO, ODONTOLOGICO , HOSPITALAR E LABORATORIAL|MATERIAIS DE USO TECNICO HOSPITALAR|False||AVENTAL PLASTICO - EPI COM UTILIZACAO ESPECIFICA PARA A CME, IMPERMEAVEL, REVESTIDA DE PVC EM AMBAS AS FACES,EMBALAGEM INDIVIDUAL OU COM 12 UNIDADES,MODELO FRONTAL COM 03 TIRAS DO MESMO MATERIAL, SOLDADAS ELETRONICAMENTE E UTILIZADAS PARA AJUSTE DO USUARIO NO PESCOCO E CINTURA E MODELO BARBEIRO COM MANGAS COMPRIDAS, FECHAMENTO TRASEIRO NA PARTE SUPERIOR DAS COSTAS ATRAVES DE ELASTICO OU VELCRO E TIRA DO MESMO MATERIAL SOLDADA ELETRONICAMENTE NA ALTURA DA CINTURA PARA AJUSTE|AVENTAL, MATERIAL: PVC - CLORETO DE POLIVINILA , MODELO: BARBEIRO , CARACTERÍSTICAS ADICIONAIS: MANGAS LONGAS, COM PUNHO EM MALHA, FECHAMENTO NAS , TAMANHO: ÚNICO |VESTUÁRIO PARA FINS ESPECIAIS|AVENTAL, MATERIAL: PVC - CLORETO DE POLIVINILA , CARACTERÍSTICAS ADICIONAIS: TIRAS DE AMARRAR FIXAS , APLICAÇÃO: COZINHA INDUSTRIAL , TAMANHO: G |VESTUÁRIO PARA FINS ESPECIAIS|True|saiu
188533-2|11.0|11-20|big_data|EQUIPAMENTOS E ARTIGOS DE USO MEDICO, ODONTOLOGICO , HOSPITALAR E LABORATORIAL|INSUMOS PARA EQUIPAMENTOS MEDICO HOSPITALARES|True|{'MM': {110000.0, 20000.0}}|FILME PARA RAIOS X - PARA ULTRASOM, TAMANHO 110X20M, CONFORME EDITAL, MONOEMULSIONADO, UPP110S|FILME RADIOLÓGICO, TIPO: RAIO-X , DIMENSÕES: 30 X 40 CM|EQUIPAMENTOS E SUPRIMENTOS DE RAIOS-X DE USO  MÉDICO,  DENTÁRIO E VETERINÁRIO|PAPEL TÉRMICO, LARGURA: 110 MM, APLICAÇÃO: APARELHO ULTRA-SONOGRAFIA, MARCA SONY UPP 110 S , CARACTERÍSTICAS ADICIONAIS: PRINTER PRETO E BRANCO |PAPÉIS E PAPELÕES|False|saiu
493120-3|5.0|4-10|big_data|RECIPIENTES E MATERIAIS PARA ACONDICIONAMENTO E EMBALAGEM|SACOS,BOLSAS E SACOLAS|True|{'MM': {400.0, 600.0}, 'G': {5000.0}}|SACO - PARA EMBALAGEM,EM POLIPROPILENO,CAPACIDADE PARA 5KG,MEDINDO APROXIMADAMENTE 40,00X60,00CM,ESPESSURA DE 0,08 MICRAS,NA COR TRANSPARENTE|SACO, MATERIAL: POLIETILENO , TIPO USO: indústrias alimentícia, farmacêutica, agrícola E , CAPACIDADE: 40 KG, ALTURA: 80 CM, COMPRIMENTO: 60 CM, ESPESSURA: 12 MICRA, TRANSMITÂNCIA: TRANSPARENTE , APLICAÇÃO: ACONDICIONAMENTO DE ALIMENTOS , COR: INCOLOR , CARACTERÍSTICAS ADICIONAIS: CONFORME MODELO DO ÓRGÃO |SACOS E BOLSAS|SACO, MATERIAL: PLÁSTICO , TIPO USO: GERAL , COR: INCOLOR , APLICAÇÃO: ACONDICIONAMENTO , ALTURA: 0,60 CM, LARGURA: 0,40 CM, TRANSMITÂNCIA: TRANSPARENTE |SACOS E BOLSAS|True|saiu
224286-9|6.0|4-10|big_data|EQUIPAMENTOS E ARTIGOS DE USO MEDICO, ODONTOLOGICO , HOSPITALAR E LABORATORIAL|INSUMOS PARA AS AREAS HEMATOLOGICAS E HEMOTERAPICAS|True|{'PCT': {10.0, 100.0}}|TESTE HIV-1/2 P/ QUIMIOLUMINESCENCIA - HUMANO PARA A DETECCAO QUALITATIVA SIMULTANEA DE ANTIGENO P24 DO HIV E DOS ANTICORPOS CONTRA OS VIRUS  HIV1/2, POR ENZIMA IMUNOENSAIO  DE MICROPARTICULAS QUIMIOLUMINESCENTES(CMIA), A REACAO E MEDIDA COMO UNIDADES RELATIVAS A LUZ, ANTI-HIV-1/2 NO SORO (HIV-1/2CONTROLES) SENSIBILIDADE E ESPECIFICIDADE EM TORNO DE 100%. APRESENTAR COEFICIENTE DE VARIACAO INFERIR A 10%, DEVE CONSTAR Nº DE LOTE EM CADA FRASCO.CONFORME LEGISLACAO VINGENTE APRESENTE BULA DETALHADA. CONSERVACAO DE 2º A 8º . POSSUIR REGISTRO NA ANVISA, VALIDADE MINIMA DE 6 MESES A  PARTIR DA DATA DE ENTREGA  DOS KITS|REAGENTE PARA DIAGNÓSTICO CLÍNICO 6, TIPO: CONJUNTO COMPLETO PARA AUTOMAÇÃO , TIPO DE ANÁLISE: QUANTITATIVO DE ANTI RUBÉOLA VÍRUS IGG , MÉTODO: QUIMIOLUMINESCÊNCIA , APRESENTAÇÃO: TESTE |"SUBSTÂNCIAS PARA DIAGNÓSTICO ""IN VITRO"",  REAGENTES,  CONJUNTOS E JOGOS PARA TESTE"|REAGENTE PARA DIAGNÓSTICO CLÍNICO 6, TIPO: CONJUNTO COMPLETO PARA AUTOMAÇÃO , TIPO DE ANÁLISE: QUANTITATIVO DE HIV I E II , MÉTODO: QUARTA GERAÇÃO , APRESENTAÇÃO: TESTE |"SUBSTÂNCIAS PARA DIAGNÓSTICO ""IN VITRO"",  REAGENTES,  CONJUNTOS E JOGOS PARA TESTE"|True|saiu
196146-2|4.0|4-10|big_data|EQUIPAMENTOS E ARTIGOS DE USO MEDICO, ODONTOLOGICO , HOSPITALAR E LABORATORIAL|MATERIAIS DE USO TECNICO HOSPITALAR|True|{'MM': {25.0, 750.0}}|FIO DE SUTURA DE POLIPROPILENO - EM POLIPROPILENO AZUL DIAMETRO 2-0 COM AGULHA DE 2,5CM, 1/2 CIRCULO CILINDRICA, INABSORVIVEL, COM FIO DE 75CM DE COMPRIMENTO EM CADA ENVELOPE, AZUL, EM INTERNO, EM MATERIAL QUE GARANTA BARREIRA MICROBIANA E EM PAPEL GRAU CIRURGICO,CONFORME NORMA ABNT 13 904/03, A APRESENTACAO DO PRODUTO DEVERA OBEDECER A CONFORME LEGISLACAO VIGENTE|FIO DE SUTURA AGULHADO, MATERIAL FIO: POLIPROPILENO AZUL , MODELO FIO: MONOFILAMENTAR , DIÂMETRO FIO: 3-0 , COMPRIMENTO FIO: CERCA DE 70 CM, TIPO AGULHA: AGULHA 3/8 CÍRCULO , MODELO AGULHA: CILÍNDRICA , COMPRIMENTO AGULHA: CERCA DE 30 MM, ESTERILIDADE: ESTÉRIL , APRESENTAçãO: EMBALAGEM INDIVIDUAL |INSTRUMENTOS, EQUIPAMENTOS E SUPRIMENTOS MÉDICOS  E  CIRÚRGICOS|FIO DE SUTURA AGULHADO, MATERIAL FIO: POLIPROPILENO AZUL , MODELO FIO: MONOFILAMENTAR , DIÂMETRO FIO: 2-0 , COMPRIMENTO FIO: CERCA DE 70 CM, TIPO AGULHA: AGULHA 1/2 CÍRCULO , MODELO AGULHA: CILÍNDRICA , COMPRIMENTO AGULHA: CERCA DE 26 MM, ESTERILIDADE: ESTÉRIL , APRESENTAçãO: EMBALAGEM INDIVIDUAL |INSTRUMENTOS, EQUIPAMENTOS E SUPRIMENTOS MÉDICOS  E  CIRÚRGICOS|True|saiu
554878-0|6.0|4-10|big_data|MOBILIARIOS EM GERAL|MOBILIARIOS DE ALOJAMENTO - CADASTRO PADRONIZADO|True|{'MM': {50.0, 660.0, 340.0}, 'PCT': {100.0, 5.0}}|COLCHAO - TIPO BERCO,D-18,MEDINDO 660,00X340,00X50,00MM (CXLXA),DIMENSOES COM VARIACAO EM ATE 5%,EM ESPUMA 100% POLIURETANO,REVESTIDO COM CAPA REMOVIVEL EM PVC ATOXICO E AUTOEXTINGUIVEL, SEM COSTURA|COLHÃO USO HOSPITALAR, MATERIAL: ESPUMA FLEXÍVEL POLIURETANO , REVESTIMENTO: C/ CAPA REMOVÍVEL, TOTALMENTE IMPERMEÁVEL , DIMENSÕES  (C X L X A): CERCA DE 178 X 60 X 12 CM, DENSIDADE: CERCA DE D-26 A D-33 KG/M3|MOBILIÁRIO, EQUIPAMENTOS, UTENSÍLIOS E  SUPRIMENTOS  HOSPITALARES|COLCHÃO, TIPO: INFANTIL , MATERIAL: ESPUMA , DENSIDADE: D-18 , TECIDO DE REVESTIMENTO: SARJA BAMBOO , TAMANHO LARGURA X COMPRIMENTO: 0,60 X 1,30 M, TAMANHO ALTURA: 0,12 M, CARACTERÍSTICAS ADICIONAIS: SUBCATEGORIA BERÇOS; TAMANHO AXLXC |UTENSÍLIOS DOMÉSTICOS|False|saiu
553579-4|4.0|4-10|big_data|EQUIPAMENTOS E ARTIGOS DE USO MEDICO, ODONTOLOGICO , HOSPITALAR E LABORATORIAL|PRODUTOS E INSUMOS PARA DIETAS ESPECIAIS|False||ALIMENTO PARA DIETA ENTERAL OU ORAL - FORMULA MODIFICADA PARA NUTRICAO ENTERAL E ORAL,NORMOCALORICA E HIPERPROTEICA,RICO EM VITAMINA D, LEUCINA E OUTROS AMINOACIDOS ESSENCIAIS,ENRIQUECIDO COM O EXCLUSIVO MIX DE CAROTENOIDES, FIBRAS, CALCIO E MAIS 27 VITAMINAS E MINERAIS,NAO CONTEM GLUTEN,EM PO,DENSIDADE CALORICA 1.0 KCAL/ML,EM EMBALAGEM APROPRIADA|DIETA ENTERAL, ASPECTO FÍSICO: PÓ , USO: ENTERAL OU ORAL , CARACTERÍSTICAS: NORMOCALÓRICA,NORMOPROTEÍCA , FONTE DE PROTEÍNA: SORO LEITE HIDROLISADA , FONTE DE CARBOIDRATO: MALTODEXTRINA, SACAROSE E/OU AMIDO , FONTE DE LIPÍDIOS: ÓLEOS VEGETAIS E/OU TCM , COMPONENTES ADICIONAIS: VITAMINAS E MINERAIS , CARACTERÍSTICAS ADICIONAIS: ISENTA LACTOSE E GLÚTEN , SABOR: C/SABOR |ALIMENTOS ESPECIAIS DIETÉTICOS E PREPARADOS ALIMENTÍCIOS|DIETA ENTERAL, ASPECTO FÍSICO: LÍQUIDO , USO: ENTERAL OU ORAL , CARACTERÍSTICAS: HIPERCALÓRICA,HIPERPROTEICA , FONTE DE PROTEÍNA: CASEINATO E/OU PTN SOJA E/OU SORO LEITE , FONTE DE CARBOIDRATO: MALTODEXTRINA E/OU AMIDO E/OU XAROPE DE GLICOSE , FONTE DE LIPÍDIOS: ÓLEOS VEGETAIS E/OU LEC.SOJA , COMPONENTES ADICIONAIS: AA'S,VIT.,MINERAIS,FIBRAS , CARACTERÍSTICAS ADICIONAIS: ISENTO DE GLÚTEN , SABOR: C/SABOR |ALIMENTOS ESPECIAIS DIETÉTICOS E PREPARADOS ALIMENTÍCIOS|True|saiu
573346-4|4.0|4-10|big_data|ARTIGOS E UTENSILIOS DE ESCRITORIOS|SUPRIMENTOS DE USO DIDATICO,PEDAGOGICO,DE PAPELARIA E DE ESCRITORIO|True|{'MM': {70.0, 6.0, 10.0, 18.0, 20.0}}|BLOCOS LOGICO - EM PLASTICO, COM 48 PECAS NAS CORES AMARELO, AZUL E VERMELHA,MEDINDO A MENOR 20,00X10,00X06,00MM E A MAIOR 70,00X70,00X18,00MM,DE ENCAIXE,FORMATOS VARIADOS|JOGO / BRINQUEDO PEDAGÓGICO, TIPO: HORA DA CIÊNCIA , MATERIAL: PLÁSTICO , TAMANHO: Tamanho: 6,50 X 26,70 X 26,70 CM, USO: FAZER VULCÃO |JOGOS, BRINQUEDOS E ARTIGOS CORRELATOS COM RODAS|MATERIAL PEDAGÓGICO, TIPO: BLOCO LÓGICO , MATERIAL: MADEIRA , DIMENSÕES: 335X200X55 MM, CARACTERISTICAS ADICIONAIS: CAIXA TIPO ESTOJO |JOGOS, BRINQUEDOS E ARTIGOS CORRELATOS COM RODAS|False|saiu
509127-6|5.0|4-10|big_data|EQUIPAMENTOS E MATERIAIS PARA EXPERIENCIA EM LABORATORIO ESCOLAR, RECREACAO E DESPORTO|EQUIPAMENTOS ESPORTIVOS E EDUCATIVOS|True|{'MM': {10.0, 500.0}}|TAPETE - TIPO TATAME INFANTIL,DE EVA,MEDINDO 500,00X500,00X10,00MM (CXLXE), SEM BORDAS, COMPOSTO POR 20 PECAS|BRINQUEDO EM GERAL, MATERIAL: BORRACHA SINTÉTICA EVA , TIPO: TAPETE INFANTIL PEDAGÓGICO , COR: DIVERSAS , CARACTERÍSTICAS ADICIONAIS: ANTIALÉRGICO, ARTICULADOS, SELO INMETRO , DIMENSÕES: 30 X 30 X 0,10 CM|JOGOS, BRINQUEDOS E ARTIGOS CORRELATOS COM RODAS|TATAME, MATERIAL: E.V.A. , COMPRIMENTO PLACA: 1,10 M, LARGURA PLACA: 1,10 M, ESPESSURA PLACA: 40 MM, CARACTERÍSTICAS ADICIONAIS: INTENSIDADE DE IMPACTO ALTA PROTEÇÃO, ANTI-DERRAPA |EQUIPAMENTO PARA GINÁSTICA E RECREAÇÃO|False|saiu
318386-6|8.0|4-10|big_data|EQUIPAMENTOS E MATERIAIS PARA LIMPEZA, DEDETIZACAO E ESTERI-LIZACAO DE USO DOMESTICO|COMPOSTOS E PREPARADOS PARA LIMPEZA E POLIMENTO|True|{'PCT': {10.0}}|CLORO - LIQUIDO,  CONCENTRACAO 10%, SOLUCAO AQUOSA, ALCALINA DE ASPECTO LIMPIDO E AMARELADO,COM APRESENTACAO E ACONDICIONADO EM EMBALAGEM INDIVIDUAL APROPRIADA|HIPOCLORITO DE SÓDIO, ASPECTO FÍSICO: SOLUÇÃO AQUOSA , CONCENTRAÇÃO: TEOR 1% DE CLORO ATIVO |PRODUTOS QUÍMICOS|CLORO ALVEJANTE, ASPECTO FÍSICO: LÍQUIDO , APRESENTAÇÃO: BOMBONA , APLICAÇÃO: REMOÇÃO MANCHAS , FINALIDADE: ALVEJANTE E DESINFECÇÃO DE ROUPAS |COMPOSTOS E PREPARADOS PARA LIMPEZA E POLIMENTO|False|saiu
527655-1|4.0|4-10|big_data|EQUIPAMENTOS E ARTIGOS DE USO MEDICO, ODONTOLOGICO , HOSPITALAR E LABORATORIAL|INSUMOS PARA AS AREAS HEMATOLOGICAS E HEMOTERAPICAS|False||REAGENTES E INSUMOS PARA IMUNOFENOTIPAGEM - CD15 COM ANTICORPO MONOCLONAL ANTI-HUMANO CONJUGADO COM PHYCOERYTHRIN-CYANINA 5.5 (PC 5.5) PARA IMUNOFENOTIPAGEM DE LEUCOCITOS,METODOLOGIA CITOMETRIA DE FLUXO,.|ANTICORPO, TIPO: MONOCLONAL DE CAMUNDONGO , ATIVIDADE: ANTI CD 33 HUMANO , ADITIVOS*: CONJUGADO À FICOERITRINA |"SUBSTÂNCIAS PARA DIAGNÓSTICO ""IN VITRO"",  REAGENTES,  CONJUNTOS E JOGOS PARA TESTE"|ANTICORPO, TIPO: MONOCLONAL DE CAMUNDONGO , ATIVIDADE: ANTI CD 15 HUMANO |"SUBSTÂNCIAS PARA DIAGNÓSTICO ""IN VITRO"",  REAGENTES,  CONJUNTOS E JOGOS PARA TESTE"|True|saiu
133453-0|5.0|4-10|profs_saude|EQUIPAMENTOS E ARTIGOS DE USO MEDICO, ODONTOLOGICO , HOSPITALAR E LABORATORIAL|MATERIAIS DE USO TECNICO HOSPITALAR|True|{'MM': {200.0, 10000.0}}|ESCOVA PARA LIMPEZA DE MATERIAL - EM POLIESTER,OU NAILON,ENTRE FIOS DE ACO SUAVE, EM FILETE OU ROLO, COMPRIMENTO DE 15 OU 20 CM E ROLOS DE 5 E 10M, USO UNICO , DESCARTAVEL, DE ACORDO COM AS NORMAS VIGENTES|ESCOVA LIMPEZA GERAL, MATERIAL CORPO: PLÁSTICO , MATERIAL CERDAS: NÁILON , CARACTERÍSTICAS ADICIONAIS: CERDAS NAS DUAS EXTREMIDADES , COMPRIMENTO: CERCA DE 20 CM, APLICAÇÃO: LIMPEZA DE INSTRUMENTOS EM GERAL |VASSOURAS, ESCOVAS, RODOS, ESPONJAS E ESFREGÕES|ESCOVA LIMPEZA - CME, APLICAÇÃO: P/ ENDOSCÓPIO , MATERIAL CERDAS: CERDAS DE NYLON , PONTA ATIVA: EM TODA EXTENSÃO , DIÂMETRO PONTA: CERCA DE 3 MM, HASTE: HASTE FLEXÍVEL , COMPRIMENTO TOTAL: CERCA DE 15 M, TIPO USO: DESCARTÁVEL , APRESENTAÇÃO: EM ROLO |INSTRUMENTOS, EQUIPAMENTOS E SUPRIMENTOS MÉDICOS  E  CIRÚRGICOS|False|saiu
17171-9|5.0|4-10|big_data|EQUIPAMENTOS E ARTIGOS DE USO MEDICO, ODONTOLOGICO , HOSPITALAR E LABORATORIAL|MATERIAIS DE USO TECNICO HOSPITALAR|True|{'MM': {27.0}, 'ML': {31000.0}}|DISPOSITIVO PARA INFUSAO VENOSA PERIFERICA - AGULHA EM ACO INOX, COMPOSTA DE CANULA DE ACO INOXIDAVEL, PAREDE FINA, SILICONIZADA, BISEL TRIFACETADO E BIANGULADO, COM PROTETOR FIRME, COM ASAS LISAS E FLEXIVEIS, EXTENSAO DE PROLONGAMENTO TIPO TUBO TRANSPARENTE FLEXIVEL E COM PROTETOR ENROSCADO., NUMERO DE CALIBRE 27MM, ESTERIL, ATOXICO E APIROGENICO, ART.31 L.8078/90 PORT.CONJ.N.1 DE 23/1/96_M.SAUDE, COMBINADO COM O ART.31 DA LEI 8078/90|AGULHA, MATERIAL: AÇO INOXIDÁVEL , APLICAÇÃO: P/ FÍSTULA ARTERIO VENOSA , TIPO PONTA AGULHA: C/ BISEL TRIFACETADO , DIMENSÕES: 17 GAU, TIPO FIXAÇÃO: C/ ASA DE FIXAÇÃO , ADICIONAL: TUBO EXTENSOR C/ CLAMP , CONECTOR: CONECTOR LUER LOCK OU SLIP, PROTETOR , TIPO USO: DESCARTÁVEL, ESTÉRIL, EMBALAGEM INDIVIDUAL |INSTRUMENTOS, EQUIPAMENTOS E SUPRIMENTOS MÉDICOS  E  CIRÚRGICOS|CATETER PERIFÉRICO, APLICAÇÃO: VENOSO , MODELO: TIPO ESCALPE , MATERIAL AGULHA: AGULHA AÇO INOX , DIAMETRO: 27 GAU, COMPONENTE ADICIONAL: C/ ASA DE FIXAÇÃO, TUBO EXTENSOR , CONECTOR: CONECTOR PADRÃO C/ TAMPA , TIPO USO: ESTÉRIL, DESCARTÁVEL, EMBALAGEM INDIVIDUAL |INSTRUMENTOS, EQUIPAMENTOS E SUPRIMENTOS MÉDICOS  E  CIRÚRGICOS|False|saiu
527652-7|6.0|4-10|big_data|EQUIPAMENTOS E ARTIGOS DE USO MEDICO, ODONTOLOGICO , HOSPITALAR E LABORATORIAL|INSUMOS PARA AS AREAS HEMATOLOGICAS E HEMOTERAPICAS|False||REAGENTES E INSUMOS PARA IMUNOFENOTIPAGEM - MPO-FITC,COM ANTICORPO MONOCLONAL ANTI-HUMANO,IMUNOFENOTIPAGEM DE LEUCOCITOS,METODOLOGIA CITOMETRIA DE FLUXO,.|ANTICORPO, TIPO: MONOCLONAL DE CAMUNDONGO , ATIVIDADE: ANTI CD8 HUMANO |"SUBSTÂNCIAS PARA DIAGNÓSTICO ""IN VITRO"",  REAGENTES,  CONJUNTOS E JOGOS PARA TESTE"|ANTICORPO, TIPO: MONOCLONAL DE CAMUNDONGO , ATIVIDADE*: ANTI MIELOPEROXIDASE HUMANA , ADITIVOS 1: CONJUGADO À FLUORESCEÍNA (FITC) |"SUBSTÂNCIAS PARA DIAGNÓSTICO ""IN VITRO"",  REAGENTES,  CONJUNTOS E JOGOS PARA TESTE"|True|saiu
535349-1|5.0|4-10|big_data|INFORMATICA|PECAS E ACESSORIOS PARA COMPUTADORES|True|{'MM': {1200.0}}|MICROFONE PARA MICROCOMPUTADOR - PARA TRANSMISSAO DE AUDIO,TIPO  COM FIO,DEVE TER HASTE AJUSTAVEL E BASE PARA APOIO DE MESA, ALIMENTACAO,  TRANSMISSAO E CAPTACAO DE AUDIO VIA USB,OPERA COM NO MINIMO DE FREQUENCIA  DE RESPOSTA DE 50HZ -16KHZ,DEVE TER A SENSIBILIDADE NO MINIMO DE -58DB + - 3DB E COMPRIMENTO DO CABO NO MINIMO 1,2 METROS|CABO ÁUDIO E VÍDEO, MATERIAL CONDUTOR: COBRE , MATERIAL ISOLAMENTO CONDUTOR: PVC , APLICAÇÃO: MICROFONE , ACESSÓRIOS: CONECTOR XLR , MATERIAL COBERTURA: PVC EMBORRACHADO , COMPRIMENTO: 10 M|FIOS E CABOS ELÉTRICOS|MICROFONE, CARACTERÍSTICAS ADICIONAIS: KIT, CANCELAMENTO DE RUIDO EMBUTIDO, CASCATEAMENTO , APLICAÇÃO: VIDEOCONFERÊNCIA , PADRÃO: UNIDIRECIONAL |FONES, MICROFONES E ALTO-FALANTES|False|saiu
478407-3|5.0|4-10|big_data|EQUIPAMENTOS E ARTIGOS DE USO MEDICO, ODONTOLOGICO , HOSPITALAR E LABORATORIAL|EQUIPAMENTOS MEDICO HOSPITALARES|True|{'W': {300.0}, 'V': {220.0}}|EQUIPAMENTO ELETROCIRURGICO - COM POTENCIA MINIMA DE 300 WATTS,GERADOR ELETROCIRURGICO MICROPROCESSADO,CONTROLE DE ACIONAMENTO DE CORTE OU COAGULACAO VIA CANETA OU VIA PEDAL,DISPLAYS DIGITAIS INDEPENDENTES PARA CORTE, COAGULACAO E BIPOLAR,SISTEMA REM CONTRA FUGAS DE CORRENTE PARA PROTECAO DO PACIENTE,ALIMENTACAO: BIVOLT AUTOMATICO OU 220V - 60HZ|APARELHO ELETROESTIMULADOR NEUROMUSCULAR, COMPONENTES: MÍN. 4 CANAIS, CONTROLES INTENSIDADE INDEPENDENTES , ADICIONAIS: TIMER, TECLADO TOQUE, TEMPORIZADOR, ELETRODOS , ALIMENTAÇÃO: 110/220V , CARACTERÍSTICAS ADICIONAIS: TENS, FES, RUSSA, INTERFERENCIAL , ACESSÓRIOS: CABO FORÇA, CABOS CONEXÃO PACIENTE, CABO C/ CANETA , OPERAÇÃO: RAMPA ON, OFF, RISE E DECAY , ACESSÓRIOS 1: 5 TUBOS GEL, 2 FUSÍVEIS SOBRESSALENTES |MOBILIÁRIO, EQUIPAMENTOS, UTENSÍLIOS E  SUPRIMENTOS  HOSPITALARES|BISTURI ELÉTRICO, MODELO: RADIOFREQUÊNCIA E ULTRASSÔNICO , MODO DE OPERAÇÃO MONOPOLAR: MONOPOLAR , POTÊNCIA MÁXIMA CORTE MONOPOLAR: DE 301 A 400 W, TIPO DE COAGULAÇÃO: COAGULAÇÃO, SPRAY E FULGURAÇÃO , TIPO DE CORTE: CORTE PURO E NO MÍNIMO 3 MISTOS , MODO DE OPERAÇÃO: BIPOLAR, MICRO E MACRO , OPCIONAIS: FUNÇÃO PULSAR , OUTROS COMPONENTES: ALARME, MEMÓRIA , COMPATIBILIDADE: COMPATÍVEL C/ COAGULADOR ARGÔNIO |MOBILIÁRIO, EQUIPAMENTOS, UTENSÍLIOS E  SUPRIMENTOS  HOSPITALARES|False|saiu
155885-4|7.0|4-10|big_data|EQUIPAMENTOS E ARTIGOS DE USO MEDICO, ODONTOLOGICO , HOSPITALAR E LABORATORIAL|MATERIAIS DE USO TECNICO HOSPITALAR|True|{'MM': {30.0}, 'ML': {31000.0}}|FIO DE SUTURA SINTETICO ABSORVIVEL - COMPOSTO DE POLIGLACTINA, CALIBRE 3-0, 01 AGULHA CILINDRICA 3/8 CIRCULO MEDINDO 3,0 CM, COLORIDO, INVOLUCRO ENVELOPE INDIVIDUAL, COMBINADO COM ARTIGO 31 DA LEI 8078/90, ART.31 L.8078/90 PORT.CONJ.N.1 DE 23/1/96-M.SAUDE|FIO DE SUTURA AGULHADO, MATERIAL FIO: POLIGLACTINA VIOLETA , MODELO FIO: MULTIFILAMENTAR , DIÂMETRO FIO: 3-0 , COMPRIMENTO FIO: CERCA DE 70 CM, TIPO AGULHA: AGULHA 1/2 CÍRCULO , MODELO AGULHA: CILÍNDRICA , COMPRIMENTO AGULHA: CERCA DE 20 MM, ESTERILIDADE: ESTÉRIL , APRESENTAçãO: EMBALAGEM INDIVIDUAL |INSTRUMENTOS, EQUIPAMENTOS E SUPRIMENTOS MÉDICOS  E  CIRÚRGICOS|FIO DE SUTURA AGULHADO, MATERIAL FIO: POLIGLACTINA INCOLOR , MODELO FIO: MULTIFILAMENTAR , DIÂMETRO FIO: 3-0 , COMPRIMENTO FIO: CERCA DE 70 CM, TIPO AGULHA: AGULHA 3/8 CÍRCULO , MODELO AGULHA: CORTANTE REVERSA / INVERTIDA , COMPRIMENTO AGULHA: CERCA DE 20 MM, ESTERILIDADE: ESTÉRIL , APRESENTAçãO: EMBALAGEM INDIVIDUAL |INSTRUMENTOS, EQUIPAMENTOS E SUPRIMENTOS MÉDICOS  E  CIRÚRGICOS|True|saiu
527672-1|5.0|4-10|big_data|EQUIPAMENTOS E ARTIGOS DE USO MEDICO, ODONTOLOGICO , HOSPITALAR E LABORATORIAL|INSUMOS PARA AS AREAS HEMATOLOGICAS E HEMOTERAPICAS|False||REAGENTES E INSUMOS PARA IMUNOFENOTIPAGEM - ANTI CD41A  ANTICORPO MONOCLONAL  CONJUGADO COM ISOTIOCIANATO DE FLUORESCEINA  (FITC) PARA IMUNOFENOTIPAGEM DE LEUCOCITOS,METODOLOGIA CITOMETRIA DE FLUXO,.,.|ANTICORPO, TIPO: MONOCLONAL DE CAMUNDONGO , ATIVIDADE*: ANTI MIELOPEROXIDASE HUMANA , ADITIVOS 1: CONJUGADO À FLUORESCEÍNA (FITC) |"SUBSTÂNCIAS PARA DIAGNÓSTICO ""IN VITRO"",  REAGENTES,  CONJUNTOS E JOGOS PARA TESTE"|ANTICORPO, TIPO: MONOCLONAL DE CAMUNDONGO , ATIVIDADE: ANTI CD 41A HUMANO |"SUBSTÂNCIAS PARA DIAGNÓSTICO ""IN VITRO"",  REAGENTES,  CONJUNTOS E JOGOS PARA TESTE"|True|saiu
229092-8|9.0|4-10|big_data|EQUIPAMENTOS E ARTIGOS DE USO MEDICO, ODONTOLOGICO , HOSPITALAR E LABORATORIAL|MATERIAIS DE USO TECNICO HOSPITALAR|True|{'MM': {300.0}}|FIO DE STEIMANN - FIO DE STEIMANN NUMERO 3,0, COM 30 CM.|ESTRIBO, MODELO: STEIMANN , TAMANHO: MÉDIO , MATERIAL: AÇO INOXIDÁVEL , ESTERILIDADE: ESTERILIZÁVEL |MOBILIÁRIO, EQUIPAMENTOS, UTENSÍLIOS E  SUPRIMENTOS  HOSPITALARES|FIO ORTOPÉDICO IMPLANTÁVEL, MATERIAL: AÇO INOXIDÁVEL , TIPO: KIRSCHNNER , DIÂMETRO: DIÂMETRO DE 3,0 A 3,5 MM, USO: USO ÚNICO |INSTRUMENTOS, EQUIPAMENTOS E SUPRIMENTOS MÉDICOS  E  CIRÚRGICOS|False|saiu
376651-9|5.0|4-10|big_data|EQUIPAMENTOS E ARTIGOS DE USO MEDICO, ODONTOLOGICO , HOSPITALAR E LABORATORIAL|INSUMOS PARA AS AREAS HEMATOLOGICAS E HEMOTERAPICAS|False||REAGENTES E INSUMOS PARA IMUNOFENOTIPAGEM - CD34/FITC, MOUSE ANTI-HUMANO, CONJUGADO COM ISOTIOCIONATO DE FLUORESCEINA PARA IMUNOFENOTIPAGEM DE LEUCOCITOS,METODOLOGIA CITOMETRIA DE FLUXO,EXECUCAO AUTOMATICA,EM SANGUE,VALIDADE MINIMA APOS A ENTREGA DE 01 ANO,FORNECIMENTO DE ACORDO COM O CRONOGRAMA DO SERVICO,ROTULO COM N.LOTE, DATA DE FABRICACAO/VALIDADE E PROCEDENCIA|ANTICORPO, TIPO: MONOCLONAL DE CAMUNDONGO , ATIVIDADE*: ANTI MIELOPEROXIDASE HUMANA , ADITIVOS 1: CONJUGADO À FLUORESCEÍNA (FITC) |"SUBSTÂNCIAS PARA DIAGNÓSTICO ""IN VITRO"",  REAGENTES,  CONJUNTOS E JOGOS PARA TESTE"|ANTICORPO, TIPO: MONOCLONAL DE CAMUNDONGO , ATIVIDADE: ANTI CD 34 HUMANO |"SUBSTÂNCIAS PARA DIAGNÓSTICO ""IN VITRO"",  REAGENTES,  CONJUNTOS E JOGOS PARA TESTE"|True|saiu
18613-9|4.0|4-10|profs_saude|EQUIPAMENTOS E ARTIGOS DE USO MEDICO, ODONTOLOGICO , HOSPITALAR E LABORATORIAL|INSUMOS PARA EQUIPAMENTOS MEDICO HOSPITALARES|False||EQUIPO ARTERIAL PARA HEMODIALISE - A SER CONECTADO AO PACIENTE E AO DIALISADOR POR CONECTORES TIPO LUER-LOCK, ACONDICIONADO EM EMBALAGEM INDIVIDUAL ESTERIL APIROGENICA, COM DADOS DE IDENTIFICACAO, VALIDADE, FABRICACAO, PROCEDENCIA|ISOLADOR PRESSÃO, MATERIAL: PVC - CLORETO DE POLIVINILA , ESTERILIDADE: ESTÉRIL , APLICAÇÃO: USO EM MÁQUINA HEMODIÁLISE , TIPO CONECTOR: CONECTOR LUER LOCK |INSTRUMENTOS, EQUIPAMENTOS E SUPRIMENTOS MÉDICOS  E  CIRÚRGICOS|LINHA SANGUE, TIPO: ARTERIAL E VENOSA , APLICAÇÃO: HEMODIÁLISE PROLONGADA , MATERIAL: TUBO EM PVC , MODELO: LINHA SOLUÇÃO E REPOSIÇÃO , TIPO CONECTOR: CONECTORES, CLAMPS E INJETORES , TIPO SENSOR: TRANSDUTOR DE PRESSÃO , COMPONENTE: BOLSA VAZIA DE 2L E 5L , OUTROS COMPONENTES: EXTENSÃO P/ BOMBA HEPARINA , CARACTERÍSTICAS ADICIONAIS: KIT C/ HEMOFILTRO P/ ADULTO , ESTERILIDADE: ESTÉRIL |INSTRUMENTOS, EQUIPAMENTOS E SUPRIMENTOS MÉDICOS  E  CIRÚRGICOS|False|saiu
367133-0|5.0|4-10|big_data|EQUIPAMENTOS E ARTIGOS DE USO MEDICO, ODONTOLOGICO , HOSPITALAR E LABORATORIAL|ORTESES, PROTESES E MATERIAIS AUXILIARES|False||CAGE - EM TITANIO, SUBSTITUTO DE CORPO VERTEBRAL COM TAMPA (ANEIS TERMINAIS) DE ANGULOS VARIAVEIS (PARALELOS E CONVEXOS) COM ESTRUTURA DENTADA,COM ELEMENTOS RADIOPACOS PARA MARCACAO RADIOLOGRAFICA,EMBALAGEM CONFORME LEGISLACAO VIGENTE,COMPATIVEL COM INSTRUMENTACAO CERVICAL ANTERIOR|CAGE - DISPOSITIVO PARA FUSÃO INTERSOMÁTICA, MATERIAL: TITÂNIO REVESTIDO C/ PLASMA DE TITÂNIO , TIPO: TIPO CUNHA , INDICAÇÃO: CERVICAL , ACESSO CIRÚRGICO: ALIF - VIA ANTERIOR , ÂNGULO LORDÓTICO: COM ANGULAÇÃO LORDÓTICA , USO: USO ÚNICO, ESTÉRIL , APRESENTAÇÃO: EMBALAGEM INDIVIDUAL |INSTRUMENTOS, EQUIPAMENTOS E SUPRIMENTOS MÉDICOS  E  CIRÚRGICOS|CAGE - DISPOSITIVO PARA FUSÃO INTERSOMÁTICA, MATERIAL: TITÂNIO , TIPO: TIPO CILINDRO , INDICAÇÃO: TÓRACO-LOMBAR , ACESSO CIRÚRGICO: VIA ANTERIOR , MODELO: EXPANSIVO, P/ MAIS DE UM SEGMENTO , COMPONENTE: C/ ANEL , USO: USO ÚNICO, NÃO ESTÉRIL , APRESENTAÇÃO: EMBALAGEM INDIVIDUAL |INSTRUMENTOS, EQUIPAMENTOS E SUPRIMENTOS MÉDICOS  E  CIRÚRGICOS|True|saiu
563085-1|5.0|4-10|big_data|EQUIPAMENTOS E ARTIGOS DE USO MEDICO, ODONTOLOGICO , HOSPITALAR E LABORATORIAL|PRODUTOS E INSUMOS PARA DIETAS ESPECIAIS|False||FORMULA PEDIATRICA PARA NUTRICAO ENTERAL - FORMULA DE SEGMENTO, A BASE DE PROTEINAS MODIFICADAS EM SUA RELACAO CASEINA/PROTEINA DO SORO DO LEITE, COM ADICAO DE PREBIOTICOS, ENRIQUECIDA COM FERRO E VITAMINAS,PARA LACTENTES APOS 06 MESES,APRESENTACAO EM PO,ADMINISTRACAO ENTERAL OU ORAL,EM EMBALAGEM APROPRIADA|DIETA INFANTIL, INDICAÇÃO: 0 A 6 MESES , ASPECTO FÍSICO: PÓ , USO: ENTERAL OU ORAL , FONTE DE PROTEÍNA: PTN HIDROLISADA SORO LEITE , FONTE DE CARBOIDRATO: LACTOSE , FONTE DE LIPÍDIOS: ÓLEOS VEGETAIS E GORDURA LÁCTEA , COMPONENTES ADICIONAIS: VIT.,MIN.E FIBRAS , CARACTERÍSTICAS ADICIONAIS: ISENTO GLÚTEN , ADICIONAIS:  C/ LC PUFAS,PREBIÓTICOS |ALIMENTOS ESPECIAIS DIETÉTICOS E PREPARADOS ALIMENTÍCIOS|DIETA INFANTIL, INDICAÇÃO: A PARTIR 6° MÊS , ASPECTO FÍSICO: PÓ , USO: ENTERAL OU ORAL , FONTE DE PROTEÍNA: PTN HIDROLISADA SORO LEITE , FONTE DE CARBOIDRATO: LACTOSE , FONTE DE LIPÍDIOS: ÓLEOS VEGETAIS E GORDURA LÁCTEA , COMPONENTES ADICIONAIS: VIT.,MIN.E FIBRAS , CARACTERÍSTICAS ADICIONAIS: ISENTO GLÚTEN , ADICIONAIS:  C/ LC PUFAS,PREBIÓTICOS |ALIMENTOS ESPECIAIS DIETÉTICOS E PREPARADOS ALIMENTÍCIOS|True|saiu
489595-9|5.0|4-10|big_data|EQUIPAMENTOS E ARTIGOS DE USO MEDICO, ODONTOLOGICO , HOSPITALAR E LABORATORIAL|MATERIAIS DE USO TECNICO HOSPITALAR|True|{'MM': {5.5}}|TUBO ENDOTRAQUEAL COM BALAO - TUBO ENDOTRAQUEAL NUMERO 5,5MM (DIAMETRO INTERNO) COM BALAO DE ALTO VOLUME E BAIXA PRESSAO,EM PVC TERMOSENSIVEL GRADUADO EM CENTIMETROS,LINHA RADIOPACA DE PONTA A PONTA, BALAO PILOTO COM VALVULA UNIDIRECIONAL,DESCARTAVEL E ESTERILIZACAO,POR RADIACAO GAMA|TUBO ENDOTRAQUEAL, MATERIAL: PVC , MODELO: CURVA MAGILL , CALIBRE: 5,0 , TIPO PONTA: C/ PONTA DISTAL ATRAUMÁTICA , COMPONENTE 1: BALÃO ALTO VOLUME E BAIXA PRESSÃO , COMPONENTE 2: RADIOPACO, GRADUADO , TIPO CONECTOR: CONECTOR PADRÃO , ESTERILIDADE: ESTÉRIL, USO ÚNICO |INSTRUMENTOS, EQUIPAMENTOS E SUPRIMENTOS MÉDICOS  E  CIRÚRGICOS|TUBO ENDOTRAQUEAL, MATERIAL: PVC , MODELO: CURVA MAGILL , CALIBRE: 5,5 , TIPO PONTA: C/ PONTA DISTAL ATRAUMÁTICA E ORIFÍCIO MURPHY , COMPONENTE 1: BALÃO ALTO VOLUME E BAIXA PRESSÃO , COMPONENTE 2: RADIOPACO, GRADUADO , TIPO CONECTOR: CONECTOR PADRÃO , ESTERILIDADE: ESTÉRIL, USO ÚNICO |INSTRUMENTOS, EQUIPAMENTOS E SUPRIMENTOS MÉDICOS  E  CIRÚRGICOS|True|saiu
518110-0|5.0|4-10|big_data|EQUIPAMENTOS E ARTIGOS DE USO MEDICO, ODONTOLOGICO , HOSPITALAR E LABORATORIAL|PRODUTOS E INSUMOS PARA DIETAS ESPECIAIS|True|{'G': {55.0}}|ALIMENTO PARA DIETA ENTERAL OU ORAL - NUTRICIONALMENTE COMPLETO,COM NO MINIMO 55G DE PROTEINA / L, COM FIBRAS, ISENTO DE SACAROSE,APRESENTACAO LIQUIDA,COM DENSIDADE CALORICA DE A PARTIR DE 1.5 KCAL/ML,EMBALAGEM ADEQUADA AO PRODUTO|DIETA ENTERAL, ASPECTO FÍSICO: LÍQUIDO , USO: ENTERAL OU ORAL , CARACTERÍSTICAS: HIPERCALÓRICA E HIPOPROTÉICA , FONTE DE PROTEÍNA: CASEINATO , FONTE DE CARBOIDRATO: MALTODEXTRINA , FONTE DE LIPÍDIOS: ÓLEOS VEGETAIS E TCM , COMPONENTES ADICIONAIS: AA'S,VIT.,MINERAIS , CARACTERÍSTICAS ADICIONAIS: ISENTO SACAROSE,LACTOSE,GLÚTEN,FIBRAS , SABOR: C/SABOR |ALIMENTOS ESPECIAIS DIETÉTICOS E PREPARADOS ALIMENTÍCIOS|DIETA ENTERAL, ASPECTO FÍSICO: LÍQUIDO , USO: ENTERAL OU ORAL , CARACTERÍSTICAS: HIPERCALÓRICA,NORMOPROTEICA , FONTE DE PROTEÍNA: CASEIN.E/OU PTN ISOL.SOJA E/OU SOJA E/OU SR LEITE , FONTE DE CARBOIDRATO: MALTO. E/OU XAROPE MILHO E/OU XAROPE GLICOSE , FONTE DE LIPÍDIOS: ÓLEOS VEGETAIS E/OU TCM , COMPONENTES ADICIONAIS: VIT.,MIN. E FIBRAS , CARACTERÍSTICAS ADICIONAIS: ISENTO GLÚTEN,LACT.,SACAROSE , SABOR: C/ OU S/ SABOR |ALIMENTOS ESPECIAIS DIETÉTICOS E PREPARADOS ALIMENTÍCIOS|True|saiu
366143-1|5.0|4-10|big_data|EQUIPAMENTOS E ARTIGOS DE USO MEDICO, ODONTOLOGICO , HOSPITALAR E LABORATORIAL|MATERIAIS DE USO TECNICO HOSPITALAR|True|{'MM': {25.0, 700.0}}|FIO DE SUTURA POLIGLACTINA - ESTERIL,CALIBRE 3-0,COM AGULHA CILINDRICA,70,00CM,1/2 CIRCULO DE CIRCUNFERENCIA E 2,5 CM (APARELHO DIGESTIVO),APRESENTACAO EM ENVELOPE. ROTULO COM NUMERO DE LOTE, DATA FABRICACAO, VALIDADE E PROCEDENCIA. REGISTRO MS.|FIO DE SUTURA AGULHADO, MATERIAL FIO: POLIGLACTINA VIOLETA , MODELO FIO: MULTIFILAMENTAR , DIÂMETRO FIO: 0 / 1-0 , COMPRIMENTO FIO: CERCA DE 70 CM, TIPO AGULHA: AGULHA 1/2 CÍRCULO , MODELO AGULHA: CILÍNDRICA , COMPRIMENTO AGULHA: CERCA DE 40 MM, ESTERILIDADE: ESTÉRIL , APRESENTAçãO: EMBALAGEM INDIVIDUAL |INSTRUMENTOS, EQUIPAMENTOS E SUPRIMENTOS MÉDICOS  E  CIRÚRGICOS|FIO DE SUTURA AGULHADO, MATERIAL FIO: POLIGLACTINA VIOLETA , MODELO FIO: MULTIFILAMENTAR , DIÂMETRO FIO: 2-0 , COMPRIMENTO FIO: CERCA DE 70 CM, TIPO AGULHA: AGULHA 5/8 CÍRCULO , MODELO AGULHA: CILÍNDRICA , COMPRIMENTO AGULHA: CERCA DE 26 MM, ESTERILIDADE: ESTÉRIL , APRESENTAçãO: EMBALAGEM INDIVIDUAL |INSTRUMENTOS, EQUIPAMENTOS E SUPRIMENTOS MÉDICOS  E  CIRÚRGICOS|True|saiu
303149-7|4.0|4-10|profs_saude|EQUIPAMENTOS E ARTIGOS DE USO MEDICO, ODONTOLOGICO , HOSPITALAR E LABORATORIAL|MATERIAIS DE USO TECNICO HOSPITALAR|True|{'G_GAUGE': {30.0}, 'ML': {31000.0}}|MASCARA CIRURGICA DESCARTAVEL - EM FALSO TECIDO A BASE DE FIBRAS DE NYLON OU POLIPROPILENO,PREGAS LONGITUDINAIS E QUATRO FITILHOS,COM TRIPLA CAMADA, MODELO RETANGULAR, NA COR VERDE OU BRANCA,HIPOALERGENICA, ATOXICA, INODORA E COM TRATAMENTO REPELENTE AOS AGENTES LIQUIDOS,FILTRO QUE GARANTA BOA VENTILACAO E GRAMATURADE 30G/M2 EM CADA CAMADA,EMBALAGEM EM PACOTE,ART.31 L.8078/90 E PORT.CONJ.N1 DE 23/1/96-M.SAUDE|GORRO HOSPITALAR, MATERIAL*: NÃO TECIDO 100% POLIPROPILENO , MODELO: TIRAS , COR*: SEM COR , GRAMATURA*: CERCA DE 30 G/M2, TAMANHO: ÚNICO , TIPO USO: DESCARTÁVEL , CARACTERÍSITCAS ADICIONAIS 1: HIPOALERGÊNICA, ATÓXICA, INODORA, UNISSEX |VESTUÁRIO HOSPITALAR E CIRÚRGICO E ITENS CORRELATOS DE  FINALIDADES ESPECIAIS|MÁSCARA CIRÚRGICA, MATERIAL: NÃO TECIDO 100% POLIPROPILENO , FILTRO: ELEMENTO FILTRANTE INTERNO , EFICIÊNCIA: EFP MAIOR QUE 98% E BFE MAIOR QUE 95% , QUANTIDADE CAMADAS: MÍNIMO 3 CAMADAS , MODELO: AJUSTÁVEL, CLIPE NASAL , FORMATO: RETANGULAR, C/ PREGAS HORIZONTAIS , COR: C/ COR , TAMANHO: ADULTO , ESTERILIDADE: DESCARTÁVEL |VESTUÁRIO HOSPITALAR E CIRÚRGICO E ITENS CORRELATOS DE  FINALIDADES ESPECIAIS|False|saiu
35742-1|9.0|4-10|big_data|EQUIPAMENTOS E ARTIGOS DE USO MEDICO, ODONTOLOGICO , HOSPITALAR E LABORATORIAL|MATERIAIS DE USO TECNICO HOSPITALAR|False||SONDA ENDOTRAQUEAL - CALIBRE N.4,0, ESTERILIZADA,SEM CUFF,EM PVC,TRANSPARENTE,FLEXIVEL,LINHA RADIOPACA,PROVIDA, DE CONECTOR, S/BALAO DE BAIXA PRESSAO E ALTOVOLUME,BALAO PILOTO C/COBERTURA DE PROTECAO,, VALVULA ESTERNA REGULADORA DE PRESSAO,C/CALIBREE GRADUACAO ESTAMPADA EM LOCAL VISIVEL. EMBALAGEM, A APRESENTACAO DO PRODUTO DEVERA OBEDECER A QUE PERMITA TRANSFERENCIA ASSEPTICA,C/DADOS DEIDENT.,PROCED.,T.DE ESTERIL.LOTE,VAL.E REG. NO MS.|TUBO ENDOTRAQUEAL, MATERIAL: PVC , MODELO: CURVA MAGILL , CALIBRE: 5,0 , TIPO PONTA: C/ PONTA DISTAL ATRAUMÁTICA , COMPONENTE 1: BALÃO ALTO VOLUME E BAIXA PRESSÃO , COMPONENTE 2: RADIOPACO, GRADUADO , TIPO CONECTOR: CONECTOR PADRÃO , ESTERILIDADE: ESTÉRIL, USO ÚNICO |INSTRUMENTOS, EQUIPAMENTOS E SUPRIMENTOS MÉDICOS  E  CIRÚRGICOS|TUBO ENDOTRAQUEAL, MATERIAL: PVC SILICONIZADO , MODELO: CURVA MAGILL , CALIBRE: 4,0 , TIPO PONTA: C/ PONTA DISTAL ATRAUMÁTICA , COMPONENTE 2: RADIOPACO, GRADUADO , TIPO CONECTOR: CONECTOR PADRÃO , ESTERILIDADE: ESTÉRIL, USO ÚNICO |INSTRUMENTOS, EQUIPAMENTOS E SUPRIMENTOS MÉDICOS  E  CIRÚRGICOS|True|saiu
